pyscf max mem 1036042
SLURM_CPUS_PER_TASK = 64
OMP_NUM_THREADS = 64
MKL_NUM_THREADS = 64
OPENBLAS_NUM_THREADS = 64
PySCF lib.num_threads() = 64
left ensemble electron number ([9, 9], [7, 8])
right ensemble electron number ([325, 325], [325, 323])
[setup] build_system t=1.5s
building grid (level 3)...
[setup] grid t=4.6s
computing S3 tensors (DF)...
S3 shapes: left=(116, 116, 1336) right=(1528, 1528, 1336) ref=(1544, 1544, 1336) t=772.4s
[warm-start] loaded pdft_optimizer3.pkl
[warm-start] rdft1.D ← pickle dm_ig1
[warm-start] rdft2.D ← pickle dm_ig2
[init] b0 from optimizer checkpoint, npbs=1336
[warm-start] Lagrangian x0 ready, |b0| = 2.90718e-01
[setup] warm-start t=0.1s
starting phase 1: damped ascent
[phase1] damped ascent: 5 steps, alpha=1.0, max_step=1.0
[phase1] step 1 SCF: dm0 from dm_ig1/dm_ig2 on rdft1/rdft2
dm0 check None
converged SCF energy = -150.226693714537  <S^2> = 2.0045399  2S+1 = 3.003025
dm0 check None
converged SCF energy = -150.244985829666  <S^2> = 0.9297856  2S+1 = 2.1723587
[timing] left/O ensemble SCF = 241.2s
dm0 check [[ 3.79540296e-01  6.12229195e-01 -1.25224374e-01 ...  1.02402906e-06
  -8.88055365e-07 -2.64343733e-06]
 [ 6.12229195e-01  1.01515619e+00 -3.34053564e-01 ...  3.46560488e-06
  -3.19378457e-06 -7.70678300e-06]
 [-1.25224374e-01 -3.34053564e-01  6.75276304e-01 ... -7.82640959e-06
   7.61917950e-06  1.85524745e-05]
 ...
 [ 1.02402906e-06  3.46560488e-06 -7.82640959e-06 ...  8.44121035e-07
  -2.34376756e-07  6.87799446e-08]
 [-8.88055365e-07 -3.19378457e-06  7.61917950e-06 ... -2.34376756e-07
   5.33232315e-07  7.17652361e-08]
 [-2.64343733e-06 -7.70678300e-06  1.85524745e-05 ...  6.87799446e-08
   7.17652361e-08  3.35143979e-07]]


******** <class 'pyscf.scf.addons.SmearingDFRKS'> ********
method = SmearingDFRKS
initial guess = minao
damping factor = 0.15
level_shift factor = 0.2
DIIS = <class 'pyscf.scf.diis.CDIIS'>
diis_start_cycle = 1
diis_space = 12
diis_damp = 0
SCF conv_tol = 5e-05
SCF conv_tol_grad = None
SCF max_cycles = 200
direct_scf = True
direct_scf_tol = 1e-13
chkfile to save SCF result = /tmp/tmpmd13886h
max_memory 4000 MB (current use 85883 MB)
XC library pyscf.dft.libxc version 6.1.0
    S. Lehtola, C. Steigemann, M. J.T. Oliveira, and M. A.L. Marques.,  SoftwareX 7, 1–5 (2018)
XC functionals = pbe
    J. P. Perdew, K. Burke, and M. Ernzerhof.,  Phys. Rev. Lett. 77, 3865 (1996)
    J. P. Perdew, K. Burke, and M. Ernzerhof.,  Phys. Rev. Lett. 78, 1396 (1997)
    J. P. Perdew, K. Burke, and M. Ernzerhof.,  Phys. Rev. Lett. 77, 3865 (1996)
    J. P. Perdew, K. Burke, and M. Ernzerhof.,  Phys. Rev. Lett. 78, 1396 (1997)
small_rho_cutoff = 1e-06
Set gradient conv threshold to 0.00707107
init E= -12115.5220522702
    sigma = 0.02  Optimized mu = -0.0515492962157  entropy = 1.49842261278
    Total E(T) = -12115.5220093542  Free energy = -12115.5519778065  E0 = -12115.5369935803
cycle= 1 E= -12115.5220093542  delta_E= 4.29e-05  |g|= 0.0399  |ddm|= 33.3
    sigma = 0.02  Optimized mu = -0.0520789131162  entropy = 1.49692535216
    Total E(T) = -12115.5215203475  Free energy = -12115.5514588545  E0 = -12115.536489601
cycle= 2 E= -12115.5215203475  delta_E= 0.000489  |g|= 0.131  |ddm|=  152
    sigma = 0.02  Optimized mu = -0.0517091091  entropy = 1.49757633229
    Total E(T) = -12115.5218458767  Free energy = -12115.5517974033  E0 = -12115.53682164
cycle= 3 E= -12115.5218458767  delta_E= -0.000326  |g|= 0.0644  |ddm|= 59.5
    sigma = 0.02  Optimized mu = -0.0516951992683  entropy = 1.49766155374
    Total E(T) = -12115.521973283  Free energy = -12115.5519265141  E0 = -12115.5369498986
cycle= 4 E= -12115.521973283  delta_E= -0.000127  |g|= 0.0405  |ddm|= 25.6
    sigma = 0.02  Optimized mu = -0.0516814583854  entropy = 1.49771754565
    Total E(T) = -12115.522025934  Free energy = -12115.5519802849  E0 = -12115.5370031095
cycle= 5 E= -12115.522025934  delta_E= -5.27e-05  |g|= 0.0253  |ddm|=   14
    sigma = 0.02  Optimized mu = -0.0516902884061  entropy = 1.49764454526
    Total E(T) = -12115.5220474734  Free energy = -12115.5520003643  E0 = -12115.5370239188
cycle= 6 E= -12115.5220474734  delta_E= -2.15e-05  |g|= 0.0164  |ddm|= 9.57
    sigma = 0.02  Optimized mu = -0.0516919009176  entropy = 1.49764122987
    Total E(T) = -12115.5220562222  Free energy = -12115.5520090468  E0 = -12115.5370326345
cycle= 7 E= -12115.5220562222  delta_E= -8.75e-06  |g|= 0.0105  |ddm|= 5.72
    sigma = 0.02  Optimized mu = -0.0516911810337  entropy = 1.49764506854
    Total E(T) = -12115.5220598454  Free energy = -12115.5520127468  E0 = -12115.5370362961
cycle= 8 E= -12115.5220598454  delta_E= -3.62e-06  |g|= 0.00676  |ddm|= 3.56
    sigma = 0.02  Optimized mu = -0.151571578172  entropy = 50.9935365066
    Total E(T) = -12114.993859049  Free energy = -12116.0137297791  E0 = -12115.503794414
Extra cycle  E= -12114.993859049  delta_E= 0.528  |g|= 0.418  |ddm|= 4.11e+03
converged SCF energy = -12114.993859049
dm0 check [[[ 1.89791700e-01  3.06172337e-01 -6.27477123e-02 ...  4.28619677e-07
   -4.30594866e-07 -1.34026134e-06]
  [ 3.06172337e-01  5.07731630e-01 -1.67385268e-01 ...  1.50925293e-06
   -1.56081530e-06 -3.90245323e-06]
  [-6.27477123e-02 -1.67385268e-01  3.38466960e-01 ... -3.38014107e-06
    3.72384230e-06  9.38284545e-06]
  ...
  [ 4.28619677e-07  1.50925293e-06 -3.38014107e-06 ...  4.46889384e-07
   -1.21966684e-07  3.27924254e-08]
  [-4.30594866e-07 -1.56081530e-06  3.72384230e-06 ... -1.21966684e-07
    2.73408921e-07  4.05087762e-08]
  [-1.34026134e-06 -3.90245323e-06  9.38284545e-06 ...  3.27924254e-08
    4.05087762e-08  1.76404923e-07]]

 [[ 1.89771764e-01  3.06117870e-01 -6.26244391e-02 ...  6.21536145e-07
   -4.03064201e-07 -1.22625930e-06]
  [ 3.06117870e-01  5.07586162e-01 -1.67060331e-01 ...  2.02715525e-06
   -1.48500707e-06 -3.59571038e-06]
  [-6.26244391e-02 -1.67060331e-01  3.37743932e-01 ... -4.61114043e-06
    3.52733072e-06  8.64743511e-06]
  ...
  [ 6.21536145e-07  2.02715525e-06 -4.61114043e-06 ...  4.32370100e-07
   -1.24009732e-07  3.61675482e-08]
  [-4.03064201e-07 -1.48500707e-06  3.52733072e-06 ... -1.24009732e-07
    2.73616430e-07  3.84007608e-08]
  [-1.22625930e-06 -3.59571038e-06  8.64743511e-06 ...  3.61675482e-08
    3.84007608e-08  1.67373935e-07]]]


******** <class 'pyscf.scf.addons.SmearingDFUKS'> ********
method = SmearingDFUKS
initial guess = minao
damping factor = 0.15
level_shift factor = 0.2
DIIS = <class 'pyscf.scf.diis.CDIIS'>
diis_start_cycle = 1
diis_space = 12
diis_damp = 0
SCF conv_tol = 5e-05
SCF conv_tol_grad = None
SCF max_cycles = 200
direct_scf = True
direct_scf_tol = 1e-13
chkfile to save SCF result = /tmp/tmp248gej4f
max_memory 4000 MB (current use 86529 MB)
number electrons alpha = 325  beta = 323
XC library pyscf.dft.libxc version 6.1.0
    S. Lehtola, C. Steigemann, M. J.T. Oliveira, and M. A.L. Marques.,  SoftwareX 7, 1–5 (2018)
XC functionals = pbe
    J. P. Perdew, K. Burke, and M. Ernzerhof.,  Phys. Rev. Lett. 77, 3865 (1996)
    J. P. Perdew, K. Burke, and M. Ernzerhof.,  Phys. Rev. Lett. 78, 1396 (1997)
    J. P. Perdew, K. Burke, and M. Ernzerhof.,  Phys. Rev. Lett. 77, 3865 (1996)
    J. P. Perdew, K. Burke, and M. Ernzerhof.,  Phys. Rev. Lett. 78, 1396 (1997)
small_rho_cutoff = 1e-06
Set gradient conv threshold to 0.00707107
init E= -12115.077655996
    sigma = 0.005  Optimized mu_alpha = -0.196743074138  entropy = 3.27197356736e-07
    sigma = 0.005  Optimized mu_beta  = -0.199342578174  entropy = 3.27197356736e-07
    Total E(T) = -12115.0776354785  Free energy = -12115.0776354801  E0 = -12115.0776354793
cycle= 1 E= -12115.0776354785  delta_E= 2.05e-05  |g|= 0.0386  |ddm|= 19.3
    sigma = 0.005  Optimized mu_alpha = -0.19713398121  entropy = 3.24690761523e-07
    sigma = 0.005  Optimized mu_beta  = -0.199762200088  entropy = 3.24690761523e-07
    Total E(T) = -12115.0774120151  Free energy = -12115.0774120167  E0 = -12115.0774120159
cycle= 2 E= -12115.0774120151  delta_E= 0.000223  |g|= 0.117  |ddm|= 84.4
    sigma = 0.005  Optimized mu_alpha = -0.196855758461  entropy = 3.26319872213e-07
    sigma = 0.005  Optimized mu_beta  = -0.199462469687  entropy = 3.26319872213e-07
    Total E(T) = -12115.0775676609  Free energy = -12115.0775676625  E0 = -12115.0775676617
cycle= 3 E= -12115.0775676609  delta_E= -0.000156  |g|= 0.0553  |ddm|= 33.2
    sigma = 0.005  Optimized mu_alpha = -0.196854467774  entropy = 3.26330195144e-07
    sigma = 0.005  Optimized mu_beta  = -0.19946085762  entropy = 3.26330195144e-07
    Total E(T) = -12115.0776282287  Free energy = -12115.0776282303  E0 = -12115.0776282295
cycle= 4 E= -12115.0776282287  delta_E= -6.06e-05  |g|= 0.0326  |ddm|=   15
    sigma = 0.005  Optimized mu_alpha = -0.196837037931  entropy = 3.26330554743e-07
    sigma = 0.005  Optimized mu_beta  = -0.199443158847  entropy = 3.26330554743e-07
    Total E(T) = -12115.0776508593  Free energy = -12115.077650861  E0 = -12115.0776508602
cycle= 5 E= -12115.0776508593  delta_E= -2.26e-05  |g|= 0.02  |ddm|= 7.91
    sigma = 0.005  Optimized mu_alpha = -0.196850626925  entropy = 3.26257895684e-07
    sigma = 0.005  Optimized mu_beta  = -0.19945738896  entropy = 3.26257895684e-07
    Total E(T) = -12115.0776593348  Free energy = -12115.0776593364  E0 = -12115.0776593356
cycle= 6 E= -12115.0776593348  delta_E= -8.48e-06  |g|= 0.0117  |ddm|= 4.65
    sigma = 0.005  Optimized mu_alpha = -0.196852603361  entropy = 3.2625685149e-07
    sigma = 0.005  Optimized mu_beta  = -0.199459303641  entropy = 3.2625685149e-07
    Total E(T) = -12115.0776624449  Free energy = -12115.0776624465  E0 = -12115.0776624457
cycle= 7 E= -12115.0776624449  delta_E= -3.11e-06  |g|= 0.00709  |ddm|= 3.13
    sigma = 0.005  Optimized mu_alpha = -0.196853825986  entropy = 3.26229704869e-07
    sigma = 0.005  Optimized mu_beta  = -0.199460791653  entropy = 3.26229704869e-07
    Total E(T) = -12115.0776636248  Free energy = -12115.0776636265  E0 = -12115.0776636256
cycle= 8 E= -12115.0776636248  delta_E= -1.18e-06  |g|= 0.0038  |ddm|= 1.93
    sigma = 0.005  Optimized mu_alpha = -0.296394512311  entropy = 12.7896229022
    sigma = 0.005  Optimized mu_beta  = -0.29930659193  entropy = 12.7896229022
    Total E(T) = -12115.0419756132  Free energy = -12115.1059237277  E0 = -12115.0739496704
Extra cycle  E= -12115.0419756132  delta_E= 0.0357  |g|= 0.202  |ddm|=  885
converged SCF energy = -12115.0419756132  <S^2> = 3.7624765  2S+1 = 4.0062334
[timing] right/Al ensemble SCF = 1102.0s
[timing] collect state = 0.0s
[timing] checkpoint save = 0.0s
[phase1] step=1/5 L=-12265.35907033 Ef=-12265.36527381 |grad|=2.19743e-02 |db|=2.19743e-02 t=1348.5s
dm0 check [[[ 1.51510539e-09  2.24390407e-08  1.89788584e-07 ... -1.14716793e-07
    7.42480591e-07  6.64925537e-08]
  [ 2.24390407e-08  3.34442860e-07  2.75065447e-06 ... -1.77763476e-06
    1.10111116e-05  1.04754946e-06]
  [ 1.89788584e-07  2.75065447e-06  2.57236015e-05 ... -1.02767709e-05
    9.27874012e-05  4.99858660e-06]
  ...
  [-1.14716793e-07 -1.77763476e-06 -1.02767709e-05 ...  2.27166818e-04
    1.81897022e-06 -1.91352427e-04]
  [ 7.42480591e-07  1.10111116e-05  9.27874012e-05 ...  1.81897022e-06
    4.79983561e-04 -1.62425374e-06]
  [ 6.64925537e-08  1.04754946e-06  4.99858660e-06 ... -1.91352427e-04
   -1.62425374e-06  6.55608417e-04]]

 [[ 2.14412926e-09  3.18476687e-08  2.65524476e-07 ... -7.48678675e-08
    1.03578378e-06  2.38417798e-08]
  [ 3.18476687e-08  4.74249422e-07  3.91398393e-06 ... -9.93071944e-07
    1.53190952e-05  2.50124817e-07]
  [ 2.65524476e-07  3.91398393e-06  3.37626381e-05 ... -1.10139777e-05
    1.30901684e-04  4.52845690e-06]
  ...
  [-7.48678675e-08 -9.93071944e-07 -1.10139777e-05 ...  2.49604988e-04
    2.27945400e-06 -2.10130920e-04]
  [ 1.03578378e-06  1.53190952e-05  1.30901684e-04 ...  2.27945400e-06
    5.52938192e-04 -2.04465529e-06]
  [ 2.38417798e-08  2.50124817e-07  4.52845690e-06 ... -2.10130920e-04
   -2.04465529e-06  7.46013266e-04]]]
converged SCF energy = -150.226693714539  <S^2> = 2.0045398  2S+1 = 3.003025
dm0 check [[[ 1.14663927e-09  1.70906963e-08  1.38764383e-07 ... -8.06351991e-08
    6.25424907e-07  4.57094749e-08]
  [ 1.70906963e-08  2.56142401e-07  2.02970512e-06 ... -1.06203847e-06
    9.18297648e-06  7.18610581e-07]
  [ 1.38764383e-07  2.02970512e-06  1.80711277e-05 ... -1.26954868e-05
    8.12953223e-05  3.19992558e-06]
  ...
  [-8.06351991e-08 -1.06203847e-06 -1.26954868e-05 ...  2.39056590e-04
   -1.61628521e-06 -1.68273569e-04]
  [ 6.25424907e-07  9.18297648e-06  8.12953223e-05 ... -1.61628521e-06
    4.44991768e-04 -4.05797459e-06]
  [ 4.57094749e-08  7.18610581e-07  3.19992558e-06 ... -1.68273569e-04
   -4.05797459e-06  5.95720304e-04]]

 [[ 2.52991917e-08  3.84988468e-07  2.83081237e-06 ... -1.48521070e-07
    1.05980492e-07  7.43608023e-08]
  [ 3.84988468e-07  5.85993600e-06  4.30397100e-05 ... -2.17883477e-06
    1.18474495e-06  1.05238318e-06]
  [ 2.83081237e-06  4.30397100e-05  3.17944269e-04 ... -1.75046016e-05
    2.68826268e-05  9.38690532e-06]
  ...
  [-1.48521070e-07 -2.17883477e-06 -1.75046016e-05 ...  2.30576224e-04
    2.09094786e-07 -1.91668407e-04]
  [ 1.05980492e-07  1.18474495e-06  2.68826268e-05 ...  2.09094786e-07
    4.63234853e-04 -3.50197082e-06]
  [ 7.43608023e-08  1.05238318e-06  9.38690532e-06 ... -1.91668407e-04
   -3.50197082e-06  6.49562330e-04]]]
converged SCF energy = -150.244985829812  <S^2> = 0.92979458  2S+1 = 2.172367
[timing] left/O ensemble SCF = 14.1s
dm0 check [[ 3.79539711e-01  6.12228970e-01 -1.25224148e-01 ...  1.08009215e-06
  -8.66596420e-07 -2.76961605e-06]
 [ 6.12228970e-01  1.01515674e+00 -3.34052596e-01 ...  3.61710183e-06
  -3.13597654e-06 -8.04725346e-06]
 [-1.25224148e-01 -3.34052596e-01  6.75273718e-01 ... -8.19508240e-06
   7.47983204e-06  1.93777455e-05]
 ...
 [ 1.08009215e-06  3.61710183e-06 -8.19508240e-06 ...  8.32281144e-07
  -2.34516725e-07  7.12071035e-08]
 [-8.66596420e-07 -3.13597654e-06  7.47983204e-06 ... -2.34516725e-07
   5.31278351e-07  6.90890639e-08]
 [-2.76961605e-06 -8.04725346e-06  1.93777455e-05 ...  7.12071035e-08
   6.90890639e-08  3.50802651e-07]]


******** <class 'pyscf.scf.addons.SmearingDFRKS'> ********
method = SmearingDFRKS
initial guess = minao
damping factor = 0.15
level_shift factor = 0.2
DIIS = <class 'pyscf.scf.diis.CDIIS'>
diis_start_cycle = 1
diis_space = 12
diis_damp = 0
SCF conv_tol = 5e-05
SCF conv_tol_grad = None
SCF max_cycles = 200
direct_scf = True
direct_scf_tol = 1e-13
chkfile to save SCF result = /tmp/tmpmd13886h
max_memory 4000 MB (current use 86792 MB)
XC library pyscf.dft.libxc version 6.1.0
    S. Lehtola, C. Steigemann, M. J.T. Oliveira, and M. A.L. Marques.,  SoftwareX 7, 1–5 (2018)
XC functionals = pbe
    J. P. Perdew, K. Burke, and M. Ernzerhof.,  Phys. Rev. Lett. 77, 3865 (1996)
    J. P. Perdew, K. Burke, and M. Ernzerhof.,  Phys. Rev. Lett. 78, 1396 (1997)
    J. P. Perdew, K. Burke, and M. Ernzerhof.,  Phys. Rev. Lett. 77, 3865 (1996)
    J. P. Perdew, K. Burke, and M. Ernzerhof.,  Phys. Rev. Lett. 78, 1396 (1997)
small_rho_cutoff = 1e-06
Set gradient conv threshold to 0.00707107
    Total E(T) = -12115.4661103351  Free energy = -12116.4859810653  E0 = -12115.9760457002
init E= -12115.4661103351
    sigma = 0.02  Optimized mu = -0.0515547567784  entropy = 1.49912994261
    Total E(T) = -12115.466056916  Free energy = -12115.4960395148  E0 = -12115.4810482154
cycle= 1 E= -12115.466056916  delta_E= 5.34e-05  |g|= 0.044  |ddm|=   37
    sigma = 0.02  Optimized mu = -0.0521521190617  entropy = 1.49750421758
    Total E(T) = -12115.4654573816  Free energy = -12115.4954074659  E0 = -12115.4804324237
cycle= 2 E= -12115.4654573816  delta_E= 0.0006  |g|= 0.145  |ddm|=  169
    sigma = 0.02  Optimized mu = -0.0517318309673  entropy = 1.49819507646
    Total E(T) = -12115.4658538131  Free energy = -12115.4958177147  E0 = -12115.4808357639
cycle= 3 E= -12115.4658538131  delta_E= -0.000396  |g|= 0.0717  |ddm|= 65.4
    sigma = 0.02  Optimized mu = -0.0517173652501  entropy = 1.49828905803
    Total E(T) = -12115.4660091548  Free energy = -12115.495974936  E0 = -12115.4809920454
cycle= 4 E= -12115.4660091548  delta_E= -0.000155  |g|= 0.0455  |ddm|= 28.3
    sigma = 0.02  Optimized mu = -0.0517040242907  entropy = 1.49834412215
    Total E(T) = -12115.4660740551  Free energy = -12115.4960409376  E0 = -12115.4810574964
cycle= 5 E= -12115.4660740551  delta_E= -6.49e-05  |g|= 0.0288  |ddm|= 15.6
    sigma = 0.02  Optimized mu = -0.0517135203789  entropy = 1.4982682941
    Total E(T) = -12115.4661010828  Free energy = -12115.4960664487  E0 = -12115.4810837657
cycle= 6 E= -12115.4661010828  delta_E= -2.7e-05  |g|= 0.0189  |ddm|= 10.6
    sigma = 0.02  Optimized mu = -0.0517136408367  entropy = 1.49827209799
    Total E(T) = -12115.4661123119  Free energy = -12115.4960777539  E0 = -12115.4810950329
cycle= 7 E= -12115.4661123119  delta_E= -1.12e-05  |g|= 0.0125  |ddm|= 6.34
    sigma = 0.02  Optimized mu = -0.0517138013533  entropy = 1.49827047175
    Total E(T) = -12115.4661172419  Free energy = -12115.4960826514  E0 = -12115.4810999466
cycle= 8 E= -12115.4661172419  delta_E= -4.93e-06  |g|= 0.00804  |ddm|= 3.85
    sigma = 0.02  Optimized mu = -0.0517142008577  entropy = 1.49827095242
    Total E(T) = -12115.4661192422  Free energy = -12115.4960846613  E0 = -12115.4811019517
cycle= 9 E= -12115.4661192422  delta_E= -2e-06  |g|= 0.0057  |ddm|= 3.06
    sigma = 0.02  Optimized mu = -0.151611887048  entropy = 50.993500808
    Total E(T) = -12114.938525787  Free energy = -12115.9583958032  E0 = -12115.4484607951
Extra cycle  E= -12114.938525787  delta_E= 0.528  |g|= 0.408  |ddm|= 4.11e+03
converged SCF energy = -12114.938525787
dm0 check [[[ 1.89791417e-01  3.06172243e-01 -6.27476475e-02 ...  4.54759498e-07
   -4.20780540e-07 -1.39897352e-06]
  [ 3.06172243e-01  5.07731950e-01 -1.67384920e-01 ...  1.57984916e-06
   -1.53439519e-06 -4.06079008e-06]
  [-6.27476475e-02 -1.67384920e-01  3.38466051e-01 ... -3.55153648e-06
    3.66032005e-06  9.76583463e-06]
  ...
  [ 4.54759498e-07  1.57984916e-06 -3.55153648e-06 ...  4.40678000e-07
   -1.22128662e-07  3.41671682e-08]
  [-4.20780540e-07 -1.53439519e-06  3.66032005e-06 ... -1.22128662e-07
    2.72353893e-07  3.93592949e-08]
  [-1.39897352e-06 -4.06079008e-06  9.76583463e-06 ...  3.41671682e-08
    3.93592949e-08  1.83866438e-07]]

 [[ 1.89771404e-01  3.06117579e-01 -6.26238940e-02 ...  6.43430880e-07
   -3.94224909e-07 -1.28475572e-06]
  [ 3.06117579e-01  5.07585965e-01 -1.67058683e-01 ...  2.08636353e-06
   -1.46119738e-06 -3.75360618e-06]
  [-6.26238940e-02 -1.67058683e-01  3.37739794e-01 ... -4.75562024e-06
    3.46996110e-06  9.03065449e-06]
  ...
  [ 6.43430880e-07  2.08636353e-06 -4.75562024e-06 ...  4.26295077e-07
   -1.24082684e-07  3.75687279e-08]
  [-3.94224909e-07 -1.46119738e-06  3.46996110e-06 ... -1.24082684e-07
    2.72695148e-07  3.71810628e-08]
  [-1.28475572e-06 -3.75360618e-06  9.03065449e-06 ...  3.75687279e-08
    3.71810628e-08  1.74704550e-07]]]


******** <class 'pyscf.scf.addons.SmearingDFUKS'> ********
method = SmearingDFUKS
initial guess = minao
damping factor = 0.15
level_shift factor = 0.2
DIIS = <class 'pyscf.scf.diis.CDIIS'>
diis_start_cycle = 1
diis_space = 12
diis_damp = 0
SCF conv_tol = 5e-05
SCF conv_tol_grad = None
SCF max_cycles = 200
direct_scf = True
direct_scf_tol = 1e-13
chkfile to save SCF result = /tmp/tmp248gej4f
max_memory 4000 MB (current use 87054 MB)
number electrons alpha = 325  beta = 323
XC library pyscf.dft.libxc version 6.1.0
    S. Lehtola, C. Steigemann, M. J.T. Oliveira, and M. A.L. Marques.,  SoftwareX 7, 1–5 (2018)
XC functionals = pbe
    J. P. Perdew, K. Burke, and M. Ernzerhof.,  Phys. Rev. Lett. 77, 3865 (1996)
    J. P. Perdew, K. Burke, and M. Ernzerhof.,  Phys. Rev. Lett. 78, 1396 (1997)
    J. P. Perdew, K. Burke, and M. Ernzerhof.,  Phys. Rev. Lett. 77, 3865 (1996)
    J. P. Perdew, K. Burke, and M. Ernzerhof.,  Phys. Rev. Lett. 78, 1396 (1997)
small_rho_cutoff = 1e-06
Set gradient conv threshold to 0.00707107
    Total E(T) = -12115.0217667889  Free energy = -12115.0857149035  E0 = -12115.0537408462
init E= -12115.0217667889
    sigma = 0.005  Optimized mu_alpha = -0.196769349324  entropy = 3.27834535247e-07
    sigma = 0.005  Optimized mu_beta  = -0.199363674422  entropy = 3.27834535247e-07
    Total E(T) = -12115.0217475351  Free energy = -12115.0217475367  E0 = -12115.0217475359
cycle= 1 E= -12115.0217475351  delta_E= 1.93e-05  |g|= 0.0373  |ddm|= 18.5
    sigma = 0.005  Optimized mu_alpha = -0.19714497807  entropy = 3.25418471948e-07
    sigma = 0.005  Optimized mu_beta  = -0.199766471387  entropy = 3.25418471948e-07
    Total E(T) = -12115.0215382922  Free energy = -12115.0215382938  E0 = -12115.021538293
cycle= 2 E= -12115.0215382922  delta_E= 0.000209  |g|= 0.113  |ddm|= 81.4
    sigma = 0.005  Optimized mu_alpha = -0.196878825892  entropy = 3.26987194709e-07
    sigma = 0.005  Optimized mu_beta  = -0.199479956036  entropy = 3.26987194709e-07
    Total E(T) = -12115.0216831846  Free energy = -12115.0216831862  E0 = -12115.0216831854
cycle= 3 E= -12115.0216831846  delta_E= -0.000145  |g|= 0.0539  |ddm|= 31.8
    sigma = 0.005  Optimized mu_alpha = -0.196877184638  entropy = 3.27001940464e-07
    sigma = 0.005  Optimized mu_beta  = -0.199477934154  entropy = 3.27001940464e-07
    Total E(T) = -12115.0217398696  Free energy = -12115.0217398712  E0 = -12115.0217398704
cycle= 4 E= -12115.0217398696  delta_E= -5.67e-05  |g|= 0.032  |ddm|= 14.4
    sigma = 0.005  Optimized mu_alpha = -0.196860787401  entropy = 3.27005948401e-07
    sigma = 0.005  Optimized mu_beta  = -0.19946126333  entropy = 3.27005948401e-07
    Total E(T) = -12115.0217612571  Free energy = -12115.0217612588  E0 = -12115.0217612579
cycle= 5 E= -12115.0217612571  delta_E= -2.14e-05  |g|= 0.0197  |ddm|= 7.64
    sigma = 0.005  Optimized mu_alpha = -0.196873221791  entropy = 3.26936532689e-07
    sigma = 0.005  Optimized mu_beta  = -0.199474284265  entropy = 3.26936532689e-07
    Total E(T) = -12115.0217693694  Free energy = -12115.0217693711  E0 = -12115.0217693703
cycle= 6 E= -12115.0217693694  delta_E= -8.11e-06  |g|= 0.0116  |ddm|= 4.49
    sigma = 0.005  Optimized mu_alpha = -0.196874991147  entropy = 3.2693578302e-07
    sigma = 0.005  Optimized mu_beta  = -0.19947597675  entropy = 3.2693578302e-07
    Total E(T) = -12115.0217723834  Free energy = -12115.0217723851  E0 = -12115.0217723843
cycle= 7 E= -12115.0217723834  delta_E= -3.01e-06  |g|= 0.00709  |ddm|= 3.04
    sigma = 0.005  Optimized mu_alpha = -0.196876052273  entropy = 3.26910053842e-07
    sigma = 0.005  Optimized mu_beta  = -0.199477288771  entropy = 3.26910053842e-07
    Total E(T) = -12115.0217735386  Free energy = -12115.0217735402  E0 = -12115.0217735394
cycle= 8 E= -12115.0217735386  delta_E= -1.16e-06  |g|= 0.00385  |ddm|= 1.87
    sigma = 0.005  Optimized mu_alpha = -0.296415507813  entropy = 12.7926939731
    sigma = 0.005  Optimized mu_beta  = -0.299325246291  entropy = 12.7926939731
    Total E(T) = -12114.9861065976  Free energy = -12115.0500700675  E0 = -12115.0180883325
Extra cycle  E= -12114.9861065976  delta_E= 0.0357  |g|= 0.203  |ddm|=  887
converged SCF energy = -12114.9861065976  <S^2> = 3.762498  2S+1 = 4.0062441
[timing] right/Al ensemble SCF = 1110.2s
[timing] collect state = 0.0s
[timing] checkpoint save = 0.0s
[phase1] step=2/5 L=-12265.30459252 Ef=-12265.31108744 |grad|=2.15111e-02 |db|=2.15111e-02 t=1129.5s
dm0 check [[[ 1.51511142e-09  2.24391254e-08  1.89789561e-07 ... -1.14719027e-07
    7.42476491e-07  6.64943648e-08]
  [ 2.24391254e-08  3.34443992e-07  2.75066910e-06 ... -1.77767180e-06
    1.10110522e-05  1.04757955e-06]
  [ 1.89789561e-07  2.75066910e-06  2.57237476e-05 ... -1.02769946e-05
    9.27868755e-05  4.99876704e-06]
  ...
  [-1.14719027e-07 -1.77767180e-06 -1.02769946e-05 ...  2.27166708e-04
    1.81896838e-06 -1.91352285e-04]
  [ 7.42476491e-07  1.10110522e-05  9.27868755e-05 ...  1.81896838e-06
    4.79980334e-04 -1.62432356e-06]
  [ 6.64943648e-08  1.04757955e-06  4.99876704e-06 ... -1.91352285e-04
   -1.62432356e-06  6.55604999e-04]]

 [[ 2.14412007e-09  3.18475347e-08  2.65523309e-07 ... -7.48705567e-08
    1.03578174e-06  2.38437832e-08]
  [ 3.18475347e-08  4.74247460e-07  3.91396668e-06 ... -9.93113700e-07
    1.53190651e-05  2.50156053e-07]
  [ 2.65523309e-07  3.91396668e-06  3.37625059e-05 ... -1.10142815e-05
    1.30901449e-04  4.52867684e-06]
  ...
  [-7.48705567e-08 -9.93113700e-07 -1.10142815e-05 ...  2.49604219e-04
    2.27938802e-06 -2.10130234e-04]
  [ 1.03578174e-06  1.53190651e-05  1.30901449e-04 ...  2.27938802e-06
    5.52938805e-04 -2.04467203e-06]
  [ 2.38437832e-08  2.50156053e-07  4.52867684e-06 ... -2.10130234e-04
   -2.04467203e-06  7.46013382e-04]]]
converged SCF energy = -150.22669371454  <S^2> = 2.0045398  2S+1 = 3.003025
dm0 check [[[ 1.14644043e-09  1.70875533e-08  1.38757202e-07 ... -8.06195898e-08
    6.25424546e-07  4.56943851e-08]
  [ 1.70875533e-08  2.56093598e-07  2.02957957e-06 ... -1.06182913e-06
    9.18294702e-06  7.18429121e-07]
  [ 1.38757202e-07  2.02957957e-06  1.80710819e-05 ... -1.26945917e-05
    8.12960528e-05  3.19915114e-06]
  ...
  [-8.06195898e-08 -1.06182913e-06 -1.26945917e-05 ...  2.39058219e-04
   -1.61590733e-06 -1.68277561e-04]
  [ 6.25424546e-07  9.18294702e-06  8.12960528e-05 ... -1.61590733e-06
    4.44997716e-04 -4.05929866e-06]
  [ 4.56943851e-08  7.18429121e-07  3.19915114e-06 ... -1.68277561e-04
   -4.05929866e-06  5.95725214e-04]]

 [[ 2.53036790e-08  3.85050753e-07  2.83126579e-06 ... -1.48564615e-07
    1.05907478e-07  7.43836337e-08]
  [ 3.85050753e-07  5.86079318e-06  4.30459256e-05 ... -2.17962739e-06
    1.18345893e-06  1.05280689e-06]
  [ 2.83126579e-06  4.30459256e-05  3.17989580e-04 ... -1.75086853e-05
    2.68751830e-05  9.38988856e-06]
  ...
  [-1.48564615e-07 -2.17962739e-06 -1.75086853e-05 ...  2.30571795e-04
    2.09025570e-07 -1.91673883e-04]
  [ 1.05907478e-07  1.18345893e-06  2.68751830e-05 ...  2.09025570e-07
    4.63241178e-04 -3.50232730e-06]
  [ 7.43836337e-08  1.05280689e-06  9.38988856e-06 ... -1.91673883e-04
   -3.50232730e-06  6.49569815e-04]]]
converged SCF energy = -150.24498582983  <S^2> = 0.92979806  2S+1 = 2.1723702
[timing] left/O ensemble SCF = 11.7s
dm0 check [[ 3.79539727e-01  6.12229104e-01 -1.25224694e-01 ...  1.13677715e-06
  -8.45028803e-07 -2.89763260e-06]
 [ 6.12229104e-01  1.01515691e+00 -3.34053055e-01 ...  3.77023658e-06
  -3.07782839e-06 -8.39265036e-06]
 [-1.25224694e-01 -3.34053055e-01  6.75274681e-01 ... -8.56764360e-06
   7.33950047e-06  2.02149710e-05]
 ...
 [ 1.13677715e-06  3.77023658e-06 -8.56764360e-06 ...  8.21048911e-07
  -2.34610279e-07  7.30881467e-08]
 [-8.45028803e-07 -3.07782839e-06  7.33950047e-06 ... -2.34610279e-07
   5.29414425e-07  6.62386142e-08]
 [-2.89763260e-06 -8.39265036e-06  2.02149710e-05 ...  7.30881467e-08
   6.62386142e-08  3.67610218e-07]]


******** <class 'pyscf.scf.addons.SmearingDFRKS'> ********
method = SmearingDFRKS
initial guess = minao
damping factor = 0.15
level_shift factor = 0.2
DIIS = <class 'pyscf.scf.diis.CDIIS'>
diis_start_cycle = 1
diis_space = 12
diis_damp = 0
SCF conv_tol = 5e-05
SCF conv_tol_grad = None
SCF max_cycles = 200
direct_scf = True
direct_scf_tol = 1e-13
chkfile to save SCF result = /tmp/tmpmd13886h
max_memory 4000 MB (current use 87147 MB)
XC library pyscf.dft.libxc version 6.1.0
    S. Lehtola, C. Steigemann, M. J.T. Oliveira, and M. A.L. Marques.,  SoftwareX 7, 1–5 (2018)
XC functionals = pbe
    J. P. Perdew, K. Burke, and M. Ernzerhof.,  Phys. Rev. Lett. 77, 3865 (1996)
    J. P. Perdew, K. Burke, and M. Ernzerhof.,  Phys. Rev. Lett. 78, 1396 (1997)
    J. P. Perdew, K. Burke, and M. Ernzerhof.,  Phys. Rev. Lett. 77, 3865 (1996)
    J. P. Perdew, K. Burke, and M. Ernzerhof.,  Phys. Rev. Lett. 78, 1396 (1997)
small_rho_cutoff = 1e-06
Set gradient conv threshold to 0.00707107
    Total E(T) = -12115.418218881  Free energy = -12116.4380888972  E0 = -12115.9281538891
init E= -12115.418218881
    sigma = 0.02  Optimized mu = -0.0515970971442  entropy = 1.49959087967
    Total E(T) = -12115.4181810896  Free energy = -12115.4481729072  E0 = -12115.4331769984
cycle= 1 E= -12115.4181810896  delta_E= 3.78e-05  |g|= 0.0377  |ddm|= 29.2
    sigma = 0.02  Optimized mu = -0.0520929110537  entropy = 1.49816038828
    Total E(T) = -12115.4177514102  Free energy = -12115.4477146179  E0 = -12115.4327330141
cycle= 2 E= -12115.4177514102  delta_E= 0.00043  |g|= 0.123  |ddm|=  139
    sigma = 0.02  Optimized mu = -0.0517516953819  entropy = 1.49878004057
    Total E(T) = -12115.4180330957  Free energy = -12115.4480086965  E0 = -12115.4330208961
cycle= 3 E= -12115.4180330957  delta_E= -0.000282  |g|= 0.0616  |ddm|= 54.6
    sigma = 0.02  Optimized mu = -0.0517372567328  entropy = 1.49887016795
    Total E(T) = -12115.418145186  Free energy = -12115.4481225894  E0 = -12115.4331338877
cycle= 4 E= -12115.418145186  delta_E= -0.000112  |g|= 0.0394  |ddm|= 23.1
    sigma = 0.02  Optimized mu = -0.0517256746604  entropy = 1.49891988821
    Total E(T) = -12115.4181926646  Free energy = -12115.4481710624  E0 = -12115.4331818635
cycle= 5 E= -12115.4181926646  delta_E= -4.75e-05  |g|= 0.0249  |ddm|= 12.7
    sigma = 0.02  Optimized mu = -0.0517319713431  entropy = 1.49886212844
    Total E(T) = -12115.4182123822  Free energy = -12115.4481896248  E0 = -12115.4332010035
cycle= 6 E= -12115.4182123822  delta_E= -1.97e-05  |g|= 0.0166  |ddm|= 8.97
    sigma = 0.02  Optimized mu = -0.0517345319311  entropy = 1.49885432553
    Total E(T) = -12115.4182207247  Free energy = -12115.4481978112  E0 = -12115.4332092679
cycle= 7 E= -12115.4182207247  delta_E= -8.34e-06  |g|= 0.011  |ddm|= 5.14
    sigma = 0.02  Optimized mu = -0.0517299952586  entropy = 1.49887677195
    Total E(T) = -12115.4182243148  Free energy = -12115.4482018502  E0 = -12115.4332130825
cycle= 8 E= -12115.4182243148  delta_E= -3.59e-06  |g|= 0.00743  |ddm|= 3.41
    sigma = 0.02  Optimized mu = -0.0517359350535  entropy = 1.49884891143
    Total E(T) = -12115.4182260635  Free energy = -12115.4482030417  E0 = -12115.4332145526
cycle= 9 E= -12115.4182260635  delta_E= -1.75e-06  |g|= 0.00464  |ddm|= 2.54
    sigma = 0.02  Optimized mu = -0.151634364098  entropy = 50.9946055292
    Total E(T) = -12114.8908976314  Free energy = -12115.910789742  E0 = -12115.4008436867
Extra cycle  E= -12114.8908976314  delta_E= 0.527  |g|= 0.404  |ddm|= 4.11e+03
converged SCF energy = -12114.8908976314
dm0 check [[[ 1.89791417e-01  3.06172285e-01 -6.27478512e-02 ...  4.81128985e-07
   -4.10766032e-07 -1.45847336e-06]
  [ 3.06172285e-01  5.07731965e-01 -1.67384966e-01 ...  1.65104512e-06
   -1.50741124e-06 -4.22123421e-06]
  [-6.27478512e-02 -1.67384966e-01  3.38466080e-01 ... -3.72433976e-06
    3.59534361e-06  1.01539185e-05]
  ...
  [ 4.81128985e-07  1.65104512e-06 -3.72433976e-06 ...  4.34770232e-07
   -1.22289554e-07  3.52714614e-08]
  [-4.10766032e-07 -1.50741124e-06  3.59534361e-06 ... -1.22289554e-07
    2.71371207e-07  3.81407754e-08]
  [-1.45847336e-06 -4.22123421e-06  1.01539185e-05 ...  3.52714614e-08
    3.81407754e-08  1.91857419e-07]]

 [[ 1.89771333e-01  3.06117442e-01 -6.26236548e-02 ...  6.65423869e-07
   -3.85100626e-07 -1.34401323e-06]
  [ 3.06117442e-01  5.07585504e-01 -1.67057531e-01 ...  2.14581640e-06
   -1.43659448e-06 -3.91353929e-06]
  [-6.26236548e-02 -1.67057531e-01  3.37736839e-01 ... -4.90064341e-06
    3.41057532e-06  9.41880994e-06]
  ...
  [ 6.65423869e-07  2.14581640e-06 -4.90064341e-06 ...  4.20521529e-07
   -1.24157996e-07  3.86971016e-08]
  [-3.85100626e-07 -1.43659448e-06  3.41057532e-06 ... -1.24157996e-07
    2.71842496e-07  3.58912358e-08]
  [-1.34401323e-06 -3.91353929e-06  9.41880994e-06 ...  3.86971016e-08
    3.58912358e-08  1.82565546e-07]]]


******** <class 'pyscf.scf.addons.SmearingDFUKS'> ********
method = SmearingDFUKS
initial guess = minao
damping factor = 0.15
level_shift factor = 0.2
DIIS = <class 'pyscf.scf.diis.CDIIS'>
diis_start_cycle = 1
diis_space = 12
diis_damp = 0
SCF conv_tol = 5e-05
SCF conv_tol_grad = None
SCF max_cycles = 200
direct_scf = True
direct_scf_tol = 1e-13
chkfile to save SCF result = /tmp/tmp248gej4f
max_memory 4000 MB (current use 87222 MB)
number electrons alpha = 325  beta = 323
XC library pyscf.dft.libxc version 6.1.0
    S. Lehtola, C. Steigemann, M. J.T. Oliveira, and M. A.L. Marques.,  SoftwareX 7, 1–5 (2018)
XC functionals = pbe
    J. P. Perdew, K. Burke, and M. Ernzerhof.,  Phys. Rev. Lett. 77, 3865 (1996)
    J. P. Perdew, K. Burke, and M. Ernzerhof.,  Phys. Rev. Lett. 78, 1396 (1997)
    J. P. Perdew, K. Burke, and M. Ernzerhof.,  Phys. Rev. Lett. 77, 3865 (1996)
    J. P. Perdew, K. Burke, and M. Ernzerhof.,  Phys. Rev. Lett. 78, 1396 (1997)
small_rho_cutoff = 1e-06
Set gradient conv threshold to 0.00707107
    Total E(T) = -12114.9739239542  Free energy = -12115.037887424  E0 = -12115.0059056891
init E= -12114.9739239542
    sigma = 0.005  Optimized mu_alpha = -0.196793527237  entropy = 3.28427883965e-07
    sigma = 0.005  Optimized mu_beta  = -0.199383252763  entropy = 3.28427883965e-07
    Total E(T) = -12114.9739064993  Free energy = -12114.973906501  E0 = -12114.9739065001
cycle= 1 E= -12114.9739064993  delta_E= 1.75e-05  |g|= 0.0356  |ddm|= 17.2
    sigma = 0.005  Optimized mu_alpha = -0.197148522323  entropy = 3.26128124951e-07
    sigma = 0.005  Optimized mu_beta  = -0.199763534373  entropy = 3.26128124951e-07
    Total E(T) = -12114.9737168021  Free energy = -12114.9737168038  E0 = -12114.973716803
cycle= 2 E= -12114.9737168021  delta_E= 0.00019  |g|= 0.108  |ddm|= 76.8
    sigma = 0.005  Optimized mu_alpha = -0.196899326756  entropy = 3.2762045202e-07
    sigma = 0.005  Optimized mu_beta  = -0.199495392667  entropy = 3.2762045202e-07
    Total E(T) = -12114.9738474726  Free energy = -12114.9738474743  E0 = -12114.9738474734
cycle= 3 E= -12114.9738474726  delta_E= -0.000131  |g|= 0.0518  |ddm|= 29.9
    sigma = 0.005  Optimized mu_alpha = -0.19689736244  entropy = 3.27637438221e-07
    sigma = 0.005  Optimized mu_beta  = -0.19949306096  entropy = 3.27637438221e-07
    Total E(T) = -12114.9738989214  Free energy = -12114.973898923  E0 = -12114.9738989222
cycle= 4 E= -12114.9738989214  delta_E= -5.14e-05  |g|= 0.031  |ddm|= 13.5
    sigma = 0.005  Optimized mu_alpha = -0.196881687628  entropy = 3.27644432222e-07
    sigma = 0.005  Optimized mu_beta  = -0.199477132728  entropy = 3.27644432222e-07
    Total E(T) = -12114.973918523  Free energy = -12114.9739185247  E0 = -12114.9739185239
cycle= 5 E= -12114.973918523  delta_E= -1.96e-05  |g|= 0.0191  |ddm|= 7.21
    sigma = 0.005  Optimized mu_alpha = -0.196893223572  entropy = 3.27577759501e-07
    sigma = 0.005  Optimized mu_beta  = -0.199489204877  entropy = 3.27577759501e-07
    Total E(T) = -12114.9739260171  Free energy = -12114.9739260188  E0 = -12114.9739260179
cycle= 6 E= -12114.9739260171  delta_E= -7.49e-06  |g|= 0.0113  |ddm|= 4.23
    sigma = 0.005  Optimized mu_alpha = -0.196894910344  entropy = 3.2757668027e-07
    sigma = 0.005  Optimized mu_beta  = -0.199490832124  entropy = 3.2757668027e-07
    Total E(T) = -12114.9739288251  Free energy = -12114.9739288267  E0 = -12114.9739288259
cycle= 7 E= -12114.9739288251  delta_E= -2.81e-06  |g|= 0.00697  |ddm|= 2.91
    sigma = 0.005  Optimized mu_alpha = -0.296409061469  entropy = 12.7972169521
    sigma = 0.005  Optimized mu_beta  = -0.299315788465  entropy = 12.7972169521
    Total E(T) = -12114.9378898471  Free energy = -12115.0018759319  E0 = -12114.9698828895
Extra cycle  E= -12114.9378898471  delta_E= 0.036  |g|= 0.239  |ddm|=  891
converged SCF energy = -12114.9378898471  <S^2> = 3.7625166  2S+1 = 4.0062534
[timing] right/Al ensemble SCF = 1065.3s
[timing] collect state = 0.0s
[timing] checkpoint save = 0.0s
[phase1] step=3/5 L=-12265.24970011 Ef=-12265.25647557 |grad|=2.11088e-02 |db|=2.11088e-02 t=1082.2s
dm0 check [[[ 1.51511507e-09  2.24391764e-08  1.89790082e-07 ... -1.14718990e-07
    7.42477045e-07  6.64943306e-08]
  [ 2.24391764e-08  3.34444763e-07  2.75067587e-06 ... -1.77767125e-06
    1.10110602e-05  1.04757907e-06]
  [ 1.89790082e-07  2.75067587e-06  2.57238102e-05 ... -1.02769953e-05
    9.27869282e-05  4.99876750e-06]
  ...
  [-1.14718990e-07 -1.77767125e-06 -1.02769953e-05 ...  2.27166703e-04
    1.81897159e-06 -1.91352281e-04]
  [ 7.42477045e-07  1.10110602e-05  9.27869282e-05 ...  1.81897159e-06
    4.79980205e-04 -1.62432622e-06]
  [ 6.64943306e-08  1.04757907e-06  4.99876750e-06 ... -1.91352281e-04
   -1.62432622e-06  6.55604862e-04]]

 [[ 2.14412506e-09  3.18476057e-08  2.65523940e-07 ... -7.48707043e-08
    1.03578288e-06  2.38439018e-08]
  [ 3.18476057e-08  4.74248514e-07  3.91397520e-06 ... -9.93113263e-07
    1.53190814e-05  2.50155752e-07]
  [ 2.65523940e-07  3.91397520e-06  3.37625800e-05 ... -1.10142938e-05
    1.30901577e-04  4.52868661e-06]
  ...
  [-7.48707043e-08 -9.93113263e-07 -1.10142938e-05 ...  2.49604179e-04
    2.27939104e-06 -2.10130198e-04]
  [ 1.03578288e-06  1.53190814e-05  1.30901577e-04 ...  2.27939104e-06
    5.52938810e-04 -2.04467526e-06]
  [ 2.38439018e-08  2.50155752e-07  4.52868661e-06 ... -2.10130198e-04
   -2.04467526e-06  7.46013355e-04]]]
converged SCF energy = -150.22669371454  <S^2> = 2.0045398  2S+1 = 3.003025
dm0 check [[[ 1.14640389e-09  1.70870133e-08  1.38753939e-07 ... -8.06188010e-08
    6.25415508e-07  4.56897409e-08]
  [ 1.70870133e-08  2.56085856e-07  2.02952809e-06 ... -1.06182303e-06
    9.18280262e-06  7.18371405e-07]
  [ 1.38753939e-07  2.02952809e-06  1.80707535e-05 ... -1.26946238e-05
    8.12949622e-05  3.19865437e-06]
  ...
  [-8.06188010e-08 -1.06182303e-06 -1.26946238e-05 ...  2.39058491e-04
   -1.61625119e-06 -1.68274807e-04]
  [ 6.25415508e-07  9.18280262e-06  8.12949622e-05 ... -1.61625119e-06
    4.44994840e-04 -4.05993503e-06]
  [ 4.56897409e-08  7.18371405e-07  3.19865437e-06 ... -1.68274807e-04
   -4.05993503e-06  5.95722512e-04]]

 [[ 2.53036577e-08  3.85049032e-07  2.83126422e-06 ... -1.48564942e-07
    1.05891592e-07  7.43764911e-08]
  [ 3.85049032e-07  5.86074589e-06  4.30457436e-05 ... -2.17965303e-06
    1.18317950e-06  1.05272041e-06]
  [ 2.83126422e-06  4.30457436e-05  3.17989433e-04 ... -1.75089510e-05
    2.68727894e-05  9.38929284e-06]
  ...
  [-1.48564942e-07 -2.17965303e-06 -1.75089510e-05 ...  2.30571546e-04
    2.08965288e-07 -1.91670976e-04]
  [ 1.05891592e-07  1.18317950e-06  2.68727894e-05 ...  2.08965288e-07
    4.63237986e-04 -3.50230113e-06]
  [ 7.43764911e-08  1.05272041e-06  9.38929284e-06 ... -1.91670976e-04
   -3.50230113e-06  6.49568405e-04]]]
converged SCF energy = -150.244985829834  <S^2> = 0.92979734  2S+1 = 2.1723695
[timing] left/O ensemble SCF = 12.8s
dm0 check [[ 3.79538863e-01  6.12228703e-01 -1.25224037e-01 ...  1.19317460e-06
  -8.22557191e-07 -3.02730446e-06]
 [ 6.12228703e-01  1.01515764e+00 -3.34051354e-01 ...  3.92265025e-06
  -3.01730149e-06 -8.74256220e-06]
 [-1.25224037e-01 -3.34051354e-01  6.75270207e-01 ... -8.93859152e-06
   7.19353072e-06  2.10631752e-05]
 ...
 [ 1.19317460e-06  3.92265025e-06 -8.93859152e-06 ...  8.10523528e-07
  -2.34723451e-07  7.43928112e-08]
 [-8.22557191e-07 -3.01730149e-06  7.19353072e-06 ... -2.34723451e-07
   5.27700789e-07  6.32281256e-08]
 [-3.02730446e-06 -8.74256220e-06  2.10631752e-05 ...  7.43928112e-08
   6.32281256e-08  3.85663802e-07]]


******** <class 'pyscf.scf.addons.SmearingDFRKS'> ********
method = SmearingDFRKS
initial guess = minao
damping factor = 0.15
level_shift factor = 0.2
DIIS = <class 'pyscf.scf.diis.CDIIS'>
diis_start_cycle = 1
diis_space = 12
diis_damp = 0
SCF conv_tol = 5e-05
SCF conv_tol_grad = None
SCF max_cycles = 200
direct_scf = True
direct_scf_tol = 1e-13
chkfile to save SCF result = /tmp/tmpmd13886h
max_memory 4000 MB (current use 87203 MB)
XC library pyscf.dft.libxc version 6.1.0
    S. Lehtola, C. Steigemann, M. J.T. Oliveira, and M. A.L. Marques.,  SoftwareX 7, 1–5 (2018)
XC functionals = pbe
    J. P. Perdew, K. Burke, and M. Ernzerhof.,  Phys. Rev. Lett. 77, 3865 (1996)
    J. P. Perdew, K. Burke, and M. Ernzerhof.,  Phys. Rev. Lett. 78, 1396 (1997)
    J. P. Perdew, K. Burke, and M. Ernzerhof.,  Phys. Rev. Lett. 77, 3865 (1996)
    J. P. Perdew, K. Burke, and M. Ernzerhof.,  Phys. Rev. Lett. 78, 1396 (1997)
small_rho_cutoff = 1e-06
Set gradient conv threshold to 0.00707107
    Total E(T) = -12115.3688863564  Free energy = -12116.388778467  E0 = -12115.8788324117
init E= -12115.3688863564
    sigma = 0.02  Optimized mu = -0.05162092432  entropy = 1.50010031586
    Total E(T) = -12115.3688573511  Free energy = -12115.3988593574  E0 = -12115.3838583542
cycle= 1 E= -12115.3688573511  delta_E= 2.9e-05  |g|= 0.0327  |ddm|= 25.6
    sigma = 0.02  Optimized mu = -0.0520984758315  entropy = 1.49855948897
    Total E(T) = -12115.3685303078  Free energy = -12115.3985014976  E0 = -12115.3835159027
cycle= 2 E= -12115.3685303078  delta_E= 0.000327  |g|= 0.107  |ddm|=  121
    sigma = 0.02  Optimized mu = -0.051766586104  entropy = 1.4993390765
    Total E(T) = -12115.3687457838  Free energy = -12115.3987325654  E0 = -12115.3837391746
cycle= 3 E= -12115.3687457838  delta_E= -0.000215  |g|= 0.053  |ddm|=   48
    sigma = 0.02  Optimized mu = -0.051753657241  entropy = 1.49942765993
    Total E(T) = -12115.3688312906  Free energy = -12115.3988198438  E0 = -12115.3838255672
cycle= 4 E= -12115.3688312906  delta_E= -8.55e-05  |g|= 0.0337  |ddm|= 20.5
    sigma = 0.02  Optimized mu = -0.0517429792168  entropy = 1.49947412248
    Total E(T) = -12115.3688671742  Free energy = -12115.3988566567  E0 = -12115.3838619155
cycle= 5 E= -12115.3688671742  delta_E= -3.59e-05  |g|= 0.0213  |ddm|= 11.1
    sigma = 0.02  Optimized mu = -0.0517495388884  entropy = 1.49941990786
    Total E(T) = -12115.3688821461  Free energy = -12115.3988705443  E0 = -12115.3838763452
cycle= 6 E= -12115.3688821461  delta_E= -1.5e-05  |g|= 0.0141  |ddm|= 7.62
    sigma = 0.02  Optimized mu = -0.051751536162  entropy = 1.49941537467
    Total E(T) = -12115.368888374  Free energy = -12115.3988766815  E0 = -12115.3838825278
cycle= 7 E= -12115.368888374  delta_E= -6.23e-06  |g|= 0.00921  |ddm|= 4.49
    sigma = 0.02  Optimized mu = -0.0517484588804  entropy = 1.49943050696
    Total E(T) = -12115.3688910189  Free energy = -12115.398879629  E0 = -12115.3838853239
cycle= 8 E= -12115.3688910189  delta_E= -2.64e-06  |g|= 0.00623  |ddm|= 2.97
    sigma = 0.02  Optimized mu = -0.151634680112  entropy = 50.9964063811
    Total E(T) = -12114.8411961135  Free energy = -12115.8611242411  E0 = -12115.3511601773
Extra cycle  E= -12114.8411961135  delta_E= 0.528  |g|= 0.415  |ddm|= 4.11e+03
converged SCF energy = -12114.8411961135
dm0 check [[[ 1.89790995e-01  3.06172102e-01 -6.27475817e-02 ...  5.07204796e-07
   -4.00435148e-07 -1.51876019e-06]
  [ 3.06172102e-01  5.07732369e-01 -1.67384274e-01 ...  1.72147640e-06
   -1.47960415e-06 -4.38382725e-06]
  [-6.27475817e-02 -1.67384274e-01  3.38464316e-01 ... -3.89537194e-06
    3.52844943e-06  1.05472486e-05]
  ...
  [ 5.07204796e-07  1.72147640e-06 -3.89537194e-06 ...  4.29232324e-07
   -1.22468415e-07  3.61438411e-08]
  [-4.00435148e-07 -1.47960415e-06  3.52844943e-06 ... -1.22468415e-07
    2.70523624e-07  3.68760477e-08]
  [-1.51876019e-06 -4.38382725e-06  1.05472486e-05 ...  3.61438411e-08
    3.68760477e-08  2.00419438e-07]]

 [[ 1.89770842e-01  3.06117081e-01 -6.26229492e-02 ...  6.87112818e-07
   -3.75406367e-07 -1.40406121e-06]
  [ 3.06117081e-01  5.07585436e-01 -1.67055660e-01 ...  2.20447624e-06
   -1.41048327e-06 -4.07563156e-06]
  [-6.26229492e-02 -1.67055660e-01  3.37732144e-01 ... -5.04380409e-06
    3.34760306e-06  9.81225131e-06]
  ...
  [ 6.87112818e-07  2.20447624e-06 -5.04380409e-06 ...  4.15115413e-07
   -1.24259396e-07  3.95920876e-08]
  [-3.75406367e-07 -1.41048327e-06  3.34760306e-06 ... -1.24259396e-07
    2.71120910e-07  3.45507423e-08]
  [-1.40406121e-06 -4.07563156e-06  9.81225131e-06 ...  3.95920876e-08
    3.45507423e-08  1.90995288e-07]]]


******** <class 'pyscf.scf.addons.SmearingDFUKS'> ********
method = SmearingDFUKS
initial guess = minao
damping factor = 0.15
level_shift factor = 0.2
DIIS = <class 'pyscf.scf.diis.CDIIS'>
diis_start_cycle = 1
diis_space = 12
diis_damp = 0
SCF conv_tol = 5e-05
SCF conv_tol_grad = None
SCF max_cycles = 200
direct_scf = True
direct_scf_tol = 1e-13
chkfile to save SCF result = /tmp/tmp248gej4f
max_memory 4000 MB (current use 87204 MB)
number electrons alpha = 325  beta = 323
XC library pyscf.dft.libxc version 6.1.0
    S. Lehtola, C. Steigemann, M. J.T. Oliveira, and M. A.L. Marques.,  SoftwareX 7, 1–5 (2018)
XC functionals = pbe
    J. P. Perdew, K. Burke, and M. Ernzerhof.,  Phys. Rev. Lett. 77, 3865 (1996)
    J. P. Perdew, K. Burke, and M. Ernzerhof.,  Phys. Rev. Lett. 78, 1396 (1997)
    J. P. Perdew, K. Burke, and M. Ernzerhof.,  Phys. Rev. Lett. 77, 3865 (1996)
    J. P. Perdew, K. Burke, and M. Ernzerhof.,  Phys. Rev. Lett. 78, 1396 (1997)
small_rho_cutoff = 1e-06
Set gradient conv threshold to 0.00707107
    Total E(T) = -12114.9246362237  Free energy = -12114.9886223085  E0 = -12114.9566292661
init E= -12114.9246362237
    sigma = 0.005  Optimized mu_alpha = -0.196789291899  entropy = 3.29232115887e-07
    sigma = 0.005  Optimized mu_beta  = -0.199373243591  entropy = 3.29232115887e-07
    Total E(T) = -12114.9246050763  Free energy = -12114.9246050779  E0 = -12114.9246050771
cycle= 1 E= -12114.9246050763  delta_E= 3.11e-05  |g|= 0.047  |ddm|= 22.7
    sigma = 0.005  Optimized mu_alpha = -0.197227716078  entropy = 3.26661036216e-07
    sigma = 0.005  Optimized mu_beta  = -0.199843040583  entropy = 3.26661036216e-07
    Total E(T) = -12114.9242802039  Free energy = -12114.9242802056  E0 = -12114.9242802048
cycle= 2 E= -12114.9242802039  delta_E= 0.000325  |g|= 0.145  |ddm|= 98.9
    sigma = 0.005  Optimized mu_alpha = -0.196920403774  entropy = 3.28205455512e-07
    sigma = 0.005  Optimized mu_beta  = -0.199512201181  entropy = 3.28205455512e-07
    Total E(T) = -12114.9244981786  Free energy = -12114.9244981802  E0 = -12114.9244981794
cycle= 3 E= -12114.9244981786  delta_E= -0.000218  |g|= 0.0713  |ddm|= 37.6
    sigma = 0.005  Optimized mu_alpha = -0.196916524255  entropy = 3.28244517518e-07
    sigma = 0.005  Optimized mu_beta  = -0.199507706851  entropy = 3.28244517518e-07
    Total E(T) = -12114.9245859389  Free energy = -12114.9245859405  E0 = -12114.9245859397
cycle= 4 E= -12114.9245859389  delta_E= -8.78e-05  |g|= 0.0437  |ddm|= 17.1
    sigma = 0.005  Optimized mu_alpha = -0.196899790445  entropy = 3.28267079104e-07
    sigma = 0.005  Optimized mu_beta  = -0.199490525739  entropy = 3.28267079104e-07
    Total E(T) = -12114.9246205706  Free energy = -12114.9246205722  E0 = -12114.9246205714
cycle= 5 E= -12114.9246205706  delta_E= -3.46e-05  |g|= 0.0279  |ddm|= 9.48
    sigma = 0.005  Optimized mu_alpha = -0.196910994868  entropy = 3.28202974886e-07
    sigma = 0.005  Optimized mu_beta  = -0.199502202057  entropy = 3.28202974886e-07
    Total E(T) = -12114.9246346761  Free energy = -12114.9246346778  E0 = -12114.9246346769
cycle= 6 E= -12114.9246346761  delta_E= -1.41e-05  |g|= 0.0171  |ddm|=  5.5
    sigma = 0.005  Optimized mu_alpha = -0.196912868677  entropy = 3.2819491648e-07
    sigma = 0.005  Optimized mu_beta  = -0.199504095231  entropy = 3.2819491648e-07
    Total E(T) = -12114.9246402199  Free energy = -12114.9246402215  E0 = -12114.9246402207
cycle= 7 E= -12114.9246402199  delta_E= -5.54e-06  |g|= 0.0111  |ddm|= 3.87
    sigma = 0.005  Optimized mu_alpha = -0.196913009082  entropy = 3.28171962243e-07
    sigma = 0.005  Optimized mu_beta  = -0.199504449374  entropy = 3.28171962243e-07
    Total E(T) = -12114.9246425358  Free energy = -12114.9246425375  E0 = -12114.9246425367
cycle= 8 E= -12114.9246425358  delta_E= -2.32e-06  |g|= 0.00656  |ddm|= 2.33
    sigma = 0.005  Optimized mu_alpha = -0.296434047951  entropy = 12.7993449998
    sigma = 0.005  Optimized mu_beta  = -0.29933908225  entropy = 12.7993449998
    Total E(T) = -12114.8886847094  Free energy = -12114.9526814344  E0 = -12114.9206830719
Extra cycle  E= -12114.8886847094  delta_E= 0.036  |g|= 0.235  |ddm|=  890
converged SCF energy = -12114.8886847094  <S^2> = 3.7625367  2S+1 = 4.0062634
[timing] right/Al ensemble SCF = 1064.0s
[timing] collect state = 0.0s
[timing] checkpoint save = 0.0s
[phase1] step=4/5 L=-12265.19426684 Ef=-12265.20132694 |grad|=2.07798e-02 |db|=2.07798e-02 t=1082.2s
dm0 check [[[ 1.51511345e-09  2.24391537e-08  1.89789845e-07 ... -1.14719041e-07
    7.42476856e-07  6.64943793e-08]
  [ 2.24391537e-08  3.34444425e-07  2.75067274e-06 ... -1.77767171e-06
    1.10110573e-05  1.04757954e-06]
  [ 1.89789845e-07  2.75067274e-06  2.57237806e-05 ... -1.02769975e-05
    9.27869110e-05  4.99876992e-06]
  ...
  [-1.14719041e-07 -1.77767171e-06 -1.02769975e-05 ...  2.27166714e-04
    1.81897069e-06 -1.91352291e-04]
  [ 7.42476856e-07  1.10110573e-05  9.27869110e-05 ...  1.81897069e-06
    4.79980266e-04 -1.62432538e-06]
  [ 6.64943793e-08  1.04757954e-06  4.99876992e-06 ... -1.91352291e-04
   -1.62432538e-06  6.55604932e-04]]

 [[ 2.14412288e-09  3.18475751e-08  2.65523668e-07 ... -7.48706513e-08
    1.03578247e-06  2.38438681e-08]
  [ 3.18475751e-08  4.74248065e-07  3.91397161e-06 ... -9.93113945e-07
    1.53190755e-05  2.50156401e-07]
  [ 2.65523668e-07  3.91397161e-06  3.37625491e-05 ... -1.10142914e-05
    1.30901535e-04  4.52868544e-06]
  ...
  [-7.48706513e-08 -9.93113945e-07 -1.10142914e-05 ...  2.49604200e-04
    2.27939015e-06 -2.10130218e-04]
  [ 1.03578247e-06  1.53190755e-05  1.30901535e-04 ...  2.27939015e-06
    5.52938890e-04 -2.04467291e-06]
  [ 2.38438681e-08  2.50156401e-07  4.52868544e-06 ... -2.10130218e-04
   -2.04467291e-06  7.46013452e-04]]]
converged SCF energy = -150.226693714539  <S^2> = 2.0045398  2S+1 = 3.003025
dm0 check [[[ 1.14641745e-09  1.70871841e-08  1.38754813e-07 ... -8.06196941e-08
    6.25417120e-07  4.56926965e-08]
  [ 1.70871841e-08  2.56087717e-07  2.02954043e-06 ... -1.06182579e-06
    9.18282741e-06  7.18406974e-07]
  [ 1.38754813e-07  2.02954043e-06  1.80708466e-05 ... -1.26946806e-05
    8.12951703e-05  3.19891372e-06]
  ...
  [-8.06196941e-08 -1.06182579e-06 -1.26946806e-05 ...  2.39058742e-04
   -1.61627706e-06 -1.68275179e-04]
  [ 6.25417120e-07  9.18282741e-06  8.12951703e-05 ... -1.61627706e-06
    4.44995293e-04 -4.05994828e-06]
  [ 4.56926965e-08  7.18406974e-07  3.19891372e-06 ... -1.68275179e-04
   -4.05994828e-06  5.95722691e-04]]

 [[ 2.53030872e-08  3.85041148e-07  2.83121281e-06 ... -1.48564709e-07
    1.05890539e-07  7.43821275e-08]
  [ 3.85041148e-07  5.86063793e-06  4.30450523e-05 ... -2.17963110e-06
    1.18320858e-06  1.05278733e-06]
  [ 2.83121281e-06  4.30450523e-05  3.17985100e-04 ... -1.75088049e-05
    2.68728932e-05  9.38978175e-06]
  ...
  [-1.48564709e-07 -2.17963110e-06 -1.75088049e-05 ...  2.30571482e-04
    2.08982239e-07 -1.91671362e-04]
  [ 1.05890539e-07  1.18320858e-06  2.68728932e-05 ...  2.08982239e-07
    4.63238233e-04 -3.50223686e-06]
  [ 7.43821275e-08  1.05278733e-06  9.38978175e-06 ... -1.91671362e-04
   -3.50223686e-06  6.49568189e-04]]]
converged SCF energy = -150.244985829831  <S^2> = 0.92979752  2S+1 = 2.1723697
[timing] left/O ensemble SCF = 11.5s
dm0 check [[ 3.79539106e-01  6.12228809e-01 -1.25224340e-01 ...  1.24988352e-06
  -7.99454620e-07 -3.15902789e-06]
 [ 6.12228809e-01  1.01515708e+00 -3.34050920e-01 ...  4.07581390e-06
  -2.95498773e-06 -9.09792852e-06]
 [-1.25224340e-01 -3.34050920e-01  6.75268656e-01 ... -9.31111864e-06
   7.04298303e-06  2.19244623e-05]
 ...
 [ 1.24988352e-06  4.07581390e-06 -9.31111864e-06 ...  8.00677519e-07
  -2.34857693e-07  7.51554528e-08]
 [-7.99454620e-07 -2.95498773e-06  7.04298303e-06 ... -2.34857693e-07
   5.26256679e-07  6.00868662e-08]
 [-3.15902789e-06 -9.09792852e-06  2.19244623e-05 ...  7.51554528e-08
   6.00868662e-08  4.04991337e-07]]


******** <class 'pyscf.scf.addons.SmearingDFRKS'> ********
method = SmearingDFRKS
initial guess = minao
damping factor = 0.15
level_shift factor = 0.2
DIIS = <class 'pyscf.scf.diis.CDIIS'>
diis_start_cycle = 1
diis_space = 12
diis_damp = 0
SCF conv_tol = 5e-05
SCF conv_tol_grad = None
SCF max_cycles = 200
direct_scf = True
direct_scf_tol = 1e-13
chkfile to save SCF result = /tmp/tmpmd13886h
max_memory 4000 MB (current use 87297 MB)
XC library pyscf.dft.libxc version 6.1.0
    S. Lehtola, C. Steigemann, M. J.T. Oliveira, and M. A.L. Marques.,  SoftwareX 7, 1–5 (2018)
XC functionals = pbe
    J. P. Perdew, K. Burke, and M. Ernzerhof.,  Phys. Rev. Lett. 77, 3865 (1996)
    J. P. Perdew, K. Burke, and M. Ernzerhof.,  Phys. Rev. Lett. 78, 1396 (1997)
    J. P. Perdew, K. Burke, and M. Ernzerhof.,  Phys. Rev. Lett. 77, 3865 (1996)
    J. P. Perdew, K. Burke, and M. Ernzerhof.,  Phys. Rev. Lett. 78, 1396 (1997)
small_rho_cutoff = 1e-06
Set gradient conv threshold to 0.00707107
    Total E(T) = -12115.3235676568  Free energy = -12116.3434957844  E0 = -12115.8335317206
init E= -12115.3235676568
    sigma = 0.02  Optimized mu = -0.0516230160844  entropy = 1.50069598007
    Total E(T) = -12115.3235273943  Free energy = -12115.3535413139  E0 = -12115.3385343541
cycle= 1 E= -12115.3235273943  delta_E= 4.03e-05  |g|= 0.0384  |ddm|= 30.2
    sigma = 0.02  Optimized mu = -0.0521541763422  entropy = 1.49915017875
    Total E(T) = -12115.3230745954  Free energy = -12115.353057599  E0 = -12115.3380660972
cycle= 2 E= -12115.3230745954  delta_E= 0.000453  |g|= 0.127  |ddm|=  143
    sigma = 0.02  Optimized mu = -0.0517861912299  entropy = 1.49985542425
    Total E(T) = -12115.3233698389  Free energy = -12115.3533669474  E0 = -12115.3383683931
cycle= 3 E= -12115.3233698389  delta_E= -0.000295  |g|= 0.0635  |ddm|= 55.7
    sigma = 0.02  Optimized mu = -0.0517719172885  entropy = 1.49995017953
    Total E(T) = -12115.3234871055  Free energy = -12115.353486109  E0 = -12115.3384866072
cycle= 4 E= -12115.3234871055  delta_E= -0.000117  |g|= 0.041  |ddm|= 23.8
    sigma = 0.02  Optimized mu = -0.0517607828283  entropy = 1.49999798791
    Total E(T) = -12115.3235370801  Free energy = -12115.3535370399  E0 = -12115.33853706
cycle= 5 E= -12115.3235370801  delta_E= -5e-05  |g|= 0.0264  |ddm|= 13.1
    sigma = 0.02  Optimized mu = -0.0517680271738  entropy = 1.49993958017
    Total E(T) = -12115.3235584969  Free energy = -12115.3535572885  E0 = -12115.3385578927
cycle= 6 E= -12115.3235584969  delta_E= -2.14e-05  |g|= 0.0176  |ddm|= 8.88
    sigma = 0.02  Optimized mu = -0.051767205293  entropy = 1.49994794151
    Total E(T) = -12115.3235676491  Free energy = -12115.3535666079  E0 = -12115.3385671285
cycle= 7 E= -12115.3235676491  delta_E= -9.15e-06  |g|= 0.0119  |ddm|= 5.33
    sigma = 0.02  Optimized mu = -0.0517681364097  entropy = 1.49994272461
    Total E(T) = -12115.3235718919  Free energy = -12115.3535707464  E0 = -12115.3385713192
cycle= 8 E= -12115.3235718919  delta_E= -4.24e-06  |g|= 0.00776  |ddm|= 3.21
    sigma = 0.02  Optimized mu = -0.0517654525664  entropy = 1.49995657608
    Total E(T) = -12115.323573659  Free energy = -12115.3535727906  E0 = -12115.3385732248
cycle= 9 E= -12115.323573659  delta_E= -1.77e-06  |g|= 0.00561  |ddm|= 2.68
    sigma = 0.02  Optimized mu = -0.151670129149  entropy = 50.996297979
    Total E(T) = -12114.7964002911  Free energy = -12115.8163262507  E0 = -12115.3063632709
Extra cycle  E= -12114.7964002911  delta_E= 0.527  |g|= 0.408  |ddm|= 4.12e+03
converged SCF energy = -12114.7964002911
dm0 check [[[ 1.89791119e-01  3.06172159e-01 -6.27477465e-02 ...  5.34142140e-07
   -3.90049816e-07 -1.57976373e-06]
  [ 3.06172159e-01  5.07732097e-01 -1.67384103e-01 ...  1.79418740e-06
   -1.45160731e-06 -4.54831341e-06]
  [-6.27477465e-02 -1.67384103e-01  3.38463703e-01 ... -4.07181129e-06
    3.46095466e-06  1.09450938e-05]
  ...
  [ 5.34142140e-07  1.79418740e-06 -4.07181129e-06 ...  4.23887279e-07
   -1.22614853e-07  3.66869476e-08]
  [-3.90049816e-07 -1.45160731e-06  3.46095466e-06 ... -1.22614853e-07
    2.69658662e-07  3.54999845e-08]
  [-1.57976373e-06 -4.54831341e-06  1.09450938e-05 ...  3.66869476e-08
    3.54999845e-08  2.09515386e-07]]

 [[ 1.89770906e-01  3.06116986e-01 -6.26227389e-02 ...  7.09665878e-07
   -3.65790439e-07 -1.46489212e-06]
  [ 3.06116986e-01  5.07584761e-01 -1.67054473e-01 ...  2.26542292e-06
   -1.38454032e-06 -4.23979829e-06]
  [-6.26227389e-02 -1.67054473e-01  3.37729003e-01 ... -5.19239549e-06
    3.28489273e-06  1.02106654e-05]
  ...
  [ 7.09665878e-07  2.26542292e-06 -5.19239549e-06 ...  4.09894812e-07
   -1.24325986e-07  4.01542464e-08]
  [-3.65790439e-07 -1.38454032e-06  3.28489273e-06 ... -1.24325986e-07
    2.70381085e-07  3.31025025e-08]
  [-1.46489212e-06 -4.23979829e-06  1.02106654e-05 ...  4.01542464e-08
    3.31025025e-08  1.99965679e-07]]]


******** <class 'pyscf.scf.addons.SmearingDFUKS'> ********
method = SmearingDFUKS
initial guess = minao
damping factor = 0.15
level_shift factor = 0.2
DIIS = <class 'pyscf.scf.diis.CDIIS'>
diis_start_cycle = 1
diis_space = 12
diis_damp = 0
SCF conv_tol = 5e-05
SCF conv_tol_grad = None
SCF max_cycles = 200
direct_scf = True
direct_scf_tol = 1e-13
chkfile to save SCF result = /tmp/tmp248gej4f
max_memory 4000 MB (current use 87297 MB)
number electrons alpha = 325  beta = 323
XC library pyscf.dft.libxc version 6.1.0
    S. Lehtola, C. Steigemann, M. J.T. Oliveira, and M. A.L. Marques.,  SoftwareX 7, 1–5 (2018)
XC functionals = pbe
    J. P. Perdew, K. Burke, and M. Ernzerhof.,  Phys. Rev. Lett. 77, 3865 (1996)
    J. P. Perdew, K. Burke, and M. Ernzerhof.,  Phys. Rev. Lett. 78, 1396 (1997)
    J. P. Perdew, K. Burke, and M. Ernzerhof.,  Phys. Rev. Lett. 77, 3865 (1996)
    J. P. Perdew, K. Burke, and M. Ernzerhof.,  Phys. Rev. Lett. 78, 1396 (1997)
small_rho_cutoff = 1e-06
Set gradient conv threshold to 0.00707107
    Total E(T) = -12114.8793642837  Free energy = -12114.9433610087  E0 = -12114.9113626462
init E= -12114.8793642837
    sigma = 0.005  Optimized mu_alpha = -0.19681623965  entropy = 3.29741081793e-07
    sigma = 0.005  Optimized mu_beta  = -0.19939658809  entropy = 3.29741081793e-07
    Total E(T) = -12114.8793367391  Free energy = -12114.8793367408  E0 = -12114.87933674
cycle= 1 E= -12114.8793367391  delta_E= 2.75e-05  |g|= 0.0446  |ddm|= 20.9
    sigma = 0.005  Optimized mu_alpha = -0.197211436196  entropy = 3.27332754463e-07
    sigma = 0.005  Optimized mu_beta  = -0.199820682426  entropy = 3.27332754463e-07
    Total E(T) = -12114.8790482273  Free energy = -12114.8790482289  E0 = -12114.8790482281
cycle= 2 E= -12114.8790482273  delta_E= 0.000289  |g|= 0.138  |ddm|= 92.5
    sigma = 0.005  Optimized mu_alpha = -0.19693685999  entropy = 3.28773558425e-07
    sigma = 0.005  Optimized mu_beta  = -0.19952456139  entropy = 3.28773558425e-07
    Total E(T) = -12114.8792409885  Free energy = -12114.8792409902  E0 = -12114.8792409894
cycle= 3 E= -12114.8792409885  delta_E= -0.000193  |g|= 0.0677  |ddm|= 35.1
    sigma = 0.005  Optimized mu_alpha = -0.196933640717  entropy = 3.28814865852e-07
    sigma = 0.005  Optimized mu_beta  = -0.199520679876  entropy = 3.28814865852e-07
    Total E(T) = -12114.8793189154  Free energy = -12114.8793189171  E0 = -12114.8793189163
cycle= 4 E= -12114.8793189154  delta_E= -7.79e-05  |g|= 0.0419  |ddm|= 15.9
    sigma = 0.005  Optimized mu_alpha = -0.196918122324  entropy = 3.28840054959e-07
    sigma = 0.005  Optimized mu_beta  = -0.199504683396  entropy = 3.28840054959e-07
    Total E(T) = -12114.8793498681  Free energy = -12114.8793498697  E0 = -12114.8793498689
cycle= 5 E= -12114.8793498681  delta_E= -3.1e-05  |g|= 0.0268  |ddm|= 8.87
    sigma = 0.005  Optimized mu_alpha = -0.196928225451  entropy = 3.28780571875e-07
    sigma = 0.005  Optimized mu_beta  = -0.199515286549  entropy = 3.28780571875e-07
    Total E(T) = -12114.8793626135  Free energy = -12114.8793626151  E0 = -12114.8793626143
cycle= 6 E= -12114.8793626135  delta_E= -1.27e-05  |g|= 0.0165  |ddm|= 5.11
    sigma = 0.005  Optimized mu_alpha = -0.196929939029  entropy = 3.28769552526e-07
    sigma = 0.005  Optimized mu_beta  = -0.199517068617  entropy = 3.28769552526e-07
    Total E(T) = -12114.8793676373  Free energy = -12114.8793676389  E0 = -12114.8793676381
cycle= 7 E= -12114.8793676373  delta_E= -5.02e-06  |g|= 0.0109  |ddm|= 3.64
    sigma = 0.005  Optimized mu_alpha = -0.196929734246  entropy = 3.28749903264e-07
    sigma = 0.005  Optimized mu_beta  = -0.199517015177  entropy = 3.28749903264e-07
    Total E(T) = -12114.879369782  Free energy = -12114.8793697836  E0 = -12114.8793697828
cycle= 8 E= -12114.879369782  delta_E= -2.14e-06  |g|= 0.00657  |ddm|= 2.15
    sigma = 0.005  Optimized mu_alpha = -0.29645392814  entropy = 12.8014384089
    sigma = 0.005  Optimized mu_beta  = -0.299357367319  entropy = 12.8014384089
    Total E(T) = -12114.8434484187  Free energy = -12114.9074556107  E0 = -12114.8754520147
Extra cycle  E= -12114.8434484187  delta_E= 0.0359  |g|= 0.236  |ddm|=  891
converged SCF energy = -12114.8434484187  <S^2> = 3.7625554  2S+1 = 4.0062728
[timing] right/Al ensemble SCF = 1115.8s
[timing] collect state = 0.0s
[timing] checkpoint save = 0.0s
[phase1] step=5/5 L=-12265.13971949 Ef=-12265.14703617 |grad|=2.04503e-02 |db|=2.04503e-02 t=1132.5s
[phase1] finished, |b| = 3.93014e-01 t=5775.1s
starting phase 2: L-BFGS-B optimization
[diagnostic] step=1 |b|=3.930136e-01 max|b|=1.156524e-01
[timing] build AO Vp from S3 = 1.6s
[diagnostic] |vpl|=5.106956e-01 max|vpl|=8.814899e-02
[diagnostic] |vpr|=5.280052e-01 max|vpr|=8.202408e-02
[diagnostic] |vpref|=6.531215e-01 max|vpref|=8.811165e-02
dm0 check [[[ 1.51511415e-09  2.24391628e-08  1.89789947e-07 ... -1.14718984e-07
    7.42476838e-07  6.64943258e-08]
  [ 2.24391628e-08  3.34444541e-07  2.75067408e-06 ... -1.77767093e-06
    1.10110575e-05  1.04757877e-06]
  [ 1.89789947e-07  2.75067408e-06  2.57237936e-05 ... -1.02769919e-05
    9.27869045e-05  4.99876461e-06]
  ...
  [-1.14718984e-07 -1.77767093e-06 -1.02769919e-05 ...  2.27166733e-04
    1.81897134e-06 -1.91352306e-04]
  [ 7.42476838e-07  1.10110575e-05  9.27869045e-05 ...  1.81897134e-06
    4.79980259e-04 -1.62432546e-06]
  [ 6.64943258e-08  1.04757877e-06  4.99876461e-06 ... -1.91352306e-04
   -1.62432546e-06  6.55604939e-04]]

 [[ 2.14412378e-09  3.18475878e-08  2.65523769e-07 ... -7.48705966e-08
    1.03578261e-06  2.38438148e-08]
  [ 3.18475878e-08  4.74248243e-07  3.91397303e-06 ... -9.93113260e-07
    1.53190777e-05  2.50155737e-07]
  [ 2.65523769e-07  3.91397303e-06  3.37625602e-05 ... -1.10142876e-05
    1.30901546e-04  4.52868172e-06]
  ...
  [-7.48705966e-08 -9.93113260e-07 -1.10142876e-05 ...  2.49604209e-04
    2.27939089e-06 -2.10130225e-04]
  [ 1.03578261e-06  1.53190777e-05  1.30901546e-04 ...  2.27939089e-06
    5.52938841e-04 -2.04467317e-06]
  [ 2.38438148e-08  2.50155737e-07  4.52868172e-06 ... -2.10130225e-04
   -2.04467317e-06  7.46013408e-04]]]
converged SCF energy = -150.226693714539  <S^2> = 2.0045398  2S+1 = 3.003025
dm0 check [[[ 1.14640648e-09  1.70870363e-08  1.38753766e-07 ... -8.06181611e-08
    6.25414530e-07  4.56915041e-08]
  [ 1.70870363e-08  2.56085699e-07  2.02952709e-06 ... -1.06181952e-06
    9.18279720e-06  7.18389933e-07]
  [ 1.38753766e-07  2.02952709e-06  1.80707419e-05 ... -1.26946015e-05
    8.12948677e-05  3.19878429e-06]
  ...
  [-8.06181611e-08 -1.06181952e-06 -1.26946015e-05 ...  2.39058919e-04
   -1.61646206e-06 -1.68275036e-04]
  [ 6.25414530e-07  9.18279720e-06  8.12948677e-05 ... -1.61646206e-06
    4.44995046e-04 -4.06014496e-06]
  [ 4.56915041e-08  7.18389933e-07  3.19878429e-06 ... -1.68275036e-04
   -4.06014496e-06  5.95722908e-04]]

 [[ 2.53030893e-08  3.85040792e-07  2.83121159e-06 ... -1.48563626e-07
    1.05888903e-07  7.43804316e-08]
  [ 3.85040792e-07  5.86062650e-06  4.30449919e-05 ... -2.17962744e-06
    1.18318299e-06  1.05277454e-06]
  [ 2.83121159e-06  4.30449919e-05  3.17984803e-04 ... -1.75087729e-05
    2.68725759e-05  9.38968398e-06]
  ...
  [-1.48563626e-07 -2.17962744e-06 -1.75087729e-05 ...  2.30571627e-04
    2.08962395e-07 -1.91671233e-04]
  [ 1.05888903e-07  1.18318299e-06  2.68725759e-05 ...  2.08962395e-07
    4.63238037e-04 -3.50226009e-06]
  [ 7.43804316e-08  1.05277454e-06  9.38968398e-06 ... -1.91671233e-04
   -3.50226009e-06  6.49568165e-04]]]
converged SCF energy = -150.244985829816  <S^2> = 0.92980776  2S+1 = 2.1723791
[timing] left/O ensemble SCF = 11.0s
dm0 check [[ 3.79538742e-01  6.12228702e-01 -1.25224338e-01 ...  1.30748327e-06
  -7.76251416e-07 -3.29246007e-06]
 [ 6.12228702e-01  1.01515747e+00 -3.34050451e-01 ...  4.23141958e-06
  -2.89244863e-06 -9.45794744e-06]
 [-1.25224338e-01 -3.34050451e-01  6.75267335e-01 ... -9.68968844e-06
   6.89200735e-06  2.27971542e-05]
 ...
 [ 1.30748327e-06  4.23141958e-06 -9.68968844e-06 ...  7.91305369e-07
  -2.34908449e-07  7.52917226e-08]
 [-7.76251416e-07 -2.89244863e-06  6.89200735e-06 ... -2.34908449e-07
   5.24843173e-07  5.67320670e-08]
 [-3.29246007e-06 -9.45794744e-06  2.27971542e-05 ...  7.52917226e-08
   5.67320670e-08  4.25604371e-07]]


******** <class 'pyscf.scf.addons.SmearingDFRKS'> ********
method = SmearingDFRKS
initial guess = minao
damping factor = 0.15
level_shift factor = 0.2
DIIS = <class 'pyscf.scf.diis.CDIIS'>
diis_start_cycle = 1
diis_space = 12
diis_damp = 0
SCF conv_tol = 5e-05
SCF conv_tol_grad = None
SCF max_cycles = 200
direct_scf = True
direct_scf_tol = 1e-13
chkfile to save SCF result = /tmp/tmpmd13886h
max_memory 4000 MB (current use 87316 MB)
XC library pyscf.dft.libxc version 6.1.0
    S. Lehtola, C. Steigemann, M. J.T. Oliveira, and M. A.L. Marques.,  SoftwareX 7, 1–5 (2018)
XC functionals = pbe
    J. P. Perdew, K. Burke, and M. Ernzerhof.,  Phys. Rev. Lett. 77, 3865 (1996)
    J. P. Perdew, K. Burke, and M. Ernzerhof.,  Phys. Rev. Lett. 78, 1396 (1997)
    J. P. Perdew, K. Burke, and M. Ernzerhof.,  Phys. Rev. Lett. 77, 3865 (1996)
    J. P. Perdew, K. Burke, and M. Ernzerhof.,  Phys. Rev. Lett. 78, 1396 (1997)
small_rho_cutoff = 1e-06
Set gradient conv threshold to 0.00707107
    Total E(T) = -12115.2800728595  Free energy = -12116.2999988191  E0 = -12115.7900358393
init E= -12115.2800728595
    sigma = 0.02  Optimized mu = -0.051660249751  entropy = 1.50107206862
    Total E(T) = -12115.2800417399  Free energy = -12115.3100631813  E0 = -12115.2950524606
cycle= 1 E= -12115.2800417399  delta_E= 3.11e-05  |g|= 0.0345  |ddm|= 25.5
    sigma = 0.02  Optimized mu = -0.0520951821938  entropy = 1.49982618201
    Total E(T) = -12115.2796862938  Free energy = -12115.3096828174  E0 = -12115.2946845556
cycle= 2 E= -12115.2796862938  delta_E= 0.000355  |g|= 0.114  |ddm|=  123
    sigma = 0.02  Optimized mu = -0.0518007344067  entropy = 1.50035694311
    Total E(T) = -12115.2799150688  Free energy = -12115.3099222077  E0 = -12115.2949186383
cycle= 3 E= -12115.2799150688  delta_E= -0.000229  |g|= 0.0582  |ddm|= 48.5
    sigma = 0.02  Optimized mu = -0.0517872876912  entropy = 1.50044018876
    Total E(T) = -12115.2800075233  Free energy = -12115.3100163271  E0 = -12115.2950119252
cycle= 4 E= -12115.2800075233  delta_E= -9.25e-05  |g|= 0.0376  |ddm|= 20.2
    sigma = 0.02  Optimized mu = -0.0517780352581  entropy = 1.50048050312
    Total E(T) = -12115.2800477156  Free energy = -12115.3100573257  E0 = -12115.2950525206
cycle= 5 E= -12115.2800477156  delta_E= -4.02e-05  |g|= 0.0244  |ddm|= 11.2
    sigma = 0.02  Optimized mu = -0.0517825024498  entropy = 1.50043640453
    Total E(T) = -12115.2800649615  Free energy = -12115.3100736896  E0 = -12115.2950693255
cycle= 6 E= -12115.2800649615  delta_E= -1.72e-05  |g|= 0.0167  |ddm|= 8.03
    sigma = 0.02  Optimized mu = -0.0517835660967  entropy = 1.5004355147
    Total E(T) = -12115.2800725495  Free energy = -12115.3100812597  E0 = -12115.2950769046
cycle= 7 E= -12115.2800725495  delta_E= -7.59e-06  |g|= 0.0113  |ddm|= 4.59
    sigma = 0.02  Optimized mu = -0.0517805150286  entropy = 1.50045008916
    Total E(T) = -12115.2800760586  Free energy = -12115.3100850603  E0 = -12115.2950805594
cycle= 8 E= -12115.2800760586  delta_E= -3.51e-06  |g|= 0.00774  |ddm|= 2.89
    sigma = 0.02  Optimized mu = -0.0517857711026  entropy = 1.50042484415
    Total E(T) = -12115.2800777903  Free energy = -12115.3100862872  E0 = -12115.2950820387
cycle= 9 E= -12115.2800777903  delta_E= -1.73e-06  |g|= 0.00503  |ddm|=  2.4
    sigma = 0.02  Optimized mu = -0.151676206077  entropy = 50.9983436589
    Total E(T) = -12114.7528696519  Free energy = -12115.7728365251  E0 = -12115.2628530885
Extra cycle  E= -12114.7528696519  delta_E= 0.527  |g|= 0.408  |ddm|= 4.11e+03
converged SCF energy = -12114.7528696519
dm0 check [[[ 1.89790934e-01  3.06172093e-01 -6.27477114e-02 ...  5.60877944e-07
   -3.79436750e-07 -1.64159095e-06]
  [ 3.06172093e-01  5.07732256e-01 -1.67383780e-01 ...  1.86637337e-06
   -1.42301972e-06 -4.71504023e-06]
  [-6.27477114e-02 -1.67383780e-01  3.38462843e-01 ... -4.24703416e-06
    3.39209744e-06  1.13484036e-05]
  ...
  [ 5.60877944e-07  1.86637337e-06 -4.24703416e-06 ...  4.18875839e-07
   -1.22757341e-07  3.70046622e-08]
  [-3.79436750e-07 -1.42301972e-06  3.39209744e-06 ... -1.22757341e-07
    2.68886879e-07  3.40631836e-08]
  [-1.64159095e-06 -4.71504023e-06  1.13484036e-05 ...  3.70046622e-08
    3.40631836e-08  2.19202524e-07]]

 [[ 1.89770667e-01  3.06116784e-01 -6.26223707e-02 ...  7.31882348e-07
   -3.55815861e-07 -1.52650934e-06]
  [ 3.06116784e-01  5.07584564e-01 -1.67053248e-01 ...  2.32548011e-06
   -1.35765285e-06 -4.40610567e-06]
  [-6.26223707e-02 -1.67053248e-01  3.37725889e-01 ... -5.33887280e-06
    3.21995731e-06  1.06143141e-05]
  ...
  [ 7.31882348e-07  2.32548011e-06 -5.33887280e-06 ...  4.05007768e-07
   -1.24393075e-07  4.04892641e-08]
  [-3.55815861e-07 -1.35765285e-06  3.21995731e-06 ... -1.24393075e-07
    2.69729909e-07  3.15891251e-08]
  [-1.52650934e-06 -4.40610567e-06  1.06143141e-05 ...  4.04892641e-08
    3.15891251e-08  2.09526531e-07]]]


******** <class 'pyscf.scf.addons.SmearingDFUKS'> ********
method = SmearingDFUKS
initial guess = minao
damping factor = 0.15
level_shift factor = 0.2
DIIS = <class 'pyscf.scf.diis.CDIIS'>
diis_start_cycle = 1
diis_space = 12
diis_damp = 0
SCF conv_tol = 5e-05
SCF conv_tol_grad = None
SCF max_cycles = 200
direct_scf = True
direct_scf_tol = 1e-13
chkfile to save SCF result = /tmp/tmp248gej4f
max_memory 4000 MB (current use 87316 MB)
number electrons alpha = 325  beta = 323
XC library pyscf.dft.libxc version 6.1.0
    S. Lehtola, C. Steigemann, M. J.T. Oliveira, and M. A.L. Marques.,  SoftwareX 7, 1–5 (2018)
XC functionals = pbe
    J. P. Perdew, K. Burke, and M. Ernzerhof.,  Phys. Rev. Lett. 77, 3865 (1996)
    J. P. Perdew, K. Burke, and M. Ernzerhof.,  Phys. Rev. Lett. 78, 1396 (1997)
    J. P. Perdew, K. Burke, and M. Ernzerhof.,  Phys. Rev. Lett. 77, 3865 (1996)
    J. P. Perdew, K. Burke, and M. Ernzerhof.,  Phys. Rev. Lett. 78, 1396 (1997)
small_rho_cutoff = 1e-06
Set gradient conv threshold to 0.00707107
    Total E(T) = -12114.8359129512  Free energy = -12114.8999201433  E0 = -12114.8679165473
init E= -12114.8359129512
    sigma = 0.005  Optimized mu_alpha = -0.196838828098  entropy = 3.30225569589e-07
    sigma = 0.005  Optimized mu_beta  = -0.199415993794  entropy = 3.30225569589e-07
    Total E(T) = -12114.8358878908  Free energy = -12114.8358878924  E0 = -12114.8358878916
cycle= 1 E= -12114.8358878908  delta_E= 2.51e-05  |g|= 0.043  |ddm|= 19.5
    sigma = 0.005  Optimized mu_alpha = -0.197198950977  entropy = 3.28002763865e-07
    sigma = 0.005  Optimized mu_beta  = -0.199802777752  entropy = 3.28002763865e-07
    Total E(T) = -12114.8356237974  Free energy = -12114.8356237991  E0 = -12114.8356237982
cycle= 2 E= -12114.8356237974  delta_E= 0.000264  |g|= 0.133  |ddm|= 87.4
    sigma = 0.005  Optimized mu_alpha = -0.196952167139  entropy = 3.29305383058e-07
    sigma = 0.005  Optimized mu_beta  = -0.199536224262  entropy = 3.29305383058e-07
    Total E(T) = -12114.8357984876  Free energy = -12114.8357984893  E0 = -12114.8357984885
cycle= 3 E= -12114.8357984876  delta_E= -0.000175  |g|= 0.066  |ddm|= 33.1
    sigma = 0.005  Optimized mu_alpha = -0.196948871323  entropy = 3.29350586614e-07
    sigma = 0.005  Optimized mu_beta  = -0.199532222897  entropy = 3.29350586614e-07
    Total E(T) = -12114.8358700246  Free energy = -12114.8358700262  E0 = -12114.8358700254
cycle= 4 E= -12114.8358700246  delta_E= -7.15e-05  |g|= 0.0411  |ddm|= 14.9
    sigma = 0.005  Optimized mu_alpha = -0.196934127121  entropy = 3.29378994077e-07
    sigma = 0.005  Optimized mu_beta  = -0.199517036186  entropy = 3.29378994077e-07
    Total E(T) = -12114.8358988879  Free energy = -12114.8358988895  E0 = -12114.8358988887
cycle= 5 E= -12114.8358988879  delta_E= -2.89e-05  |g|= 0.0264  |ddm|= 8.39
    sigma = 0.005  Optimized mu_alpha = -0.196943773074  entropy = 3.2932126684e-07
    sigma = 0.005  Optimized mu_beta  = -0.199527124095  entropy = 3.2932126684e-07
    Total E(T) = -12114.8359108982  Free energy = -12114.8359108998  E0 = -12114.835910899
cycle= 6 E= -12114.8359108982  delta_E= -1.2e-05  |g|= 0.0164  |ddm|=  4.9
    sigma = 0.005  Optimized mu_alpha = -0.196944410449  entropy = 3.29311441965e-07
    sigma = 0.005  Optimized mu_beta  = -0.199527843434  entropy = 3.29311441965e-07
    Total E(T) = -12114.8359156963  Free energy = -12114.8359156979  E0 = -12114.8359156971
cycle= 7 E= -12114.8359156963  delta_E= -4.8e-06  |g|= 0.0109  |ddm|= 3.46
    sigma = 0.005  Optimized mu_alpha = -0.196944210794  entropy = 3.292942548e-07
    sigma = 0.005  Optimized mu_beta  = -0.199527750471  entropy = 3.292942548e-07
    Total E(T) = -12114.8359177707  Free energy = -12114.8359177724  E0 = -12114.8359177716
cycle= 8 E= -12114.8359177707  delta_E= -2.07e-06  |g|= 0.00661  |ddm|= 2.07
    sigma = 0.005  Optimized mu_alpha = -0.296468873727  entropy = 12.8035173113
    sigma = 0.005  Optimized mu_beta  = -0.299370782599  entropy = 12.8035173113
    Total E(T) = -12114.8000154468  Free energy = -12114.8640330334  E0 = -12114.8320242401
Extra cycle  E= -12114.8000154468  delta_E= 0.0359  |g|= 0.237  |ddm|=  892
converged SCF energy = -12114.8000154468  <S^2> = 3.7625731  2S+1 = 4.0062816
[timing] right/Al ensemble SCF = 1107.7s
[timing] collect state = 0.0s
[timing] grad contraction = 1.5s
[timing] checkpoint save = 0.0s
step=   1 L=-12265.08473691 Ef=-12265.09230587 |grad|=2.01622e-02 t=1122.4s
[diagnostic] step=2 |b|=1.380314e+00 max|b|=4.667046e-01
[timing] build AO Vp from S3 = 1.6s
[diagnostic] |vpl|=2.029461e+00 max|vpl|=3.653270e-01
[diagnostic] |vpr|=1.681412e+00 max|vpr|=3.277740e-01
[diagnostic] |vpref|=2.286166e+00 max|vpref|=3.651292e-01
dm0 check [[[ 1.51511371e-09  2.24391580e-08  1.89789887e-07 ... -1.14719069e-07
    7.42477006e-07  6.64944054e-08]
  [ 2.24391580e-08  3.34444508e-07  2.75067329e-06 ... -1.77767227e-06
    1.10110590e-05  1.04758010e-06]
  [ 1.89789887e-07  2.75067329e-06  2.57237857e-05 ... -1.02770025e-05
    9.27869319e-05  4.99877429e-06]
  ...
  [-1.14719069e-07 -1.77767227e-06 -1.02770025e-05 ...  2.27166703e-04
    1.81897077e-06 -1.91352282e-04]
  [ 7.42477006e-07  1.10110590e-05  9.27869319e-05 ...  1.81897077e-06
    4.79980259e-04 -1.62432551e-06]
  [ 6.64944054e-08  1.04758010e-06  4.99877429e-06 ... -1.91352282e-04
   -1.62432551e-06  6.55604917e-04]]

 [[ 2.14412331e-09  3.18475813e-08  2.65523732e-07 ... -7.48707309e-08
    1.03578263e-06  2.38439329e-08]
  [ 3.18475813e-08  4.74248164e-07  3.91397240e-06 ... -9.93114326e-07
    1.53190777e-05  2.50156711e-07]
  [ 2.65523732e-07  3.91397240e-06  3.37625569e-05 ... -1.10142968e-05
    1.30901555e-04  4.52868971e-06]
  ...
  [-7.48707309e-08 -9.93114326e-07 -1.10142968e-05 ...  2.49604192e-04
    2.27939038e-06 -2.10130211e-04]
  [ 1.03578263e-06  1.53190777e-05  1.30901555e-04 ...  2.27939038e-06
    5.52938935e-04 -2.04467318e-06]
  [ 2.38439329e-08  2.50156711e-07  4.52868971e-06 ... -2.10130211e-04
   -2.04467318e-06  7.46013492e-04]]]
converged SCF energy = -150.226693714539  <S^2> = 2.0045398  2S+1 = 3.003025
dm0 check [[[ 1.14641743e-09  1.70872016e-08  1.38754795e-07 ... -8.06220414e-08
    6.25416970e-07  4.56939038e-08]
  [ 1.70872016e-08  2.56088311e-07  2.02954148e-06 ... -1.06184704e-06
    9.18282865e-06  7.18422805e-07]
  [ 1.38754795e-07  2.02954148e-06  1.80708409e-05 ... -1.26948103e-05
    8.12953043e-05  3.19903514e-06]
  ...
  [-8.06220414e-08 -1.06184704e-06 -1.26948103e-05 ...  2.39057533e-04
   -1.61662264e-06 -1.68275226e-04]
  [ 6.25416970e-07  9.18282865e-06  8.12953043e-05 ... -1.61662264e-06
    4.44995820e-04 -4.06039411e-06]
  [ 4.56939038e-08  7.18422805e-07  3.19903514e-06 ... -1.68275226e-04
   -4.06039411e-06  5.95723545e-04]]

 [[ 2.53044811e-08  3.85062148e-07  2.83136626e-06 ... -1.48569177e-07
    1.05892141e-07  7.43850886e-08]
  [ 3.85062148e-07  5.86095441e-06  4.30473627e-05 ... -2.17968487e-06
    1.18322372e-06  1.05281906e-06]
  [ 2.83136626e-06  4.30473627e-05  3.18001967e-04 ... -1.75092932e-05
    2.68730217e-05  9.39007714e-06]
  ...
  [-1.48569177e-07 -2.17968487e-06 -1.75092932e-05 ...  2.30571790e-04
    2.08841135e-07 -1.91671315e-04]
  [ 1.05892141e-07  1.18322372e-06  2.68730217e-05 ...  2.08841135e-07
    4.63239567e-04 -3.50241763e-06]
  [ 7.43850886e-08  1.05281906e-06  9.39007714e-06 ... -1.91671315e-04
   -3.50241763e-06  6.49570878e-04]]]
converged SCF energy = -150.244985829828  <S^2> = 0.92979832  2S+1 = 2.1723704
[timing] left/O ensemble SCF = 16.6s
dm0 check [[ 3.79538332e-01  6.12228494e-01 -1.25224033e-01 ...  1.36454311e-06
  -7.52187005e-07 -3.42768274e-06]
 [ 6.12228494e-01  1.01515764e+00 -3.34049244e-01 ...  4.38555929e-06
  -2.82758589e-06 -9.82279041e-06]
 [-1.25224033e-01 -3.34049244e-01  6.75264056e-01 ... -1.00646639e-05
   6.73537154e-06  2.36814897e-05]
 ...
 [ 1.36454311e-06  4.38555929e-06 -1.00646639e-05 ...  7.82598501e-07
  -2.34962330e-07  7.48796733e-08]
 [-7.52187005e-07 -2.82758589e-06  6.73537154e-06 ... -2.34962330e-07
   5.23574491e-07  5.31892627e-08]
 [-3.42768274e-06 -9.82279041e-06  2.36814897e-05 ...  7.48796733e-08
   5.31892627e-08  4.47574945e-07]]


******** <class 'pyscf.scf.addons.SmearingDFRKS'> ********
method = SmearingDFRKS
initial guess = minao
damping factor = 0.15
level_shift factor = 0.2
DIIS = <class 'pyscf.scf.diis.CDIIS'>
diis_start_cycle = 1
diis_space = 12
diis_damp = 0
SCF conv_tol = 5e-05
SCF conv_tol_grad = None
SCF max_cycles = 200
direct_scf = True
direct_scf_tol = 1e-13
chkfile to save SCF result = /tmp/tmpmd13886h
max_memory 4000 MB (current use 87316 MB)
XC library pyscf.dft.libxc version 6.1.0
    S. Lehtola, C. Steigemann, M. J.T. Oliveira, and M. A.L. Marques.,  SoftwareX 7, 1–5 (2018)
XC functionals = pbe
    J. P. Perdew, K. Burke, and M. Ernzerhof.,  Phys. Rev. Lett. 77, 3865 (1996)
    J. P. Perdew, K. Burke, and M. Ernzerhof.,  Phys. Rev. Lett. 78, 1396 (1997)
    J. P. Perdew, K. Burke, and M. Ernzerhof.,  Phys. Rev. Lett. 77, 3865 (1996)
    J. P. Perdew, K. Burke, and M. Ernzerhof.,  Phys. Rev. Lett. 78, 1396 (1997)
small_rho_cutoff = 1e-06
Set gradient conv threshold to 0.00707107
    Total E(T) = -12113.2064199173  Free energy = -12114.2263867905  E0 = -12113.7164033539
init E= -12113.2064199173
    sigma = 0.02  Optimized mu = -0.0495597626006  entropy = 1.55825235023
    Total E(T) = -12113.2011805285  Free energy = -12113.2323455755  E0 = -12113.216763052
cycle= 1 E= -12113.2011805285  delta_E= 0.00524  |g|= 0.552  |ddm|=  692
    sigma = 0.02  Optimized mu = -0.0595552587513  entropy = 1.65022931601
    Total E(T) = -12113.0999375736  Free energy = -12113.1329421599  E0 = -12113.1164398668
cycle= 2 E= -12113.0999375736  delta_E= 0.101  |g|= 1.77  |ddm|= 2.26e+03
    sigma = 0.02  Optimized mu = -0.0527861050911  entropy = 1.53420440301
    Total E(T) = -12113.1685578777  Free energy = -12113.1992419658  E0 = -12113.1838999217
cycle= 3 E= -12113.1685578777  delta_E= -0.0686  |g|= 0.861  |ddm|=  963
    sigma = 0.02  Optimized mu = -0.0525554903519  entropy = 1.53119341304
    Total E(T) = -12113.195499925  Free energy = -12113.2261237933  E0 = -12113.2108118592
cycle= 4 E= -12113.195499925  delta_E= -0.0269  |g|= 0.533  |ddm|=  376
    sigma = 0.02  Optimized mu = -0.0521641593216  entropy = 1.53209235407
    Total E(T) = -12113.2066768845  Free energy = -12113.2373187316  E0 = -12113.2219978081
cycle= 5 E= -12113.2066768845  delta_E= -0.0112  |g|= 0.315  |ddm|=  188
    sigma = 0.02  Optimized mu = -0.052407071419  entropy = 1.52837379836
    Total E(T) = -12113.2109300883  Free energy = -12113.2414975643  E0 = -12113.2262138263
cycle= 6 E= -12113.2109300883  delta_E= -0.00425  |g|= 0.194  |ddm|=  142
    sigma = 0.02  Optimized mu = -0.0525880232224  entropy = 1.52763602868
    Total E(T) = -12113.2125092516  Free energy = -12113.2430619722  E0 = -12113.2277856119
cycle= 7 E= -12113.2125092516  delta_E= -0.00158  |g|= 0.108  |ddm|=   99
    sigma = 0.02  Optimized mu = -0.0524784075709  entropy = 1.52796011973
    Total E(T) = -12113.2130220035  Free energy = -12113.2435812059  E0 = -12113.2283016047
cycle= 8 E= -12113.2130220035  delta_E= -0.000513  |g|= 0.0781  |ddm|= 69.4
    sigma = 0.02  Optimized mu = -0.0526062411157  entropy = 1.52730348304
    Total E(T) = -12113.2132328063  Free energy = -12113.2437788759  E0 = -12113.2285058411
cycle= 9 E= -12113.2132328063  delta_E= -0.000211  |g|= 0.0481  |ddm|= 31.2
    sigma = 0.02  Optimized mu = -0.0526108032861  entropy = 1.52722855251
    Total E(T) = -12113.2133206164  Free energy = -12113.2438651874  E0 = -12113.2285929019
cycle= 10 E= -12113.2133206164  delta_E= -8.78e-05  |g|= 0.0316  |ddm|= 18.7
    sigma = 0.02  Optimized mu = -0.0526183400811  entropy = 1.52715735967
    Total E(T) = -12113.2133603938  Free energy = -12113.243903541  E0 = -12113.2286319674
cycle= 11 E= -12113.2133603938  delta_E= -3.98e-05  |g|= 0.0212  |ddm|= 13.1
    sigma = 0.02  Optimized mu = -0.0526114862465  entropy = 1.52712420174
    Total E(T) = -12113.2133784624  Free energy = -12113.2439209464  E0 = -12113.2286497044
cycle= 12 E= -12113.2133784624  delta_E= -1.81e-05  |g|= 0.0165  |ddm|= 12.4
    sigma = 0.02  Optimized mu = -0.0526204729426  entropy = 1.52704172069
    Total E(T) = -12113.2133889245  Free energy = -12113.2439297589  E0 = -12113.2286593417
cycle= 13 E= -12113.2133889245  delta_E= -1.05e-05  |g|= 0.0131  |ddm|= 7.23
    sigma = 0.02  Optimized mu = -0.0526230385945  entropy = 1.52703385726
    Total E(T) = -12113.2133959891  Free energy = -12113.2439366663  E0 = -12113.2286663277
cycle= 14 E= -12113.2133959891  delta_E= -7.06e-06  |g|= 0.0111  |ddm|= 6.27
    sigma = 0.02  Optimized mu = -0.0526254902358  entropy = 1.52702142709
    Total E(T) = -12113.2134010418  Free energy = -12113.2439414704  E0 = -12113.2286712561
cycle= 15 E= -12113.2134010418  delta_E= -5.05e-06  |g|= 0.00965  |ddm|= 6.97
    sigma = 0.02  Optimized mu = -0.0526230105747  entropy = 1.52701039303
    Total E(T) = -12113.2134044863  Free energy = -12113.2439446942  E0 = -12113.2286745902
cycle= 16 E= -12113.2134044863  delta_E= -3.44e-06  |g|= 0.00893  |ddm|= 5.57
    sigma = 0.02  Optimized mu = -0.0526214080035  entropy = 1.52700687663
    Total E(T) = -12113.2134072564  Free energy = -12113.2439473939  E0 = -12113.2286773251
cycle= 17 E= -12113.2134072564  delta_E= -2.77e-06  |g|= 0.00856  |ddm|= 4.42
    sigma = 0.02  Optimized mu = -0.0526228290247  entropy = 1.52698158034
    Total E(T) = -12113.2134098628  Free energy = -12113.2439494944  E0 = -12113.2286796786
cycle= 18 E= -12113.2134098628  delta_E= -2.61e-06  |g|= 0.00805  |ddm|= 3.79
    sigma = 0.02  Optimized mu = -0.0526205748149  entropy = 1.5269919738
    Total E(T) = -12113.2134116162  Free energy = -12113.2439514557  E0 = -12113.2286815359
cycle= 19 E= -12113.2134116162  delta_E= -1.75e-06  |g|= 0.00818  |ddm|= 3.86
    sigma = 0.02  Optimized mu = -0.0526297602247  entropy = 1.52695401973
    Total E(T) = -12113.2134141759  Free energy = -12113.2439532563  E0 = -12113.2286837161
cycle= 20 E= -12113.2134141759  delta_E= -2.56e-06  |g|= 0.0063  |ddm|= 4.21
    sigma = 0.02  Optimized mu = -0.152507783515  entropy = 51.1327256141
    Total E(T) = -12112.6899339193  Free energy = -12113.7125884315  E0 = -12113.2012611754
Extra cycle  E= -12112.6899339193  delta_E= 0.523  |g|= 0.41  |ddm|= 4.13e+03
converged SCF energy = -12112.6899339193
dm0 check [[[ 1.89790734e-01  3.06171997e-01 -6.27475857e-02 ...  5.87731246e-07
   -3.68572604e-07 -1.70423647e-06]
  [ 3.06171997e-01  5.07732360e-01 -1.67383253e-01 ...  1.93887198e-06
   -1.39375549e-06 -4.88397123e-06]
  [-6.27475857e-02 -1.67383253e-01  3.38461445e-01 ... -4.42300290e-06
    3.32159800e-06  1.17570325e-05]
  ...
  [ 5.87731246e-07  1.93887198e-06 -4.42300290e-06 ...  4.14150069e-07
   -1.22893131e-07  3.70593804e-08]
  [-3.68572604e-07 -1.39375549e-06  3.32159800e-06 ... -1.22893131e-07
    2.68184935e-07  3.25487065e-08]
  [-1.70423647e-06 -4.88397123e-06  1.17570325e-05 ...  3.70593804e-08
    3.25487065e-08  2.29490472e-07]]

 [[ 1.89770419e-01  3.06116567e-01 -6.26219451e-02 ...  7.54146668e-07
   -3.45514564e-07 -1.58894577e-06]
  [ 3.06116567e-01  5.07584346e-01 -1.67051908e-01 ...  2.38566184e-06
   -1.32988402e-06 -4.57462113e-06]
  [-6.26219451e-02 -1.67051908e-01  3.37722458e-01 ... -5.48563005e-06
    3.15287587e-06  1.10233070e-05]
  ...
  [ 7.54146668e-07  2.38566184e-06 -5.48563005e-06 ...  4.00403899e-07
   -1.24456359e-07  4.05592831e-08]
  [-3.45514564e-07 -1.32988402e-06  3.15287587e-06 ... -1.24456359e-07
    2.69146280e-07  2.99960451e-08]
  [-1.58894577e-06 -4.57462113e-06  1.10233070e-05 ...  4.05592831e-08
    2.99960451e-08  2.19689773e-07]]]


******** <class 'pyscf.scf.addons.SmearingDFUKS'> ********
method = SmearingDFUKS
initial guess = minao
damping factor = 0.15
level_shift factor = 0.2
DIIS = <class 'pyscf.scf.diis.CDIIS'>
diis_start_cycle = 1
diis_space = 12
diis_damp = 0
SCF conv_tol = 5e-05
SCF conv_tol_grad = None
SCF max_cycles = 200
direct_scf = True
direct_scf_tol = 1e-13
chkfile to save SCF result = /tmp/tmp248gej4f
max_memory 4000 MB (current use 87185 MB)
number electrons alpha = 325  beta = 323
XC library pyscf.dft.libxc version 6.1.0
    S. Lehtola, C. Steigemann, M. J.T. Oliveira, and M. A.L. Marques.,  SoftwareX 7, 1–5 (2018)
XC functionals = pbe
    J. P. Perdew, K. Burke, and M. Ernzerhof.,  Phys. Rev. Lett. 77, 3865 (1996)
    J. P. Perdew, K. Burke, and M. Ernzerhof.,  Phys. Rev. Lett. 78, 1396 (1997)
    J. P. Perdew, K. Burke, and M. Ernzerhof.,  Phys. Rev. Lett. 77, 3865 (1996)
    J. P. Perdew, K. Burke, and M. Ernzerhof.,  Phys. Rev. Lett. 78, 1396 (1997)
small_rho_cutoff = 1e-06
Set gradient conv threshold to 0.00707107
    Total E(T) = -12112.7643212854  Free energy = -12112.8283388719  E0 = -12112.7963300787
init E= -12112.7643212854
    sigma = 0.005  Optimized mu_alpha = -0.19467685814  entropy = 4.29957848614e-07
    sigma = 0.005  Optimized mu_beta  = -0.197310053547  entropy = 4.29957848614e-07
    Total E(T) = -12112.7597809557  Free energy = -12112.7597809578  E0 = -12112.7597809567
cycle= 1 E= -12112.7597809557  delta_E= 0.00454  |g|= 0.758  |ddm|=  467
    sigma = 0.005  Optimized mu_alpha = -0.20371574326  entropy = 5.76392421604e-07
    sigma = 0.005  Optimized mu_beta  = -0.20663547222  entropy = 5.76392421604e-07
    Total E(T) = -12112.6734671764  Free energy = -12112.6734671793  E0 = -12112.6734671778
cycle= 2 E= -12112.6734671764  delta_E= 0.0863  |g|= 2.32  |ddm|= 1.6e+03
    sigma = 0.005  Optimized mu_alpha = -0.197808980908  entropy = 3.71721429474e-07
    sigma = 0.005  Optimized mu_beta  = -0.200364568085  entropy = 3.71721429474e-07
    Total E(T) = -12112.7312280436  Free energy = -12112.7312280454  E0 = -12112.7312280445
cycle= 3 E= -12112.7312280436  delta_E= -0.0578  |g|= 1.15  |ddm|=  681
    sigma = 0.005  Optimized mu_alpha = -0.197671978617  entropy = 3.72530273061e-07
    sigma = 0.005  Optimized mu_beta  = -0.200212232765  entropy = 3.72530273061e-07
    Total E(T) = -12112.7554767053  Free energy = -12112.7554767072  E0 = -12112.7554767062
cycle= 4 E= -12112.7554767053  delta_E= -0.0242  |g|= 0.693  |ddm|=  272
    sigma = 0.005  Optimized mu_alpha = -0.197092129069  entropy = 3.71741469039e-07
    sigma = 0.005  Optimized mu_beta  = -0.199644859614  entropy = 3.71741469039e-07
    Total E(T) = -12112.7652129423  Free energy = -12112.7652129442  E0 = -12112.7652129433
cycle= 5 E= -12112.7652129423  delta_E= -0.00974  |g|= 0.427  |ddm|=  140
    sigma = 0.005  Optimized mu_alpha = -0.197513255939  entropy = 3.6754641629e-07
    sigma = 0.005  Optimized mu_beta  = -0.200054901397  entropy = 3.6754641629e-07
    Total E(T) = -12112.7690219433  Free energy = -12112.7690219452  E0 = -12112.7690219442
cycle= 6 E= -12112.7690219433  delta_E= -0.00381  |g|= 0.242  |ddm|= 96.6
    sigma = 0.005  Optimized mu_alpha = -0.197606652843  entropy = 3.66773936174e-07
    sigma = 0.005  Optimized mu_beta  = -0.200143634555  entropy = 3.66773936174e-07
    Total E(T) = -12112.7703576698  Free energy = -12112.7703576716  E0 = -12112.7703576707
cycle= 7 E= -12112.7703576698  delta_E= -0.00134  |g|= 0.143  |ddm|=   75
    sigma = 0.005  Optimized mu_alpha = -0.197670248429  entropy = 3.65328706577e-07
    sigma = 0.005  Optimized mu_beta  = -0.2002212345  entropy = 3.65328706577e-07
    Total E(T) = -12112.7708082332  Free energy = -12112.770808235  E0 = -12112.7708082341
cycle= 8 E= -12112.7708082332  delta_E= -0.000451  |g|= 0.0806  |ddm|=   39
    sigma = 0.005  Optimized mu_alpha = -0.197655895687  entropy = 3.6491601427e-07
    sigma = 0.005  Optimized mu_beta  = -0.200202951171  entropy = 3.6491601427e-07
    Total E(T) = -12112.7709703966  Free energy = -12112.7709703984  E0 = -12112.7709703975
cycle= 9 E= -12112.7709703966  delta_E= -0.000162  |g|= 0.0535  |ddm|= 23.6
    sigma = 0.005  Optimized mu_alpha = -0.197676512321  entropy = 3.64799632128e-07
    sigma = 0.005  Optimized mu_beta  = -0.200219497407  entropy = 3.64799632128e-07
    Total E(T) = -12112.7710347653  Free energy = -12112.7710347671  E0 = -12112.7710347662
cycle= 10 E= -12112.7710347653  delta_E= -6.44e-05  |g|= 0.0343  |ddm|= 13.8
    sigma = 0.005  Optimized mu_alpha = -0.197675225368  entropy = 3.64618071656e-07
    sigma = 0.005  Optimized mu_beta  = -0.200219277078  entropy = 3.64618071656e-07
    Total E(T) = -12112.7710636442  Free energy = -12112.771063646  E0 = -12112.7710636451
cycle= 11 E= -12112.7710636442  delta_E= -2.89e-05  |g|= 0.0236  |ddm|= 8.63
    sigma = 0.005  Optimized mu_alpha = -0.197672967914  entropy = 3.64310152125e-07
    sigma = 0.005  Optimized mu_beta  = -0.200219064818  entropy = 3.64310152125e-07
    Total E(T) = -12112.771077616  Free energy = -12112.7710776179  E0 = -12112.7710776169
cycle= 12 E= -12112.771077616  delta_E= -1.4e-05  |g|= 0.0182  |ddm|= 7.85
    sigma = 0.005  Optimized mu_alpha = -0.197682490778  entropy = 3.64177258889e-07
    sigma = 0.005  Optimized mu_beta  = -0.200226860031  entropy = 3.64177258889e-07
    Total E(T) = -12112.7710854018  Free energy = -12112.7710854036  E0 = -12112.7710854027
cycle= 13 E= -12112.7710854018  delta_E= -7.79e-06  |g|= 0.0153  |ddm|= 4.92
    sigma = 0.005  Optimized mu_alpha = -0.197684663533  entropy = 3.641956768e-07
    sigma = 0.005  Optimized mu_beta  = -0.200229077418  entropy = 3.641956768e-07
    Total E(T) = -12112.7710911118  Free energy = -12112.7710911137  E0 = -12112.7710911128
cycle= 14 E= -12112.7710911118  delta_E= -5.71e-06  |g|= 0.013  |ddm|= 4.46
    sigma = 0.005  Optimized mu_alpha = -0.197685112831  entropy = 3.64022385061e-07
    sigma = 0.005  Optimized mu_beta  = -0.200230040704  entropy = 3.64022385061e-07
    Total E(T) = -12112.7710948108  Free energy = -12112.7710948126  E0 = -12112.7710948117
cycle= 15 E= -12112.7710948108  delta_E= -3.7e-06  |g|= 0.0122  |ddm|= 4.44
    sigma = 0.005  Optimized mu_alpha = -0.197686466866  entropy = 3.63980129166e-07
    sigma = 0.005  Optimized mu_beta  = -0.200231154323  entropy = 3.63980129166e-07
    Total E(T) = -12112.7710978572  Free energy = -12112.771097859  E0 = -12112.7710978581
cycle= 16 E= -12112.7710978572  delta_E= -3.05e-06  |g|= 0.0109  |ddm|= 3.34
    sigma = 0.005  Optimized mu_alpha = -0.197686741764  entropy = 3.63994673216e-07
    sigma = 0.005  Optimized mu_beta  = -0.20023083564  entropy = 3.63994673216e-07
    Total E(T) = -12112.7711004167  Free energy = -12112.7711004185  E0 = -12112.7711004176
cycle= 17 E= -12112.7711004167  delta_E= -2.56e-06  |g|= 0.00993  |ddm|= 3.23
    sigma = 0.005  Optimized mu_alpha = -0.197684747724  entropy = 3.63930195753e-07
    sigma = 0.005  Optimized mu_beta  = -0.200228978678  entropy = 3.63930195753e-07
    Total E(T) = -12112.7711025762  Free energy = -12112.771102578  E0 = -12112.7711025771
cycle= 18 E= -12112.7711025762  delta_E= -2.16e-06  |g|= 0.00904  |ddm|=  3.1
    sigma = 0.005  Optimized mu_alpha = -0.197676680257  entropy = 3.63905210284e-07
    sigma = 0.005  Optimized mu_beta  = -0.200221183727  entropy = 3.63905210284e-07
    Total E(T) = -12112.7711043307  Free energy = -12112.7711043326  E0 = -12112.7711043316
cycle= 19 E= -12112.7711043307  delta_E= -1.75e-06  |g|= 0.00879  |ddm|=  2.6
    sigma = 0.005  Optimized mu_alpha = -0.197684692017  entropy = 3.63782281567e-07
    sigma = 0.005  Optimized mu_beta  = -0.200229016431  entropy = 3.63782281567e-07
    Total E(T) = -12112.7711053283  Free energy = -12112.7711053301  E0 = -12112.7711053292
cycle= 20 E= -12112.7711053283  delta_E= -9.98e-07  |g|= 0.00938  |ddm|= 2.82
    sigma = 0.005  Optimized mu_alpha = -0.197681636876  entropy = 3.6376712901e-07
    sigma = 0.005  Optimized mu_beta  = -0.200226187569  entropy = 3.6376712901e-07
    Total E(T) = -12112.771106372  Free energy = -12112.7711063738  E0 = -12112.7711063729
cycle= 21 E= -12112.771106372  delta_E= -1.04e-06  |g|= 0.00874  |ddm|= 3.16
    sigma = 0.005  Optimized mu_alpha = -0.197682178972  entropy = 3.63769500659e-07
    sigma = 0.005  Optimized mu_beta  = -0.200226233189  entropy = 3.63769500659e-07
    Total E(T) = -12112.7711077484  Free energy = -12112.7711077502  E0 = -12112.7711077493
cycle= 22 E= -12112.7711077484  delta_E= -1.38e-06  |g|= 0.00812  |ddm|=  2.3
    sigma = 0.005  Optimized mu_alpha = -0.197678588483  entropy = 3.63808660395e-07
    sigma = 0.005  Optimized mu_beta  = -0.200222832514  entropy = 3.63808660395e-07
    Total E(T) = -12112.7711090224  Free energy = -12112.7711090243  E0 = -12112.7711090233
cycle= 23 E= -12112.7711090224  delta_E= -1.27e-06  |g|= 0.00774  |ddm|= 1.98
    sigma = 0.005  Optimized mu_alpha = -0.197679243116  entropy = 3.63779292566e-07
    sigma = 0.005  Optimized mu_beta  = -0.200223535088  entropy = 3.63779292566e-07
    Total E(T) = -12112.7711099858  Free energy = -12112.7711099876  E0 = -12112.7711099867
cycle= 24 E= -12112.7711099858  delta_E= -9.63e-07  |g|= 0.00781  |ddm|= 2.01
    sigma = 0.005  Optimized mu_alpha = -0.197681662298  entropy = 3.63761153552e-07
    sigma = 0.005  Optimized mu_beta  = -0.200225568693  entropy = 3.63761153552e-07
    Total E(T) = -12112.7711107431  Free energy = -12112.7711107449  E0 = -12112.771110744
cycle= 25 E= -12112.7711107431  delta_E= -7.57e-07  |g|= 0.00803  |ddm|= 1.76
    sigma = 0.005  Optimized mu_alpha = -0.197682283816  entropy = 3.63742668084e-07
    sigma = 0.005  Optimized mu_beta  = -0.200226030594  entropy = 3.63742668084e-07
    Total E(T) = -12112.7711111379  Free energy = -12112.7711111397  E0 = -12112.7711111388
cycle= 26 E= -12112.7711111379  delta_E= -3.95e-07  |g|= 0.00922  |ddm|= 2.15
    sigma = 0.005  Optimized mu_alpha = -0.197679679915  entropy = 3.63706474956e-07
    sigma = 0.005  Optimized mu_beta  = -0.200223383634  entropy = 3.63706474956e-07
    Total E(T) = -12112.7711113708  Free energy = -12112.7711113726  E0 = -12112.7711113717
cycle= 27 E= -12112.7711113708  delta_E= -2.33e-07  |g|= 0.0102  |ddm|= 2.48
    sigma = 0.005  Optimized mu_alpha = -0.197681653858  entropy = 3.63708031549e-07
    sigma = 0.005  Optimized mu_beta  = -0.200225391759  entropy = 3.63708031549e-07
    Total E(T) = -12112.7711118865  Free energy = -12112.7711118883  E0 = -12112.7711118874
cycle= 28 E= -12112.7711118865  delta_E= -5.16e-07  |g|= 0.0104  |ddm|= 1.41
    sigma = 0.005  Optimized mu_alpha = -0.197676253742  entropy = 3.6373650233e-07
    sigma = 0.005  Optimized mu_beta  = -0.200219942739  entropy = 3.6373650233e-07
    Total E(T) = -12112.7711124452  Free energy = -12112.771112447  E0 = -12112.7711124461
cycle= 29 E= -12112.7711124452  delta_E= -5.59e-07  |g|= 0.0103  |ddm|= 2.21
    sigma = 0.005  Optimized mu_alpha = -0.197682533972  entropy = 3.63695605981e-07
    sigma = 0.005  Optimized mu_beta  = -0.200226039267  entropy = 3.63695605981e-07
    Total E(T) = -12112.7711130856  Free energy = -12112.7711130874  E0 = -12112.7711130865
cycle= 30 E= -12112.7711130856  delta_E= -6.4e-07  |g|= 0.0102  |ddm|= 1.52
    sigma = 0.005  Optimized mu_alpha = -0.197679773885  entropy = 3.63686845421e-07
    sigma = 0.005  Optimized mu_beta  = -0.200223479302  entropy = 3.63686845421e-07
    Total E(T) = -12112.7711137623  Free energy = -12112.7711137642  E0 = -12112.7711137633
cycle= 31 E= -12112.7711137623  delta_E= -6.77e-07  |g|= 0.00985  |ddm|= 1.35
    sigma = 0.005  Optimized mu_alpha = -0.197684109029  entropy = 3.6366976134e-07
    sigma = 0.005  Optimized mu_beta  = -0.200227931052  entropy = 3.6366976134e-07
    Total E(T) = -12112.7711142968  Free energy = -12112.7711142986  E0 = -12112.7711142977
cycle= 32 E= -12112.7711142968  delta_E= -5.34e-07  |g|= 0.0097  |ddm|= 2.18
    sigma = 0.005  Optimized mu_alpha = -0.197684204657  entropy = 3.63637461045e-07
    sigma = 0.005  Optimized mu_beta  = -0.200228256015  entropy = 3.63637461045e-07
    Total E(T) = -12112.7711154  Free energy = -12112.7711154018  E0 = -12112.7711154009
cycle= 33 E= -12112.7711154  delta_E= -1.1e-06  |g|= 0.00735  |ddm|=  2.1
    sigma = 0.005  Optimized mu_alpha = -0.197678296853  entropy = 3.63820597272e-07
    sigma = 0.005  Optimized mu_beta  = -0.200221491745  entropy = 3.63820597272e-07
    Total E(T) = -12112.7711165273  Free energy = -12112.7711165291  E0 = -12112.7711165282
cycle= 34 E= -12112.7711165273  delta_E= -1.13e-06  |g|= 0.00505  |ddm|=  2.9
    sigma = 0.005  Optimized mu_alpha = -0.297222369485  entropy = 12.8410200341
    sigma = 0.005  Optimized mu_beta  = -0.300114093295  entropy = 12.8410200341
    Total E(T) = -12112.7373258023  Free energy = -12112.8015309025  E0 = -12112.7694283524
Extra cycle  E= -12112.7373258023  delta_E= 0.0338  |g|= 0.211  |ddm|=  953
converged SCF energy = -12112.7373258023  <S^2> = 3.7628639  2S+1 = 4.0064268
[timing] right/Al ensemble SCF = 3286.6s
[timing] collect state = 0.0s
[timing] grad contraction = 1.5s
[timing] checkpoint save = 0.0s
step=   2 L=-12262.37398644 Ef=-12262.37902510 |grad|=2.39000e-02 t=3306.8s
[diagnostic] step=3 |b|=2.787844e+00 max|b|=1.007525e+00
[timing] build AO Vp from S3 = 1.6s
[diagnostic] |vpl|=4.370248e+00 max|vpl|=8.042470e-01
[diagnostic] |vpr|=3.127956e+00 max|vpr|=6.624100e-01
[diagnostic] |vpref|=4.574834e+00 max|vpref|=8.036612e-01
dm0 check [[[ 1.51511399e-09  2.24391602e-08  1.89789927e-07 ... -1.14718975e-07
    7.42476756e-07  6.64943181e-08]
  [ 2.24391602e-08  3.34444494e-07  2.75067383e-06 ... -1.77767069e-06
    1.10110565e-05  1.04757854e-06]
  [ 1.89789927e-07  2.75067383e-06  2.57237915e-05 ... -1.02769898e-05
    9.27868942e-05  4.99876289e-06]
  ...
  [-1.14718975e-07 -1.77767069e-06 -1.02769898e-05 ...  2.27166744e-04
    1.81897129e-06 -1.91352316e-04]
  [ 7.42476756e-07  1.10110565e-05  9.27868942e-05 ...  1.81897129e-06
    4.79980277e-04 -1.62432527e-06]
  [ 6.64943181e-08  1.04757854e-06  4.99876289e-06 ... -1.91352316e-04
   -1.62432527e-06  6.55604965e-04]]

 [[ 2.14412356e-09  3.18475848e-08  2.65523736e-07 ... -7.48705613e-08
    1.03578255e-06  2.38437860e-08]
  [ 3.18475848e-08  4.74248197e-07  3.91397265e-06 ... -9.93113146e-07
    1.53190770e-05  2.50155643e-07]
  [ 2.65523736e-07  3.91397265e-06  3.37625563e-05 ... -1.10142854e-05
    1.30901539e-04  4.52867998e-06]
  ...
  [-7.48705613e-08 -9.93113146e-07 -1.10142854e-05 ...  2.49604220e-04
    2.27939078e-06 -2.10130235e-04]
  [ 1.03578255e-06  1.53190770e-05  1.30901539e-04 ...  2.27939078e-06
    5.52938839e-04 -2.04467291e-06]
  [ 2.38437860e-08  2.50155643e-07  4.52867998e-06 ... -2.10130235e-04
   -2.04467291e-06  7.46013414e-04]]]
converged SCF energy = -150.226693714539  <S^2> = 2.0045398  2S+1 = 3.003025
dm0 check [[[ 1.14639704e-09  1.70868620e-08  1.38752864e-07 ... -8.06194819e-08
    6.25411557e-07  4.56925620e-08]
  [ 1.70868620e-08  2.56082651e-07  2.02950943e-06 ... -1.06182238e-06
    9.18273934e-06  7.18405989e-07]
  [ 1.38752864e-07  2.02950943e-06  1.80706598e-05 ... -1.26946790e-05
    8.12945738e-05  3.19890360e-06]
  ...
  [-8.06194819e-08 -1.06182238e-06 -1.26946790e-05 ...  2.39058933e-04
   -1.61653274e-06 -1.68275032e-04]
  [ 6.25411557e-07  9.18273934e-06  8.12945738e-05 ... -1.61653274e-06
    4.44994430e-04 -4.06021993e-06]
  [ 4.56925620e-08  7.18405989e-07  3.19890360e-06 ... -1.68275032e-04
   -4.06021993e-06  5.95721952e-04]]

 [[ 2.53031997e-08  3.85042754e-07  2.83122721e-06 ... -1.48564193e-07
    1.05902230e-07  7.43841170e-08]
  [ 3.85042754e-07  5.86066079e-06  4.30452600e-05 ... -2.17962406e-06
    1.18338844e-06  1.05281892e-06]
  [ 2.83122721e-06  4.30452600e-05  3.17986904e-04 ... -1.75087903e-05
    2.68740692e-05  9.39002488e-06]
  ...
  [-1.48564193e-07 -2.17962406e-06 -1.75087903e-05 ...  2.30571680e-04
    2.08936431e-07 -1.91671182e-04]
  [ 1.05902230e-07  1.18338844e-06  2.68740692e-05 ...  2.08936431e-07
    4.63237722e-04 -3.50219925e-06]
  [ 7.43841170e-08  1.05281892e-06  9.39002488e-06 ... -1.91671182e-04
   -3.50219925e-06  6.49568692e-04]]]
converged SCF energy = -150.244985829833  <S^2> = 0.92980241  2S+1 = 2.1723742
[timing] left/O ensemble SCF = 12.7s
dm0 check [[ 3.79536164e-01  6.12226034e-01 -1.25223537e-01 ...  5.53245453e-06
   1.45896822e-06 -1.51511095e-05]
 [ 6.12226034e-01  1.01514318e+00 -3.34007755e-01 ...  1.56354889e-05
   3.13484303e-06 -4.14457482e-05]
 [-1.25223537e-01 -3.34007755e-01  6.75144285e-01 ... -3.73845152e-05
  -7.68638998e-06  1.00318560e-04]
 ...
 [ 5.53245453e-06  1.56354889e-05 -3.73845152e-05 ...  1.08973428e-06
  -6.00598550e-08 -1.40153755e-06]
 [ 1.45896822e-06  3.13484303e-06 -7.68638998e-06 ... -6.00598550e-08
   6.04302151e-07 -7.15792387e-07]
 [-1.51511095e-05 -4.14457482e-05  1.00318560e-04 ... -1.40153755e-06
  -7.15792387e-07  5.75962039e-06]]


******** <class 'pyscf.scf.addons.SmearingDFRKS'> ********
method = SmearingDFRKS
initial guess = minao
damping factor = 0.15
level_shift factor = 0.2
DIIS = <class 'pyscf.scf.diis.CDIIS'>
diis_start_cycle = 1
diis_space = 12
diis_damp = 0
SCF conv_tol = 5e-05
SCF conv_tol_grad = None
SCF max_cycles = 200
direct_scf = True
direct_scf_tol = 1e-13
chkfile to save SCF result = /tmp/tmpmd13886h
max_memory 4000 MB (current use 87129 MB)
XC library pyscf.dft.libxc version 6.1.0
    S. Lehtola, C. Steigemann, M. J.T. Oliveira, and M. A.L. Marques.,  SoftwareX 7, 1–5 (2018)
XC functionals = pbe
    J. P. Perdew, K. Burke, and M. Ernzerhof.,  Phys. Rev. Lett. 77, 3865 (1996)
    J. P. Perdew, K. Burke, and M. Ernzerhof.,  Phys. Rev. Lett. 78, 1396 (1997)
    J. P. Perdew, K. Burke, and M. Ernzerhof.,  Phys. Rev. Lett. 77, 3865 (1996)
    J. P. Perdew, K. Burke, and M. Ernzerhof.,  Phys. Rev. Lett. 78, 1396 (1997)
small_rho_cutoff = 1e-06
Set gradient conv threshold to 0.00707107
    Total E(T) = -12112.2594046427  Free energy = -12113.282059155  E0 = -12112.7707318989
init E= -12112.2594046427
    sigma = 0.02  Optimized mu = -0.0557215927024  entropy = 1.81445085982
    Total E(T) = -12112.2733050655  Free energy = -12112.3095940827  E0 = -12112.2914495741
cycle= 1 E= -12112.2733050655  delta_E= -0.0139  |g|= 0.192  |ddm|=  702
    sigma = 0.02  Optimized mu = -0.0603662593518  entropy = 1.85258886148
    Total E(T) = -12112.2767933598  Free energy = -12112.313845137  E0 = -12112.2953192484
cycle= 2 E= -12112.2767933598  delta_E= -0.00349  |g|= 0.397  |ddm|=  698
    sigma = 0.02  Optimized mu = -0.058791682308  entropy = 1.84247922549
    Total E(T) = -12112.2863980301  Free energy = -12112.3232476146  E0 = -12112.3048228223
cycle= 3 E= -12112.2863980301  delta_E= -0.0096  |g|= 0.128  |ddm|=  503
    sigma = 0.02  Optimized mu = -0.0578893214495  entropy = 1.74779119495
    Total E(T) = -12112.2886888284  Free energy = -12112.3236446523  E0 = -12112.3061667403
cycle= 4 E= -12112.2886888284  delta_E= -0.00229  |g|= 0.0801  |ddm|=  657
    sigma = 0.02  Optimized mu = -0.0567182262607  entropy = 1.65063398814
    Total E(T) = -12112.2894168412  Free energy = -12112.3224295209  E0 = -12112.305923181
cycle= 5 E= -12112.2894168412  delta_E= -0.000728  |g|= 0.0649  |ddm|=  201
    sigma = 0.02  Optimized mu = -0.0567278293122  entropy = 1.63309570072
    Total E(T) = -12112.289842402  Free energy = -12112.322504316  E0 = -12112.306173359
cycle= 6 E= -12112.289842402  delta_E= -0.000426  |g|= 0.0648  |ddm|=  121
    sigma = 0.02  Optimized mu = -0.0566082756734  entropy = 1.62139352372
    Total E(T) = -12112.2901993224  Free energy = -12112.3226271929  E0 = -12112.3064132577
cycle= 7 E= -12112.2901993224  delta_E= -0.000357  |g|= 0.0309  |ddm|=  108
    sigma = 0.02  Optimized mu = -0.0564465153691  entropy = 1.61671456207
    Total E(T) = -12112.2904266242  Free energy = -12112.3227609155  E0 = -12112.3065937699
cycle= 8 E= -12112.2904266242  delta_E= -0.000227  |g|= 0.0227  |ddm|= 64.9
    sigma = 0.02  Optimized mu = -0.0564580300536  entropy = 1.61253853675
    Total E(T) = -12112.2905909764  Free energy = -12112.3228417472  E0 = -12112.3067163618
cycle= 9 E= -12112.2905909764  delta_E= -0.000164  |g|= 0.0156  |ddm|= 51.8
    sigma = 0.02  Optimized mu = -0.0563101758104  entropy = 1.60932334827
    Total E(T) = -12112.2907051203  Free energy = -12112.3228915872  E0 = -12112.3067983538
cycle= 10 E= -12112.2907051203  delta_E= -0.000114  |g|= 0.0146  |ddm|= 50.8
    sigma = 0.02  Optimized mu = -0.0564218482449  entropy = 1.6066015057
    Total E(T) = -12112.2908014715  Free energy = -12112.3229335016  E0 = -12112.3068674866
cycle= 11 E= -12112.2908014715  delta_E= -9.64e-05  |g|= 0.00644  |ddm|= 39.8
    sigma = 0.02  Optimized mu = -0.0564127015459  entropy = 1.60441959607
    Total E(T) = -12112.2908683137  Free energy = -12112.3229567056  E0 = -12112.3069125097
cycle= 12 E= -12112.2908683137  delta_E= -6.68e-05  |g|= 0.0063  |ddm|= 41.3
    sigma = 0.02  Optimized mu = -0.0564037325569  entropy = 1.60376654168
    Total E(T) = -12112.2909220362  Free energy = -12112.322997367  E0 = -12112.3069597016
cycle= 13 E= -12112.2909220362  delta_E= -5.37e-05  |g|= 0.00666  |ddm|= 37.3
    sigma = 0.02  Optimized mu = -0.056397260838  entropy = 1.60386513068
    Total E(T) = -12112.2909699773  Free energy = -12112.3230472799  E0 = -12112.3070086286
cycle= 14 E= -12112.2909699773  delta_E= -4.79e-05  |g|= 0.00599  |ddm|= 27.8
    sigma = 0.02  Optimized mu = -0.156197876732  entropy = 51.7140092233
    Total E(T) = -12111.7396175005  Free energy = -12112.773897685  E0 = -12112.2567575928
Extra cycle  E= -12111.7396175005  delta_E= 0.551  |g|= 0.626  |ddm|= 4.59e+03
converged SCF energy = -12111.7396175005
dm0 check [[[ 1.89789861e-01  3.06171137e-01 -6.27484687e-02 ...  2.52996757e-06
    6.62248355e-07 -6.95880020e-06]
  [ 3.06171137e-01  5.07725984e-01 -1.67365733e-01 ...  7.17900467e-06
    1.38454223e-06 -1.90508930e-05]
  [-6.27484687e-02 -1.67365733e-01  3.38411564e-01 ... -1.71276271e-05
   -3.38666144e-06  4.60296098e-05]
  ...
  [ 2.52996757e-06  7.17900467e-06 -1.71276271e-05 ...  5.26474351e-07
   -4.69609854e-08 -6.11226936e-07]
  [ 6.62248355e-07  1.38454223e-06 -3.38666144e-06 ... -4.69609854e-08
    2.98741096e-07 -3.07858654e-07]
  [-6.95880020e-06 -1.90508930e-05  4.60296098e-05 ... -6.11226936e-07
   -3.07858654e-07  2.52141285e-06]]

 [[ 1.89767477e-01  3.06110475e-01 -6.26098687e-02 ...  2.49270260e-06
    6.75207121e-07 -6.90301280e-06]
  [ 3.06110475e-01  5.07564144e-01 -1.66999241e-01 ...  7.08027264e-06
    1.42325871e-06 -1.89134808e-05]
  [-6.26098687e-02 -1.66999241e-01  3.37584297e-01 ... -1.69050263e-05
   -3.51304888e-06  4.58159566e-05]
  ...
  [ 2.49270260e-06  7.08027264e-06 -1.69050263e-05 ...  5.18389948e-07
   -4.38525855e-08 -6.17431451e-07]
  [ 6.75207121e-07  1.42325871e-06 -3.51304888e-06 ... -4.38525855e-08
    3.06834197e-07 -3.23610237e-07]
  [-6.90301280e-06 -1.89134808e-05  4.58159566e-05 ... -6.17431451e-07
   -3.23610237e-07  2.54361413e-06]]]


******** <class 'pyscf.scf.addons.SmearingDFUKS'> ********
method = SmearingDFUKS
initial guess = minao
damping factor = 0.15
level_shift factor = 0.2
DIIS = <class 'pyscf.scf.diis.CDIIS'>
diis_start_cycle = 1
diis_space = 12
diis_damp = 0
SCF conv_tol = 5e-05
SCF conv_tol_grad = None
SCF max_cycles = 200
direct_scf = True
direct_scf_tol = 1e-13
chkfile to save SCF result = /tmp/tmp248gej4f
max_memory 4000 MB (current use 87036 MB)
number electrons alpha = 325  beta = 323
XC library pyscf.dft.libxc version 6.1.0
    S. Lehtola, C. Steigemann, M. J.T. Oliveira, and M. A.L. Marques.,  SoftwareX 7, 1–5 (2018)
XC functionals = pbe
    J. P. Perdew, K. Burke, and M. Ernzerhof.,  Phys. Rev. Lett. 77, 3865 (1996)
    J. P. Perdew, K. Burke, and M. Ernzerhof.,  Phys. Rev. Lett. 78, 1396 (1997)
    J. P. Perdew, K. Burke, and M. Ernzerhof.,  Phys. Rev. Lett. 77, 3865 (1996)
    J. P. Perdew, K. Burke, and M. Ernzerhof.,  Phys. Rev. Lett. 78, 1396 (1997)
small_rho_cutoff = 1e-06
Set gradient conv threshold to 0.00707107
    Total E(T) = -12111.8177988355  Free energy = -12111.8820039357  E0 = -12111.8499013856
init E= -12111.8177988355
    sigma = 0.005  Optimized mu_alpha = -0.204139045792  entropy = 1.76797345172e-06
    sigma = 0.005  Optimized mu_beta  = -0.206425538071  entropy = 1.76797345172e-06
    Total E(T) = -12111.8278007135  Free energy = -12111.8278007223  E0 = -12111.8278007179
cycle= 1 E= -12111.8278007135  delta_E= -0.01  |g|= 0.245  |ddm|=  448
    sigma = 0.005  Optimized mu_alpha = -0.208612999891  entropy = 2.37924237297e-06
    sigma = 0.005  Optimized mu_beta  = -0.210999198298  entropy = 2.37924237297e-06
    Total E(T) = -12111.8311839738  Free energy = -12111.8311839857  E0 = -12111.8311839797
cycle= 2 E= -12111.8311839738  delta_E= -0.00338  |g|= 0.483  |ddm|=  346
    sigma = 0.005  Optimized mu_alpha = -0.207680963845  entropy = 2.2972791271e-06
    sigma = 0.005  Optimized mu_beta  = -0.210182626565  entropy = 2.2972791271e-06
    Total E(T) = -12111.8391408654  Free energy = -12111.8391408768  E0 = -12111.8391408711
cycle= 3 E= -12111.8391408654  delta_E= -0.00796  |g|= 0.153  |ddm|=  312
    sigma = 0.005  Optimized mu_alpha = -0.20571385228  entropy = 1.41099057065e-06
    sigma = 0.005  Optimized mu_beta  = -0.208214383274  entropy = 1.41099057065e-06
    Total E(T) = -12111.8418090404  Free energy = -12111.8418090475  E0 = -12111.8418090439
cycle= 4 E= -12111.8418090404  delta_E= -0.00267  |g|=  0.1  |ddm|=  434
    sigma = 0.005  Optimized mu_alpha = -0.202460295272  entropy = 6.64195844663e-07
    sigma = 0.005  Optimized mu_beta  = -0.20505040515  entropy = 6.64195844663e-07
    Total E(T) = -12111.8428948677  Free energy = -12111.842894871  E0 = -12111.8428948693
cycle= 5 E= -12111.8428948677  delta_E= -0.00109  |g|= 0.0834  |ddm|=  177
    sigma = 0.005  Optimized mu_alpha = -0.201785593563  entropy = 5.60458843654e-07
    sigma = 0.005  Optimized mu_beta  = -0.20446245698  entropy = 5.60458843654e-07
    Total E(T) = -12111.8433543795  Free energy = -12111.8433543823  E0 = -12111.8433543809
cycle= 6 E= -12111.8433543795  delta_E= -0.00046  |g|= 0.0977  |ddm|=  116
    sigma = 0.005  Optimized mu_alpha = -0.201325390204  entropy = 4.95838880314e-07
    sigma = 0.005  Optimized mu_beta  = -0.204016074312  entropy = 4.95838880314e-07
    Total E(T) = -12111.8437457514  Free energy = -12111.8437457539  E0 = -12111.8437457526
cycle= 7 E= -12111.8437457514  delta_E= -0.000391  |g|= 0.0388  |ddm|= 78.1
    sigma = 0.005  Optimized mu_alpha = -0.200966133549  entropy = 4.75606114846e-07
    sigma = 0.005  Optimized mu_beta  = -0.203713941593  entropy = 4.75606114846e-07
    Total E(T) = -12111.8439793196  Free energy = -12111.843979322  E0 = -12111.8439793208
cycle= 8 E= -12111.8439793196  delta_E= -0.000234  |g|= 0.0276  |ddm|= 47.2
    sigma = 0.005  Optimized mu_alpha = -0.200865906498  entropy = 4.62686529261e-07
    sigma = 0.005  Optimized mu_beta  = -0.203656474128  entropy = 4.62686529261e-07
    Total E(T) = -12111.8441387595  Free energy = -12111.8441387618  E0 = -12111.8441387607
cycle= 9 E= -12111.8441387595  delta_E= -0.000159  |g|= 0.0172  |ddm|= 37.9
    sigma = 0.005  Optimized mu_alpha = -0.200692118011  entropy = 4.52847923831e-07
    sigma = 0.005  Optimized mu_beta  = -0.203546320197  entropy = 4.52847923831e-07
    Total E(T) = -12111.844255203  Free energy = -12111.8442552052  E0 = -12111.8442552041
cycle= 10 E= -12111.844255203  delta_E= -0.000116  |g|= 0.0141  |ddm|= 34.8
    sigma = 0.005  Optimized mu_alpha = -0.200763144452  entropy = 4.46836046435e-07
    sigma = 0.005  Optimized mu_beta  = -0.203668165803  entropy = 4.46836046435e-07
    Total E(T) = -12111.8443476004  Free energy = -12111.8443476026  E0 = -12111.8443476015
cycle= 11 E= -12111.8443476004  delta_E= -9.24e-05  |g|= 0.0105  |ddm|= 28.6
    sigma = 0.005  Optimized mu_alpha = -0.200625902139  entropy = 4.38423961844e-07
    sigma = 0.005  Optimized mu_beta  = -0.203636516261  entropy = 4.38423961844e-07
    Total E(T) = -12111.8444224256  Free energy = -12111.8444224278  E0 = -12111.8444224267
cycle= 12 E= -12111.8444224256  delta_E= -7.48e-05  |g|= 0.00887  |ddm|= 29.8
    sigma = 0.005  Optimized mu_alpha = -0.200581748189  entropy = 4.36413572748e-07
    sigma = 0.005  Optimized mu_beta  = -0.203677857727  entropy = 4.36413572748e-07
    Total E(T) = -12111.8444876497  Free energy = -12111.8444876519  E0 = -12111.8444876508
cycle= 13 E= -12111.8444876497  delta_E= -6.52e-05  |g|= 0.0085  |ddm|= 27.2
    sigma = 0.005  Optimized mu_alpha = -0.200569755679  entropy = 4.3835371493e-07
    sigma = 0.005  Optimized mu_beta  = -0.203690275391  entropy = 4.3835371493e-07
    Total E(T) = -12111.8445474372  Free energy = -12111.8445474394  E0 = -12111.8445474383
cycle= 14 E= -12111.8445474372  delta_E= -5.98e-05  |g|= 0.00663  |ddm|=   24
    sigma = 0.005  Optimized mu_alpha = -0.200508570825  entropy = 4.33678501129e-07
    sigma = 0.005  Optimized mu_beta  = -0.20369044033  entropy = 4.33678501129e-07
    Total E(T) = -12111.8446011355  Free energy = -12111.8446011376  E0 = -12111.8446011365
cycle= 15 E= -12111.8446011355  delta_E= -5.37e-05  |g|= 0.00843  |ddm|=   20
    sigma = 0.005  Optimized mu_alpha = -0.200455698366  entropy = 4.31439473199e-07
    sigma = 0.005  Optimized mu_beta  = -0.20373078747  entropy = 4.31439473199e-07
    Total E(T) = -12111.8446562816  Free energy = -12111.8446562837  E0 = -12111.8446562827
cycle= 16 E= -12111.8446562816  delta_E= -5.51e-05  |g|= 0.00551  |ddm|= 20.3
    sigma = 0.005  Optimized mu_alpha = -0.200473084528  entropy = 4.3076334856e-07
    sigma = 0.005  Optimized mu_beta  = -0.203687605924  entropy = 4.3076334856e-07
    Total E(T) = -12111.8447011701  Free energy = -12111.8447011723  E0 = -12111.8447011712
cycle= 17 E= -12111.8447011701  delta_E= -4.49e-05  |g|= 0.00984  |ddm|= 18.8
    sigma = 0.005  Optimized mu_alpha = -0.200488414614  entropy = 4.30145636639e-07
    sigma = 0.005  Optimized mu_beta  = -0.203654542948  entropy = 4.30145636639e-07
    Total E(T) = -12111.8447382626  Free energy = -12111.8447382648  E0 = -12111.8447382637
cycle= 18 E= -12111.8447382626  delta_E= -3.71e-05  |g|= 0.0123  |ddm|= 17.4
    sigma = 0.005  Optimized mu_alpha = -0.200496463822  entropy = 4.30056289695e-07
    sigma = 0.005  Optimized mu_beta  = -0.203643107616  entropy = 4.30056289695e-07
    Total E(T) = -12111.8447698462  Free energy = -12111.8447698483  E0 = -12111.8447698473
cycle= 19 E= -12111.8447698462  delta_E= -3.16e-05  |g|= 0.0147  |ddm|= 14.8
    sigma = 0.005  Optimized mu_alpha = -0.200447476111  entropy = 4.30211274089e-07
    sigma = 0.005  Optimized mu_beta  = -0.203685618235  entropy = 4.30211274089e-07
    Total E(T) = -12111.8448049126  Free energy = -12111.8448049148  E0 = -12111.8448049137
cycle= 20 E= -12111.8448049126  delta_E= -3.51e-05  |g|= 0.0189  |ddm|=   14
    sigma = 0.005  Optimized mu_alpha = -0.200443416821  entropy = 4.30374328327e-07
    sigma = 0.005  Optimized mu_beta  = -0.203704050749  entropy = 4.30374328327e-07
    Total E(T) = -12111.8448380169  Free energy = -12111.8448380191  E0 = -12111.844838018
cycle= 21 E= -12111.8448380169  delta_E= -3.31e-05  |g|= 0.0204  |ddm|= 13.8
    sigma = 0.005  Optimized mu_alpha = -0.200426431474  entropy = 4.3091150057e-07
    sigma = 0.005  Optimized mu_beta  = -0.203717065159  entropy = 4.3091150057e-07
    Total E(T) = -12111.8448689846  Free energy = -12111.8448689868  E0 = -12111.8448689857
cycle= 22 E= -12111.8448689846  delta_E= -3.1e-05  |g|= 0.0228  |ddm|= 14.1
    sigma = 0.005  Optimized mu_alpha = -0.20044779094  entropy = 4.31196567151e-07
    sigma = 0.005  Optimized mu_beta  = -0.203734569507  entropy = 4.31196567151e-07
    Total E(T) = -12111.8448944828  Free energy = -12111.8448944849  E0 = -12111.8448944838
cycle= 23 E= -12111.8448944828  delta_E= -2.55e-05  |g|= 0.0257  |ddm|= 13.1
    sigma = 0.005  Optimized mu_alpha = -0.200452968262  entropy = 4.31281745092e-07
    sigma = 0.005  Optimized mu_beta  = -0.203730725888  entropy = 4.31281745092e-07
    Total E(T) = -12111.8449141361  Free energy = -12111.8449141382  E0 = -12111.8449141371
cycle= 24 E= -12111.8449141361  delta_E= -1.97e-05  |g|= 0.0289  |ddm|= 12.5
    sigma = 0.005  Optimized mu_alpha = -0.200453087863  entropy = 4.31342169924e-07
    sigma = 0.005  Optimized mu_beta  = -0.203729449213  entropy = 4.31342169924e-07
    Total E(T) = -12111.8449296079  Free energy = -12111.8449296101  E0 = -12111.844929609
cycle= 25 E= -12111.8449296079  delta_E= -1.55e-05  |g|= 0.032  |ddm|=   12
    sigma = 0.005  Optimized mu_alpha = -0.200459632312  entropy = 4.31532873446e-07
    sigma = 0.005  Optimized mu_beta  = -0.203723670467  entropy = 4.31532873446e-07
    Total E(T) = -12111.8449406589  Free energy = -12111.844940661  E0 = -12111.8449406599
cycle= 26 E= -12111.8449406589  delta_E= -1.11e-05  |g|= 0.0343  |ddm|= 11.3
    sigma = 0.005  Optimized mu_alpha = -0.200395045842  entropy = 4.29593909317e-07
    sigma = 0.005  Optimized mu_beta  = -0.203769507629  entropy = 4.29593909317e-07
    Total E(T) = -12111.8449698478  Free energy = -12111.8449698499  E0 = -12111.8449698489
cycle= 27 E= -12111.8449698478  delta_E= -2.92e-05  |g|= 0.0337  |ddm|= 11.5
    sigma = 0.005  Optimized mu_alpha = -0.200413961829  entropy = 4.29682088606e-07
    sigma = 0.005  Optimized mu_beta  = -0.203757988176  entropy = 4.29682088606e-07
    Total E(T) = -12111.8449878826  Free energy = -12111.8449878848  E0 = -12111.8449878837
cycle= 28 E= -12111.8449878826  delta_E= -1.8e-05  |g|= 0.0365  |ddm|= 10.9
    sigma = 0.005  Optimized mu_alpha = -0.200399733393  entropy = 4.28087107842e-07
    sigma = 0.005  Optimized mu_beta  = -0.20377326487  entropy = 4.28087107842e-07
    Total E(T) = -12111.8450067476  Free energy = -12111.8450067497  E0 = -12111.8450067487
cycle= 29 E= -12111.8450067476  delta_E= -1.89e-05  |g|= 0.0408  |ddm|= 16.5
    sigma = 0.005  Optimized mu_alpha = -0.200395815316  entropy = 4.28803039334e-07
    sigma = 0.005  Optimized mu_beta  = -0.20377473667  entropy = 4.28803039334e-07
    Total E(T) = -12111.8450257198  Free energy = -12111.845025722  E0 = -12111.8450257209
cycle= 30 E= -12111.8450257198  delta_E= -1.9e-05  |g|= 0.0416  |ddm|= 10.9
    sigma = 0.005  Optimized mu_alpha = -0.200408856452  entropy = 4.29013523495e-07
    sigma = 0.005  Optimized mu_beta  = -0.203769179331  entropy = 4.29013523495e-07
    Total E(T) = -12111.8450391716  Free energy = -12111.8450391737  E0 = -12111.8450391727
cycle= 31 E= -12111.8450391716  delta_E= -1.35e-05  |g|= 0.0432  |ddm|= 10.5
    sigma = 0.005  Optimized mu_alpha = -0.20041680737  entropy = 4.27594826185e-07
    sigma = 0.005  Optimized mu_beta  = -0.203847238699  entropy = 4.27594826185e-07
    Total E(T) = -12111.8450624934  Free energy = -12111.8450624955  E0 = -12111.8450624944
cycle= 32 E= -12111.8450624934  delta_E= -2.33e-05  |g|= 0.0459  |ddm|= 16.7
    sigma = 0.005  Optimized mu_alpha = -0.200408692207  entropy = 4.27600954888e-07
    sigma = 0.005  Optimized mu_beta  = -0.203853330391  entropy = 4.27600954888e-07
    Total E(T) = -12111.8450862386  Free energy = -12111.8450862408  E0 = -12111.8450862397
cycle= 33 E= -12111.8450862386  delta_E= -2.37e-05  |g|= 0.0456  |ddm|= 10.4
    sigma = 0.005  Optimized mu_alpha = -0.200415002263  entropy = 4.27103624765e-07
    sigma = 0.005  Optimized mu_beta  = -0.203852831306  entropy = 4.27103624765e-07
    Total E(T) = -12111.8451025355  Free energy = -12111.8451025376  E0 = -12111.8451025366
cycle= 34 E= -12111.8451025355  delta_E= -1.63e-05  |g|= 0.0489  |ddm|= 12.8
    sigma = 0.005  Optimized mu_alpha = -0.200377939418  entropy = 4.27243411699e-07
    sigma = 0.005  Optimized mu_beta  = -0.203803766275  entropy = 4.27243411699e-07
    Total E(T) = -12111.8451157692  Free energy = -12111.8451157713  E0 = -12111.8451157703
cycle= 35 E= -12111.8451157692  delta_E= -1.32e-05  |g|= 0.0505  |ddm|= 8.91
    sigma = 0.005  Optimized mu_alpha = -0.200374261279  entropy = 4.26187947922e-07
    sigma = 0.005  Optimized mu_beta  = -0.203788055776  entropy = 4.26187947922e-07
    Total E(T) = -12111.8451280508  Free energy = -12111.8451280529  E0 = -12111.8451280518
cycle= 36 E= -12111.8451280508  delta_E= -1.23e-05  |g|= 0.0529  |ddm|= 14.1
    sigma = 0.005  Optimized mu_alpha = -0.200405749543  entropy = 4.27044351593e-07
    sigma = 0.005  Optimized mu_beta  = -0.20378741183  entropy = 4.27044351593e-07
    Total E(T) = -12111.8451320716  Free energy = -12111.8451320738  E0 = -12111.8451320727
cycle= 37 E= -12111.8451320716  delta_E= -4.02e-06  |g|= 0.0546  |ddm|= 12.5
    sigma = 0.005  Optimized mu_alpha = -0.200427340194  entropy = 4.2610456546e-07
    sigma = 0.005  Optimized mu_beta  = -0.203764561782  entropy = 4.2610456546e-07
    Total E(T) = -12111.8451265212  Free energy = -12111.8451265233  E0 = -12111.8451265222
cycle= 38 E= -12111.8451265212  delta_E= 5.55e-06  |g|= 0.0572  |ddm|= 9.78
    sigma = 0.005  Optimized mu_alpha = -0.200472773717  entropy = 4.27082356213e-07
    sigma = 0.005  Optimized mu_beta  = -0.203783056662  entropy = 4.27082356213e-07
    Total E(T) = -12111.8451187814  Free energy = -12111.8451187835  E0 = -12111.8451187825
cycle= 39 E= -12111.8451187814  delta_E= 7.74e-06  |g|= 0.0582  |ddm|= 8.11
    sigma = 0.005  Optimized mu_alpha = -0.200443732335  entropy = 4.24043610733e-07
    sigma = 0.005  Optimized mu_beta  = -0.203752623625  entropy = 4.24043610733e-07
    Total E(T) = -12111.8451107534  Free energy = -12111.8451107556  E0 = -12111.8451107545
cycle= 40 E= -12111.8451107534  delta_E= 8.03e-06  |g|= 0.0692  |ddm|= 22.3
    sigma = 0.005  Optimized mu_alpha = -0.200520393614  entropy = 4.28088500136e-07
    sigma = 0.005  Optimized mu_beta  = -0.203736153332  entropy = 4.28088500136e-07
    Total E(T) = -12111.8451042569  Free energy = -12111.845104259  E0 = -12111.845104258
cycle= 41 E= -12111.8451042569  delta_E= 6.5e-06  |g|= 0.0622  |ddm|= 22.2
    sigma = 0.005  Optimized mu_alpha = -0.200540796489  entropy = 4.2759520508e-07
    sigma = 0.005  Optimized mu_beta  = -0.203733932064  entropy = 4.2759520508e-07
    Total E(T) = -12111.8450834573  Free energy = -12111.8450834594  E0 = -12111.8450834584
cycle= 42 E= -12111.8450834573  delta_E= 2.08e-05  |g|= 0.0631  |ddm|= 9.72
    sigma = 0.005  Optimized mu_alpha = -0.200442288134  entropy = 4.20906320098e-07
    sigma = 0.005  Optimized mu_beta  = -0.203748989089  entropy = 4.20906320098e-07
    Total E(T) = -12111.8451054387  Free energy = -12111.8451054408  E0 = -12111.8451054398
cycle= 43 E= -12111.8451054387  delta_E= -2.2e-05  |g|= 0.0669  |ddm|= 16.8
    sigma = 0.005  Optimized mu_alpha = -0.200269267015  entropy = 4.18423430803e-07
    sigma = 0.005  Optimized mu_beta  = -0.203879958739  entropy = 4.18423430803e-07
    Total E(T) = -12111.845248404  Free energy = -12111.8452484061  E0 = -12111.845248405
cycle= 44 E= -12111.845248404  delta_E= -0.000143  |g|= 0.0546  |ddm|= 46.9
    sigma = 0.005  Optimized mu_alpha = -0.200181259586  entropy = 4.19140988554e-07
    sigma = 0.005  Optimized mu_beta  = -0.203884632033  entropy = 4.19140988554e-07
    Total E(T) = -12111.8453786446  Free energy = -12111.8453786467  E0 = -12111.8453786456
cycle= 45 E= -12111.8453786446  delta_E= -0.00013  |g|= 0.0447  |ddm|= 40.3
    sigma = 0.005  Optimized mu_alpha = -0.200237005872  entropy = 4.18786090588e-07
    sigma = 0.005  Optimized mu_beta  = -0.204027683209  entropy = 4.18786090588e-07
    Total E(T) = -12111.8455160763  Free energy = -12111.8455160784  E0 = -12111.8455160773
cycle= 46 E= -12111.8455160763  delta_E= -0.000137  |g|= 0.0352  |ddm|=   31
    sigma = 0.005  Optimized mu_alpha = -0.200282553158  entropy = 4.1817686124e-07
    sigma = 0.005  Optimized mu_beta  = -0.204145481063  entropy = 4.1817686124e-07
    Total E(T) = -12111.845637516  Free energy = -12111.845637518  E0 = -12111.845637517
cycle= 47 E= -12111.845637516  delta_E= -0.000121  |g|= 0.0366  |ddm|= 33.1
    sigma = 0.005  Optimized mu_alpha = -0.200239383742  entropy = 4.17996953489e-07
    sigma = 0.005  Optimized mu_beta  = -0.204262537588  entropy = 4.17996953489e-07
    Total E(T) = -12111.8458244059  Free energy = -12111.845824408  E0 = -12111.845824407
cycle= 48 E= -12111.8458244059  delta_E= -0.000187  |g|= 0.044  |ddm|= 66.3
    sigma = 0.005  Optimized mu_alpha = -0.200195778992  entropy = 4.19148880788e-07
    sigma = 0.005  Optimized mu_beta  = -0.20427056463  entropy = 4.19148880788e-07
    Total E(T) = -12111.846023271  Free energy = -12111.8460232731  E0 = -12111.8460232721
cycle= 49 E= -12111.846023271  delta_E= -0.000199  |g|= 0.0289  |ddm|= 53.4
    sigma = 0.005  Optimized mu_alpha = -0.200117017348  entropy = 4.2277353835e-07
    sigma = 0.005  Optimized mu_beta  = -0.204319403767  entropy = 4.2277353835e-07
    Total E(T) = -12111.8462154043  Free energy = -12111.8462154064  E0 = -12111.8462154054
cycle= 50 E= -12111.8462154043  delta_E= -0.000192  |g|= 0.0235  |ddm|= 39.1
    sigma = 0.005  Optimized mu_alpha = -0.200099116679  entropy = 4.22103273829e-07
    sigma = 0.005  Optimized mu_beta  = -0.204323025686  entropy = 4.22103273829e-07
    Total E(T) = -12111.8463894314  Free energy = -12111.8463894335  E0 = -12111.8463894324
cycle= 51 E= -12111.8463894314  delta_E= -0.000174  |g|= 0.0295  |ddm|= 34.9
    sigma = 0.005  Optimized mu_alpha = -0.200157105293  entropy = 4.22907596914e-07
    sigma = 0.005  Optimized mu_beta  = -0.204422095764  entropy = 4.22907596914e-07
    Total E(T) = -12111.8465550261  Free energy = -12111.8465550282  E0 = -12111.8465550272
cycle= 52 E= -12111.8465550261  delta_E= -0.000166  |g|= 0.0287  |ddm|= 25.7
    sigma = 0.005  Optimized mu_alpha = -0.200148632424  entropy = 4.20224031006e-07
    sigma = 0.005  Optimized mu_beta  = -0.204353838491  entropy = 4.20224031006e-07
    Total E(T) = -12111.8466780341  Free energy = -12111.8466780362  E0 = -12111.8466780352
cycle= 53 E= -12111.8466780341  delta_E= -0.000123  |g|= 0.0355  |ddm|= 30.1
    sigma = 0.005  Optimized mu_alpha = -0.200135703089  entropy = 4.21176708843e-07
    sigma = 0.005  Optimized mu_beta  = -0.204360009146  entropy = 4.21176708843e-07
    Total E(T) = -12111.8467921249  Free energy = -12111.846792127  E0 = -12111.846792126
cycle= 54 E= -12111.8467921249  delta_E= -0.000114  |g|= 0.0394  |ddm|= 21.5
    sigma = 0.005  Optimized mu_alpha = -0.200155477366  entropy = 4.19840758996e-07
    sigma = 0.005  Optimized mu_beta  = -0.204354239355  entropy = 4.19840758996e-07
    Total E(T) = -12111.8468902106  Free energy = -12111.8468902127  E0 = -12111.8468902116
cycle= 55 E= -12111.8468902106  delta_E= -9.81e-05  |g|= 0.0409  |ddm|= 19.1
    sigma = 0.005  Optimized mu_alpha = -0.200128968503  entropy = 4.18474273013e-07
    sigma = 0.005  Optimized mu_beta  = -0.204260686026  entropy = 4.18474273013e-07
    Total E(T) = -12111.8469321467  Free energy = -12111.8469321488  E0 = -12111.8469321477
cycle= 56 E= -12111.8469321467  delta_E= -4.19e-05  |g|= 0.0464  |ddm|= 19.8
    sigma = 0.005  Optimized mu_alpha = -0.200129807303  entropy = 4.18610106532e-07
    sigma = 0.005  Optimized mu_beta  = -0.204264833454  entropy = 4.18610106532e-07
    Total E(T) = -12111.8469697802  Free energy = -12111.8469697823  E0 = -12111.8469697812
cycle= 57 E= -12111.8469697802  delta_E= -3.76e-05  |g|= 0.0487  |ddm|= 13.4
    sigma = 0.005  Optimized mu_alpha = -0.200094081585  entropy = 4.18785020368e-07
    sigma = 0.005  Optimized mu_beta  = -0.20423012851  entropy = 4.18785020368e-07
    Total E(T) = -12111.8469961739  Free energy = -12111.846996176  E0 = -12111.8469961749
cycle= 58 E= -12111.8469961739  delta_E= -2.64e-05  |g|= 0.0538  |ddm|= 12.8
    sigma = 0.005  Optimized mu_alpha = -0.200085578516  entropy = 4.201637495e-07
    sigma = 0.005  Optimized mu_beta  = -0.204269721918  entropy = 4.201637495e-07
    Total E(T) = -12111.8470337428  Free energy = -12111.8470337449  E0 = -12111.8470337439
cycle= 59 E= -12111.8470337428  delta_E= -3.76e-05  |g|= 0.0569  |ddm|= 13.9
    sigma = 0.005  Optimized mu_alpha = -0.20016905782  entropy = 4.22978665705e-07
    sigma = 0.005  Optimized mu_beta  = -0.204495699644  entropy = 4.22978665705e-07
    Total E(T) = -12111.8471391898  Free energy = -12111.847139192  E0 = -12111.8471391909
cycle= 60 E= -12111.8471391898  delta_E= -0.000105  |g|= 0.0539  |ddm|= 26.9
    sigma = 0.005  Optimized mu_alpha = -0.200109547248  entropy = 4.23431073391e-07
    sigma = 0.005  Optimized mu_beta  = -0.204468799105  entropy = 4.23431073391e-07
    Total E(T) = -12111.8472477789  Free energy = -12111.847247781  E0 = -12111.8472477799
cycle= 61 E= -12111.8472477789  delta_E= -0.000109  |g|= 0.0544  |ddm|= 22.5
    sigma = 0.005  Optimized mu_alpha = -0.200190061471  entropy = 4.22756227364e-07
    sigma = 0.005  Optimized mu_beta  = -0.204576818143  entropy = 4.22756227364e-07
    Total E(T) = -12111.847376965  Free energy = -12111.8473769672  E0 = -12111.8473769661
cycle= 62 E= -12111.847376965  delta_E= -0.000129  |g|= 0.0551  |ddm|= 29.4
    sigma = 0.005  Optimized mu_alpha = -0.200180456346  entropy = 4.2350317097e-07
    sigma = 0.005  Optimized mu_beta  = -0.204578668951  entropy = 4.2350317097e-07
    Total E(T) = -12111.8475081087  Free energy = -12111.8475081108  E0 = -12111.8475081098
cycle= 63 E= -12111.8475081087  delta_E= -0.000131  |g|= 0.0546  |ddm|= 28.1
    sigma = 0.005  Optimized mu_alpha = -0.20013982694  entropy = 4.2312391708e-07
    sigma = 0.005  Optimized mu_beta  = -0.204549854788  entropy = 4.2312391708e-07
    Total E(T) = -12111.8476490157  Free energy = -12111.8476490179  E0 = -12111.8476490168
cycle= 64 E= -12111.8476490157  delta_E= -0.000141  |g|= 0.0501  |ddm|= 25.5
    sigma = 0.005  Optimized mu_alpha = -0.200355490732  entropy = 4.27692804297e-07
    sigma = 0.005  Optimized mu_beta  = -0.20484590685  entropy = 4.27692804297e-07
    Total E(T) = -12111.8479772631  Free energy = -12111.8479772652  E0 = -12111.8479772641
cycle= 65 E= -12111.8479772631  delta_E= -0.000328  |g|= 0.0515  |ddm|= 80.9
    sigma = 0.005  Optimized mu_alpha = -0.20033893542  entropy = 4.25626680636e-07
    sigma = 0.005  Optimized mu_beta  = -0.204828891672  entropy = 4.25626680636e-07
    Total E(T) = -12111.848169374  Free energy = -12111.8481693761  E0 = -12111.848169375
cycle= 66 E= -12111.848169374  delta_E= -0.000192  |g|= 0.0223  |ddm|= 38.6
    sigma = 0.005  Optimized mu_alpha = -0.2005626774  entropy = 4.20652147068e-07
    sigma = 0.005  Optimized mu_beta  = -0.204912016904  entropy = 4.20652147068e-07
    Total E(T) = -12111.8483399779  Free energy = -12111.84833998  E0 = -12111.848339979
cycle= 67 E= -12111.8483399779  delta_E= -0.000171  |g|= 0.0375  |ddm|= 50.7
    sigma = 0.005  Optimized mu_alpha = -0.200485123783  entropy = 4.23242486099e-07
    sigma = 0.005  Optimized mu_beta  = -0.204881008266  entropy = 4.23242486099e-07
    Total E(T) = -12111.8484503434  Free energy = -12111.8484503455  E0 = -12111.8484503444
cycle= 68 E= -12111.8484503434  delta_E= -0.00011  |g|= 0.0237  |ddm|= 38.4
    sigma = 0.005  Optimized mu_alpha = -0.200461334154  entropy = 4.20926479025e-07
    sigma = 0.005  Optimized mu_beta  = -0.204836614137  entropy = 4.20926479025e-07
    Total E(T) = -12111.8485261634  Free energy = -12111.8485261655  E0 = -12111.8485261645
cycle= 69 E= -12111.8485261634  delta_E= -7.58e-05  |g|= 0.0118  |ddm|= 27.9
    sigma = 0.005  Optimized mu_alpha = -0.20044515553  entropy = 4.19518287131e-07
    sigma = 0.005  Optimized mu_beta  = -0.204768021611  entropy = 4.19518287131e-07
    Total E(T) = -12111.8485773302  Free energy = -12111.8485773323  E0 = -12111.8485773313
cycle= 70 E= -12111.8485773302  delta_E= -5.12e-05  |g|= 0.0124  |ddm|= 24.8
    sigma = 0.005  Optimized mu_alpha = -0.200470995863  entropy = 4.16919685266e-07
    sigma = 0.005  Optimized mu_beta  = -0.204721855278  entropy = 4.16919685266e-07
    Total E(T) = -12111.8486176026  Free energy = -12111.8486176047  E0 = -12111.8486176036
cycle= 71 E= -12111.8486176026  delta_E= -4.03e-05  |g|= 0.0135  |ddm|= 23.1
    sigma = 0.005  Optimized mu_alpha = -0.200525347399  entropy = 4.15785042073e-07
    sigma = 0.005  Optimized mu_beta  = -0.204740533554  entropy = 4.15785042073e-07
    Total E(T) = -12111.8486482981  Free energy = -12111.8486483002  E0 = -12111.8486482992
cycle= 72 E= -12111.8486482981  delta_E= -3.07e-05  |g|= 0.0172  |ddm|= 19.3
    sigma = 0.005  Optimized mu_alpha = -0.200526705358  entropy = 4.14996256459e-07
    sigma = 0.005  Optimized mu_beta  = -0.204718039114  entropy = 4.14996256459e-07
    Total E(T) = -12111.8486735959  Free energy = -12111.848673598  E0 = -12111.848673597
cycle= 73 E= -12111.8486735959  delta_E= -2.53e-05  |g|= 0.0121  |ddm|= 16.7
    sigma = 0.005  Optimized mu_alpha = -0.200539762144  entropy = 4.14798594494e-07
    sigma = 0.005  Optimized mu_beta  = -0.20473416659  entropy = 4.14798594494e-07
    Total E(T) = -12111.8486935574  Free energy = -12111.8486935594  E0 = -12111.8486935584
cycle= 74 E= -12111.8486935574  delta_E= -2e-05  |g|= 0.00983  |ddm|= 12.8
    sigma = 0.005  Optimized mu_alpha = -0.200551754492  entropy = 4.1369180305e-07
    sigma = 0.005  Optimized mu_beta  = -0.204713787033  entropy = 4.1369180305e-07
    Total E(T) = -12111.8487103848  Free energy = -12111.8487103869  E0 = -12111.8487103858
cycle= 75 E= -12111.8487103848  delta_E= -1.68e-05  |g|= 0.00842  |ddm|= 13.8
    sigma = 0.005  Optimized mu_alpha = -0.200541917353  entropy = 4.13029948579e-07
    sigma = 0.005  Optimized mu_beta  = -0.204678996587  entropy = 4.13029948579e-07
    Total E(T) = -12111.8487244427  Free energy = -12111.8487244448  E0 = -12111.8487244438
cycle= 76 E= -12111.8487244427  delta_E= -1.41e-05  |g|= 0.00719  |ddm|= 11.6
    sigma = 0.005  Optimized mu_alpha = -0.200575169291  entropy = 4.12350230079e-07
    sigma = 0.005  Optimized mu_beta  = -0.204699228239  entropy = 4.12350230079e-07
    Total E(T) = -12111.84873608  Free energy = -12111.8487360821  E0 = -12111.848736081
cycle= 77 E= -12111.84873608  delta_E= -1.16e-05  |g|= 0.00857  |ddm|= 11.7
    sigma = 0.005  Optimized mu_alpha = -0.200571170576  entropy = 4.11568411836e-07
    sigma = 0.005  Optimized mu_beta  = -0.204667156595  entropy = 4.11568411836e-07
    Total E(T) = -12111.8487466252  Free energy = -12111.8487466273  E0 = -12111.8487466263
cycle= 78 E= -12111.8487466252  delta_E= -1.05e-05  |g|= 0.007  |ddm|= 10.4
    sigma = 0.005  Optimized mu_alpha = -0.300120685097  entropy = 13.2791567737
    sigma = 0.005  Optimized mu_beta  = -0.304181336266  entropy = 13.2791567737
    Total E(T) = -12111.8120115032  Free energy = -12111.878407287  E0 = -12111.8452093951
Extra cycle  E= -12111.8120115032  delta_E= 0.0367  |g|= 0.354  |ddm|= 1.43e+03
converged SCF energy = -12111.8120115032  <S^2> = 4.0619531  2S+1 = 4.1530486
[timing] right/Al ensemble SCF = 6156.7s
[timing] collect state = 0.0s
[timing] grad contraction = 1.6s
[timing] checkpoint save = 0.0s
step=   3 L=-12258.37842654 Ef=-12258.23088101 |grad|=9.50569e-02 t=6173.0s
[diagnostic] step=4 |b|=1.698791e+00 max|b|=5.945210e-01
[timing] build AO Vp from S3 = 1.6s
[diagnostic] |vpl|=2.574987e+00 max|vpl|=4.690604e-01
[diagnostic] |vpr|=1.979942e+00 max|vpr|=3.982053e-01
[diagnostic] |vpref|=2.791893e+00 max|vpref|=4.687708e-01
dm0 check [[[ 1.51511375e-09  2.24391589e-08  1.89789892e-07 ... -1.14719075e-07
    7.42477044e-07  6.64944109e-08]
  [ 2.24391589e-08  3.34444525e-07  2.75067336e-06 ... -1.77767242e-06
    1.10110595e-05  1.04758023e-06]
  [ 1.89789892e-07  2.75067336e-06  2.57237862e-05 ... -1.02770036e-05
    9.27869367e-05  4.99877526e-06]
  ...
  [-1.14719075e-07 -1.77767242e-06 -1.02770036e-05 ...  2.27166698e-04
    1.81897078e-06 -1.91352277e-04]
  [ 7.42477044e-07  1.10110595e-05  9.27869367e-05 ...  1.81897078e-06
    4.79980252e-04 -1.62432557e-06]
  [ 6.64944109e-08  1.04758023e-06  4.99877526e-06 ... -1.91352277e-04
   -1.62432557e-06  6.55604906e-04]]

 [[ 2.14412339e-09  3.18475823e-08  2.65523744e-07 ... -7.48707479e-08
    1.03578265e-06  2.38439469e-08]
  [ 3.18475823e-08  4.74248180e-07  3.91397253e-06 ... -9.93114410e-07
    1.53190780e-05  2.50156782e-07]
  [ 2.65523744e-07  3.91397253e-06  3.37625584e-05 ... -1.10142980e-05
    1.30901558e-04  4.52869062e-06]
  ...
  [-7.48707479e-08 -9.93114410e-07 -1.10142980e-05 ...  2.49604187e-04
    2.27939040e-06 -2.10130206e-04]
  [ 1.03578265e-06  1.53190780e-05  1.30901558e-04 ...  2.27939040e-06
    5.52938938e-04 -2.04467327e-06]
  [ 2.38439469e-08  2.50156782e-07  4.52869062e-06 ... -2.10130206e-04
   -2.04467327e-06  7.46013491e-04]]]
converged SCF energy = -150.22669371454  <S^2> = 2.0045398  2S+1 = 3.003025
dm0 check [[[ 1.14640467e-09  1.70869841e-08  1.38753588e-07 ... -8.06202918e-08
    6.25413415e-07  4.56929032e-08]
  [ 1.70869841e-08  2.56084631e-07  2.02952077e-06 ... -1.06182886e-06
    9.18276827e-06  7.18410480e-07]
  [ 1.38753588e-07  2.02952077e-06  1.80707297e-05 ... -1.26947211e-05
    8.12948143e-05  3.19892978e-06]
  ...
  [-8.06202918e-08 -1.06182886e-06 -1.26947211e-05 ...  2.39058474e-04
   -1.61663418e-06 -1.68274935e-04]
  [ 6.25413415e-07  9.18276827e-06  8.12948143e-05 ... -1.61663418e-06
    4.44994774e-04 -4.06031902e-06]
  [ 4.56929032e-08  7.18410480e-07  3.19892978e-06 ... -1.68274935e-04
   -4.06031902e-06  5.95722200e-04]]

 [[ 2.53037141e-08  3.85050587e-07  2.83128421e-06 ... -1.48565680e-07
    1.05891621e-07  7.43867408e-08]
  [ 3.85050587e-07  5.86078011e-06  4.30461274e-05 ... -2.17964126e-06
    1.18322490e-06  1.05285374e-06]
  [ 2.83128421e-06  4.30461274e-05  3.17993218e-04 ... -1.75089342e-05
    2.68729352e-05  9.39029026e-06]
  ...
  [-1.48565680e-07 -2.17964126e-06 -1.75089342e-05 ...  2.30571529e-04
    2.08909183e-07 -1.91671081e-04]
  [ 1.05891621e-07  1.18322490e-06  2.68729352e-05 ...  2.08909183e-07
    4.63237979e-04 -3.50223640e-06]
  [ 7.43867408e-08  1.05285374e-06  9.39029026e-06 ... -1.91671081e-04
   -3.50223640e-06  6.49568651e-04]]]
converged SCF energy = -150.244985829835  <S^2> = 0.92979868  2S+1 = 2.1723708
[timing] left/O ensemble SCF = 15.6s
dm0 check [[ 3.79175532e-01  6.12038236e-01 -1.24863323e-01 ...  4.27593683e-05
   1.97047950e-05 -7.04209776e-05]
 [ 6.12038236e-01  1.01547425e+00 -3.33436391e-01 ...  1.16111841e-04
   5.23428335e-05 -1.90628591e-04]
 [-1.24863323e-01 -3.33436391e-01  6.73820272e-01 ... -2.80395612e-04
  -1.26549289e-04  4.61062288e-04]
 ...
 [ 4.27593683e-05  1.16111841e-04 -2.80395612e-04 ...  8.97099759e-05
   3.70859179e-05 -1.39955999e-04]
 [ 1.97047950e-05  5.23428335e-05 -1.26549289e-04 ...  3.70859179e-05
   1.66773997e-05 -5.97010206e-05]
 [-7.04209776e-05 -1.90628591e-04  4.61062288e-04 ... -1.39955999e-04
  -5.97010206e-05  2.25790013e-04]]


******** <class 'pyscf.scf.addons.SmearingDFRKS'> ********
method = SmearingDFRKS
initial guess = minao
damping factor = 0.15
level_shift factor = 0.2
DIIS = <class 'pyscf.scf.diis.CDIIS'>
diis_start_cycle = 1
diis_space = 12
diis_damp = 0
SCF conv_tol = 5e-05
SCF conv_tol_grad = None
SCF max_cycles = 200
direct_scf = True
direct_scf_tol = 1e-13
chkfile to save SCF result = /tmp/tmpmd13886h
max_memory 4000 MB (current use 87036 MB)
XC library pyscf.dft.libxc version 6.1.0
    S. Lehtola, C. Steigemann, M. J.T. Oliveira, and M. A.L. Marques.,  SoftwareX 7, 1–5 (2018)
XC functionals = pbe
    J. P. Perdew, K. Burke, and M. Ernzerhof.,  Phys. Rev. Lett. 77, 3865 (1996)
    J. P. Perdew, K. Burke, and M. Ernzerhof.,  Phys. Rev. Lett. 78, 1396 (1997)
    J. P. Perdew, K. Burke, and M. Ernzerhof.,  Phys. Rev. Lett. 77, 3865 (1996)
    J. P. Perdew, K. Burke, and M. Ernzerhof.,  Phys. Rev. Lett. 78, 1396 (1997)
small_rho_cutoff = 1e-06
Set gradient conv threshold to 0.00707107
    Total E(T) = -12112.9493196972  Free energy = -12113.9835998816  E0 = -12113.4664597894
init E= -12112.9493196972
    sigma = 0.02  Optimized mu = -0.0558548176492  entropy = 1.55104784506
    Total E(T) = -12112.9790042643  Free energy = -12113.0100252212  E0 = -12112.9945147427
cycle= 1 E= -12112.9790042643  delta_E= -0.0297  |g|= 0.246  |ddm|=  710
    sigma = 0.02  Optimized mu = -0.0512032346432  entropy = 1.5699219364
    Total E(T) = -12112.9728658055  Free energy = -12113.0042642443  E0 = -12112.9885650249
cycle= 2 E= -12112.9728658055  delta_E= 0.00614  |g|= 0.547  |ddm|= 1.04e+03
    sigma = 0.02  Optimized mu = -0.0533290530062  entropy = 1.53731643611
    Total E(T) = -12112.9846044099  Free energy = -12113.0153507386  E0 = -12112.9999775743
cycle= 3 E= -12112.9846044099  delta_E= -0.0117  |g|= 0.138  |ddm|=  436
    sigma = 0.02  Optimized mu = -0.0533276619463  entropy = 1.53396149163
    Total E(T) = -12112.9869892809  Free energy = -12113.0176685108  E0 = -12113.0023288958
cycle= 4 E= -12112.9869892809  delta_E= -0.00238  |g|= 0.114  |ddm|=  352
    sigma = 0.02  Optimized mu = -0.053473263045  entropy = 1.5339627245
    Total E(T) = -12112.987781243  Free energy = -12113.0184604975  E0 = -12113.0031208702
cycle= 5 E= -12112.987781243  delta_E= -0.000792  |g|= 0.0737  |ddm|=  165
    sigma = 0.02  Optimized mu = -0.0529681448485  entropy = 1.53428759047
    Total E(T) = -12112.9882296239  Free energy = -12113.0189153758  E0 = -12113.0035724999
cycle= 6 E= -12112.9882296239  delta_E= -0.000448  |g|= 0.0202  |ddm|=  117
    sigma = 0.02  Optimized mu = -0.0527964091999  entropy = 1.53414433959
    Total E(T) = -12112.9883954054  Free energy = -12113.0190782922  E0 = -12113.0037368488
cycle= 7 E= -12112.9883954054  delta_E= -0.000166  |g|= 0.0138  |ddm|= 76.4
    sigma = 0.02  Optimized mu = -0.0528448494164  entropy = 1.53342542005
    Total E(T) = -12112.9884833014  Free energy = -12113.0191518098  E0 = -12113.0038175556
cycle= 8 E= -12112.9884833014  delta_E= -8.79e-05  |g|= 0.0121  |ddm|= 55.4
    sigma = 0.02  Optimized mu = -0.052759105965  entropy = 1.53373194899
    Total E(T) = -12112.9885396443  Free energy = -12113.0192142833  E0 = -12113.0038769638
cycle= 9 E= -12112.9885396443  delta_E= -5.63e-05  |g|= 0.00962  |ddm|=   43
    sigma = 0.02  Optimized mu = -0.0528263733449  entropy = 1.53327369094
    Total E(T) = -12112.9885771972  Free energy = -12113.019242671  E0 = -12113.0039099341
cycle= 10 E= -12112.9885771972  delta_E= -3.76e-05  |g|= 0.00782  |ddm|= 33.4
    sigma = 0.02  Optimized mu = -0.0527895661125  entropy = 1.53320871828
    Total E(T) = -12112.9886014534  Free energy = -12113.0192656278  E0 = -12113.0039335406
cycle= 11 E= -12112.9886014534  delta_E= -2.43e-05  |g|= 0.0062  |ddm|= 24.2
    sigma = 0.02  Optimized mu = -0.152915110801  entropy = 51.3037781631
    Total E(T) = -12112.4659488316  Free energy = -12113.4920243948  E0 = -12112.9789866132
Extra cycle  E= -12112.4659488316  delta_E= 0.523  |g|= 0.365  |ddm|= 4.28e+03
converged SCF energy = -12112.4659488316
dm0 check [[[ 1.89612928e-01  3.06086618e-01 -6.25901459e-02 ...  8.28340121e-06
    3.51838259e-06 -1.71150680e-05]
  [ 3.06086618e-01  5.07917005e-01 -1.67138657e-01 ...  2.27123033e-05
    9.07519611e-06 -4.64624561e-05]
  [-6.25901459e-02 -1.67138657e-01  3.37885142e-01 ... -5.46549718e-05
   -2.18800149e-05  1.12148163e-04]
  ...
  [ 8.28340121e-06  2.27123033e-05 -5.46549718e-05 ...  2.78654569e-06
    8.50928332e-07 -5.77889582e-06]
  [ 3.51838259e-06  9.07519611e-06 -2.18800149e-05 ...  8.50928332e-07
    7.90602177e-07 -2.39512938e-06]
  [-1.71150680e-05 -4.64624561e-05  1.12148163e-04 ... -5.77889582e-06
   -2.39512938e-06  1.41807769e-05]]

 [[ 1.89588071e-01  3.06019035e-01 -6.24355196e-02 ...  1.15701226e-05
    5.67243707e-06 -2.14575843e-05]
  [ 3.06019035e-01  5.07736308e-01 -1.66729107e-01 ...  3.16093345e-05
    1.49045702e-05 -5.82407462e-05]
  [-6.24355196e-02 -1.66729107e-01  3.36959679e-01 ... -7.64859438e-05
   -3.61547408e-05  1.41265730e-04]
  ...
  [ 1.15701226e-05  3.16093345e-05 -7.64859438e-05 ...  1.10248016e-04
    4.43247931e-05 -1.60630163e-04]
  [ 5.67243707e-06  1.49045702e-05 -3.61547408e-05 ...  4.43247931e-05
    1.84607803e-05 -6.54422127e-05]
  [-2.14575843e-05 -5.82407462e-05  1.41265730e-04 ... -1.60630163e-04
   -6.54422127e-05  2.38165840e-04]]]


******** <class 'pyscf.scf.addons.SmearingDFUKS'> ********
method = SmearingDFUKS
initial guess = minao
damping factor = 0.15
level_shift factor = 0.2
DIIS = <class 'pyscf.scf.diis.CDIIS'>
diis_start_cycle = 1
diis_space = 12
diis_damp = 0
SCF conv_tol = 5e-05
SCF conv_tol_grad = None
SCF max_cycles = 200
direct_scf = True
direct_scf_tol = 1e-13
chkfile to save SCF result = /tmp/tmp248gej4f
max_memory 4000 MB (current use 87036 MB)
number electrons alpha = 325  beta = 323
XC library pyscf.dft.libxc version 6.1.0
    S. Lehtola, C. Steigemann, M. J.T. Oliveira, and M. A.L. Marques.,  SoftwareX 7, 1–5 (2018)
XC functionals = pbe
    J. P. Perdew, K. Burke, and M. Ernzerhof.,  Phys. Rev. Lett. 77, 3865 (1996)
    J. P. Perdew, K. Burke, and M. Ernzerhof.,  Phys. Rev. Lett. 78, 1396 (1997)
    J. P. Perdew, K. Burke, and M. Ernzerhof.,  Phys. Rev. Lett. 77, 3865 (1996)
    J. P. Perdew, K. Burke, and M. Ernzerhof.,  Phys. Rev. Lett. 78, 1396 (1997)
small_rho_cutoff = 1e-06
Set gradient conv threshold to 0.00707107
    Total E(T) = -12112.4981285533  Free energy = -12112.5645243371  E0 = -12112.5313264452
init E= -12112.4981285533
    sigma = 0.005  Optimized mu_alpha = -0.202083751213  entropy = 1.95805946496e-06
    sigma = 0.005  Optimized mu_beta  = -0.191160235655  entropy = 1.95805946496e-06
    Total E(T) = -12112.5296189378  Free energy = -12112.5296189475  E0 = -12112.5296189427
cycle= 1 E= -12112.5296189378  delta_E= -0.0315  |g|= 0.355  |ddm|=  554
    sigma = 0.005  Optimized mu_alpha = -0.196785549093  entropy = 4.30424174512e-07
    sigma = 0.005  Optimized mu_beta  = -0.198282580943  entropy = 4.30424174512e-07
    Total E(T) = -12112.5280671956  Free energy = -12112.5280671978  E0 = -12112.5280671967
cycle= 2 E= -12112.5280671956  delta_E= 0.00155  |g|= 0.686  |ddm|=  612
    sigma = 0.005  Optimized mu_alpha = -0.198934165034  entropy = 3.8805696959e-07
    sigma = 0.005  Optimized mu_beta  = -0.200708309555  entropy = 3.8805696959e-07
    Total E(T) = -12112.5392202932  Free energy = -12112.5392202951  E0 = -12112.5392202941
cycle= 3 E= -12112.5392202932  delta_E= -0.0112  |g|= 0.157  |ddm|=  351
    sigma = 0.005  Optimized mu_alpha = -0.198679572114  entropy = 3.74260557615e-07
    sigma = 0.005  Optimized mu_beta  = -0.200772171834  entropy = 3.74260557615e-07
    Total E(T) = -12112.5419859437  Free energy = -12112.5419859456  E0 = -12112.5419859446
cycle= 4 E= -12112.5419859437  delta_E= -0.00277  |g|= 0.148  |ddm|=  282
    sigma = 0.005  Optimized mu_alpha = -0.198426458402  entropy = 3.73902433497e-07
    sigma = 0.005  Optimized mu_beta  = -0.200759155076  entropy = 3.73902433497e-07
    Total E(T) = -12112.543481695  Free energy = -12112.5434816968  E0 = -12112.5434816959
cycle= 5 E= -12112.543481695  delta_E= -0.0015  |g|= 0.0876  |ddm|=  143
    sigma = 0.005  Optimized mu_alpha = -0.197822360853  entropy = 3.71457316435e-07
    sigma = 0.005  Optimized mu_beta  = -0.200231952962  entropy = 3.71457316435e-07
    Total E(T) = -12112.5443862297  Free energy = -12112.5443862316  E0 = -12112.5443862307
cycle= 6 E= -12112.5443862297  delta_E= -0.000905  |g|= 0.0586  |ddm|=  108
    sigma = 0.005  Optimized mu_alpha = -0.197690417787  entropy = 3.68225819899e-07
    sigma = 0.005  Optimized mu_beta  = -0.200178810502  entropy = 3.68225819899e-07
    Total E(T) = -12112.544971283  Free energy = -12112.5449712848  E0 = -12112.5449712839
cycle= 7 E= -12112.544971283  delta_E= -0.000585  |g|= 0.0425  |ddm|= 82.1
    sigma = 0.005  Optimized mu_alpha = -0.197755751948  entropy = 3.67760210851e-07
    sigma = 0.005  Optimized mu_beta  = -0.200270427391  entropy = 3.67760210851e-07
    Total E(T) = -12112.545382458  Free energy = -12112.5453824598  E0 = -12112.5453824589
cycle= 8 E= -12112.545382458  delta_E= -0.000411  |g|= 0.0313  |ddm|= 61.7
    sigma = 0.005  Optimized mu_alpha = -0.197740088279  entropy = 3.6820242292e-07
    sigma = 0.005  Optimized mu_beta  = -0.200271044788  entropy = 3.6820242292e-07
    Total E(T) = -12112.5456798309  Free energy = -12112.5456798328  E0 = -12112.5456798319
cycle= 9 E= -12112.5456798309  delta_E= -0.000297  |g|= 0.0241  |ddm|= 59.4
    sigma = 0.005  Optimized mu_alpha = -0.197840810255  entropy = 3.66250989624e-07
    sigma = 0.005  Optimized mu_beta  = -0.200390336227  entropy = 3.66250989624e-07
    Total E(T) = -12112.5458784427  Free energy = -12112.5458784446  E0 = -12112.5458784437
cycle= 10 E= -12112.5458784427  delta_E= -0.000199  |g|= 0.0331  |ddm|= 54.4
    sigma = 0.005  Optimized mu_alpha = -0.19767970753  entropy = 3.66758153259e-07
    sigma = 0.005  Optimized mu_beta  = -0.20024017913  entropy = 3.66758153259e-07
    Total E(T) = -12112.5460307967  Free energy = -12112.5460307985  E0 = -12112.5460307976
cycle= 11 E= -12112.5460307967  delta_E= -0.000152  |g|= 0.0208  |ddm|= 42.3
    sigma = 0.005  Optimized mu_alpha = -0.197696764686  entropy = 3.6602184844e-07
    sigma = 0.005  Optimized mu_beta  = -0.200262208625  entropy = 3.6602184844e-07
    Total E(T) = -12112.5461321516  Free energy = -12112.5461321534  E0 = -12112.5461321525
cycle= 12 E= -12112.5461321516  delta_E= -0.000101  |g|= 0.0177  |ddm|= 42.5
    sigma = 0.005  Optimized mu_alpha = -0.197682876175  entropy = 3.65821167486e-07
    sigma = 0.005  Optimized mu_beta  = -0.200252960687  entropy = 3.65821167486e-07
    Total E(T) = -12112.5462020612  Free energy = -12112.5462020631  E0 = -12112.5462020621
cycle= 13 E= -12112.5462020612  delta_E= -6.99e-05  |g|= 0.0143  |ddm|= 32.1
    sigma = 0.005  Optimized mu_alpha = -0.197693438365  entropy = 3.65635684125e-07
    sigma = 0.005  Optimized mu_beta  = -0.200264769726  entropy = 3.65635684125e-07
    Total E(T) = -12112.5462511036  Free energy = -12112.5462511055  E0 = -12112.5462511046
cycle= 14 E= -12112.5462511036  delta_E= -4.9e-05  |g|= 0.013  |ddm|= 29.2
    sigma = 0.005  Optimized mu_alpha = -0.197701422442  entropy = 3.65406111927e-07
    sigma = 0.005  Optimized mu_beta  = -0.200270211443  entropy = 3.65406111927e-07
    Total E(T) = -12112.5462860338  Free energy = -12112.5462860357  E0 = -12112.5462860348
cycle= 15 E= -12112.5462860338  delta_E= -3.49e-05  |g|= 0.0124  |ddm|=   25
    sigma = 0.005  Optimized mu_alpha = -0.197681197536  entropy = 3.65384934872e-07
    sigma = 0.005  Optimized mu_beta  = -0.200251006502  entropy = 3.65384934872e-07
    Total E(T) = -12112.5463113026  Free energy = -12112.5463113044  E0 = -12112.5463113035
cycle= 16 E= -12112.5463113026  delta_E= -2.53e-05  |g|= 0.00982  |ddm|= 21.7
    sigma = 0.005  Optimized mu_alpha = -0.197698725123  entropy = 3.65107981297e-07
    sigma = 0.005  Optimized mu_beta  = -0.200269021579  entropy = 3.65107981297e-07
    Total E(T) = -12112.5463318487  Free energy = -12112.5463318505  E0 = -12112.5463318496
cycle= 17 E= -12112.5463318487  delta_E= -2.05e-05  |g|= 0.00696  |ddm|= 19.2
    sigma = 0.005  Optimized mu_alpha = -0.297256800645  entropy = 12.8483312057
    sigma = 0.005  Optimized mu_beta  = -0.300157245317  entropy = 12.8483312057
    Total E(T) = -12112.5123588947  Free energy = -12112.5766005507  E0 = -12112.5444797227
Extra cycle  E= -12112.5123588947  delta_E= 0.034  |g|= 0.224  |ddm|=  946
converged SCF energy = -12112.5123588947  <S^2> = 3.7631658  2S+1 = 4.0065775
[timing] right/Al ensemble SCF = 1802.7s
[timing] collect state = 0.0s
[timing] grad contraction = 1.5s
[timing] checkpoint save = 0.0s
step=   4 L=-12261.42958601 Ef=-12261.43220782 |grad|=2.53067e-02 t=1822.0s
[diagnostic] step=5 |b|=3.305858e+00 max|b|=1.150034e+00
[timing] build AO Vp from S3 = 1.6s
[diagnostic] |vpl|=5.290225e+00 max|vpl|=1.462289e+00
[diagnostic] |vpr|=6.589271e+00 max|vpr|=2.119109e+00
[diagnostic] |vpref|=7.588498e+00 max|vpref|=2.119109e+00
dm0 check [[[ 1.51511399e-09  2.24391600e-08  1.89789926e-07 ... -1.14718968e-07
    7.42476732e-07  6.64943123e-08]
  [ 2.24391600e-08  3.34444487e-07  2.75067382e-06 ... -1.77767057e-06
    1.10110563e-05  1.04757843e-06]
  [ 1.89789926e-07  2.75067382e-06  2.57237916e-05 ... -1.02769888e-05
    9.27868910e-05  4.99876206e-06]
  ...
  [-1.14718968e-07 -1.77767057e-06 -1.02769888e-05 ...  2.27166748e-04
    1.81897131e-06 -1.91352319e-04]
  [ 7.42476732e-07  1.10110563e-05  9.27868910e-05 ...  1.81897131e-06
    4.79980281e-04 -1.62432524e-06]
  [ 6.64943123e-08  1.04757843e-06  4.99876206e-06 ... -1.91352319e-04
   -1.62432524e-06  6.55604971e-04]]

 [[ 2.14412354e-09  3.18475845e-08  2.65523732e-07 ... -7.48705480e-08
    1.03578254e-06  2.38437748e-08]
  [ 3.18475845e-08  4.74248192e-07  3.91397261e-06 ... -9.93113066e-07
    1.53190769e-05  2.50155573e-07]
  [ 2.65523732e-07  3.91397261e-06  3.37625557e-05 ... -1.10142845e-05
    1.30901537e-04  4.52867924e-06]
  ...
  [-7.48705480e-08 -9.93113066e-07 -1.10142845e-05 ...  2.49604223e-04
    2.27939079e-06 -2.10130237e-04]
  [ 1.03578254e-06  1.53190769e-05  1.30901537e-04 ...  2.27939079e-06
    5.52938834e-04 -2.04467287e-06]
  [ 2.38437748e-08  2.50155573e-07  4.52867924e-06 ... -2.10130237e-04
   -2.04467287e-06  7.46013411e-04]]]
converged SCF energy = -150.226693714539  <S^2> = 2.0045398  2S+1 = 3.003025
dm0 check [[[ 1.14640688e-09  1.70870171e-08  1.38753755e-07 ... -8.06196780e-08
    6.25413758e-07  4.56925708e-08]
  [ 1.70870171e-08  2.56085099e-07  2.02952346e-06 ... -1.06182488e-06
    9.18277271e-06  7.18406544e-07]
  [ 1.38753755e-07  2.02952346e-06  1.80707402e-05 ... -1.26947107e-05
    8.12948227e-05  3.19889317e-06]
  ...
  [-8.06196780e-08 -1.06182488e-06 -1.26947107e-05 ...  2.39058982e-04
   -1.61665419e-06 -1.68274902e-04]
  [ 6.25413758e-07  9.18277271e-06  8.12948227e-05 ... -1.61665419e-06
    4.44994666e-04 -4.06031185e-06]
  [ 4.56925708e-08  7.18406544e-07  3.19889317e-06 ... -1.68274902e-04
   -4.06031185e-06  5.95722174e-04]]

 [[ 2.53031397e-08  3.85041819e-07  2.83122102e-06 ... -1.48564539e-07
    1.05895255e-07  7.43873383e-08]
  [ 3.85041819e-07  5.86064622e-06  4.30451633e-05 ... -2.17962934e-06
    1.18328184e-06  1.05286793e-06]
  [ 2.83122102e-06  4.30451633e-05  3.17986273e-04 ... -1.75088244e-05
    2.68733069e-05  9.39038077e-06]
  ...
  [-1.48564539e-07 -2.17962934e-06 -1.75088244e-05 ...  2.30571566e-04
    2.08932906e-07 -1.91671105e-04]
  [ 1.05895255e-07  1.18328184e-06  2.68733069e-05 ...  2.08932906e-07
    4.63237695e-04 -3.50217821e-06]
  [ 7.43873383e-08  1.05286793e-06  9.39038077e-06 ... -1.91671105e-04
   -3.50217821e-06  6.49568282e-04]]]
converged SCF energy = -150.24498582983  <S^2> = 0.92979834  2S+1 = 2.1723704
[timing] left/O ensemble SCF = 10.8s
dm0 check [[ 3.79451406e-01  6.12183218e-01 -1.25141603e-01 ...  9.21092095e-06
   2.97154415e-06 -2.40525493e-05]
 [ 6.12183218e-01  1.01522590e+00 -3.33881699e-01 ...  2.55638818e-05
   7.20829551e-06 -6.54650662e-05]
 [-1.25141603e-01 -3.33881699e-01  6.74850840e-01 ... -6.14261415e-05
  -1.75119732e-05  1.58449559e-04]
 ...
 [ 9.21092095e-06  2.55638818e-05 -6.14261415e-05 ...  2.37176449e-06
   3.22957247e-07 -4.75702110e-06]
 [ 2.97154415e-06  7.20829551e-06 -1.75119732e-05 ...  3.22957247e-07
   7.95423144e-07 -1.87629815e-06]
 [-2.40525493e-05 -6.54650662e-05  1.58449559e-04 ... -4.75702110e-06
  -1.87629815e-06  1.52604855e-05]]


******** <class 'pyscf.scf.addons.SmearingDFRKS'> ********
method = SmearingDFRKS
initial guess = minao
damping factor = 0.15
level_shift factor = 0.2
DIIS = <class 'pyscf.scf.diis.CDIIS'>
diis_start_cycle = 1
diis_space = 12
diis_damp = 0
SCF conv_tol = 5e-05
SCF conv_tol_grad = None
SCF max_cycles = 200
direct_scf = True
direct_scf_tol = 1e-13
chkfile to save SCF result = /tmp/tmpmd13886h
max_memory 4000 MB (current use 87036 MB)
XC library pyscf.dft.libxc version 6.1.0
    S. Lehtola, C. Steigemann, M. J.T. Oliveira, and M. A.L. Marques.,  SoftwareX 7, 1–5 (2018)
XC functionals = pbe
    J. P. Perdew, K. Burke, and M. Ernzerhof.,  Phys. Rev. Lett. 77, 3865 (1996)
    J. P. Perdew, K. Burke, and M. Ernzerhof.,  Phys. Rev. Lett. 78, 1396 (1997)
    J. P. Perdew, K. Burke, and M. Ernzerhof.,  Phys. Rev. Lett. 77, 3865 (1996)
    J. P. Perdew, K. Burke, and M. Ernzerhof.,  Phys. Rev. Lett. 78, 1396 (1997)
small_rho_cutoff = 1e-06
Set gradient conv threshold to 0.00707107
    Total E(T) = -12113.9267626153  Free energy = -12114.9528381786  E0 = -12114.4398003969
init E= -12113.9267626153
    sigma = 0.02  Optimized mu = -0.0742108656467  entropy = 3.00787698253
    Total E(T) = -12114.0095210914  Free energy = -12114.0696786311  E0 = -12114.0395998613
cycle= 1 E= -12114.0095210914  delta_E= -0.0828  |g|= 0.575  |ddm|=  973
    sigma = 0.02  Optimized mu = -0.0586451609064  entropy = 1.91110819201
    Total E(T) = -12113.9386236567  Free energy = -12113.9768458205  E0 = -12113.9577347386
cycle= 2 E= -12113.9386236567  delta_E= 0.0709  |g|= 1.43  |ddm|= 1.53e+03
    sigma = 0.02  Optimized mu = -0.067347158514  entropy = 2.29093944371
    Total E(T) = -12114.0173673727  Free energy = -12114.0631861616  E0 = -12114.0402767672
cycle= 3 E= -12114.0173673727  delta_E= -0.0787  |g|= 0.882  |ddm|= 1.9e+03
    sigma = 0.02  Optimized mu = -0.0619005528599  entropy = 1.91639767993
    Total E(T) = -12114.0303705297  Free energy = -12114.0686984833  E0 = -12114.0495345065
cycle= 4 E= -12114.0303705297  delta_E= -0.013  |g|= 0.361  |ddm|=  648
    sigma = 0.02  Optimized mu = -0.0595164126276  entropy = 1.73547025435
    Total E(T) = -12114.0350428891  Free energy = -12114.0697522941  E0 = -12114.0523975916
cycle= 5 E= -12114.0350428891  delta_E= -0.00467  |g|= 0.253  |ddm|=  340
    sigma = 0.02  Optimized mu = -0.0583920736255  entropy = 1.65821802327
    Total E(T) = -12114.0372464636  Free energy = -12114.0704108241  E0 = -12114.0538286438
cycle= 6 E= -12114.0372464636  delta_E= -0.0022  |g|= 0.166  |ddm|=  177
    sigma = 0.02  Optimized mu = -0.0579173260697  entropy = 1.62817545295
    Total E(T) = -12114.0386310076  Free energy = -12114.0711945167  E0 = -12114.0549127622
cycle= 7 E= -12114.0386310076  delta_E= -0.00138  |g|= 0.115  |ddm|=  110
    sigma = 0.02  Optimized mu = -0.0576744090487  entropy = 1.61712082656
    Total E(T) = -12114.0394205002  Free energy = -12114.0717629167  E0 = -12114.0555917085
cycle= 8 E= -12114.0394205002  delta_E= -0.000789  |g|= 0.0809  |ddm|=  193
    sigma = 0.02  Optimized mu = -0.0577265233345  entropy = 1.6155014165
    Total E(T) = -12114.0398885531  Free energy = -12114.0721985815  E0 = -12114.0560435673
cycle= 9 E= -12114.0398885531  delta_E= -0.000468  |g|= 0.0565  |ddm|= 71.1
    sigma = 0.02  Optimized mu = -0.05761370446  entropy = 1.61563144842
    Total E(T) = -12114.0401415498  Free energy = -12114.0724541788  E0 = -12114.0562978643
cycle= 10 E= -12114.0401415498  delta_E= -0.000253  |g|= 0.0415  |ddm|= 57.4
    sigma = 0.02  Optimized mu = -0.0577467747254  entropy = 1.61389840582
    Total E(T) = -12114.0403062923  Free energy = -12114.0725842604  E0 = -12114.0564452763
cycle= 11 E= -12114.0403062923  delta_E= -0.000165  |g|= 0.0284  |ddm|= 46.3
    sigma = 0.02  Optimized mu = -0.0576643791247  entropy = 1.61260628075
    Total E(T) = -12114.0404207612  Free energy = -12114.0726728868  E0 = -12114.056546824
cycle= 12 E= -12114.0404207612  delta_E= -0.000114  |g|= 0.0188  |ddm|= 46.6
    sigma = 0.02  Optimized mu = -0.0576415569103  entropy = 1.61155124937
    Total E(T) = -12114.0405005544  Free energy = -12114.0727315794  E0 = -12114.0566160669
cycle= 13 E= -12114.0405005544  delta_E= -7.98e-05  |g|= 0.0135  |ddm|= 43.5
    sigma = 0.02  Optimized mu = -0.0576432881564  entropy = 1.61107733701
    Total E(T) = -12114.0405607782  Free energy = -12114.0727823249  E0 = -12114.0566715516
cycle= 14 E= -12114.0405607782  delta_E= -6.02e-05  |g|= 0.0101  |ddm|= 32.5
    sigma = 0.02  Optimized mu = -0.0576438160093  entropy = 1.6105364707
    Total E(T) = -12114.0406085692  Free energy = -12114.0728192987  E0 = -12114.0567139339
cycle= 15 E= -12114.0406085692  delta_E= -4.78e-05  |g|= 0.00964  |ddm|= 29.7
    sigma = 0.02  Optimized mu = -0.0576464492196  entropy = 1.60967539775
    Total E(T) = -12114.0406496312  Free energy = -12114.0728431391  E0 = -12114.0567463851
cycle= 16 E= -12114.0406496312  delta_E= -4.11e-05  |g|= 0.00879  |ddm|=   31
    sigma = 0.02  Optimized mu = -0.057623753121  entropy = 1.60927027859
    Total E(T) = -12114.0406874236  Free energy = -12114.0728728291  E0 = -12114.0567801264
cycle= 17 E= -12114.0406874236  delta_E= -3.78e-05  |g|= 0.00563  |ddm|= 27.4
    sigma = 0.02  Optimized mu = -0.157279830668  entropy = 51.6427584201
    Total E(T) = -12113.5080676558  Free energy = -12114.5409228242  E0 = -12114.02449524
Extra cycle  E= -12113.5080676558  delta_E= 0.533  |g|= 0.501  |ddm|= 4.51e+03
converged SCF energy = -12113.5080676558
dm0 check [[[ 1.89747479e-01  3.06149783e-01 -6.27077052e-02 ...  3.92200232e-06
    1.31041417e-06 -1.08288581e-05]
  [ 3.06149783e-01  5.07767504e-01 -1.67303052e-01 ...  1.09354241e-05
    3.12879160e-06 -2.94890995e-05]
  [-6.27077052e-02 -1.67303052e-01  3.38265053e-01 ... -2.62117018e-05
   -7.58431416e-06  7.12473241e-05]
  ...
  [ 3.92200232e-06  1.09354241e-05 -2.62117018e-05 ...  8.80081165e-07
    6.56382520e-08 -1.65820196e-06]
  [ 1.31041417e-06  3.12879160e-06 -7.58431416e-06 ...  6.56382520e-08
    3.71313602e-07 -7.19810761e-07]
  [-1.08288581e-05 -2.94890995e-05  7.12473241e-05 ... -1.65820196e-06
   -7.19810761e-07  5.93377539e-06]]

 [[ 1.89725505e-01  3.06089956e-01 -6.25712650e-02 ...  3.93782921e-06
    1.36200026e-06 -1.10016848e-05]
  [ 3.06089956e-01  5.07607686e-01 -1.66942483e-01 ...  1.09825631e-05
    3.27318147e-06 -2.99767911e-05]
  [-6.25712650e-02 -1.66942483e-01  3.37453838e-01 ... -2.63674363e-05
   -7.98054584e-06  7.26268294e-05]
  ...
  [ 3.93782921e-06  1.09825631e-05 -2.63674363e-05 ...  9.83526168e-07
    1.02441431e-07 -1.92106229e-06]
  [ 1.36200026e-06  3.27318147e-06 -7.98054584e-06 ...  1.02441431e-07
    3.90436607e-07 -8.15217529e-07]
  [-1.10016848e-05 -2.99767911e-05  7.26268294e-05 ... -1.92106229e-06
   -8.15217529e-07  6.55562826e-06]]]


******** <class 'pyscf.scf.addons.SmearingDFUKS'> ********
method = SmearingDFUKS
initial guess = minao
damping factor = 0.15
level_shift factor = 0.2
DIIS = <class 'pyscf.scf.diis.CDIIS'>
diis_start_cycle = 1
diis_space = 12
diis_damp = 0
SCF conv_tol = 5e-05
SCF conv_tol_grad = None
SCF max_cycles = 200
direct_scf = True
direct_scf_tol = 1e-13
chkfile to save SCF result = /tmp/tmp248gej4f
max_memory 4000 MB (current use 87092 MB)
number electrons alpha = 325  beta = 323
XC library pyscf.dft.libxc version 6.1.0
    S. Lehtola, C. Steigemann, M. J.T. Oliveira, and M. A.L. Marques.,  SoftwareX 7, 1–5 (2018)
XC functionals = pbe
    J. P. Perdew, K. Burke, and M. Ernzerhof.,  Phys. Rev. Lett. 77, 3865 (1996)
    J. P. Perdew, K. Burke, and M. Ernzerhof.,  Phys. Rev. Lett. 78, 1396 (1997)
    J. P. Perdew, K. Burke, and M. Ernzerhof.,  Phys. Rev. Lett. 77, 3865 (1996)
    J. P. Perdew, K. Burke, and M. Ernzerhof.,  Phys. Rev. Lett. 78, 1396 (1997)
small_rho_cutoff = 1e-06
Set gradient conv threshold to 0.00707107
    Total E(T) = -12113.4828814173  Free energy = -12113.5471230733  E0 = -12113.5150022453
init E= -12113.4828814173
    sigma = 0.005  Optimized mu_alpha = -0.231365852106  entropy = 0.000228413168973
    sigma = 0.005  Optimized mu_beta  = -0.233962783917  entropy = 0.000228413168973
    Total E(T) = -12113.5543266383  Free energy = -12113.5543277803  E0 = -12113.5543272093
cycle= 1 E= -12113.5543266383  delta_E= -0.0714  |g|= 0.582  |ddm|=  554
    sigma = 0.005  Optimized mu_alpha = -0.217405886023  entropy = 1.81078625872e-05
    sigma = 0.005  Optimized mu_beta  = -0.220286803329  entropy = 1.81078625872e-05
    Total E(T) = -12113.5557676227  Free energy = -12113.5557677132  E0 = -12113.5557676679
cycle= 2 E= -12113.5557676227  delta_E= -0.00144  |g|= 1.01  |ddm|=  633
    sigma = 0.005  Optimized mu_alpha = -0.224657997155  entropy = 3.83756465905e-05
    sigma = 0.005  Optimized mu_beta  = -0.227041888313  entropy = 3.83756465905e-05
    Total E(T) = -12113.5646774266  Free energy = -12113.5646776185  E0 = -12113.5646775226
cycle= 3 E= -12113.5646774266  delta_E= -0.00891  |g|= 1.17  |ddm|= 1.36e+03
    sigma = 0.005  Optimized mu_alpha = -0.211066419132  entropy = 2.73208357779e-06
    sigma = 0.005  Optimized mu_beta  = -0.213572353846  entropy = 2.73208357779e-06
    Total E(T) = -12113.5772855378  Free energy = -12113.5772855515  E0 = -12113.5772855447
cycle= 4 E= -12113.5772855378  delta_E= -0.0126  |g|= 0.564  |ddm|=  337
    sigma = 0.005  Optimized mu_alpha = -0.206095143812  entropy = 9.8104156304e-07
    sigma = 0.005  Optimized mu_beta  = -0.209042123129  entropy = 9.8104156304e-07
    Total E(T) = -12113.5832744277  Free energy = -12113.5832744326  E0 = -12113.5832744301
cycle= 5 E= -12113.5832744277  delta_E= -0.00599  |g|= 0.379  |ddm|=  175
    sigma = 0.005  Optimized mu_alpha = -0.203110600474  entropy = 6.11597680095e-07
    sigma = 0.005  Optimized mu_beta  = -0.20637482746  entropy = 6.11597680095e-07
    Total E(T) = -12113.5864350558  Free energy = -12113.5864350588  E0 = -12113.5864350573
cycle= 6 E= -12113.5864350558  delta_E= -0.00316  |g|= 0.277  |ddm|=  157
    sigma = 0.005  Optimized mu_alpha = -0.203039074968  entropy = 5.4553131756e-07
    sigma = 0.005  Optimized mu_beta  = -0.206591199534  entropy = 5.4553131756e-07
    Total E(T) = -12113.5882962596  Free energy = -12113.5882962624  E0 = -12113.588296261
cycle= 7 E= -12113.5882962596  delta_E= -0.00186  |g|= 0.22  |ddm|=  132
    sigma = 0.005  Optimized mu_alpha = -0.202417185754  entropy = 5.2948285933e-07
    sigma = 0.005  Optimized mu_beta  = -0.206282665323  entropy = 5.2948285933e-07
    Total E(T) = -12113.5895001609  Free energy = -12113.5895001635  E0 = -12113.5895001622
cycle= 8 E= -12113.5895001609  delta_E= -0.0012  |g|= 0.157  |ddm|=  151
    sigma = 0.005  Optimized mu_alpha = -0.202082366645  entropy = 5.11215017972e-07
    sigma = 0.005  Optimized mu_beta  = -0.20619033858  entropy = 5.11215017972e-07
    Total E(T) = -12113.5903186181  Free energy = -12113.5903186206  E0 = -12113.5903186193
cycle= 9 E= -12113.5903186181  delta_E= -0.000818  |g|= 0.117  |ddm|= 60.5
    sigma = 0.005  Optimized mu_alpha = -0.201924440334  entropy = 5.00683084947e-07
    sigma = 0.005  Optimized mu_beta  = -0.206338535912  entropy = 5.00683084947e-07
    Total E(T) = -12113.5909160006  Free energy = -12113.5909160031  E0 = -12113.5909160018
cycle= 10 E= -12113.5909160006  delta_E= -0.000597  |g|= 0.0818  |ddm|= 67.8
    sigma = 0.005  Optimized mu_alpha = -0.201667483542  entropy = 4.9926613667e-07
    sigma = 0.005  Optimized mu_beta  = -0.206431067739  entropy = 4.9926613667e-07
    Total E(T) = -12113.5913800333  Free energy = -12113.5913800358  E0 = -12113.5913800346
cycle= 11 E= -12113.5913800333  delta_E= -0.000464  |g|= 0.0616  |ddm|= 55.9
    sigma = 0.005  Optimized mu_alpha = -0.201622743267  entropy = 4.96185351126e-07
    sigma = 0.005  Optimized mu_beta  = -0.206518167009  entropy = 4.96185351126e-07
    Total E(T) = -12113.5917656567  Free energy = -12113.5917656592  E0 = -12113.5917656579
cycle= 12 E= -12113.5917656567  delta_E= -0.000386  |g|= 0.0491  |ddm|= 45.1
    sigma = 0.005  Optimized mu_alpha = -0.20190296764  entropy = 4.96055325771e-07
    sigma = 0.005  Optimized mu_beta  = -0.206270778593  entropy = 4.96055325771e-07
    Total E(T) = -12113.5919864237  Free energy = -12113.5919864262  E0 = -12113.5919864249
cycle= 13 E= -12113.5919864237  delta_E= -0.000221  |g|= 0.0474  |ddm|= 37.4
    sigma = 0.005  Optimized mu_alpha = -0.202160500825  entropy = 4.93118776557e-07
    sigma = 0.005  Optimized mu_beta  = -0.205958972892  entropy = 4.93118776557e-07
    Total E(T) = -12113.5920959996  Free energy = -12113.5920960021  E0 = -12113.5920960009
cycle= 14 E= -12113.5920959996  delta_E= -0.00011  |g|= 0.0441  |ddm|= 34.9
    sigma = 0.005  Optimized mu_alpha = -0.201971346215  entropy = 4.822342227e-07
    sigma = 0.005  Optimized mu_beta  = -0.2058964015  entropy = 4.822342227e-07
    Total E(T) = -12113.5922292654  Free energy = -12113.5922292678  E0 = -12113.5922292666
cycle= 15 E= -12113.5922292654  delta_E= -0.000133  |g|= 0.037  |ddm|= 32.7
    sigma = 0.005  Optimized mu_alpha = -0.20193607609  entropy = 4.79934733854e-07
    sigma = 0.005  Optimized mu_beta  = -0.205908074891  entropy = 4.79934733854e-07
    Total E(T) = -12113.5923515485  Free energy = -12113.5923515509  E0 = -12113.5923515497
cycle= 16 E= -12113.5923515485  delta_E= -0.000122  |g|= 0.0364  |ddm|= 23.4
    sigma = 0.005  Optimized mu_alpha = -0.201793838416  entropy = 4.67465390503e-07
    sigma = 0.005  Optimized mu_beta  = -0.205789736612  entropy = 4.67465390503e-07
    Total E(T) = -12113.5924893913  Free energy = -12113.5924893936  E0 = -12113.5924893925
cycle= 17 E= -12113.5924893913  delta_E= -0.000138  |g|= 0.034  |ddm|= 21.2
    sigma = 0.005  Optimized mu_alpha = -0.201521865181  entropy = 4.62737575775e-07
    sigma = 0.005  Optimized mu_beta  = -0.206015920492  entropy = 4.62737575775e-07
    Total E(T) = -12113.5927137759  Free energy = -12113.5927137782  E0 = -12113.592713777
cycle= 18 E= -12113.5927137759  delta_E= -0.000224  |g|= 0.0395  |ddm|= 34.1
    sigma = 0.005  Optimized mu_alpha = -0.201464898889  entropy = 4.6459489449e-07
    sigma = 0.005  Optimized mu_beta  = -0.206544342159  entropy = 4.6459489449e-07
    Total E(T) = -12113.5931087131  Free energy = -12113.5931087154  E0 = -12113.5931087142
cycle= 19 E= -12113.5931087131  delta_E= -0.000395  |g|= 0.0478  |ddm|= 36.6
    sigma = 0.005  Optimized mu_alpha = -0.201407379509  entropy = 4.62777797128e-07
    sigma = 0.005  Optimized mu_beta  = -0.206170889327  entropy = 4.62777797128e-07
    Total E(T) = -12113.593363929  Free energy = -12113.5933639313  E0 = -12113.5933639302
cycle= 20 E= -12113.593363929  delta_E= -0.000255  |g|= 0.0488  |ddm|= 33.3
    sigma = 0.005  Optimized mu_alpha = -0.201274898094  entropy = 4.65549108573e-07
    sigma = 0.005  Optimized mu_beta  = -0.206461651068  entropy = 4.65549108573e-07
    Total E(T) = -12113.593744522  Free energy = -12113.5937445243  E0 = -12113.5937445232
cycle= 21 E= -12113.593744522  delta_E= -0.000381  |g|= 0.0552  |ddm|= 31.5
    sigma = 0.005  Optimized mu_alpha = -0.201313080222  entropy = 4.63183868142e-07
    sigma = 0.005  Optimized mu_beta  = -0.206499746619  entropy = 4.63183868142e-07
    Total E(T) = -12113.5941126257  Free energy = -12113.5941126281  E0 = -12113.5941126269
cycle= 22 E= -12113.5941126257  delta_E= -0.000368  |g|= 0.0639  |ddm|= 39.1
    sigma = 0.005  Optimized mu_alpha = -0.201254901787  entropy = 4.62414359576e-07
    sigma = 0.005  Optimized mu_beta  = -0.206459844482  entropy = 4.62414359576e-07
    Total E(T) = -12113.5944653374  Free energy = -12113.5944653397  E0 = -12113.5944653385
cycle= 23 E= -12113.5944653374  delta_E= -0.000353  |g|= 0.0698  |ddm|= 28.8
    sigma = 0.005  Optimized mu_alpha = -0.2018621236  entropy = 4.75218418497e-07
    sigma = 0.005  Optimized mu_beta  = -0.206014047626  entropy = 4.75218418497e-07
    Total E(T) = -12113.5943230301  Free energy = -12113.5943230325  E0 = -12113.5943230313
cycle= 24 E= -12113.5943230301  delta_E= 0.000142  |g|=  0.1  |ddm|= 43.6
    sigma = 0.005  Optimized mu_alpha = -0.204001224318  entropy = 5.88706557027e-07
    sigma = 0.005  Optimized mu_beta  = -0.205742055331  entropy = 5.88706557027e-07
    Total E(T) = -12113.5937604324  Free energy = -12113.5937604353  E0 = -12113.5937604339
cycle= 25 E= -12113.5937604324  delta_E= 0.000563  |g|= 0.117  |ddm|= 58.1
    sigma = 0.005  Optimized mu_alpha = -0.203068916442  entropy = 5.2917614981e-07
    sigma = 0.005  Optimized mu_beta  = -0.205802121447  entropy = 5.2917614981e-07
    Total E(T) = -12113.5933901959  Free energy = -12113.5933901985  E0 = -12113.5933901972
cycle= 26 E= -12113.5933901959  delta_E= 0.00037  |g|= 0.121  |ddm|= 49.4
    sigma = 0.005  Optimized mu_alpha = -0.202747766959  entropy = 5.15699075935e-07
    sigma = 0.005  Optimized mu_beta  = -0.205759953775  entropy = 5.15699075935e-07
    Total E(T) = -12113.5931672956  Free energy = -12113.5931672982  E0 = -12113.5931672969
cycle= 27 E= -12113.5931672956  delta_E= 0.000223  |g|= 0.118  |ddm|=   32
    sigma = 0.005  Optimized mu_alpha = -0.201727748878  entropy = 4.7036042811e-07
    sigma = 0.005  Optimized mu_beta  = -0.205943399404  entropy = 4.7036042811e-07
    Total E(T) = -12113.5933350077  Free energy = -12113.5933350101  E0 = -12113.5933350089
cycle= 28 E= -12113.5933350077  delta_E= -0.000168  |g|= 0.109  |ddm|= 25.8
    sigma = 0.005  Optimized mu_alpha = -0.202147910865  entropy = 4.82807616499e-07
    sigma = 0.005  Optimized mu_beta  = -0.205736268118  entropy = 4.82807616499e-07
    Total E(T) = -12113.5932759546  Free energy = -12113.593275957  E0 = -12113.5932759558
cycle= 29 E= -12113.5932759546  delta_E= 5.91e-05  |g|= 0.11  |ddm|= 17.9
    sigma = 0.005  Optimized mu_alpha = -0.203877665471  entropy = 5.67042481597e-07
    sigma = 0.005  Optimized mu_beta  = -0.205622804561  entropy = 5.67042481597e-07
    Total E(T) = -12113.5927885716  Free energy = -12113.5927885745  E0 = -12113.5927885731
cycle= 30 E= -12113.5927885716  delta_E= 0.000487  |g|= 0.125  |ddm|= 34.8
    sigma = 0.005  Optimized mu_alpha = -0.204128582941  entropy = 5.82569602308e-07
    sigma = 0.005  Optimized mu_beta  = -0.205532823235  entropy = 5.82569602308e-07
    Total E(T) = -12113.5922508865  Free energy = -12113.5922508894  E0 = -12113.5922508879
cycle= 31 E= -12113.5922508865  delta_E= 0.000538  |g|= 0.134  |ddm|= 33.2
    sigma = 0.005  Optimized mu_alpha = -0.202081539821  entropy = 4.82148423736e-07
    sigma = 0.005  Optimized mu_beta  = -0.205580743763  entropy = 4.82148423736e-07
    Total E(T) = -12113.5922499814  Free energy = -12113.5922499839  E0 = -12113.5922499827
cycle= 32 E= -12113.5922499814  delta_E= 9.05e-07  |g|= 0.144  |ddm|= 44.1
    sigma = 0.005  Optimized mu_alpha = -0.202670175448  entropy = 5.02859703096e-07
    sigma = 0.005  Optimized mu_beta  = -0.205706613044  entropy = 5.02859703096e-07
    Total E(T) = -12113.5921114445  Free energy = -12113.592111447  E0 = -12113.5921114457
cycle= 33 E= -12113.5921114445  delta_E= 0.000139  |g|= 0.15  |ddm|= 20.6
    sigma = 0.005  Optimized mu_alpha = -0.203867093735  entropy = 5.63504382581e-07
    sigma = 0.005  Optimized mu_beta  = -0.205645607303  entropy = 5.63504382581e-07
    Total E(T) = -12113.5916618877  Free energy = -12113.5916618905  E0 = -12113.5916618891
cycle= 34 E= -12113.5916618877  delta_E= 0.00045  |g|= 0.154  |ddm|= 27.5
    sigma = 0.005  Optimized mu_alpha = -0.200633395962  entropy = 4.77475618853e-07
    sigma = 0.005  Optimized mu_beta  = -0.206527970502  entropy = 4.77475618853e-07
    Total E(T) = -12113.5930310176  Free energy = -12113.59303102  E0 = -12113.5930310188
cycle= 35 E= -12113.5930310176  delta_E= -0.00137  |g|= 0.122  |ddm|=  128
    sigma = 0.005  Optimized mu_alpha = -0.201375196631  entropy = 4.51983451465e-07
    sigma = 0.005  Optimized mu_beta  = -0.206910503835  entropy = 4.51983451465e-07
    Total E(T) = -12113.5942486787  Free energy = -12113.5942486809  E0 = -12113.5942486798
cycle= 36 E= -12113.5942486787  delta_E= -0.00122  |g|= 0.11  |ddm|=  151
    sigma = 0.005  Optimized mu_alpha = -0.201204772335  entropy = 4.59117790272e-07
    sigma = 0.005  Optimized mu_beta  = -0.206826898022  entropy = 4.59117790272e-07
    Total E(T) = -12113.595373813  Free energy = -12113.5953738153  E0 = -12113.5953738141
cycle= 37 E= -12113.595373813  delta_E= -0.00113  |g|= 0.0843  |ddm|= 80.8
    sigma = 0.005  Optimized mu_alpha = -0.200886291556  entropy = 4.59808601747e-07
    sigma = 0.005  Optimized mu_beta  = -0.206611551503  entropy = 4.59808601747e-07
    Total E(T) = -12113.5963606251  Free energy = -12113.5963606274  E0 = -12113.5963606262
cycle= 38 E= -12113.5963606251  delta_E= -0.000987  |g|= 0.0942  |ddm|= 93.5
    sigma = 0.005  Optimized mu_alpha = -0.201027530289  entropy = 4.62593863623e-07
    sigma = 0.005  Optimized mu_beta  = -0.20676879923  entropy = 4.62593863623e-07
    Total E(T) = -12113.5972704684  Free energy = -12113.5972704708  E0 = -12113.5972704696
cycle= 39 E= -12113.5972704684  delta_E= -0.00091  |g|= 0.0673  |ddm|=   60
    sigma = 0.005  Optimized mu_alpha = -0.201172475975  entropy = 4.61529810287e-07
    sigma = 0.005  Optimized mu_beta  = -0.206880502405  entropy = 4.61529810287e-07
    Total E(T) = -12113.5981183066  Free energy = -12113.5981183089  E0 = -12113.5981183077
cycle= 40 E= -12113.5981183066  delta_E= -0.000848  |g|= 0.0613  |ddm|= 60.9
    sigma = 0.005  Optimized mu_alpha = -0.201159472592  entropy = 4.59279631066e-07
    sigma = 0.005  Optimized mu_beta  = -0.206860067436  entropy = 4.59279631066e-07
    Total E(T) = -12113.598927179  Free energy = -12113.5989271813  E0 = -12113.5989271802
cycle= 41 E= -12113.598927179  delta_E= -0.000809  |g|= 0.0459  |ddm|= 56.9
    sigma = 0.005  Optimized mu_alpha = -0.201067409769  entropy = 4.55605397555e-07
    sigma = 0.005  Optimized mu_beta  = -0.20663810302  entropy = 4.55605397555e-07
    Total E(T) = -12113.5996906317  Free energy = -12113.599690634  E0 = -12113.5996906329
cycle= 42 E= -12113.5996906317  delta_E= -0.000763  |g|= 0.0589  |ddm|= 83.9
    sigma = 0.005  Optimized mu_alpha = -0.201355451759  entropy = 4.52338047199e-07
    sigma = 0.005  Optimized mu_beta  = -0.206895389913  entropy = 4.52338047199e-07
    Total E(T) = -12113.6004200021  Free energy = -12113.6004200044  E0 = -12113.6004200032
cycle= 43 E= -12113.6004200021  delta_E= -0.000729  |g|= 0.0492  |ddm|= 75.7
    sigma = 0.005  Optimized mu_alpha = -0.201420409493  entropy = 4.42407170819e-07
    sigma = 0.005  Optimized mu_beta  = -0.206691064225  entropy = 4.42407170819e-07
    Total E(T) = -12113.6009449751  Free energy = -12113.6009449773  E0 = -12113.6009449762
cycle= 44 E= -12113.6009449751  delta_E= -0.000525  |g|= 0.06  |ddm|= 95.6
    sigma = 0.005  Optimized mu_alpha = -0.201530154918  entropy = 4.37279039947e-07
    sigma = 0.005  Optimized mu_beta  = -0.206636907131  entropy = 4.37279039947e-07
    Total E(T) = -12113.6012549973  Free energy = -12113.6012549995  E0 = -12113.6012549984
cycle= 45 E= -12113.6012549973  delta_E= -0.00031  |g|= 0.0566  |ddm|= 55.2
    sigma = 0.005  Optimized mu_alpha = -0.201562384376  entropy = 4.28403151159e-07
    sigma = 0.005  Optimized mu_beta  = -0.206506894094  entropy = 4.28403151159e-07
    Total E(T) = -12113.6014212053  Free energy = -12113.6014212074  E0 = -12113.6014212064
cycle= 46 E= -12113.6014212053  delta_E= -0.000166  |g|= 0.0375  |ddm|= 62.7
    sigma = 0.005  Optimized mu_alpha = -0.201422065749  entropy = 4.32352586796e-07
    sigma = 0.005  Optimized mu_beta  = -0.206474476412  entropy = 4.32352586796e-07
    Total E(T) = -12113.6015373053  Free energy = -12113.6015373075  E0 = -12113.6015373064
cycle= 47 E= -12113.6015373053  delta_E= -0.000116  |g|= 0.0515  |ddm|=   62
    sigma = 0.005  Optimized mu_alpha = -0.201592067622  entropy = 4.23100271706e-07
    sigma = 0.005  Optimized mu_beta  = -0.206431274294  entropy = 4.23100271706e-07
    Total E(T) = -12113.6016320192  Free energy = -12113.6016320214  E0 = -12113.6016320203
cycle= 48 E= -12113.6016320192  delta_E= -9.47e-05  |g|= 0.032  |ddm|= 57.2
    sigma = 0.005  Optimized mu_alpha = -0.201526326939  entropy = 4.22833019175e-07
    sigma = 0.005  Optimized mu_beta  = -0.206345115916  entropy = 4.22833019175e-07
    Total E(T) = -12113.6016971949  Free energy = -12113.601697197  E0 = -12113.601697196
cycle= 49 E= -12113.6016971949  delta_E= -6.52e-05  |g|= 0.0222  |ddm|= 31.7
    sigma = 0.005  Optimized mu_alpha = -0.201556554546  entropy = 4.22159059349e-07
    sigma = 0.005  Optimized mu_beta  = -0.206381754459  entropy = 4.22159059349e-07
    Total E(T) = -12113.6017509041  Free energy = -12113.6017509062  E0 = -12113.6017509052
cycle= 50 E= -12113.6017509041  delta_E= -5.37e-05  |g|= 0.0136  |ddm|= 21.6
    sigma = 0.005  Optimized mu_alpha = -0.201542907605  entropy = 4.20626628572e-07
    sigma = 0.005  Optimized mu_beta  = -0.206341886124  entropy = 4.20626628572e-07
    Total E(T) = -12113.6017940531  Free energy = -12113.6017940552  E0 = -12113.6017940542
cycle= 51 E= -12113.6017940531  delta_E= -4.31e-05  |g|= 0.0115  |ddm|= 21.9
    sigma = 0.005  Optimized mu_alpha = -0.201546322237  entropy = 4.20022182106e-07
    sigma = 0.005  Optimized mu_beta  = -0.206342647776  entropy = 4.20022182106e-07
    Total E(T) = -12113.6018326458  Free energy = -12113.6018326479  E0 = -12113.6018326469
cycle= 52 E= -12113.6018326458  delta_E= -3.86e-05  |g|= 0.0115  |ddm|= 23.8
    sigma = 0.005  Optimized mu_alpha = -0.201593339191  entropy = 4.19016217546e-07
    sigma = 0.005  Optimized mu_beta  = -0.206349760282  entropy = 4.19016217546e-07
    Total E(T) = -12113.6018695736  Free energy = -12113.6018695757  E0 = -12113.6018695746
cycle= 53 E= -12113.6018695736  delta_E= -3.69e-05  |g|= 0.00742  |ddm|= 20.4
    sigma = 0.005  Optimized mu_alpha = -0.201589969532  entropy = 4.18063449793e-07
    sigma = 0.005  Optimized mu_beta  = -0.206319573779  entropy = 4.18063449793e-07
    Total E(T) = -12113.601902182  Free energy = -12113.6019021841  E0 = -12113.601902183
cycle= 54 E= -12113.601902182  delta_E= -3.26e-05  |g|= 0.00556  |ddm|= 16.6
    sigma = 0.005  Optimized mu_alpha = -0.301235063655  entropy = 13.1363215697
    sigma = 0.005  Optimized mu_beta  = -0.30548462758  entropy = 13.1363215697
    Total E(T) = -12113.5680590214  Free energy = -12113.6337406292  E0 = -12113.6008998253
Extra cycle  E= -12113.5680590214  delta_E= 0.0338  |g|= 0.305  |ddm|= 1.41e+03
converged SCF energy = -12113.5680590214  <S^2> = 4.3661254  2S+1 = 4.2970341
[timing] right/Al ensemble SCF = 4612.0s
[timing] collect state = 0.0s
[timing] grad contraction = 1.7s
[timing] checkpoint save = 0.0s
step=   5 L=-12258.08995765 Ef=-12257.70676315 |grad|=4.49276e-01 t=4626.5s
[diagnostic] step=6 |b|=1.844908e+00 max|b|=6.490021e-01
[timing] build AO Vp from S3 = 1.7s
[diagnostic] |vpl|=2.809089e+00 max|vpl|=5.131887e-01
[diagnostic] |vpr|=2.169959e+00 max|vpr|=4.205648e-01
[diagnostic] |vpref|=3.047211e+00 max|vpref|=5.128500e-01
dm0 check [[[ 1.51511375e-09  2.24391589e-08  1.89789891e-07 ... -1.14719081e-07
    7.42477062e-07  6.64944161e-08]
  [ 2.24391589e-08  3.34444528e-07  2.75067334e-06 ... -1.77767252e-06
    1.10110597e-05  1.04758033e-06]
  [ 1.89789891e-07  2.75067334e-06  2.57237859e-05 ... -1.02770044e-05
    9.27869394e-05  4.99877599e-06]
  ...
  [-1.14719081e-07 -1.77767252e-06 -1.02770044e-05 ...  2.27166695e-04
    1.81897075e-06 -1.91352275e-04]
  [ 7.42477062e-07  1.10110597e-05  9.27869394e-05 ...  1.81897075e-06
    4.79980250e-04 -1.62432560e-06]
  [ 6.64944161e-08  1.04758033e-06  4.99877599e-06 ... -1.91352275e-04
   -1.62432560e-06  6.55604901e-04]]

 [[ 2.14412339e-09  3.18475823e-08  2.65523746e-07 ... -7.48707590e-08
    1.03578265e-06  2.38439564e-08]
  [ 3.18475823e-08  4.74248181e-07  3.91397254e-06 ... -9.93114483e-07
    1.53190780e-05  2.50156848e-07]
  [ 2.65523746e-07  3.91397254e-06  3.37625586e-05 ... -1.10142987e-05
    1.30901559e-04  4.52869125e-06]
  ...
  [-7.48707590e-08 -9.93114483e-07 -1.10142987e-05 ...  2.49604184e-04
    2.27939039e-06 -2.10130204e-04]
  [ 1.03578265e-06  1.53190780e-05  1.30901559e-04 ...  2.27939039e-06
    5.52938943e-04 -2.04467330e-06]
  [ 2.38439564e-08  2.50156848e-07  4.52869125e-06 ... -2.10130204e-04
   -2.04467330e-06  7.46013495e-04]]]
converged SCF energy = -150.226693714539  <S^2> = 2.0045398  2S+1 = 3.003025
dm0 check [[[ 1.14641432e-09  1.70871270e-08  1.38754498e-07 ... -8.06213907e-08
    6.25415496e-07  4.56932750e-08]
  [ 1.70871270e-08  2.56086838e-07  2.02953305e-06 ... -1.06183377e-06
    9.18279268e-06  7.18418058e-07]
  [ 1.38754498e-07  2.02953305e-06  1.80708109e-05 ... -1.26947899e-05
    8.12950555e-05  3.19896830e-06]
  ...
  [-8.06213907e-08 -1.06183377e-06 -1.26947899e-05 ...  2.39058167e-04
   -1.61674475e-06 -1.68274711e-04]
  [ 6.25415496e-07  9.18279268e-06  8.12950555e-05 ... -1.61674475e-06
    4.44994585e-04 -4.06038938e-06]
  [ 4.56932750e-08  7.18418058e-07  3.19896830e-06 ... -1.68274711e-04
   -4.06038938e-06  5.95721788e-04]]

 [[ 2.53029630e-08  3.85039161e-07  2.83120217e-06 ... -1.48565745e-07
    1.05897670e-07  7.43893411e-08]
  [ 3.85039161e-07  5.86060637e-06  4.30448777e-05 ... -2.17963598e-06
    1.18331044e-06  1.05288665e-06]
  [ 2.83120217e-06  4.30448777e-05  3.17984248e-04 ... -1.75089152e-05
    2.68735812e-05  9.39054829e-06]
  ...
  [-1.48565745e-07 -2.17963598e-06 -1.75089152e-05 ...  2.30571304e-04
    2.08893263e-07 -1.91670881e-04]
  [ 1.05897670e-07  1.18331044e-06  2.68735812e-05 ...  2.08893263e-07
    4.63237948e-04 -3.50219014e-06]
  [ 7.43893411e-08  1.05288665e-06  9.39054829e-06 ... -1.91670881e-04
   -3.50219014e-06  6.49568369e-04]]]
converged SCF energy = -150.244985829828  <S^2> = 0.92980164  2S+1 = 2.1723735
[timing] left/O ensemble SCF = 11.3s
dm0 check [[ 3.82521299e-01  6.13623786e-01 -1.27901449e-01 ...  4.51829545e-05
   2.60953547e-05 -7.20029337e-05]
 [ 6.13623786e-01  1.01178922e+00 -3.37588615e-01 ...  1.21677131e-04
   6.93911538e-05 -1.93543570e-04]
 [-1.27901449e-01 -3.37588615e-01  6.83406942e-01 ... -2.96196581e-04
  -1.70303163e-04  4.72394307e-04]
 ...
 [ 4.51829545e-05  1.21677131e-04 -2.96196581e-04 ...  2.35544836e-04
   1.24466027e-04 -3.34972473e-04]
 [ 2.60953547e-05  6.93911538e-05 -1.70303163e-04 ...  1.24466027e-04
   6.75483591e-05 -1.79451301e-04]
 [-7.20029337e-05 -1.93543570e-04  4.72394307e-04 ... -3.34972473e-04
  -1.79451301e-04  4.87639440e-04]]


******** <class 'pyscf.scf.addons.SmearingDFRKS'> ********
method = SmearingDFRKS
initial guess = minao
damping factor = 0.15
level_shift factor = 0.2
DIIS = <class 'pyscf.scf.diis.CDIIS'>
diis_start_cycle = 1
diis_space = 12
diis_damp = 0
SCF conv_tol = 5e-05
SCF conv_tol_grad = None
SCF max_cycles = 200
direct_scf = True
direct_scf_tol = 1e-13
chkfile to save SCF result = /tmp/tmpmd13886h
max_memory 4000 MB (current use 87260 MB)
XC library pyscf.dft.libxc version 6.1.0
    S. Lehtola, C. Steigemann, M. J.T. Oliveira, and M. A.L. Marques.,  SoftwareX 7, 1–5 (2018)
XC functionals = pbe
    J. P. Perdew, K. Burke, and M. Ernzerhof.,  Phys. Rev. Lett. 77, 3865 (1996)
    J. P. Perdew, K. Burke, and M. Ernzerhof.,  Phys. Rev. Lett. 78, 1396 (1997)
    J. P. Perdew, K. Burke, and M. Ernzerhof.,  Phys. Rev. Lett. 77, 3865 (1996)
    J. P. Perdew, K. Burke, and M. Ernzerhof.,  Phys. Rev. Lett. 78, 1396 (1997)
small_rho_cutoff = 1e-06
Set gradient conv threshold to 0.00707107
    Total E(T) = -12112.9569141176  Free energy = -12113.989769286  E0 = -12113.4733417018
init E= -12112.9569141176
    sigma = 0.02  Optimized mu = -0.0547822863172  entropy = 1.62626136018
    Total E(T) = -12113.0544009386  Free energy = -12113.0869261658  E0 = -12113.0706635522
cycle= 1 E= -12113.0544009386  delta_E= -0.0975  |g|= 0.609  |ddm|= 1.19e+03
    sigma = 0.02  Optimized mu = -0.0530310228952  entropy = 1.67456573156
    Total E(T) = -12112.9971869983  Free energy = -12113.0306783129  E0 = -12113.0139326556
cycle= 2 E= -12112.9971869983  delta_E= 0.0572  |g|= 1.38  |ddm|= 1.57e+03
    sigma = 0.02  Optimized mu = -0.0535506746808  entropy = 1.60286079963
    Total E(T) = -12113.0692072066  Free energy = -12113.1012644226  E0 = -12113.0852358146
cycle= 3 E= -12113.0692072066  delta_E= -0.072  |g|= 0.621  |ddm|= 1.71e+03
    sigma = 0.02  Optimized mu = -0.0536766303515  entropy = 1.54117804657
    Total E(T) = -12113.0764362625  Free energy = -12113.1072598234  E0 = -12113.091848043
cycle= 4 E= -12113.0764362625  delta_E= -0.00723  |g|= 0.23  |ddm|=  665
    sigma = 0.02  Optimized mu = -0.053344343055  entropy = 1.53824815165
    Total E(T) = -12113.0792830966  Free energy = -12113.1100480597  E0 = -12113.0946655782
cycle= 5 E= -12113.0792830966  delta_E= -0.00285  |g|= 0.136  |ddm|=  267
    sigma = 0.02  Optimized mu = -0.0531216032837  entropy = 1.53966324371
    Total E(T) = -12113.0803762213  Free energy = -12113.1111694861  E0 = -12113.0957728537
cycle= 6 E= -12113.0803762213  delta_E= -0.00109  |g|= 0.0748  |ddm|=  171
    sigma = 0.02  Optimized mu = -0.0529715029783  entropy = 1.5389085346
    Total E(T) = -12113.0808182853  Free energy = -12113.111596456  E0 = -12113.0962073707
cycle= 7 E= -12113.0808182853  delta_E= -0.000442  |g|= 0.0261  |ddm|=  125
    sigma = 0.02  Optimized mu = -0.0530073120029  entropy = 1.53812938082
    Total E(T) = -12113.0809973891  Free energy = -12113.1117599768  E0 = -12113.0963786829
cycle= 8 E= -12113.0809973891  delta_E= -0.000179  |g|= 0.0173  |ddm|=   90
    sigma = 0.02  Optimized mu = -0.0529445785649  entropy = 1.53788338981
    Total E(T) = -12113.0810989159  Free energy = -12113.1118565837  E0 = -12113.0964777498
cycle= 9 E= -12113.0810989159  delta_E= -0.000102  |g|= 0.00953  |ddm|= 63.9
    sigma = 0.02  Optimized mu = -0.053032889075  entropy = 1.53702048395
    Total E(T) = -12113.0811652414  Free energy = -12113.1119056511  E0 = -12113.0965354463
cycle= 10 E= -12113.0811652414  delta_E= -6.63e-05  |g|= 0.00915  |ddm|= 47.2
    sigma = 0.02  Optimized mu = -0.0529235201894  entropy = 1.53719706573
    Total E(T) = -12113.0812117035  Free energy = -12113.1119556448  E0 = -12113.0965836742
cycle= 11 E= -12113.0812117035  delta_E= -4.65e-05  |g|= 0.00543  |ddm|= 35.3
    sigma = 0.02  Optimized mu = -0.153062312095  entropy = 51.4288504544
    Total E(T) = -12112.5554953676  Free energy = -12113.5840723767  E0 = -12113.0697838722
Extra cycle  E= -12112.5554953676  delta_E= 0.526  |g|= 0.394  |ddm|= 4.38e+03
converged SCF energy = -12112.5554953676
dm0 check [[[ 1.91285107e-01  3.06877158e-01 -6.41055574e-02 ...  7.32471511e-06
    3.78093102e-06 -1.65557527e-05]
  [ 3.06877158e-01  5.06067508e-01 -1.69202513e-01 ...  1.98943569e-05
    9.83958243e-06 -4.46009005e-05]
  [-6.41055574e-02 -1.69202513e-01  3.42659704e-01 ... -4.79483365e-05
   -2.43446456e-05  1.08429767e-04]
  ...
  [ 7.32471511e-06  1.98943569e-05 -4.79483365e-05 ...  1.90190208e-06
    7.34751196e-07 -4.57350253e-06]
  [ 3.78093102e-06  9.83958243e-06 -2.43446456e-05 ...  7.34751196e-07
    9.37646644e-07 -2.54827966e-06]
  [-1.65557527e-05 -4.46009005e-05  1.08429767e-04 ... -4.57350253e-06
   -2.54827966e-06  1.39406058e-05]]

 [[ 1.91263204e-01  3.06817738e-01 -6.39690226e-02 ...  2.03679746e-06
    2.30944369e-06 -9.15692861e-06]
  [ 3.06817738e-01  5.05909520e-01 -1.68843622e-01 ...  5.72413960e-06
    5.90586229e-06 -2.47952715e-05]
  [-6.39690226e-02 -1.68843622e-01  3.41847187e-01 ... -1.36053531e-05
   -1.49306642e-05  6.06047859e-05]
  ...
  [ 2.03679746e-06  5.72413960e-06 -1.36053531e-05 ...  2.83138554e-04
    1.47078924e-04 -3.80002139e-04]
  [ 2.30944369e-06  5.90586229e-06 -1.49306642e-05 ...  1.47078924e-04
    7.72511067e-05 -1.98514141e-04]
  [-9.15692861e-06 -2.47952715e-05  6.06047859e-05 ... -3.80002139e-04
   -1.98514141e-04  5.16318199e-04]]]


******** <class 'pyscf.scf.addons.SmearingDFUKS'> ********
method = SmearingDFUKS
initial guess = minao
damping factor = 0.15
level_shift factor = 0.2
DIIS = <class 'pyscf.scf.diis.CDIIS'>
diis_start_cycle = 1
diis_space = 12
diis_damp = 0
SCF conv_tol = 5e-05
SCF conv_tol_grad = None
SCF max_cycles = 200
direct_scf = True
direct_scf_tol = 1e-13
chkfile to save SCF result = /tmp/tmp248gej4f
max_memory 4000 MB (current use 87260 MB)
number electrons alpha = 325  beta = 323
XC library pyscf.dft.libxc version 6.1.0
    S. Lehtola, C. Steigemann, M. J.T. Oliveira, and M. A.L. Marques.,  SoftwareX 7, 1–5 (2018)
XC functionals = pbe
    J. P. Perdew, K. Burke, and M. Ernzerhof.,  Phys. Rev. Lett. 77, 3865 (1996)
    J. P. Perdew, K. Burke, and M. Ernzerhof.,  Phys. Rev. Lett. 78, 1396 (1997)
    J. P. Perdew, K. Burke, and M. Ernzerhof.,  Phys. Rev. Lett. 77, 3865 (1996)
    J. P. Perdew, K. Burke, and M. Ernzerhof.,  Phys. Rev. Lett. 78, 1396 (1997)
small_rho_cutoff = 1e-06
Set gradient conv threshold to 0.00707107
    Total E(T) = -12112.5047587445  Free energy = -12112.5704403524  E0 = -12112.5375995484
init E= -12112.5047587445
    sigma = 0.005  Optimized mu_alpha = -0.20246873419  entropy = 0.000163866260705
    sigma = 0.005  Optimized mu_beta  = -0.167328756679  entropy = 0.000163866260705
    Total E(T) = -12112.6051827032  Free energy = -12112.6051835225  E0 = -12112.6051831129
cycle= 1 E= -12112.6051827032  delta_E= -0.1  |g|= 0.77  |ddm|= 1.03e+03
    sigma = 0.005  Optimized mu_alpha = -0.198837591162  entropy = 5.2098878118e-07
    sigma = 0.005  Optimized mu_beta  = -0.200260608927  entropy = 5.2098878118e-07
    Total E(T) = -12112.5821327289  Free energy = -12112.5821327315  E0 = -12112.5821327302
cycle= 2 E= -12112.5821327289  delta_E= 0.023  |g|= 1.44  |ddm|=  869
    sigma = 0.005  Optimized mu_alpha = -0.199665654723  entropy = 6.47493290401e-07
    sigma = 0.005  Optimized mu_beta  = -0.198716816915  entropy = 6.47493290401e-07
    Total E(T) = -12112.6165130026  Free energy = -12112.6165130058  E0 = -12112.6165130042
cycle= 3 E= -12112.6165130026  delta_E= -0.0344  |g|= 1.01  |ddm|= 1.21e+03
    sigma = 0.005  Optimized mu_alpha = -0.199123341184  entropy = 3.90368429038e-07
    sigma = 0.005  Optimized mu_beta  = -0.200699063394  entropy = 3.90368429038e-07
    Total E(T) = -12112.6276991792  Free energy = -12112.6276991811  E0 = -12112.6276991801
cycle= 4 E= -12112.6276991792  delta_E= -0.0112  |g|= 0.396  |ddm|=  361
    sigma = 0.005  Optimized mu_alpha = -0.19850119485  entropy = 3.80413587773e-07
    sigma = 0.005  Optimized mu_beta  = -0.200493879453  entropy = 3.80413587773e-07
    Total E(T) = -12112.6328652717  Free energy = -12112.6328652736  E0 = -12112.6328652726
cycle= 5 E= -12112.6328652717  delta_E= -0.00517  |g|= 0.227  |ddm|=  190
    sigma = 0.005  Optimized mu_alpha = -0.198298016033  entropy = 3.77081289681e-07
    sigma = 0.005  Optimized mu_beta  = -0.20057745894  entropy = 3.77081289681e-07
    Total E(T) = -12112.6349070358  Free energy = -12112.6349070377  E0 = -12112.6349070367
cycle= 6 E= -12112.6349070358  delta_E= -0.00204  |g|= 0.171  |ddm|=  162
    sigma = 0.005  Optimized mu_alpha = -0.197825800349  entropy = 3.70236583139e-07
    sigma = 0.005  Optimized mu_beta  = -0.200240140349  entropy = 3.70236583139e-07
    Total E(T) = -12112.6362576785  Free energy = -12112.6362576804  E0 = -12112.6362576795
cycle= 7 E= -12112.6362576785  delta_E= -0.00135  |g|= 0.0497  |ddm|=  134
    sigma = 0.005  Optimized mu_alpha = -0.197816600975  entropy = 3.69867156231e-07
    sigma = 0.005  Optimized mu_beta  = -0.200281979038  entropy = 3.69867156231e-07
    Total E(T) = -12112.6369253504  Free energy = -12112.6369253523  E0 = -12112.6369253513
cycle= 8 E= -12112.6369253504  delta_E= -0.000668  |g|= 0.0482  |ddm|=  105
    sigma = 0.005  Optimized mu_alpha = -0.197895064315  entropy = 3.68891371213e-07
    sigma = 0.005  Optimized mu_beta  = -0.200369750513  entropy = 3.68891371213e-07
    Total E(T) = -12112.6374054104  Free energy = -12112.6374054122  E0 = -12112.6374054113
cycle= 9 E= -12112.6374054104  delta_E= -0.00048  |g|= 0.0276  |ddm|= 74.2
    sigma = 0.005  Optimized mu_alpha = -0.197773600001  entropy = 3.68352900258e-07
    sigma = 0.005  Optimized mu_beta  = -0.200275262005  entropy = 3.68352900258e-07
    Total E(T) = -12112.6377689603  Free energy = -12112.6377689621  E0 = -12112.6377689612
cycle= 10 E= -12112.6377689603  delta_E= -0.000364  |g|= 0.0228  |ddm|= 58.1
    sigma = 0.005  Optimized mu_alpha = -0.197872556525  entropy = 3.65914902826e-07
    sigma = 0.005  Optimized mu_beta  = -0.200413874078  entropy = 3.65914902826e-07
    Total E(T) = -12112.6380441554  Free energy = -12112.6380441572  E0 = -12112.6380441563
cycle= 11 E= -12112.6380441554  delta_E= -0.000275  |g|= 0.0283  |ddm|= 63.7
    sigma = 0.005  Optimized mu_alpha = -0.197610151126  entropy = 3.66586881921e-07
    sigma = 0.005  Optimized mu_beta  = -0.200176732648  entropy = 3.66586881921e-07
    Total E(T) = -12112.6382672728  Free energy = -12112.6382672746  E0 = -12112.6382672737
cycle= 12 E= -12112.6382672728  delta_E= -0.000223  |g|= 0.0264  |ddm|= 56.6
    sigma = 0.005  Optimized mu_alpha = -0.197676164226  entropy = 3.66263353765e-07
    sigma = 0.005  Optimized mu_beta  = -0.200243685148  entropy = 3.66263353765e-07
    Total E(T) = -12112.6384322307  Free energy = -12112.6384322325  E0 = -12112.6384322316
cycle= 13 E= -12112.6384322307  delta_E= -0.000165  |g|= 0.023  |ddm|= 48.6
    sigma = 0.005  Optimized mu_alpha = -0.197707745464  entropy = 3.65772711464e-07
    sigma = 0.005  Optimized mu_beta  = -0.200278328653  entropy = 3.65772711464e-07
    Total E(T) = -12112.6385548088  Free energy = -12112.6385548106  E0 = -12112.6385548097
cycle= 14 E= -12112.6385548088  delta_E= -0.000123  |g|= 0.0208  |ddm|= 41.2
    sigma = 0.005  Optimized mu_alpha = -0.197668977191  entropy = 3.65208800087e-07
    sigma = 0.005  Optimized mu_beta  = -0.200248559213  entropy = 3.65208800087e-07
    Total E(T) = -12112.6386432435  Free energy = -12112.6386432453  E0 = -12112.6386432444
cycle= 15 E= -12112.6386432435  delta_E= -8.84e-05  |g|= 0.0201  |ddm|= 36.5
    sigma = 0.005  Optimized mu_alpha = -0.197690602242  entropy = 3.64889618681e-07
    sigma = 0.005  Optimized mu_beta  = -0.200270619619  entropy = 3.64889618681e-07
    Total E(T) = -12112.6387093906  Free energy = -12112.6387093924  E0 = -12112.6387093915
cycle= 16 E= -12112.6387093906  delta_E= -6.61e-05  |g|= 0.0191  |ddm|= 32.6
    sigma = 0.005  Optimized mu_alpha = -0.197717621294  entropy = 3.65009671866e-07
    sigma = 0.005  Optimized mu_beta  = -0.200291615522  entropy = 3.65009671866e-07
    Total E(T) = -12112.6387609891  Free energy = -12112.638760991  E0 = -12112.6387609901
cycle= 17 E= -12112.6387609891  delta_E= -5.16e-05  |g|= 0.0139  |ddm|= 28.5
    sigma = 0.005  Optimized mu_alpha = -0.19767434762  entropy = 3.64769779954e-07
    sigma = 0.005  Optimized mu_beta  = -0.20024887299  entropy = 3.64769779954e-07
    Total E(T) = -12112.6387989901  Free energy = -12112.6387989919  E0 = -12112.638798991
cycle= 18 E= -12112.6387989901  delta_E= -3.8e-05  |g|= 0.0107  |ddm|=   25
    sigma = 0.005  Optimized mu_alpha = -0.197699362242  entropy = 3.64551204007e-07
    sigma = 0.005  Optimized mu_beta  = -0.200272556686  entropy = 3.64551204007e-07
    Total E(T) = -12112.6388271277  Free energy = -12112.6388271295  E0 = -12112.6388271286
cycle= 19 E= -12112.6388271277  delta_E= -2.81e-05  |g|= 0.00954  |ddm|= 22.7
    sigma = 0.005  Optimized mu_alpha = -0.197672991696  entropy = 3.64558377799e-07
    sigma = 0.005  Optimized mu_beta  = -0.200244841238  entropy = 3.64558377799e-07
    Total E(T) = -12112.6388492936  Free energy = -12112.6388492954  E0 = -12112.6388492945
cycle= 20 E= -12112.6388492936  delta_E= -2.22e-05  |g|= 0.00715  |ddm|= 19.8
    sigma = 0.005  Optimized mu_alpha = -0.197685444019  entropy = 3.64340060069e-07
    sigma = 0.005  Optimized mu_beta  = -0.200257329304  entropy = 3.64340060069e-07
    Total E(T) = -12112.6388663472  Free energy = -12112.6388663491  E0 = -12112.6388663481
cycle= 21 E= -12112.6388663472  delta_E= -1.71e-05  |g|= 0.00855  |ddm|=   18
    sigma = 0.005  Optimized mu_alpha = -0.197685313192  entropy = 3.64366648279e-07
    sigma = 0.005  Optimized mu_beta  = -0.200255282275  entropy = 3.64366648279e-07
    Total E(T) = -12112.6388808727  Free energy = -12112.6388808745  E0 = -12112.6388808736
cycle= 22 E= -12112.6388808727  delta_E= -1.45e-05  |g|= 0.00535  |ddm|= 15.1
    sigma = 0.005  Optimized mu_alpha = -0.29728933422  entropy = 12.8539086372
    sigma = 0.005  Optimized mu_beta  = -0.300192194707  entropy = 12.8539086372
    Total E(T) = -12112.6049774925  Free energy = -12112.6692470357  E0 = -12112.6371122641
Extra cycle  E= -12112.6049774925  delta_E= 0.0339  |g|= 0.207  |ddm|=  947
converged SCF energy = -12112.6049774925  <S^2> = 3.7630059  2S+1 = 4.0064977
[timing] right/Al ensemble SCF = 2156.2s
[timing] collect state = 0.0s
[timing] grad contraction = 1.6s
[timing] checkpoint save = 0.0s
step=   6 L=-12261.08957793 Ef=-12261.08905060 |grad|=3.98848e-02 t=2171.3s
[diagnostic] step=7 |b|=2.370118e+00 max|b|=8.444080e-01
[timing] build AO Vp from S3 = 1.6s
[diagnostic] |vpl|=3.650385e+00 max|vpl|=6.757118e-01
[diagnostic] |vpr|=2.521688e+00 max|vpr|=5.614974e-01
[diagnostic] |vpref|=3.752567e+00 max|vpref|=6.751535e-01
dm0 check [[[ 1.51511400e-09  2.24391600e-08  1.89789928e-07 ... -1.14718962e-07
    7.42476714e-07  6.64943065e-08]
  [ 2.24391600e-08  3.34444485e-07  2.75067385e-06 ... -1.77767047e-06
    1.10110561e-05  1.04757833e-06]
  [ 1.89789928e-07  2.75067385e-06  2.57237919e-05 ... -1.02769880e-05
    9.27868883e-05  4.99876130e-06]
  ...
  [-1.14718962e-07 -1.77767047e-06 -1.02769880e-05 ...  2.27166751e-04
    1.81897134e-06 -1.91352321e-04]
  [ 7.42476714e-07  1.10110561e-05  9.27868883e-05 ...  1.81897134e-06
    4.79980282e-04 -1.62432522e-06]
  [ 6.64943065e-08  1.04757833e-06  4.99876130e-06 ... -1.91352321e-04
   -1.62432522e-06  6.55604975e-04]]

 [[ 2.14412354e-09  3.18475846e-08  2.65523731e-07 ... -7.48705364e-08
    1.03578253e-06  2.38437649e-08]
  [ 3.18475846e-08  4.74248192e-07  3.91397261e-06 ... -9.93112989e-07
    1.53190768e-05  2.50155505e-07]
  [ 2.65523731e-07  3.91397261e-06  3.37625555e-05 ... -1.10142837e-05
    1.30901536e-04  4.52867858e-06]
  ...
  [-7.48705364e-08 -9.93112989e-07 -1.10142837e-05 ...  2.49604225e-04
    2.27939081e-06 -2.10130239e-04]
  [ 1.03578253e-06  1.53190768e-05  1.30901536e-04 ...  2.27939081e-06
    5.52938828e-04 -2.04467284e-06]
  [ 2.38437649e-08  2.50155505e-07  4.52867858e-06 ... -2.10130239e-04
   -2.04467284e-06  7.46013406e-04]]]
converged SCF energy = -150.22669371454  <S^2> = 2.0045398  2S+1 = 3.003025
dm0 check [[[ 1.14639726e-09  1.70869080e-08  1.38752841e-07 ... -8.06177044e-08
    6.25412352e-07  4.56920641e-08]
  [ 1.70869080e-08  2.56083819e-07  2.02951598e-06 ... -1.06181930e-06
    9.18277785e-06  7.18392876e-07]
  [ 1.38752841e-07  2.02951598e-06  1.80706665e-05 ... -1.26945619e-05
    8.12947008e-05  3.19879667e-06]
  ...
  [-8.06177044e-08 -1.06181930e-06 -1.26945619e-05 ...  2.39058832e-04
   -1.61678662e-06 -1.68275217e-04]
  [ 6.25412352e-07  9.18277785e-06  8.12947008e-05 ... -1.61678662e-06
    4.44995569e-04 -4.06043562e-06]
  [ 4.56920641e-08  7.18392876e-07  3.19879667e-06 ... -1.68275217e-04
   -4.06043562e-06  5.95723763e-04]]

 [[ 2.53036435e-08  3.85049381e-07  2.83127545e-06 ... -1.48564547e-07
    1.05880637e-07  7.43886178e-08]
  [ 3.85049381e-07  5.86075943e-06  4.30459828e-05 ... -2.17963725e-06
    1.18308178e-06  1.05289582e-06]
  [ 2.83127545e-06  4.30459828e-05  3.17992172e-04 ... -1.75088542e-05
    2.68717506e-05  9.39057060e-06]
  ...
  [-1.48564547e-07 -2.17963725e-06 -1.75088542e-05 ...  2.30571805e-04
    2.08918227e-07 -1.91671418e-04]
  [ 1.05880637e-07  1.18308178e-06  2.68717506e-05 ...  2.08918227e-07
    4.63238520e-04 -3.50223257e-06]
  [ 7.43886178e-08  1.05289582e-06  9.39057060e-06 ... -1.91671418e-04
   -3.50223257e-06  6.49568712e-04]]]
converged SCF energy = -150.244985829822  <S^2> = 0.92979692  2S+1 = 2.1723691
[timing] left/O ensemble SCF = 13.8s
dm0 check [[ 3.79751993e-01  6.12325197e-01 -1.25412257e-01 ...  1.20193489e-05
   4.16075892e-06 -2.89127505e-05]
 [ 6.12325197e-01  1.01488951e+00 -3.34247255e-01 ...  3.30990029e-05
   1.04302902e-05 -7.85148205e-05]
 [-1.25412257e-01 -3.34247255e-01  6.75686901e-01 ... -7.96627921e-05
  -2.53959335e-05  1.90149586e-04]
 ...
 [ 1.20193489e-05  3.30990029e-05 -7.96627921e-05 ...  4.14629783e-06
   8.86027136e-07 -8.62065707e-06]
 [ 4.16075892e-06  1.04302902e-05 -2.53959335e-05 ...  8.86027136e-07
   1.03523843e-06 -3.19722067e-06]
 [-2.89127505e-05 -7.85148205e-05  1.90149586e-04 ... -8.62065707e-06
  -3.19722067e-06  2.38758341e-05]]


******** <class 'pyscf.scf.addons.SmearingDFRKS'> ********
method = SmearingDFRKS
initial guess = minao
damping factor = 0.15
level_shift factor = 0.2
DIIS = <class 'pyscf.scf.diis.CDIIS'>
diis_start_cycle = 1
diis_space = 12
diis_damp = 0
SCF conv_tol = 5e-05
SCF conv_tol_grad = None
SCF max_cycles = 200
direct_scf = True
direct_scf_tol = 1e-13
chkfile to save SCF result = /tmp/tmpmd13886h
max_memory 4000 MB (current use 87073 MB)
XC library pyscf.dft.libxc version 6.1.0
    S. Lehtola, C. Steigemann, M. J.T. Oliveira, and M. A.L. Marques.,  SoftwareX 7, 1–5 (2018)
XC functionals = pbe
    J. P. Perdew, K. Burke, and M. Ernzerhof.,  Phys. Rev. Lett. 77, 3865 (1996)
    J. P. Perdew, K. Burke, and M. Ernzerhof.,  Phys. Rev. Lett. 78, 1396 (1997)
    J. P. Perdew, K. Burke, and M. Ernzerhof.,  Phys. Rev. Lett. 77, 3865 (1996)
    J. P. Perdew, K. Burke, and M. Ernzerhof.,  Phys. Rev. Lett. 78, 1396 (1997)
small_rho_cutoff = 1e-06
Set gradient conv threshold to 0.00707107
    Total E(T) = -12113.8166319626  Free energy = -12114.8452089717  E0 = -12114.3309204671
init E= -12113.8166319626
    sigma = 0.02  Optimized mu = -0.0543793398405  entropy = 1.59731420599
    Total E(T) = -12113.8155263641  Free energy = -12113.8474726482  E0 = -12113.8314995062
cycle= 1 E= -12113.8155263641  delta_E= 0.00111  |g|= 0.404  |ddm|=  511
    sigma = 0.02  Optimized mu = -0.0489512583069  entropy = 1.60586628122
    Total E(T) = -12113.7681986613  Free energy = -12113.8003159869  E0 = -12113.7842573241
cycle= 2 E= -12113.7681986613  delta_E= 0.0473  |g|= 1.16  |ddm|= 1.43e+03
    sigma = 0.02  Optimized mu = -0.0538110883617  entropy = 1.57062054426
    Total E(T) = -12113.8075839688  Free energy = -12113.8389963797  E0 = -12113.8232901743
cycle= 3 E= -12113.8075839688  delta_E= -0.0394  |g|= 0.456  |ddm|=  796
    sigma = 0.02  Optimized mu = -0.0536550645135  entropy = 1.57244103284
    Total E(T) = -12113.8195329538  Free energy = -12113.8509817744  E0 = -12113.8352573641
cycle= 4 E= -12113.8195329538  delta_E= -0.0119  |g|= 0.235  |ddm|=  345
    sigma = 0.02  Optimized mu = -0.0540581086761  entropy = 1.56777556775
    Total E(T) = -12113.822678613  Free energy = -12113.8540341244  E0 = -12113.8383563687
cycle= 5 E= -12113.822678613  delta_E= -0.00315  |g|= 0.126  |ddm|=  249
    sigma = 0.02  Optimized mu = -0.0538567841291  entropy = 1.5636517377
    Total E(T) = -12113.8236327026  Free energy = -12113.8549057373  E0 = -12113.8392692199
cycle= 6 E= -12113.8236327026  delta_E= -0.000954  |g|= 0.0553  |ddm|=  119
    sigma = 0.02  Optimized mu = -0.0536768880086  entropy = 1.56139863365
    Total E(T) = -12113.8238646304  Free energy = -12113.8550926031  E0 = -12113.8394786167
cycle= 7 E= -12113.8238646304  delta_E= -0.000232  |g|= 0.0277  |ddm|= 98.1
    sigma = 0.02  Optimized mu = -0.0537610177539  entropy = 1.55945613715
    Total E(T) = -12113.823936963  Free energy = -12113.8551260857  E0 = -12113.8395315243
cycle= 8 E= -12113.823936963  delta_E= -7.23e-05  |g|= 0.0185  |ddm|= 45.8
    sigma = 0.02  Optimized mu = -0.0536666183819  entropy = 1.55955671699
    Total E(T) = -12113.8239703936  Free energy = -12113.8551615279  E0 = -12113.8395659607
cycle= 9 E= -12113.8239703936  delta_E= -3.34e-05  |g|= 0.00864  |ddm|= 28.7
    sigma = 0.02  Optimized mu = -0.0536956225884  entropy = 1.55896743029
    Total E(T) = -12113.8239888162  Free energy = -12113.8551681648  E0 = -12113.8395784905
cycle= 10 E= -12113.8239888162  delta_E= -1.84e-05  |g|= 0.0052  |ddm|= 17.9
    sigma = 0.02  Optimized mu = -0.153847022597  entropy = 51.8250738647
    Total E(T) = -12113.2709051138  Free energy = -12114.3074065911  E0 = -12113.7891558525
Extra cycle  E= -12113.2709051138  delta_E= 0.553  |g|= 0.631  |ddm|= 4.62e+03
converged SCF energy = -12113.2709051138
dm0 check [[[ 1.89897796e-01  3.06220841e-01 -6.28434102e-02 ...  5.01817802e-06
    1.78404170e-06 -1.32030961e-05]
  [ 3.06220841e-01  5.07599461e-01 -1.67486710e-01 ...  1.38725657e-05
    4.41339074e-06 -3.58624416e-05]
  [-6.28434102e-02 -1.67486710e-01  3.38686443e-01 ... -3.33034673e-05
   -1.07295014e-05  8.66973821e-05]
  ...
  [ 5.01817802e-06  1.38725657e-05 -3.33034673e-05 ...  1.27616984e-06
    1.94837744e-07 -2.70661456e-06]
  [ 1.78404170e-06  4.41339074e-06 -1.07295014e-05 ...  1.94837744e-07
    4.40750895e-07 -1.10321922e-06]
  [-1.32030961e-05 -3.58624416e-05  8.66973821e-05 ... -2.70661456e-06
   -1.10321922e-06  8.86151678e-06]]

 [[ 1.89876056e-01  3.06161651e-01 -6.27084246e-02 ...  5.14608130e-06
    1.88826287e-06 -1.35844457e-05]
  [ 3.06161651e-01  5.07441424e-01 -1.67130261e-01 ...  1.42240472e-05
    4.70068226e-06 -3.69171428e-05]
  [-6.27084246e-02 -1.67130261e-01  3.37884801e-01 ... -3.42176986e-05
   -1.14827041e-05  8.95007010e-05]
  ...
  [ 5.14608130e-06  1.42240472e-05 -3.42176986e-05 ...  1.44651990e-06
    2.56111956e-07 -3.10632018e-06]
  [ 1.88826287e-06  4.70068226e-06 -1.14827041e-05 ...  2.56111956e-07
    4.71713706e-07 -1.25498202e-06]
  [-1.35844457e-05 -3.69171428e-05  8.95007010e-05 ... -3.10632018e-06
   -1.25498202e-06  9.76561045e-06]]]


******** <class 'pyscf.scf.addons.SmearingDFUKS'> ********
method = SmearingDFUKS
initial guess = minao
damping factor = 0.15
level_shift factor = 0.2
DIIS = <class 'pyscf.scf.diis.CDIIS'>
diis_start_cycle = 1
diis_space = 12
diis_damp = 0
SCF conv_tol = 5e-05
SCF conv_tol_grad = None
SCF max_cycles = 200
direct_scf = True
direct_scf_tol = 1e-13
chkfile to save SCF result = /tmp/tmp248gej4f
max_memory 4000 MB (current use 87129 MB)
number electrons alpha = 325  beta = 323
XC library pyscf.dft.libxc version 6.1.0
    S. Lehtola, C. Steigemann, M. J.T. Oliveira, and M. A.L. Marques.,  SoftwareX 7, 1–5 (2018)
XC functionals = pbe
    J. P. Perdew, K. Burke, and M. Ernzerhof.,  Phys. Rev. Lett. 77, 3865 (1996)
    J. P. Perdew, K. Burke, and M. Ernzerhof.,  Phys. Rev. Lett. 78, 1396 (1997)
    J. P. Perdew, K. Burke, and M. Ernzerhof.,  Phys. Rev. Lett. 77, 3865 (1996)
    J. P. Perdew, K. Burke, and M. Ernzerhof.,  Phys. Rev. Lett. 78, 1396 (1997)
small_rho_cutoff = 1e-06
Set gradient conv threshold to 0.00707107
    Total E(T) = -12113.3728070442  Free energy = -12113.4370765874  E0 = -12113.4049418158
init E= -12113.3728070442
    sigma = 0.005  Optimized mu_alpha = -0.198244636916  entropy = 3.73772341862e-07
    sigma = 0.005  Optimized mu_beta  = -0.200752617085  entropy = 3.73772341862e-07
    Total E(T) = -12113.3720196219  Free energy = -12113.3720196237  E0 = -12113.3720196228
cycle= 1 E= -12113.3720196219  delta_E= 0.000787  |g|= 0.54  |ddm|=  362
    sigma = 0.005  Optimized mu_alpha = -0.193573106758  entropy = 4.44635056865e-07
    sigma = 0.005  Optimized mu_beta  = -0.195994336444  entropy = 4.44635056865e-07
    Total E(T) = -12113.3334653482  Free energy = -12113.3334653504  E0 = -12113.3334653493
cycle= 2 E= -12113.3334653482  delta_E= 0.0386  |g|=  1.5  |ddm|= 1.04e+03
    sigma = 0.005  Optimized mu_alpha = -0.197693640532  entropy = 3.52628133855e-07
    sigma = 0.005  Optimized mu_beta  = -0.200276384914  entropy = 3.52628133855e-07
    Total E(T) = -12113.3657167191  Free energy = -12113.3657167209  E0 = -12113.36571672
cycle= 3 E= -12113.3657167191  delta_E= -0.0323  |g|= 0.591  |ddm|=  547
    sigma = 0.005  Optimized mu_alpha = -0.197520467308  entropy = 3.56301143564e-07
    sigma = 0.005  Optimized mu_beta  = -0.200087701092  entropy = 3.56301143564e-07
    Total E(T) = -12113.3759955841  Free energy = -12113.3759955859  E0 = -12113.375995585
cycle= 4 E= -12113.3759955841  delta_E= -0.0103  |g|= 0.281  |ddm|=  244
    sigma = 0.005  Optimized mu_alpha = -0.198130446892  entropy = 3.54723889583e-07
    sigma = 0.005  Optimized mu_beta  = -0.200681263878  entropy = 3.54723889583e-07
    Total E(T) = -12113.3784880641  Free energy = -12113.3784880659  E0 = -12113.378488065
cycle= 5 E= -12113.3784880641  delta_E= -0.00249  |g|= 0.161  |ddm|=  161
    sigma = 0.005  Optimized mu_alpha = -0.197734740435  entropy = 3.5199139096e-07
    sigma = 0.005  Optimized mu_beta  = -0.200308744924  entropy = 3.5199139096e-07
    Total E(T) = -12113.3792663058  Free energy = -12113.3792663076  E0 = -12113.3792663067
cycle= 6 E= -12113.3792663058  delta_E= -0.000778  |g|= 0.0668  |ddm|= 84.9
    sigma = 0.005  Optimized mu_alpha = -0.197724929448  entropy = 3.51146535738e-07
    sigma = 0.005  Optimized mu_beta  = -0.200302423691  entropy = 3.51146535738e-07
    Total E(T) = -12113.3794729747  Free energy = -12113.3794729764  E0 = -12113.3794729755
cycle= 7 E= -12113.3794729747  delta_E= -0.000207  |g|= 0.03  |ddm|= 63.5
    sigma = 0.005  Optimized mu_alpha = -0.197719270304  entropy = 3.51058855764e-07
    sigma = 0.005  Optimized mu_beta  = -0.200290811939  entropy = 3.51058855764e-07
    Total E(T) = -12113.3795376628  Free energy = -12113.3795376646  E0 = -12113.3795376637
cycle= 8 E= -12113.3795376628  delta_E= -6.47e-05  |g|= 0.0188  |ddm|= 32.8
    sigma = 0.005  Optimized mu_alpha = -0.197744055016  entropy = 3.50392936064e-07
    sigma = 0.005  Optimized mu_beta  = -0.20032050111  entropy = 3.50392936064e-07
    Total E(T) = -12113.3795732883  Free energy = -12113.3795732901  E0 = -12113.3795732892
cycle= 9 E= -12113.3795732883  delta_E= -3.56e-05  |g|= 0.0128  |ddm|= 22.5
    sigma = 0.005  Optimized mu_alpha = -0.197731536668  entropy = 3.50097371243e-07
    sigma = 0.005  Optimized mu_beta  = -0.200313817186  entropy = 3.50097371243e-07
    Total E(T) = -12113.3795951065  Free energy = -12113.3795951082  E0 = -12113.3795951074
cycle= 10 E= -12113.3795951065  delta_E= -2.18e-05  |g|= 0.00986  |ddm|=   14
    sigma = 0.005  Optimized mu_alpha = -0.197773509465  entropy = 3.49666924585e-07
    sigma = 0.005  Optimized mu_beta  = -0.200357992142  entropy = 3.49666924585e-07
    Total E(T) = -12113.3796105673  Free energy = -12113.379610569  E0 = -12113.3796105681
cycle= 11 E= -12113.3796105673  delta_E= -1.55e-05  |g|= 0.00891  |ddm|= 11.2
    sigma = 0.005  Optimized mu_alpha = -0.197775796001  entropy = 3.49745072634e-07
    sigma = 0.005  Optimized mu_beta  = -0.200361294034  entropy = 3.49745072634e-07
    Total E(T) = -12113.3796216588  Free energy = -12113.3796216605  E0 = -12113.3796216596
cycle= 12 E= -12113.3796216588  delta_E= -1.11e-05  |g|= 0.00743  |ddm|= 15.9
    sigma = 0.005  Optimized mu_alpha = -0.19777937894  entropy = 3.49484916244e-07
    sigma = 0.005  Optimized mu_beta  = -0.2003704683  entropy = 3.49484916244e-07
    Total E(T) = -12113.3796298676  Free energy = -12113.3796298694  E0 = -12113.3796298685
cycle= 13 E= -12113.3796298676  delta_E= -8.21e-06  |g|= 0.00769  |ddm|= 8.92
    sigma = 0.005  Optimized mu_alpha = -0.197768843233  entropy = 3.49302363984e-07
    sigma = 0.005  Optimized mu_beta  = -0.200365487981  entropy = 3.49302363984e-07
    Total E(T) = -12113.3796367786  Free energy = -12113.3796367803  E0 = -12113.3796367795
cycle= 14 E= -12113.3796367786  delta_E= -6.91e-06  |g|= 0.00748  |ddm|= 7.65
    sigma = 0.005  Optimized mu_alpha = -0.197778895514  entropy = 3.4925077638e-07
    sigma = 0.005  Optimized mu_beta  = -0.200379766156  entropy = 3.4925077638e-07
    Total E(T) = -12113.379642577  Free energy = -12113.3796425788  E0 = -12113.3796425779
cycle= 15 E= -12113.379642577  delta_E= -5.8e-06  |g|= 0.00738  |ddm|= 7.17
    sigma = 0.005  Optimized mu_alpha = -0.197775275124  entropy = 3.49357415796e-07
    sigma = 0.005  Optimized mu_beta  = -0.200373130405  entropy = 3.49357415796e-07
    Total E(T) = -12113.379647619  Free energy = -12113.3796476207  E0 = -12113.3796476199
cycle= 16 E= -12113.379647619  delta_E= -5.04e-06  |g|= 0.00608  |ddm|= 6.55
    sigma = 0.005  Optimized mu_alpha = -0.29742895603  entropy = 13.1442311249
    sigma = 0.005  Optimized mu_beta  = -0.300365261092  entropy = 13.1442311249
    Total E(T) = -12113.3431232583  Free energy = -12113.4088444139  E0 = -12113.3759838361
Extra cycle  E= -12113.3431232583  delta_E= 0.0365  |g|= 0.231  |ddm|= 1.01e+03
converged SCF energy = -12113.3431232583  <S^2> = 2.0169874  2S+1 = 3.0113037
[timing] right/Al ensemble SCF = 1722.8s
[timing] collect state = 0.0s
[timing] grad contraction = 1.6s
[timing] checkpoint save = 0.0s
step=   7 L=-12259.84170196 Ef=-12259.81308488 |grad|=3.48782e-02 t=1740.3s
[diagnostic] step=8 |b|=2.148738e+00 max|b|=7.314236e-01
[timing] build AO Vp from S3 = 1.6s
[diagnostic] |vpl|=3.106915e+00 max|vpl|=5.775503e-01
[diagnostic] |vpr|=2.164632e+00 max|vpr|=4.867832e-01
[diagnostic] |vpref|=3.191713e+00 max|vpref|=5.769956e-01
dm0 check [[[ 1.51511373e-09  2.24391588e-08  1.89789889e-07 ... -1.14719087e-07
    7.42477080e-07  6.64944215e-08]
  [ 2.24391588e-08  3.34444531e-07  2.75067332e-06 ... -1.77767263e-06
    1.10110598e-05  1.04758043e-06]
  [ 1.89789889e-07  2.75067332e-06  2.57237856e-05 ... -1.02770053e-05
    9.27869420e-05  4.99877673e-06]
  ...
  [-1.14719087e-07 -1.77767263e-06 -1.02770053e-05 ...  2.27166692e-04
    1.81897072e-06 -1.91352272e-04]
  [ 7.42477080e-07  1.10110598e-05  9.27869420e-05 ...  1.81897072e-06
    4.79980248e-04 -1.62432562e-06]
  [ 6.64944215e-08  1.04758043e-06  4.99877673e-06 ... -1.91352272e-04
   -1.62432562e-06  6.55604898e-04]]

 [[ 2.14412339e-09  3.18475822e-08  2.65523747e-07 ... -7.48707702e-08
    1.03578266e-06  2.38439660e-08]
  [ 3.18475822e-08  4.74248180e-07  3.91397253e-06 ... -9.93114559e-07
    1.53190781e-05  2.50156915e-07]
  [ 2.65523747e-07  3.91397253e-06  3.37625588e-05 ... -1.10142995e-05
    1.30901560e-04  4.52869189e-06]
  ...
  [-7.48707702e-08 -9.93114559e-07 -1.10142995e-05 ...  2.49604182e-04
    2.27939037e-06 -2.10130203e-04]
  [ 1.03578266e-06  1.53190781e-05  1.30901560e-04 ...  2.27939037e-06
    5.52938949e-04 -2.04467332e-06]
  [ 2.38439660e-08  2.50156915e-07  4.52869189e-06 ... -2.10130203e-04
   -2.04467332e-06  7.46013500e-04]]]
converged SCF energy = -150.22669371454  <S^2> = 2.0045398  2S+1 = 3.003025
dm0 check [[[ 1.14642738e-09  1.70873234e-08  1.38755604e-07 ... -8.06200604e-08
    6.25417954e-07  4.56923531e-08]
  [ 1.70873234e-08  2.56089735e-07  2.02955002e-06 ... -1.06182576e-06
    9.18282712e-06  7.18407030e-07]
  [ 1.38755604e-07  2.02955002e-06  1.80709048e-05 ... -1.26947524e-05
    8.12952277e-05  3.19886191e-06]
  ...
  [-8.06200604e-08 -1.06182576e-06 -1.26947524e-05 ...  2.39058811e-04
   -1.61674013e-06 -1.68274287e-04]
  [ 6.25417954e-07  9.18282712e-06  8.12952277e-05 ... -1.61674013e-06
    4.44994205e-04 -4.06031368e-06]
  [ 4.56923531e-08  7.18407030e-07  3.19886191e-06 ... -1.68274287e-04
   -4.06031368e-06  5.95721300e-04]]

 [[ 2.53026335e-08  3.85034116e-07  2.83116622e-06 ... -1.48563835e-07
    1.05882946e-07  7.43908617e-08]
  [ 3.85034116e-07  5.86052907e-06  4.30443283e-05 ... -2.17961996e-06
    1.18308600e-06  1.05292216e-06]
  [ 2.83116622e-06  4.30443283e-05  3.17980346e-04 ... -1.75087383e-05
    2.68719306e-05  9.39076673e-06]
  ...
  [-1.48563835e-07 -2.17961996e-06 -1.75087383e-05 ...  2.30570920e-04
    2.08965021e-07 -1.91670557e-04]
  [ 1.05882946e-07  1.18308600e-06  2.68719306e-05 ...  2.08965021e-07
    4.63236743e-04 -3.50208275e-06]
  [ 7.43908617e-08  1.05292216e-06  9.39076673e-06 ... -1.91670557e-04
   -3.50208275e-06  6.49566066e-04]]]
converged SCF energy = -150.244985829837  <S^2> = 0.92979914  2S+1 = 2.1723712
[timing] left/O ensemble SCF = 14.2s
dm0 check [[ 3.79470393e-01  6.12180262e-01 -1.25130078e-01 ...  3.06880979e-05
   1.32749808e-05 -5.41398625e-05]
 [ 6.12180262e-01  1.01516268e+00 -3.33832096e-01 ...  8.34655623e-05
   3.49925434e-05 -1.46592222e-04]
 [-1.25130078e-01 -3.33832096e-01  6.74738699e-01 ... -2.01426073e-04
  -8.46916428e-05  3.54621773e-04]
 ...
 [ 3.06880979e-05  8.34655623e-05 -2.01426073e-04 ...  2.92297576e-05
   1.10156534e-05 -5.06956763e-05]
 [ 1.32749808e-05  3.49925434e-05 -8.46916428e-05 ...  1.10156534e-05
   5.44656901e-06 -2.07981044e-05]
 [-5.41398625e-05 -1.46592222e-04  3.54621773e-04 ... -5.06956763e-05
  -2.07981044e-05  9.46888873e-05]]


******** <class 'pyscf.scf.addons.SmearingDFRKS'> ********
method = SmearingDFRKS
initial guess = minao
damping factor = 0.15
level_shift factor = 0.2
DIIS = <class 'pyscf.scf.diis.CDIIS'>
diis_start_cycle = 1
diis_space = 12
diis_damp = 0
SCF conv_tol = 5e-05
SCF conv_tol_grad = None
SCF max_cycles = 200
direct_scf = True
direct_scf_tol = 1e-13
chkfile to save SCF result = /tmp/tmpmd13886h
max_memory 4000 MB (current use 87073 MB)
XC library pyscf.dft.libxc version 6.1.0
    S. Lehtola, C. Steigemann, M. J.T. Oliveira, and M. A.L. Marques.,  SoftwareX 7, 1–5 (2018)
XC functionals = pbe
    J. P. Perdew, K. Burke, and M. Ernzerhof.,  Phys. Rev. Lett. 77, 3865 (1996)
    J. P. Perdew, K. Burke, and M. Ernzerhof.,  Phys. Rev. Lett. 78, 1396 (1997)
    J. P. Perdew, K. Burke, and M. Ernzerhof.,  Phys. Rev. Lett. 77, 3865 (1996)
    J. P. Perdew, K. Burke, and M. Ernzerhof.,  Phys. Rev. Lett. 78, 1396 (1997)
small_rho_cutoff = 1e-06
Set gradient conv threshold to 0.00707107
    Total E(T) = -12114.4186082227  Free energy = -12115.4551097  E0 = -12114.9368589614
init E= -12114.4186082227
    sigma = 0.02  Optimized mu = -0.0538903612029  entropy = 1.52539785551
    Total E(T) = -12114.4203613213  Free energy = -12114.4508692784  E0 = -12114.4356152999
cycle= 1 E= -12114.4203613213  delta_E= -0.00175  |g|= 0.115  |ddm|=  194
    sigma = 0.02  Optimized mu = -0.0509674855434  entropy = 1.5374041468
    Total E(T) = -12114.4162282604  Free energy = -12114.4469763433  E0 = -12114.4316023018
cycle= 2 E= -12114.4162282604  delta_E= 0.00413  |g|= 0.372  |ddm|=  604
    sigma = 0.02  Optimized mu = -0.0526361987627  entropy = 1.5289270664
    Total E(T) = -12114.4198302398  Free energy = -12114.4504087811  E0 = -12114.4351195105
cycle= 3 E= -12114.4198302398  delta_E= -0.0036  |g|= 0.166  |ddm|=  161
    sigma = 0.02  Optimized mu = -0.0528161560041  entropy = 1.52884981539
    Total E(T) = -12114.4211577021  Free energy = -12114.4517346984  E0 = -12114.4364462003
cycle= 4 E= -12114.4211577021  delta_E= -0.00133  |g|= 0.0884  |ddm|=  127
    sigma = 0.02  Optimized mu = -0.0528311433102  entropy = 1.52890248199
    Total E(T) = -12114.4216093995  Free energy = -12114.4521874491  E0 = -12114.4368984243
cycle= 5 E= -12114.4216093995  delta_E= -0.000452  |g|= 0.0387  |ddm|= 56.3
    sigma = 0.02  Optimized mu = -0.0525726974315  entropy = 1.5295155174
    Total E(T) = -12114.4217311113  Free energy = -12114.4523214217  E0 = -12114.4370262665
cycle= 6 E= -12114.4217311113  delta_E= -0.000122  |g|= 0.0188  |ddm|= 66.2
    sigma = 0.02  Optimized mu = -0.0524444500045  entropy = 1.52938102074
    Total E(T) = -12114.4217717501  Free energy = -12114.4523593705  E0 = -12114.4370655603
cycle= 7 E= -12114.4217717501  delta_E= -4.06e-05  |g|= 0.00884  |ddm|= 39.3
    sigma = 0.02  Optimized mu = -0.052504760437  entropy = 1.52880064735
    Total E(T) = -12114.421793429  Free energy = -12114.4523694419  E0 = -12114.4370814355
cycle= 8 E= -12114.421793429  delta_E= -2.17e-05  |g|= 0.00839  |ddm|=   25
    sigma = 0.02  Optimized mu = -0.0524624401119  entropy = 1.52899101397
    Total E(T) = -12114.4218071643  Free energy = -12114.4523869846  E0 = -12114.4370970745
cycle= 9 E= -12114.4218071643  delta_E= -1.37e-05  |g|= 0.00372  |ddm|= 16.4
    sigma = 0.02  Optimized mu = -0.152639198943  entropy = 51.6317564986
    Total E(T) = -12113.8856403853  Free energy = -12114.9182755152  E0 = -12114.4019579503
Extra cycle  E= -12113.8856403853  delta_E= 0.536  |g|= 0.477  |ddm|= 4.4e+03
converged SCF energy = -12113.8856403853
dm0 check [[[ 1.89757256e-01  3.06149309e-01 -6.27041221e-02 ...  1.25737872e-05
    5.39390827e-06 -2.42293385e-05]
  [ 3.06149309e-01  5.07738808e-01 -1.67284068e-01 ...  3.42512738e-05
    1.41358064e-05 -6.56071572e-05]
  [-6.27041221e-02 -1.67284068e-01  3.38221000e-01 ... -8.25055933e-05
   -3.41523608e-05  1.58441423e-04]
  ...
  [ 1.25737872e-05  3.42512738e-05 -8.25055933e-05 ...  8.72938512e-06
    3.10961251e-06 -1.66380539e-05]
  [ 5.39390827e-06  1.41358064e-05 -3.41523608e-05 ...  3.10961251e-06
    1.73025917e-06 -6.77601186e-06]
  [-2.42293385e-05 -6.56071572e-05  1.58441423e-04 ... -1.66380539e-05
   -6.77601186e-06  3.49793340e-05]]

 [[ 1.89737064e-01  3.06094011e-01 -6.25790410e-02 ...  1.50626642e-05
    6.52083113e-06 -2.76641516e-05]
  [ 3.06094011e-01  5.07590961e-01 -1.66954233e-01 ...  4.09862725e-05
    1.71896512e-05 -7.49225629e-05]
  [-6.25790410e-02 -1.66954233e-01  3.37487866e-01 ... -9.90177356e-05
   -4.16788514e-05  1.81478083e-04]
  ...
  [ 1.50626642e-05  4.09862725e-05 -9.90177356e-05 ...  1.24172178e-05
    4.56764248e-06 -2.26556484e-05]
  [ 6.52083113e-06  1.71896512e-05 -4.16788514e-05 ...  4.56764248e-06
    2.32722942e-06 -9.20929940e-06]
  [-2.76641516e-05 -7.49225629e-05  1.81478083e-04 ... -2.26556484e-05
   -9.20929940e-06  4.47283455e-05]]]


******** <class 'pyscf.scf.addons.SmearingDFUKS'> ********
method = SmearingDFUKS
initial guess = minao
damping factor = 0.15
level_shift factor = 0.2
DIIS = <class 'pyscf.scf.diis.CDIIS'>
diis_start_cycle = 1
diis_space = 12
diis_damp = 0
SCF conv_tol = 5e-05
SCF conv_tol_grad = None
SCF max_cycles = 200
direct_scf = True
direct_scf_tol = 1e-13
chkfile to save SCF result = /tmp/tmp248gej4f
max_memory 4000 MB (current use 87110 MB)
number electrons alpha = 325  beta = 323
XC library pyscf.dft.libxc version 6.1.0
    S. Lehtola, C. Steigemann, M. J.T. Oliveira, and M. A.L. Marques.,  SoftwareX 7, 1–5 (2018)
XC functionals = pbe
    J. P. Perdew, K. Burke, and M. Ernzerhof.,  Phys. Rev. Lett. 77, 3865 (1996)
    J. P. Perdew, K. Burke, and M. Ernzerhof.,  Phys. Rev. Lett. 78, 1396 (1997)
    J. P. Perdew, K. Burke, and M. Ernzerhof.,  Phys. Rev. Lett. 77, 3865 (1996)
    J. P. Perdew, K. Burke, and M. Ernzerhof.,  Phys. Rev. Lett. 78, 1396 (1997)
small_rho_cutoff = 1e-06
Set gradient conv threshold to 0.00707107
    Total E(T) = -12113.9755899948  Free energy = -12114.0413111504  E0 = -12114.0084505726
init E= -12113.9755899948
    sigma = 0.005  Optimized mu_alpha = -0.198405052862  entropy = 3.37044002311e-07
    sigma = 0.005  Optimized mu_beta  = -0.200957246409  entropy = 3.37044002311e-07
    Total E(T) = -12113.9770092982  Free energy = -12113.9770092999  E0 = -12113.977009299
cycle= 1 E= -12113.9770092982  delta_E= -0.00142  |g|= 0.155  |ddm|=  123
    sigma = 0.005  Optimized mu_alpha = -0.195764277314  entropy = 3.5340741574e-07
    sigma = 0.005  Optimized mu_beta  = -0.198257001967  entropy = 3.5340741574e-07
    Total E(T) = -12113.9736094872  Free energy = -12113.9736094889  E0 = -12113.9736094881
cycle= 2 E= -12113.9736094872  delta_E= 0.0034  |g|= 0.484  |ddm|=  393
    sigma = 0.005  Optimized mu_alpha = -0.197211085322  entropy = 3.37565188566e-07
    sigma = 0.005  Optimized mu_beta  = -0.199771535987  entropy = 3.37565188566e-07
    Total E(T) = -12113.9766670559  Free energy = -12113.9766670575  E0 = -12113.9766670567
cycle= 3 E= -12113.9766670559  delta_E= -0.00306  |g|= 0.22  |ddm|=  118
    sigma = 0.005  Optimized mu_alpha = -0.19730458572  entropy = 3.3748366278e-07
    sigma = 0.005  Optimized mu_beta  = -0.19986990985  entropy = 3.3748366278e-07
    Total E(T) = -12113.9778926881  Free energy = -12113.9778926898  E0 = -12113.9778926889
cycle= 4 E= -12113.9778926881  delta_E= -0.00123  |g|= 0.107  |ddm|= 84.6
    sigma = 0.005  Optimized mu_alpha = -0.197413117621  entropy = 3.37461110505e-07
    sigma = 0.005  Optimized mu_beta  = -0.199976036879  entropy = 3.37461110505e-07
    Total E(T) = -12113.9782817729  Free energy = -12113.9782817745  E0 = -12113.9782817737
cycle= 5 E= -12113.9782817729  delta_E= -0.000389  |g|= 0.0538  |ddm|= 40.6
    sigma = 0.005  Optimized mu_alpha = -0.197041961697  entropy = 3.37359732707e-07
    sigma = 0.005  Optimized mu_beta  = -0.199610709777  entropy = 3.37359732707e-07
    Total E(T) = -12113.9784002691  Free energy = -12113.9784002708  E0 = -12113.97840027
cycle= 6 E= -12113.9784002691  delta_E= -0.000118  |g|= 0.0216  |ddm|= 48.9
    sigma = 0.005  Optimized mu_alpha = -0.196988923478  entropy = 3.37319417705e-07
    sigma = 0.005  Optimized mu_beta  = -0.199555278354  entropy = 3.37319417705e-07
    Total E(T) = -12113.9784404565  Free energy = -12113.9784404582  E0 = -12113.9784404574
cycle= 7 E= -12113.9784404565  delta_E= -4.02e-05  |g|= 0.00867  |ddm|= 29.9
    sigma = 0.005  Optimized mu_alpha = -0.196988061875  entropy = 3.37467927394e-07
    sigma = 0.005  Optimized mu_beta  = -0.199551459018  entropy = 3.37467927394e-07
    Total E(T) = -12113.978460811  Free energy = -12113.9784608127  E0 = -12113.9784608118
cycle= 8 E= -12113.978460811  delta_E= -2.04e-05  |g|= 0.00573  |ddm|= 15.6
    sigma = 0.005  Optimized mu_alpha = -0.296674547339  entropy = 12.8353183289
    sigma = 0.005  Optimized mu_beta  = -0.299570891416  entropy = 12.8353183289
    Total E(T) = -12113.9434646261  Free energy = -12114.0076412178  E0 = -12113.9755529219
Extra cycle  E= -12113.9434646261  delta_E= 0.035  |g|=  0.2  |ddm|=  920
converged SCF energy = -12113.9434646261  <S^2> = 2.0139547  2S+1 = 3.0092888
[timing] right/Al ensemble SCF = 1127.1s
[timing] collect state = 0.0s
[timing] grad contraction = 1.6s
[timing] checkpoint save = 0.0s
step=   8 L=-12261.23322116 Ef=-12261.24254592 |grad|=1.98692e-02 t=1145.0s
[diagnostic] step=9 |b|=2.369941e+00 max|b|=8.443192e-01
[timing] build AO Vp from S3 = 1.6s
[diagnostic] |vpl|=3.649938e+00 max|vpl|=6.756346e-01
[diagnostic] |vpr|=2.521392e+00 max|vpr|=5.614387e-01
[diagnostic] |vpref|=3.752104e+00 max|vpref|=6.750764e-01
dm0 check [[[ 1.51511401e-09  2.24391601e-08  1.89789930e-07 ... -1.14718956e-07
    7.42476695e-07  6.64943007e-08]
  [ 2.24391601e-08  3.34444483e-07  2.75067387e-06 ... -1.77767036e-06
    1.10110559e-05  1.04757822e-06]
  [ 1.89789930e-07  2.75067387e-06  2.57237922e-05 ... -1.02769871e-05
    9.27868856e-05  4.99876052e-06]
  ...
  [-1.14718956e-07 -1.77767036e-06 -1.02769871e-05 ...  2.27166754e-04
    1.81897137e-06 -1.91352324e-04]
  [ 7.42476695e-07  1.10110559e-05  9.27868856e-05 ...  1.81897137e-06
    4.79980284e-04 -1.62432520e-06]
  [ 6.64943007e-08  1.04757822e-06  4.99876052e-06 ... -1.91352324e-04
   -1.62432520e-06  6.55604979e-04]]

 [[ 2.14412355e-09  3.18475847e-08  2.65523730e-07 ... -7.48705247e-08
    1.03578253e-06  2.38437548e-08]
  [ 3.18475847e-08  4.74248193e-07  3.91397262e-06 ... -9.93112911e-07
    1.53190767e-05  2.50155434e-07]
  [ 2.65523730e-07  3.91397262e-06  3.37625554e-05 ... -1.10142829e-05
    1.30901535e-04  4.52867792e-06]
  ...
  [-7.48705247e-08 -9.93112911e-07 -1.10142829e-05 ...  2.49604227e-04
    2.27939083e-06 -2.10130241e-04]
  [ 1.03578253e-06  1.53190767e-05  1.30901535e-04 ...  2.27939083e-06
    5.52938822e-04 -2.04467282e-06]
  [ 2.38437548e-08  2.50155434e-07  4.52867792e-06 ... -2.10130241e-04
   -2.04467282e-06  7.46013402e-04]]]
converged SCF energy = -150.226693714539  <S^2> = 2.0045398  2S+1 = 3.003025
dm0 check [[[ 1.14641627e-09  1.70871746e-08  1.38754608e-07 ... -8.06197132e-08
    6.25416109e-07  4.56926710e-08]
  [ 1.70871746e-08  2.56087684e-07  2.02953840e-06 ... -1.06182855e-06
    9.18281425e-06  7.18406800e-07]
  [ 1.38754608e-07  2.02953840e-06  1.80708207e-05 ... -1.26947160e-05
    8.12951101e-05  3.19887686e-06]
  ...
  [-8.06197132e-08 -1.06182855e-06 -1.26947160e-05 ...  2.39058770e-04
   -1.61681245e-06 -1.68274863e-04]
  [ 6.25416109e-07  9.18281425e-06  8.12951101e-05 ... -1.61681245e-06
    4.44995110e-04 -4.06044127e-06]
  [ 4.56926710e-08  7.18406800e-07  3.19887686e-06 ... -1.68274863e-04
   -4.06044127e-06  5.95722807e-04]]

 [[ 2.53031137e-08  3.85041394e-07  2.83121794e-06 ... -1.48565198e-07
    1.05888596e-07  7.43917462e-08]
  [ 3.85041394e-07  5.86063926e-06  4.30451136e-05 ... -2.17963924e-06
    1.18318431e-06  1.05293498e-06]
  [ 2.83121794e-06  4.30451136e-05  3.17985916e-04 ... -1.75088872e-05
    2.68725962e-05  9.39087142e-06]
  ...
  [-1.48565198e-07 -2.17963924e-06 -1.75088872e-05 ...  2.30571500e-04
    2.08916656e-07 -1.91671095e-04]
  [ 1.05888596e-07  1.18318431e-06  2.68725962e-05 ...  2.08916656e-07
    4.63238038e-04 -3.50216830e-06]
  [ 7.43917462e-08  1.05293498e-06  9.39087142e-06 ... -1.91671095e-04
   -3.50216830e-06  6.49568257e-04]]]
converged SCF energy = -150.244985829837  <S^2> = 0.92979847  2S+1 = 2.1723706
[timing] left/O ensemble SCF = 10.0s
dm0 check [[ 3.79552367e-01  6.12220397e-01 -1.25201932e-01 ...  1.95538791e-05
   9.41970577e-06 -4.08580693e-05]
 [ 6.12220397e-01  1.01508229e+00 -3.33949885e-01 ...  5.34303093e-05
   2.45989704e-05 -1.10758133e-04]
 [-1.25201932e-01 -3.33949885e-01  6.75010373e-01 ... -1.28771356e-04
  -5.95862929e-05  2.67956592e-04]
 ...
 [ 1.95538791e-05  5.34303093e-05 -1.28771356e-04 ...  9.53410144e-06
   3.67351730e-06 -1.97504139e-05]
 [ 9.41970577e-06  2.45989704e-05 -5.95862929e-05 ...  3.67351730e-06
   2.69621177e-06 -9.35396266e-06]
 [-4.08580693e-05 -1.10758133e-04  2.67956592e-04 ... -1.97504139e-05
  -9.35396266e-06  4.81166935e-05]]


******** <class 'pyscf.scf.addons.SmearingDFRKS'> ********
method = SmearingDFRKS
initial guess = minao
damping factor = 0.15
level_shift factor = 0.2
DIIS = <class 'pyscf.scf.diis.CDIIS'>
diis_start_cycle = 1
diis_space = 12
diis_damp = 0
SCF conv_tol = 5e-05
SCF conv_tol_grad = None
SCF max_cycles = 200
direct_scf = True
direct_scf_tol = 1e-13
chkfile to save SCF result = /tmp/tmpmd13886h
max_memory 4000 MB (current use 87166 MB)
XC library pyscf.dft.libxc version 6.1.0
    S. Lehtola, C. Steigemann, M. J.T. Oliveira, and M. A.L. Marques.,  SoftwareX 7, 1–5 (2018)
XC functionals = pbe
    J. P. Perdew, K. Burke, and M. Ernzerhof.,  Phys. Rev. Lett. 77, 3865 (1996)
    J. P. Perdew, K. Burke, and M. Ernzerhof.,  Phys. Rev. Lett. 78, 1396 (1997)
    J. P. Perdew, K. Burke, and M. Ernzerhof.,  Phys. Rev. Lett. 77, 3865 (1996)
    J. P. Perdew, K. Burke, and M. Ernzerhof.,  Phys. Rev. Lett. 78, 1396 (1997)
small_rho_cutoff = 1e-06
Set gradient conv threshold to 0.00707107
    Total E(T) = -12113.8218943782  Free energy = -12114.8545295081  E0 = -12114.3382119432
init E= -12113.8218943782
    sigma = 0.02  Optimized mu = -0.0524695599443  entropy = 1.57304749665
    Total E(T) = -12113.8231041478  Free energy = -12113.8545650977  E0 = -12113.8388346228
cycle= 1 E= -12113.8231041478  delta_E= -0.00121  |g|= 0.0852  |ddm|=  189
    sigma = 0.02  Optimized mu = -0.0550089837057  entropy = 1.57521267482
    Total E(T) = -12113.8210444393  Free energy = -12113.8525486928  E0 = -12113.8367965661
cycle= 2 E= -12113.8210444393  delta_E= 0.00206  |g|= 0.273  |ddm|=  463
    sigma = 0.02  Optimized mu = -0.0535243077891  entropy = 1.56860365017
    Total E(T) = -12113.8232774364  Free energy = -12113.8546495094  E0 = -12113.8389634729
cycle= 3 E= -12113.8232774364  delta_E= -0.00223  |g|= 0.116  |ddm|=  133
    sigma = 0.02  Optimized mu = -0.0534215087032  entropy = 1.5641635229
    Total E(T) = -12113.8240579973  Free energy = -12113.8553412678  E0 = -12113.8396996325
cycle= 4 E= -12113.8240579973  delta_E= -0.000781  |g|= 0.0622  |ddm|=  137
    sigma = 0.02  Optimized mu = -0.053363236325  entropy = 1.56173350269
    Total E(T) = -12113.8243263151  Free energy = -12113.8555609851  E0 = -12113.8399436501
cycle= 5 E= -12113.8243263151  delta_E= -0.000268  |g|= 0.0275  |ddm|= 53.2
    sigma = 0.02  Optimized mu = -0.0536212551218  entropy = 1.55955293285
    Total E(T) = -12113.8244078115  Free energy = -12113.8555988701  E0 = -12113.8400033408
cycle= 6 E= -12113.8244078115  delta_E= -8.15e-05  |g|= 0.0124  |ddm|= 58.1
    sigma = 0.02  Optimized mu = -0.0537228780569  entropy = 1.5592077176
    Total E(T) = -12113.8244365106  Free energy = -12113.8556206649  E0 = -12113.8400285878
cycle= 7 E= -12113.8244365106  delta_E= -2.87e-05  |g|= 0.00752  |ddm|=   34
    sigma = 0.02  Optimized mu = -0.0536642238932  entropy = 1.55945598361
    Total E(T) = -12113.8244519538  Free energy = -12113.8556410734  E0 = -12113.8400465136
cycle= 8 E= -12113.8244519538  delta_E= -1.54e-05  |g|= 0.00692  |ddm|= 24.2
    sigma = 0.02  Optimized mu = -0.153771494068  entropy = 51.8218496406
    Total E(T) = -12113.2770143001  Free energy = -12114.3134512929  E0 = -12113.7952327965
Extra cycle  E= -12113.2770143001  delta_E= 0.547  |g|= 0.517  |ddm|= 4.6e+03
converged SCF energy = -12113.2770143001
dm0 check [[[ 1.89797882e-01  3.06168413e-01 -6.27375886e-02 ...  7.66984102e-06
    3.68496276e-06 -1.79210931e-05]
  [ 3.06168413e-01  5.07696024e-01 -1.67336347e-01 ...  2.10271611e-05
    9.53091871e-06 -4.85943120e-05]
  [-6.27375886e-02 -1.67336347e-01  3.38340547e-01 ... -5.05581452e-05
   -2.30479551e-05  1.17353758e-04]
  ...
  [ 7.66984102e-06  2.10271611e-05 -5.05581452e-05 ...  2.75403195e-06
    9.21960545e-07 -6.25630820e-06]
  [ 3.68496276e-06  9.53091871e-06 -2.30479551e-05 ...  9.21960545e-07
    9.15910817e-07 -2.99363996e-06]
  [-1.79210931e-05 -4.85943120e-05  1.17353758e-04 ... -6.25630820e-06
   -2.99363996e-06  1.79620796e-05]]

 [[ 1.89778112e-01  3.06114262e-01 -6.26152269e-02 ...  8.80620945e-06
    4.39787436e-06 -1.98735971e-05]
  [ 3.06114262e-01  5.07551281e-01 -1.67013856e-01 ...  2.41038926e-05
    1.14643778e-05 -5.38976491e-05]
  [-6.26152269e-02 -1.67013856e-01  3.37624775e-01 ... -5.81228189e-05
   -2.78298307e-05  1.30555959e-04]
  ...
  [ 8.80620945e-06  2.41038926e-05 -5.81228189e-05 ...  3.52429768e-06
    1.27900798e-06 -7.86165525e-06]
  [ 4.39787436e-06  1.14643778e-05 -2.78298307e-05 ...  1.27900798e-06
    1.10775972e-06 -3.78641389e-06]
  [-1.98735971e-05 -5.38976491e-05  1.30555959e-04 ... -7.86165525e-06
   -3.78641389e-06  2.13160498e-05]]]


******** <class 'pyscf.scf.addons.SmearingDFUKS'> ********
method = SmearingDFUKS
initial guess = minao
damping factor = 0.15
level_shift factor = 0.2
DIIS = <class 'pyscf.scf.diis.CDIIS'>
diis_start_cycle = 1
diis_space = 12
diis_damp = 0
SCF conv_tol = 5e-05
SCF conv_tol_grad = None
SCF max_cycles = 200
direct_scf = True
direct_scf_tol = 1e-13
chkfile to save SCF result = /tmp/tmp248gej4f
max_memory 4000 MB (current use 87166 MB)
number electrons alpha = 325  beta = 323
XC library pyscf.dft.libxc version 6.1.0
    S. Lehtola, C. Steigemann, M. J.T. Oliveira, and M. A.L. Marques.,  SoftwareX 7, 1–5 (2018)
XC functionals = pbe
    J. P. Perdew, K. Burke, and M. Ernzerhof.,  Phys. Rev. Lett. 77, 3865 (1996)
    J. P. Perdew, K. Burke, and M. Ernzerhof.,  Phys. Rev. Lett. 78, 1396 (1997)
    J. P. Perdew, K. Burke, and M. Ernzerhof.,  Phys. Rev. Lett. 77, 3865 (1996)
    J. P. Perdew, K. Burke, and M. Ernzerhof.,  Phys. Rev. Lett. 78, 1396 (1997)
small_rho_cutoff = 1e-06
Set gradient conv threshold to 0.00707107
    Total E(T) = -12113.3779984458  Free energy = -12113.4421750375  E0 = -12113.4100867416
init E= -12113.3779984458
    sigma = 0.005  Optimized mu_alpha = -0.196511901947  entropy = 3.54462877259e-07
    sigma = 0.005  Optimized mu_beta  = -0.199083915891  entropy = 3.54462877259e-07
    Total E(T) = -12113.3789354003  Free energy = -12113.3789354021  E0 = -12113.3789354012
cycle= 1 E= -12113.3789354003  delta_E= -0.000937  |g|= 0.122  |ddm|=  118
    sigma = 0.005  Optimized mu_alpha = -0.198577830496  entropy = 3.5808623751e-07
    sigma = 0.005  Optimized mu_beta  = -0.201200082313  entropy = 3.5808623751e-07
    Total E(T) = -12113.3770402221  Free energy = -12113.3770402239  E0 = -12113.377040223
cycle= 2 E= -12113.3770402221  delta_E= 0.0019  |g|= 0.379  |ddm|=  288
    sigma = 0.005  Optimized mu_alpha = -0.197469099421  entropy = 3.53045178432e-07
    sigma = 0.005  Optimized mu_beta  = -0.200039308699  entropy = 3.53045178432e-07
    Total E(T) = -12113.378976654  Free energy = -12113.3789766557  E0 = -12113.3789766548
cycle= 3 E= -12113.378976654  delta_E= -0.00194  |g|= 0.167  |ddm|= 93.2
    sigma = 0.005  Optimized mu_alpha = -0.197476276639  entropy = 3.51963230389e-07
    sigma = 0.005  Optimized mu_beta  = -0.200043785207  entropy = 3.51963230389e-07
    Total E(T) = -12113.3797290753  Free energy = -12113.379729077  E0 = -12113.3797290761
cycle= 4 E= -12113.3797290753  delta_E= -0.000752  |g|= 0.0829  |ddm|= 89.4
    sigma = 0.005  Optimized mu_alpha = -0.197371260531  entropy = 3.50759134416e-07
    sigma = 0.005  Optimized mu_beta  = -0.199948204929  entropy = 3.50759134416e-07
    Total E(T) = -12113.3799793055  Free energy = -12113.3799793073  E0 = -12113.3799793064
cycle= 5 E= -12113.3799793055  delta_E= -0.00025  |g|= 0.0416  |ddm|= 36.5
    sigma = 0.005  Optimized mu_alpha = -0.197697343205  entropy = 3.50217759448e-07
    sigma = 0.005  Optimized mu_beta  = -0.200267689323  entropy = 3.50217759448e-07
    Total E(T) = -12113.3800589713  Free energy = -12113.3800589731  E0 = -12113.3800589722
cycle= 6 E= -12113.3800589713  delta_E= -7.97e-05  |g|= 0.0166  |ddm|= 40.8
    sigma = 0.005  Optimized mu_alpha = -0.197758335812  entropy = 3.4995472844e-07
    sigma = 0.005  Optimized mu_beta  = -0.200336443728  entropy = 3.4995472844e-07
    Total E(T) = -12113.3800888394  Free energy = -12113.3800888412  E0 = -12113.3800888403
cycle= 7 E= -12113.3800888394  delta_E= -2.99e-05  |g|= 0.0066  |ddm|= 26.5
    sigma = 0.005  Optimized mu_alpha = -0.297277489591  entropy = 13.1565327035
    sigma = 0.005  Optimized mu_beta  = -0.300183769302  entropy = 13.1565327035
    Total E(T) = -12113.3431731036  Free energy = -12113.4089557671  E0 = -12113.3760644354
Extra cycle  E= -12113.3431731036  delta_E= 0.0369  |g|= 0.228  |ddm|=  992
converged SCF energy = -12113.3431731036  <S^2> = 2.0153496  2S+1 = 3.0102156
[timing] right/Al ensemble SCF = 1005.7s
[timing] collect state = 0.0s
[timing] grad contraction = 1.5s
[timing] checkpoint save = 0.1s
step=   9 L=-12259.84779930 Ef=-12259.82048035 |grad|=3.43674e-02 t=1019.4s
[diagnostic] step=10 |b|=2.370118e+00 max|b|=8.444080e-01
[timing] build AO Vp from S3 = 1.6s
[diagnostic] |vpl|=3.650385e+00 max|vpl|=6.757118e-01
[diagnostic] |vpr|=2.521688e+00 max|vpr|=5.614974e-01
[diagnostic] |vpref|=3.752567e+00 max|vpref|=6.751535e-01
dm0 check [[[ 1.51511372e-09  2.24391588e-08  1.89789887e-07 ... -1.14719093e-07
    7.42477099e-07  6.64944273e-08]
  [ 2.24391588e-08  3.34444533e-07  2.75067329e-06 ... -1.77767274e-06
    1.10110600e-05  1.04758054e-06]
  [ 1.89789887e-07  2.75067329e-06  2.57237853e-05 ... -1.02770061e-05
    9.27869448e-05  4.99877751e-06]
  ...
  [-1.14719093e-07 -1.77767274e-06 -1.02770061e-05 ...  2.27166689e-04
    1.81897069e-06 -1.91352270e-04]
  [ 7.42477099e-07  1.10110600e-05  9.27869448e-05 ...  1.81897069e-06
    4.79980246e-04 -1.62432564e-06]
  [ 6.64944273e-08  1.04758054e-06  4.99877751e-06 ... -1.91352270e-04
   -1.62432564e-06  6.55604894e-04]]

 [[ 2.14412338e-09  3.18475820e-08  2.65523747e-07 ... -7.48707819e-08
    1.03578267e-06  2.38439761e-08]
  [ 3.18475820e-08  4.74248180e-07  3.91397253e-06 ... -9.93114638e-07
    1.53190782e-05  2.50156987e-07]
  [ 2.65523747e-07  3.91397253e-06  3.37625589e-05 ... -1.10143003e-05
    1.30901561e-04  4.52869255e-06]
  ...
  [-7.48707819e-08 -9.93114638e-07 -1.10143003e-05 ...  2.49604180e-04
    2.27939034e-06 -2.10130201e-04]
  [ 1.03578267e-06  1.53190782e-05  1.30901561e-04 ...  2.27939034e-06
    5.52938955e-04 -2.04467335e-06]
  [ 2.38439761e-08  2.50156987e-07  4.52869255e-06 ... -2.10130201e-04
   -2.04467335e-06  7.46013504e-04]]]
converged SCF energy = -150.22669371454  <S^2> = 2.0045398  2S+1 = 3.003025
dm0 check [[[ 1.14640950e-09  1.70870672e-08  1.38753998e-07 ... -8.06196923e-08
    6.25414528e-07  4.56927575e-08]
  [ 1.70870672e-08  2.56085999e-07  2.02952844e-06 ... -1.06182717e-06
    9.18278812e-06  7.18408366e-07]
  [ 1.38753998e-07  2.02952844e-06  1.80707657e-05 ... -1.26946916e-05
    8.12949394e-05  3.19889097e-06]
  ...
  [-8.06196923e-08 -1.06182717e-06 -1.26946916e-05 ...  2.39058491e-04
   -1.61684954e-06 -1.68274881e-04]
  [ 6.25414528e-07  9.18278812e-06  8.12949394e-05 ... -1.61684954e-06
    4.44994860e-04 -4.06046422e-06]
  [ 4.56927575e-08  7.18408366e-07  3.19889097e-06 ... -1.68274881e-04
   -4.06046422e-06  5.95722431e-04]]

 [[ 2.53030337e-08  3.85040165e-07  2.83120916e-06 ... -1.48564827e-07
    1.05892783e-07  7.43920858e-08]
  [ 3.85040165e-07  5.86062040e-06  4.30449785e-05 ... -2.17963273e-06
    1.18324637e-06  1.05293947e-06]
  [ 2.83120916e-06  4.30449785e-05  3.17984949e-04 ... -1.75088531e-05
    2.68730390e-05  9.39090726e-06]
  ...
  [-1.48564827e-07 -2.17963273e-06 -1.75088531e-05 ...  2.30571462e-04
    2.08900721e-07 -1.91671059e-04]
  [ 1.05892783e-07  1.18324637e-06  2.68730390e-05 ...  2.08900721e-07
    4.63238031e-04 -3.50215169e-06]
  [ 7.43920858e-08  1.05293947e-06  9.39090726e-06 ... -1.91671059e-04
   -3.50215169e-06  6.49568295e-04]]]
converged SCF energy = -150.244985829837  <S^2> = 0.92979912  2S+1 = 2.1723712
[timing] left/O ensemble SCF = 10.7s
dm0 check [[ 3.79470594e-01  6.12180571e-01 -1.25131194e-01 ...  3.08046025e-05
   1.33164378e-05 -5.43931080e-05]
 [ 6.12180571e-01  1.01516325e+00 -3.33834867e-01 ...  8.37801207e-05
   3.51045212e-05 -1.47275803e-04]
 [-1.25131194e-01 -3.33834867e-01  6.74746593e-01 ... -2.02190967e-04
  -8.49642176e-05  3.56282312e-04]
 ...
 [ 3.08046025e-05  8.37801207e-05 -2.02190967e-04 ...  2.86746420e-05
   1.07932091e-05 -4.99168151e-05]
 [ 1.33164378e-05  3.51045212e-05 -8.49642176e-05 ...  1.07932091e-05
   5.36079261e-06 -2.04807987e-05]
 [-5.43931080e-05 -1.47275803e-04  3.56282312e-04 ... -4.99168151e-05
  -2.04807987e-05  9.36411844e-05]]


******** <class 'pyscf.scf.addons.SmearingDFRKS'> ********
method = SmearingDFRKS
initial guess = minao
damping factor = 0.15
level_shift factor = 0.2
DIIS = <class 'pyscf.scf.diis.CDIIS'>
diis_start_cycle = 1
diis_space = 12
diis_damp = 0
SCF conv_tol = 5e-05
SCF conv_tol_grad = None
SCF max_cycles = 200
direct_scf = True
direct_scf_tol = 1e-13
chkfile to save SCF result = /tmp/tmpmd13886h
max_memory 4000 MB (current use 87166 MB)
XC library pyscf.dft.libxc version 6.1.0
    S. Lehtola, C. Steigemann, M. J.T. Oliveira, and M. A.L. Marques.,  SoftwareX 7, 1–5 (2018)
XC functionals = pbe
    J. P. Perdew, K. Burke, and M. Ernzerhof.,  Phys. Rev. Lett. 77, 3865 (1996)
    J. P. Perdew, K. Burke, and M. Ernzerhof.,  Phys. Rev. Lett. 78, 1396 (1997)
    J. P. Perdew, K. Burke, and M. Ernzerhof.,  Phys. Rev. Lett. 77, 3865 (1996)
    J. P. Perdew, K. Burke, and M. Ernzerhof.,  Phys. Rev. Lett. 78, 1396 (1997)
small_rho_cutoff = 1e-06
Set gradient conv threshold to 0.00707107
    Total E(T) = -12113.8239844336  Free energy = -12114.8604214264  E0 = -12114.34220293
init E= -12113.8239844336
    sigma = 0.02  Optimized mu = -0.0536720225438  entropy = 1.55848403709
    Total E(T) = -12113.8239832467  Free energy = -12113.8551529274  E0 = -12113.839568087
cycle= 1 E= -12113.8239832467  delta_E= 1.19e-06  |g|= 0.0225  |ddm|= 27.3
    sigma = 0.02  Optimized mu = -0.0536561588998  entropy = 1.5606807755
    Total E(T) = -12113.8238287877  Free energy = -12113.8550424032  E0 = -12113.8394355955
cycle= 2 E= -12113.8238287877  delta_E= 0.000154  |g|= 0.0776  |ddm|= 94.3
    sigma = 0.02  Optimized mu = -0.0536999443928  entropy = 1.55867362869
    Total E(T) = -12113.8239400871  Free energy = -12113.8551135597  E0 = -12113.8395268234
cycle= 3 E= -12113.8239400871  delta_E= -0.000111  |g|= 0.0388  |ddm|= 31.8
    sigma = 0.02  Optimized mu = -0.0537014433617  entropy = 1.55836847166
    Total E(T) = -12113.8239846984  Free energy = -12113.8551520679  E0 = -12113.8395683831
cycle= 4 E= -12113.8239846984  delta_E= -4.46e-05  |g|= 0.025  |ddm|= 15.2
    sigma = 0.02  Optimized mu = -0.0537053523947  entropy = 1.55776231568
    Total E(T) = -12113.8240053957  Free energy = -12113.8551606421  E0 = -12113.8395830189
cycle= 5 E= -12113.8240053957  delta_E= -2.07e-05  |g|= 0.0159  |ddm|=   13
    sigma = 0.02  Optimized mu = -0.0537023819643  entropy = 1.55738956519
    Total E(T) = -12113.8240153595  Free energy = -12113.8551631508  E0 = -12113.8395892551
cycle= 6 E= -12113.8240153595  delta_E= -9.96e-06  |g|= 0.01  |ddm|= 10.3
    sigma = 0.02  Optimized mu = -0.053716607711  entropy = 1.55729631467
    Total E(T) = -12113.8240202271  Free energy = -12113.8551661534  E0 = -12113.8395931903
cycle= 7 E= -12113.8240202271  delta_E= -4.87e-06  |g|= 0.00497  |ddm|= 7.36
    sigma = 0.02  Optimized mu = -0.153809280209  entropy = 51.8171805167
    Total E(T) = -12113.2778471794  Free energy = -12114.3141907897  E0 = -12113.7960189845
Extra cycle  E= -12113.2778471794  delta_E= 0.546  |g|= 0.508  |ddm|= 4.6e+03
converged SCF energy = -12113.2778471794
dm0 check [[[ 1.89757158e-01  3.06148970e-01 -6.27031790e-02 ...  1.26966750e-05
    5.43439875e-06 -2.45507447e-05]
  [ 3.06148970e-01  5.07737808e-01 -1.67281490e-01 ...  3.45821435e-05
    1.42448217e-05 -6.64729878e-05]
  [-6.27031790e-02 -1.67281490e-01  3.38214306e-01 ... -8.32991679e-05
   -3.44135432e-05  1.60524490e-04]
  ...
  [ 1.26966750e-05  3.45821435e-05 -8.32991679e-05 ...  8.37055431e-06
    2.96712181e-06 -1.61689046e-05]
  [ 5.43439875e-06  1.42448217e-05 -3.44135432e-05 ...  2.96712181e-06
    1.67937498e-06 -6.58797744e-06]
  [-2.45507447e-05 -6.64729878e-05  1.60524490e-04 ... -1.61689046e-05
   -6.58797744e-06  3.44899078e-05]]

 [[ 1.89737053e-01  3.06093923e-01 -6.25786830e-02 ...  1.48296255e-05
    6.41633302e-06 -2.75963860e-05]
  [ 3.06093923e-01  5.07590651e-01 -1.66953194e-01 ...  4.03572053e-05
    1.69075806e-05 -7.47389282e-05]
  [-6.25786830e-02 -1.66953194e-01  3.37484632e-01 ... -9.74870146e-05
   -4.09928404e-05  1.81021430e-04]
  ...
  [ 1.48296255e-05  4.03572053e-05 -9.74870146e-05 ...  1.08665360e-05
    3.97032363e-06 -2.03522512e-05]
  [ 6.41633302e-06  1.69075806e-05 -4.09928404e-05 ...  3.97032363e-06
    2.10075037e-06 -8.31512324e-06]
  [-2.75963860e-05 -7.47389282e-05  1.81021430e-04 ... -2.03522512e-05
   -8.31512324e-06  4.14550485e-05]]]


******** <class 'pyscf.scf.addons.SmearingDFUKS'> ********
method = SmearingDFUKS
initial guess = minao
damping factor = 0.15
level_shift factor = 0.2
DIIS = <class 'pyscf.scf.diis.CDIIS'>
diis_start_cycle = 1
diis_space = 12
diis_damp = 0
SCF conv_tol = 5e-05
SCF conv_tol_grad = None
SCF max_cycles = 200
direct_scf = True
direct_scf_tol = 1e-13
chkfile to save SCF result = /tmp/tmp248gej4f
max_memory 4000 MB (current use 87166 MB)
number electrons alpha = 325  beta = 323
XC library pyscf.dft.libxc version 6.1.0
    S. Lehtola, C. Steigemann, M. J.T. Oliveira, and M. A.L. Marques.,  SoftwareX 7, 1–5 (2018)
XC functionals = pbe
    J. P. Perdew, K. Burke, and M. Ernzerhof.,  Phys. Rev. Lett. 77, 3865 (1996)
    J. P. Perdew, K. Burke, and M. Ernzerhof.,  Phys. Rev. Lett. 78, 1396 (1997)
    J. P. Perdew, K. Burke, and M. Ernzerhof.,  Phys. Rev. Lett. 77, 3865 (1996)
    J. P. Perdew, K. Burke, and M. Ernzerhof.,  Phys. Rev. Lett. 78, 1396 (1997)
small_rho_cutoff = 1e-06
Set gradient conv threshold to 0.00707107
    Total E(T) = -12113.379620027  Free energy = -12113.4454026905  E0 = -12113.4125113587
init E= -12113.379620027
    sigma = 0.005  Optimized mu_alpha = -0.197647162884  entropy = 3.50131462139e-07
    sigma = 0.005  Optimized mu_beta  = -0.200225998736  entropy = 3.50131462139e-07
    Total E(T) = -12113.3796273287  Free energy = -12113.3796273305  E0 = -12113.3796273296
cycle= 1 E= -12113.3796273287  delta_E= -7.3e-06  |g|= 0.0224  |ddm|= 17.4
    sigma = 0.005  Optimized mu_alpha = -0.197927468123  entropy = 3.49071121366e-07
    sigma = 0.005  Optimized mu_beta  = -0.200519583026  entropy = 3.49071121366e-07
    Total E(T) = -12113.3795613799  Free energy = -12113.3795613816  E0 = -12113.3795613808
cycle= 2 E= -12113.3795613799  delta_E= 6.59e-05  |g|= 0.0672  |ddm|=   54
    sigma = 0.005  Optimized mu_alpha = -0.197753433328  entropy = 3.49597810951e-07
    sigma = 0.005  Optimized mu_beta  = -0.200335212354  entropy = 3.49597810951e-07
    Total E(T) = -12113.3796212133  Free energy = -12113.379621215  E0 = -12113.3796212141
cycle= 3 E= -12113.3796212133  delta_E= -5.98e-05  |g|= 0.0319  |ddm|= 20.2
    sigma = 0.005  Optimized mu_alpha = -0.197749830362  entropy = 3.49531926171e-07
    sigma = 0.005  Optimized mu_beta  = -0.200332156015  entropy = 3.49531926171e-07
    Total E(T) = -12113.3796475321  Free energy = -12113.3796475338  E0 = -12113.3796475329
cycle= 4 E= -12113.3796475321  delta_E= -2.63e-05  |g|= 0.0184  |ddm|= 11.3
    sigma = 0.005  Optimized mu_alpha = -0.19772906841  entropy = 3.49205077892e-07
    sigma = 0.005  Optimized mu_beta  = -0.200315804495  entropy = 3.49205077892e-07
    Total E(T) = -12113.3796589086  Free energy = -12113.3796589103  E0 = -12113.3796589095
cycle= 5 E= -12113.3796589086  delta_E= -1.14e-05  |g|= 0.0113  |ddm|= 7.37
    sigma = 0.005  Optimized mu_alpha = -0.197782773661  entropy = 3.48922187537e-07
    sigma = 0.005  Optimized mu_beta  = -0.200371869127  entropy = 3.48922187537e-07
    Total E(T) = -12113.3796646903  Free energy = -12113.3796646921  E0 = -12113.3796646912
cycle= 6 E= -12113.3796646903  delta_E= -5.78e-06  |g|= 0.00522  |ddm|=  7.8
    sigma = 0.005  Optimized mu_alpha = -0.297341565835  entropy = 13.1427466898
    sigma = 0.005  Optimized mu_beta  = -0.30026064183  entropy = 13.1427466898
    Total E(T) = -12113.3428411392  Free energy = -12113.4085548727  E0 = -12113.3756980059
Extra cycle  E= -12113.3428411392  delta_E= 0.0368  |g|= 0.228  |ddm|=  994
converged SCF energy = -12113.3428411392  <S^2> = 2.0163342  2S+1 = 3.0108698
[timing] right/Al ensemble SCF = 888.4s
[timing] collect state = 0.0s
[timing] grad contraction = 1.5s
[timing] checkpoint save = 0.0s
step=  10 L=-12259.84790054 Ef=-12259.81827144 |grad|=3.54958e-02 t=902.8s
[diagnostic] step=11 |b|=2.370118e+00 max|b|=8.444080e-01
[timing] build AO Vp from S3 = 1.6s
[diagnostic] |vpl|=3.650385e+00 max|vpl|=6.757118e-01
[diagnostic] |vpr|=2.521688e+00 max|vpr|=5.614974e-01
[diagnostic] |vpref|=3.752567e+00 max|vpref|=6.751535e-01
dm0 check [[[ 1.51511402e-09  2.24391602e-08  1.89789932e-07 ... -1.14718949e-07
    7.42476676e-07  6.64942946e-08]
  [ 2.24391602e-08  3.34444480e-07  2.75067390e-06 ... -1.77767024e-06
    1.10110557e-05  1.04757811e-06]
  [ 1.89789932e-07  2.75067390e-06  2.57237925e-05 ... -1.02769862e-05
    9.27868828e-05  4.99875971e-06]
  ...
  [-1.14718949e-07 -1.77767024e-06 -1.02769862e-05 ...  2.27166757e-04
    1.81897141e-06 -1.91352326e-04]
  [ 7.42476676e-07  1.10110557e-05  9.27868828e-05 ...  1.81897141e-06
    4.79980286e-04 -1.62432518e-06]
  [ 6.64942946e-08  1.04757811e-06  4.99875971e-06 ... -1.91352326e-04
   -1.62432518e-06  6.55604983e-04]]

 [[ 2.14412355e-09  3.18475848e-08  2.65523729e-07 ... -7.48705123e-08
    1.03578252e-06  2.38437442e-08]
  [ 3.18475848e-08  4.74248193e-07  3.91397262e-06 ... -9.93112828e-07
    1.53190767e-05  2.50155360e-07]
  [ 2.65523729e-07  3.91397262e-06  3.37625552e-05 ... -1.10142821e-05
    1.30901534e-04  4.52867722e-06]
  ...
  [-7.48705123e-08 -9.93112828e-07 -1.10142821e-05 ...  2.49604229e-04
    2.27939085e-06 -2.10130242e-04]
  [ 1.03578252e-06  1.53190767e-05  1.30901534e-04 ...  2.27939085e-06
    5.52938815e-04 -2.04467279e-06]
  [ 2.38437442e-08  2.50155360e-07  4.52867722e-06 ... -2.10130242e-04
   -2.04467279e-06  7.46013397e-04]]]
converged SCF energy = -150.226693714539  <S^2> = 2.0045398  2S+1 = 3.003025
dm0 check [[[ 1.14641024e-09  1.70870792e-08  1.38754064e-07 ... -8.06198266e-08
    6.25414586e-07  4.56927794e-08]
  [ 1.70870792e-08  2.56086189e-07  2.02952959e-06 ... -1.06182794e-06
    9.18279031e-06  7.18408502e-07]
  [ 1.38754064e-07  2.02952959e-06  1.80707726e-05 ... -1.26946984e-05
    8.12949604e-05  3.19889201e-06]
  ...
  [-8.06198266e-08 -1.06182794e-06 -1.26946984e-05 ...  2.39058473e-04
   -1.61688238e-06 -1.68274911e-04]
  [ 6.25414586e-07  9.18279031e-06  8.12949604e-05 ... -1.61688238e-06
    4.44994935e-04 -4.06049348e-06]
  [ 4.56927794e-08  7.18408502e-07  3.19889201e-06 ... -1.68274911e-04
   -4.06049348e-06  5.95722523e-04]]

 [[ 2.53031342e-08  3.85041698e-07  2.83122026e-06 ... -1.48565081e-07
    1.05892012e-07  7.43928595e-08]
  [ 3.85041698e-07  5.86064379e-06  4.30451476e-05 ... -2.17963530e-06
    1.18323536e-06  1.05294996e-06]
  [ 2.83122026e-06  4.30451476e-05  3.17986172e-04 ... -1.75088770e-05
    2.68729610e-05  9.39098702e-06]
  ...
  [-1.48565081e-07 -2.17963530e-06 -1.75088770e-05 ...  2.30571501e-04
    2.08899297e-07 -1.91671094e-04]
  [ 1.05892012e-07  1.18323536e-06  2.68729610e-05 ...  2.08899297e-07
    4.63238099e-04 -3.50214714e-06]
  [ 7.43928595e-08  1.05294996e-06  9.39098702e-06 ... -1.91671094e-04
   -3.50214714e-06  6.49568416e-04]]]
converged SCF energy = -150.244985829833  <S^2> = 0.92979393  2S+1 = 2.1723664
[timing] left/O ensemble SCF = 11.0s
dm0 check [[ 3.79470674e-01  6.12180970e-01 -1.25132104e-01 ...  3.02117758e-05
   1.31401396e-05 -5.34554124e-05]
 [ 6.12180970e-01  1.01516453e+00 -3.33837453e-01 ...  8.21825187e-05
   3.46294815e-05 -1.44748628e-04]
 [-1.25132104e-01 -3.33837453e-01  6.74752659e-01 ... -1.98344638e-04
  -8.38221109e-05  3.50194336e-04]
 ...
 [ 3.02117758e-05  8.21825187e-05 -1.98344638e-04 ...  3.00993096e-05
   1.13818928e-05 -5.18646303e-05]
 [ 1.31401396e-05  3.46294815e-05 -8.38221109e-05 ...  1.13818928e-05
   5.59582973e-06 -2.13069693e-05]
 [-5.34554124e-05 -1.44748628e-04  3.50194336e-04 ... -5.18646303e-05
  -2.13069693e-05  9.62051509e-05]]


******** <class 'pyscf.scf.addons.SmearingDFRKS'> ********
method = SmearingDFRKS
initial guess = minao
damping factor = 0.15
level_shift factor = 0.2
DIIS = <class 'pyscf.scf.diis.CDIIS'>
diis_start_cycle = 1
diis_space = 12
diis_damp = 0
SCF conv_tol = 5e-05
SCF conv_tol_grad = None
SCF max_cycles = 200
direct_scf = True
direct_scf_tol = 1e-13
chkfile to save SCF result = /tmp/tmpmd13886h
max_memory 4000 MB (current use 87036 MB)
XC library pyscf.dft.libxc version 6.1.0
    S. Lehtola, C. Steigemann, M. J.T. Oliveira, and M. A.L. Marques.,  SoftwareX 7, 1–5 (2018)
XC functionals = pbe
    J. P. Perdew, K. Burke, and M. Ernzerhof.,  Phys. Rev. Lett. 77, 3865 (1996)
    J. P. Perdew, K. Burke, and M. Ernzerhof.,  Phys. Rev. Lett. 78, 1396 (1997)
    J. P. Perdew, K. Burke, and M. Ernzerhof.,  Phys. Rev. Lett. 77, 3865 (1996)
    J. P. Perdew, K. Burke, and M. Ernzerhof.,  Phys. Rev. Lett. 78, 1396 (1997)
small_rho_cutoff = 1e-06
Set gradient conv threshold to 0.00707107
    Total E(T) = -12113.8240201614  Free energy = -12114.8603637717  E0 = -12114.3421919666
init E= -12113.8240201614
    sigma = 0.02  Optimized mu = -0.0537062414556  entropy = 1.55738308636
    Total E(T) = -12113.8240067031  Free energy = -12113.8551543648  E0 = -12113.8395805339
cycle= 1 E= -12113.8240067031  delta_E= 1.35e-05  |g|= 0.0241  |ddm|= 30.7
    sigma = 0.02  Optimized mu = -0.0537148974367  entropy = 1.55938194593
    Total E(T) = -12113.8238226034  Free energy = -12113.8550102423  E0 = -12113.8394164229
cycle= 2 E= -12113.8238226034  delta_E= 0.000184  |g|= 0.0844  |ddm|= 96.7
    sigma = 0.02  Optimized mu = -0.053707140655  entropy = 1.55769882456
    Total E(T) = -12113.8239409125  Free energy = -12113.855094889  E0 = -12113.8395179008
cycle= 3 E= -12113.8239409125  delta_E= -0.000118  |g|= 0.0433  |ddm|= 33.6
    sigma = 0.02  Optimized mu = -0.05370783169  entropy = 1.55760004224
    Total E(T) = -12113.8239852543  Free energy = -12113.8551372552  E0 = -12113.8395612548
cycle= 4 E= -12113.8239852543  delta_E= -4.43e-05  |g|= 0.0298  |ddm|=   16
    sigma = 0.02  Optimized mu = -0.0537114439724  entropy = 1.55752539609
    Total E(T) = -12113.8240055264  Free energy = -12113.8551560343  E0 = -12113.8395807804
cycle= 5 E= -12113.8240055264  delta_E= -2.03e-05  |g|= 0.021  |ddm|= 9.13
    sigma = 0.02  Optimized mu = -0.0537116819243  entropy = 1.55739738533
    Total E(T) = -12113.8240160992  Free energy = -12113.8551640469  E0 = -12113.839590073
cycle= 6 E= -12113.8240160992  delta_E= -1.06e-05  |g|= 0.0146  |ddm|= 5.66
    sigma = 0.02  Optimized mu = -0.0537197888632  entropy = 1.55725033975
    Total E(T) = -12113.8240216893  Free energy = -12113.8551666961  E0 = -12113.8395941927
cycle= 7 E= -12113.8240216893  delta_E= -5.59e-06  |g|= 0.00999  |ddm|= 5.96
    sigma = 0.02  Optimized mu = -0.0537117293721  entropy = 1.55726403798
    Total E(T) = -12113.8240243284  Free energy = -12113.8551696092  E0 = -12113.8395969688
cycle= 8 E= -12113.8240243284  delta_E= -2.64e-06  |g|= 0.00679  |ddm|= 4.84
    sigma = 0.02  Optimized mu = -0.153819436795  entropy = 51.8143483993
    Total E(T) = -12113.2789554686  Free energy = -12114.3152424365  E0 = -12113.7970989525
Extra cycle  E= -12113.2789554686  delta_E= 0.545  |g|= 0.492  |ddm|= 4.61e+03
converged SCF energy = -12113.2789554686
dm0 check [[[ 1.89757219e-01  3.06149166e-01 -6.27037746e-02 ...  1.26265749e-05
    5.41665717e-06 -2.43283401e-05]
  [ 3.06149166e-01  5.07738373e-01 -1.67283092e-01 ...  3.43936914e-05
    1.41971745e-05 -6.58742403e-05]
  [-6.27037746e-02 -1.67283092e-01  3.38218607e-01 ... -8.28515261e-05
   -3.43012211e-05  1.59089585e-04]
  ...
  [ 1.26265749e-05  3.43936914e-05 -8.28515261e-05 ...  8.82586157e-06
    3.14266884e-06 -1.68139044e-05]
  [ 5.41665717e-06  1.41971745e-05 -3.43012211e-05 ...  3.14266884e-06
    1.74222983e-06 -6.83749124e-06]
  [-2.43283401e-05 -6.58742403e-05  1.59089585e-04 ... -1.68139044e-05
   -6.83749124e-06  3.53070631e-05]]

 [[ 1.89736927e-01  3.06093635e-01 -6.25781402e-02 ...  1.50522103e-05
    6.52322128e-06 -2.77182637e-05]
  [ 3.06093635e-01  5.07589932e-01 -1.66951752e-01 ...  4.09581327e-05
    1.71961140e-05 -7.50686038e-05]
  [-6.25781402e-02 -1.66951752e-01  3.37481781e-01 ... -9.89501485e-05
   -4.16946713e-05  1.81832700e-04]
  ...
  [ 1.50522103e-05  4.09581327e-05 -9.89501485e-05 ...  1.21127830e-05
    4.45433172e-06 -2.22049028e-05]
  [ 6.52322128e-06  1.71961140e-05 -4.16946713e-05 ...  4.45433172e-06
    2.28535065e-06 -9.04231719e-06]
  [-2.77182637e-05 -7.50686038e-05  1.81832700e-04 ... -2.22049028e-05
   -9.04231719e-06  4.40917561e-05]]]


******** <class 'pyscf.scf.addons.SmearingDFUKS'> ********
method = SmearingDFUKS
initial guess = minao
damping factor = 0.15
level_shift factor = 0.2
DIIS = <class 'pyscf.scf.diis.CDIIS'>
diis_start_cycle = 1
diis_space = 12
diis_damp = 0
SCF conv_tol = 5e-05
SCF conv_tol_grad = None
SCF max_cycles = 200
direct_scf = True
direct_scf_tol = 1e-13
chkfile to save SCF result = /tmp/tmp248gej4f
max_memory 4000 MB (current use 87092 MB)
number electrons alpha = 325  beta = 323
XC library pyscf.dft.libxc version 6.1.0
    S. Lehtola, C. Steigemann, M. J.T. Oliveira, and M. A.L. Marques.,  SoftwareX 7, 1–5 (2018)
XC functionals = pbe
    J. P. Perdew, K. Burke, and M. Ernzerhof.,  Phys. Rev. Lett. 77, 3865 (1996)
    J. P. Perdew, K. Burke, and M. Ernzerhof.,  Phys. Rev. Lett. 78, 1396 (1997)
    J. P. Perdew, K. Burke, and M. Ernzerhof.,  Phys. Rev. Lett. 77, 3865 (1996)
    J. P. Perdew, K. Burke, and M. Ernzerhof.,  Phys. Rev. Lett. 78, 1396 (1997)
small_rho_cutoff = 1e-06
Set gradient conv threshold to 0.00707107
    Total E(T) = -12113.3796646249  Free energy = -12113.4453783583  E0 = -12113.4125214916
init E= -12113.3796646249
    sigma = 0.005  Optimized mu_alpha = -0.19771737088  entropy = 3.49572658337e-07
    sigma = 0.005  Optimized mu_beta  = -0.200303774724  entropy = 3.49572658337e-07
    Total E(T) = -12113.379659598  Free energy = -12113.3796595998  E0 = -12113.3796595989
cycle= 1 E= -12113.379659598  delta_E= 5.03e-06  |g|= 0.0212  |ddm|= 21.5
    sigma = 0.005  Optimized mu_alpha = -0.197924957236  entropy = 3.48182758797e-07
    sigma = 0.005  Optimized mu_beta  = -0.20053185696  entropy = 3.48182758797e-07
    Total E(T) = -12113.3795915095  Free energy = -12113.3795915112  E0 = -12113.3795915104
cycle= 2 E= -12113.3795915095  delta_E= 6.81e-05  |g|= 0.0648  |ddm|= 52.1
    sigma = 0.005  Optimized mu_alpha = -0.197772814785  entropy = 3.48913878427e-07
    sigma = 0.005  Optimized mu_beta  = -0.200366707215  entropy = 3.48913878427e-07
    Total E(T) = -12113.3796407289  Free energy = -12113.3796407306  E0 = -12113.3796407298
cycle= 3 E= -12113.3796407289  delta_E= -4.92e-05  |g|= 0.0313  |ddm|= 18.1
    sigma = 0.005  Optimized mu_alpha = -0.197774490295  entropy = 3.48968671454e-07
    sigma = 0.005  Optimized mu_beta  = -0.200367851166  entropy = 3.48968671454e-07
    Total E(T) = -12113.3796607279  Free energy = -12113.3796607297  E0 = -12113.3796607288
cycle= 4 E= -12113.3796607279  delta_E= -2e-05  |g|= 0.0194  |ddm|= 9.83
    sigma = 0.005  Optimized mu_alpha = -0.197769099659  entropy = 3.48997510886e-07
    sigma = 0.005  Optimized mu_beta  = -0.200364221894  entropy = 3.48997510886e-07
    Total E(T) = -12113.3796691906  Free energy = -12113.3796691923  E0 = -12113.3796691914
cycle= 5 E= -12113.3796691906  delta_E= -8.46e-06  |g|= 0.0128  |ddm|= 6.92
    sigma = 0.005  Optimized mu_alpha = -0.197780967588  entropy = 3.48900597301e-07
    sigma = 0.005  Optimized mu_beta  = -0.200378385059  entropy = 3.48900597301e-07
    Total E(T) = -12113.3796734184  Free energy = -12113.3796734202  E0 = -12113.3796734193
cycle= 6 E= -12113.3796734184  delta_E= -4.23e-06  |g|= 0.00766  |ddm|= 4.77
    sigma = 0.005  Optimized mu_alpha = -0.197781908155  entropy = 3.48771590186e-07
    sigma = 0.005  Optimized mu_beta  = -0.200385590677  entropy = 3.48771590186e-07
    Total E(T) = -12113.3796758688  Free energy = -12113.3796758706  E0 = -12113.3796758697
cycle= 7 E= -12113.3796758688  delta_E= -2.45e-06  |g|= 0.00516  |ddm|= 4.42
    sigma = 0.005  Optimized mu_alpha = -0.297351868423  entropy = 13.1327327069
    sigma = 0.005  Optimized mu_beta  = -0.300288019151  entropy = 13.1327327069
    Total E(T) = -12113.3430473919  Free energy = -12113.4087110555  E0 = -12113.3758792237
Extra cycle  E= -12113.3430473919  delta_E= 0.0366  |g|= 0.22  |ddm|=  994
converged SCF energy = -12113.3430473919  <S^2> = 2.0176971  2S+1 = 3.011775
[timing] right/Al ensemble SCF = 1016.6s
[timing] collect state = 0.0s
[timing] grad contraction = 1.5s
[timing] checkpoint save = 0.0s
step=  11 L=-12259.84891590 Ef=-12259.81858600 |grad|=3.58552e-02 t=1031.2s
[diagnostic] step=12 |b|=2.370118e+00 max|b|=8.444080e-01
[timing] build AO Vp from S3 = 1.6s
[diagnostic] |vpl|=3.650385e+00 max|vpl|=6.757118e-01
[diagnostic] |vpr|=2.521688e+00 max|vpr|=5.614974e-01
[diagnostic] |vpref|=3.752567e+00 max|vpref|=6.751535e-01
dm0 check [[[ 1.51511371e-09  2.24391587e-08  1.89789885e-07 ... -1.14719100e-07
    7.42477119e-07  6.64944335e-08]
  [ 2.24391587e-08  3.34444535e-07  2.75067326e-06 ... -1.77767285e-06
    1.10110602e-05  1.04758065e-06]
  [ 1.89789885e-07  2.75067326e-06  2.57237850e-05 ... -1.02770071e-05
    9.27869477e-05  4.99877835e-06]
  ...
  [-1.14719100e-07 -1.77767285e-06 -1.02770071e-05 ...  2.27166686e-04
    1.81897066e-06 -1.91352267e-04]
  [ 7.42477119e-07  1.10110602e-05  9.27869477e-05 ...  1.81897066e-06
    4.79980244e-04 -1.62432566e-06]
  [ 6.64944335e-08  1.04758065e-06  4.99877835e-06 ... -1.91352267e-04
   -1.62432566e-06  6.55604889e-04]]

 [[ 2.14412337e-09  3.18475819e-08  2.65523748e-07 ... -7.48707945e-08
    1.03578267e-06  2.38439869e-08]
  [ 3.18475819e-08  4.74248179e-07  3.91397252e-06 ... -9.93114723e-07
    1.53190782e-05  2.50157063e-07]
  [ 2.65523748e-07  3.91397252e-06  3.37625591e-05 ... -1.10143011e-05
    1.30901563e-04  4.52869327e-06]
  ...
  [-7.48707945e-08 -9.93114723e-07 -1.10143011e-05 ...  2.49604178e-04
    2.27939032e-06 -2.10130199e-04]
  [ 1.03578267e-06  1.53190782e-05  1.30901563e-04 ...  2.27939032e-06
    5.52938961e-04 -2.04467337e-06]
  [ 2.38439869e-08  2.50157063e-07  4.52869327e-06 ... -2.10130199e-04
   -2.04467337e-06  7.46013509e-04]]]
converged SCF energy = -150.22669371454  <S^2> = 2.0045398  2S+1 = 3.003025
dm0 check [[[ 1.14641175e-09  1.70870852e-08  1.38754190e-07 ... -8.06195304e-08
    6.25414482e-07  4.56923927e-08]
  [ 1.70870852e-08  2.56086076e-07  2.02952891e-06 ... -1.06182174e-06
    9.18277775e-06  7.18406689e-07]
  [ 1.38754190e-07  2.02952891e-06  1.80707782e-05 ... -1.26946986e-05
    8.12948828e-05  3.19886534e-06]
  ...
  [-8.06195304e-08 -1.06182174e-06 -1.26946986e-05 ...  2.39058859e-04
   -1.61686895e-06 -1.68274611e-04]
  [ 6.25414482e-07  9.18277775e-06  8.12948828e-05 ... -1.61686895e-06
    4.44994181e-04 -4.06041998e-06]
  [ 4.56923927e-08  7.18406689e-07  3.19886534e-06 ... -1.68274611e-04
   -4.06041998e-06  5.95721441e-04]]

 [[ 2.53023118e-08  3.85029194e-07  2.83113043e-06 ... -1.48563130e-07
    1.05896718e-07  7.43929117e-08]
  [ 3.85029194e-07  5.86045371e-06  4.30437812e-05 ... -2.17960991e-06
    1.18330086e-06  1.05295435e-06]
  [ 2.83113043e-06  4.30437812e-05  3.17976361e-04 ... -1.75086755e-05
    2.68734244e-05  9.39100466e-06]
  ...
  [-1.48563130e-07 -2.17960991e-06 -1.75086755e-05 ...  2.30571234e-04
    2.08936334e-07 -1.91670829e-04]
  [ 1.05896718e-07  1.18330086e-06  2.68734244e-05 ...  2.08936334e-07
    4.63237147e-04 -3.50203553e-06]
  [ 7.43929117e-08  1.05295435e-06  9.39100466e-06 ... -1.91670829e-04
   -3.50203553e-06  6.49567061e-04]]]
converged SCF energy = -150.244985829837  <S^2> = 0.92979876  2S+1 = 2.1723708
[timing] left/O ensemble SCF = 13.7s
dm0 check [[ 3.79470746e-01  6.12181173e-01 -1.25132595e-01 ...  2.98638642e-05
   1.30055299e-05 -5.29712284e-05]
 [ 6.12181173e-01  1.01516509e+00 -3.33838789e-01 ...  8.12447768e-05
   3.42666639e-05 -1.43443580e-04]
 [-1.25132595e-01 -3.33838789e-01  6.74755898e-01 ... -1.96084337e-04
  -8.29476492e-05  3.47048609e-04]
 ...
 [ 2.98638642e-05  8.12447768e-05 -1.96084337e-04 ...  3.05374307e-05
   1.15434753e-05 -5.24762925e-05]
 [ 1.30055299e-05  3.42666639e-05 -8.29476492e-05 ...  1.15434753e-05
   5.65367108e-06 -2.15327527e-05]
 [-5.29712284e-05 -1.43443580e-04  3.47048609e-04 ... -5.24762925e-05
  -2.15327527e-05  9.70508647e-05]]


******** <class 'pyscf.scf.addons.SmearingDFRKS'> ********
method = SmearingDFRKS
initial guess = minao
damping factor = 0.15
level_shift factor = 0.2
DIIS = <class 'pyscf.scf.diis.CDIIS'>
diis_start_cycle = 1
diis_space = 12
diis_damp = 0
SCF conv_tol = 5e-05
SCF conv_tol_grad = None
SCF max_cycles = 200
direct_scf = True
direct_scf_tol = 1e-13
chkfile to save SCF result = /tmp/tmpmd13886h
max_memory 4000 MB (current use 87129 MB)
XC library pyscf.dft.libxc version 6.1.0
    S. Lehtola, C. Steigemann, M. J.T. Oliveira, and M. A.L. Marques.,  SoftwareX 7, 1–5 (2018)
XC functionals = pbe
    J. P. Perdew, K. Burke, and M. Ernzerhof.,  Phys. Rev. Lett. 77, 3865 (1996)
    J. P. Perdew, K. Burke, and M. Ernzerhof.,  Phys. Rev. Lett. 78, 1396 (1997)
    J. P. Perdew, K. Burke, and M. Ernzerhof.,  Phys. Rev. Lett. 77, 3865 (1996)
    J. P. Perdew, K. Burke, and M. Ernzerhof.,  Phys. Rev. Lett. 78, 1396 (1997)
small_rho_cutoff = 1e-06
Set gradient conv threshold to 0.00707107
    Total E(T) = -12113.8240243284  Free energy = -12114.8603112964  E0 = -12114.3421678124
init E= -12113.8240243284
    sigma = 0.02  Optimized mu = -0.0537147071039  entropy = 1.55684999151
    Total E(T) = -12113.824003424  Free energy = -12113.8551404238  E0 = -12113.8395719239
cycle= 1 E= -12113.824003424  delta_E= 2.09e-05  |g|= 0.0301  |ddm|= 25.5
    sigma = 0.02  Optimized mu = -0.0537165995711  entropy = 1.55959007198
    Total E(T) = -12113.8237282144  Free energy = -12113.8549200159  E0 = -12113.8393241152
cycle= 2 E= -12113.8237282144  delta_E= 0.000275  |g|= 0.104  |ddm|=  102
    sigma = 0.02  Optimized mu = -0.053711200306  entropy = 1.55746500823
    Total E(T) = -12113.8238962578  Free energy = -12113.855045558  E0 = -12113.8394709079
cycle= 3 E= -12113.8238962578  delta_E= -0.000168  |g|= 0.0553  |ddm|= 39.9
    sigma = 0.02  Optimized mu = -0.0537127578229  entropy = 1.55732836002
    Total E(T) = -12113.8239624901  Free energy = -12113.8551090573  E0 = -12113.8395357737
cycle= 4 E= -12113.8239624901  delta_E= -6.62e-05  |g|= 0.0388  |ddm|= 16.7
    sigma = 0.02  Optimized mu = -0.0537143829254  entropy = 1.55729524868
    Total E(T) = -12113.8239936966  Free energy = -12113.8551396016  E0 = -12113.8395666491
cycle= 5 E= -12113.8239936966  delta_E= -3.12e-05  |g|= 0.0278  |ddm|= 9.23
    sigma = 0.02  Optimized mu = -0.0537149627352  entropy = 1.55726268155
    Total E(T) = -12113.8240091898  Free energy = -12113.8551544434  E0 = -12113.8395818166
cycle= 6 E= -12113.8240091898  delta_E= -1.55e-05  |g|= 0.0207  |ddm|= 5.89
    sigma = 0.02  Optimized mu = -0.0537152728296  entropy = 1.557256428
    Total E(T) = -12113.8240173766  Free energy = -12113.8551625052  E0 = -12113.8395899409
cycle= 7 E= -12113.8240173766  delta_E= -8.19e-06  |g|= 0.0155  |ddm|= 3.94
    sigma = 0.02  Optimized mu = -0.0537164940147  entropy = 1.55723827308
    Total E(T) = -12113.8240218733  Free energy = -12113.8551666387  E0 = -12113.839594256
cycle= 8 E= -12113.8240218733  delta_E= -4.5e-06  |g|= 0.0117  |ddm|= 2.99
    sigma = 0.02  Optimized mu = -0.053716216679  entropy = 1.55722969339
    Total E(T) = -12113.8240243875  Free energy = -12113.8551689814  E0 = -12113.8395966845
cycle= 9 E= -12113.8240243875  delta_E= -2.51e-06  |g|= 0.00897  |ddm|= 2.11
    sigma = 0.02  Optimized mu = -0.0537174500924  entropy = 1.5572186127
    Total E(T) = -12113.8240258873  Free energy = -12113.8551702595  E0 = -12113.8395980734
cycle= 10 E= -12113.8240258873  delta_E= -1.5e-06  |g|= 0.00696  |ddm|=  1.9
    sigma = 0.02  Optimized mu = -0.153826475492  entropy = 51.8137247055
    Total E(T) = -12113.2790926146  Free energy = -12114.3153671087  E0 = -12113.7972298617
Extra cycle  E= -12113.2790926146  delta_E= 0.545  |g|= 0.491  |ddm|= 4.61e+03
converged SCF energy = -12113.2790926146
dm0 check [[[ 1.89757299e-01  3.06149396e-01 -6.27042845e-02 ...  1.24097804e-05
    5.32773219e-06 -2.40011377e-05]
  [ 3.06149396e-01  5.07739007e-01 -1.67284486e-01 ...  3.38095332e-05
    1.39575385e-05 -6.49924689e-05]
  [-6.27042845e-02 -1.67284486e-01  3.38221791e-01 ... -8.14434259e-05
   -3.37234053e-05  1.56963112e-04]
  ...
  [ 1.24097804e-05  3.38095332e-05 -8.14434259e-05 ...  8.71055083e-06
    3.09660210e-06 -1.65931984e-05]
  [ 5.32773219e-06  1.39575385e-05 -3.37234053e-05 ...  3.09660210e-06
    1.72115843e-06 -6.74488640e-06]
  [-2.40011377e-05 -6.49924689e-05  1.56963112e-04 ... -1.65931984e-05
   -6.74488640e-06  3.48806983e-05]]

 [[ 1.89736850e-01  3.06093450e-01 -6.25776746e-02 ...  1.50795201e-05
    6.53376619e-06 -2.76932109e-05]
  [ 3.06093450e-01  5.07589462e-01 -1.66950536e-01 ...  4.10322279e-05
    1.72247342e-05 -7.50017290e-05]
  [-6.25776746e-02 -1.66950536e-01  3.37478840e-01 ... -9.91352158e-05
   -4.17662560e-05  1.81679609e-04]
  ...
  [ 1.50795201e-05  4.10322279e-05 -9.91352158e-05 ...  1.27732208e-05
    4.70239886e-06 -2.32021983e-05]
  [ 6.53376619e-06  1.72247342e-05 -4.17662560e-05 ...  4.70239886e-06
    2.37808346e-06 -9.41956133e-06]
  [-2.76932109e-05 -7.50017290e-05  1.81679609e-04 ... -2.32021983e-05
   -9.41956133e-06  4.55677822e-05]]]


******** <class 'pyscf.scf.addons.SmearingDFUKS'> ********
method = SmearingDFUKS
initial guess = minao
damping factor = 0.15
level_shift factor = 0.2
DIIS = <class 'pyscf.scf.diis.CDIIS'>
diis_start_cycle = 1
diis_space = 12
diis_damp = 0
SCF conv_tol = 5e-05
SCF conv_tol_grad = None
SCF max_cycles = 200
direct_scf = True
direct_scf_tol = 1e-13
chkfile to save SCF result = /tmp/tmp248gej4f
max_memory 4000 MB (current use 87148 MB)
number electrons alpha = 325  beta = 323
XC library pyscf.dft.libxc version 6.1.0
    S. Lehtola, C. Steigemann, M. J.T. Oliveira, and M. A.L. Marques.,  SoftwareX 7, 1–5 (2018)
XC functionals = pbe
    J. P. Perdew, K. Burke, and M. Ernzerhof.,  Phys. Rev. Lett. 77, 3865 (1996)
    J. P. Perdew, K. Burke, and M. Ernzerhof.,  Phys. Rev. Lett. 78, 1396 (1997)
    J. P. Perdew, K. Burke, and M. Ernzerhof.,  Phys. Rev. Lett. 77, 3865 (1996)
    J. P. Perdew, K. Burke, and M. Ernzerhof.,  Phys. Rev. Lett. 78, 1396 (1997)
small_rho_cutoff = 1e-06
Set gradient conv threshold to 0.00707107
    Total E(T) = -12113.379675869  Free energy = -12113.4453395325  E0 = -12113.4125077008
init E= -12113.379675869
    sigma = 0.005  Optimized mu_alpha = -0.197730968047  entropy = 3.49182965511e-07
    sigma = 0.005  Optimized mu_beta  = -0.200329956983  entropy = 3.49182965511e-07
    Total E(T) = -12113.379670419  Free energy = -12113.3796704207  E0 = -12113.3796704198
cycle= 1 E= -12113.379670419  delta_E= 5.45e-06  |g|= 0.0209  |ddm|= 15.5
    sigma = 0.005  Optimized mu_alpha = -0.19791851044  entropy = 3.48274690073e-07
    sigma = 0.005  Optimized mu_beta  = -0.200536432937  entropy = 3.48274690073e-07
    Total E(T) = -12113.379605721  Free energy = -12113.3796057228  E0 = -12113.3796057219
cycle= 2 E= -12113.379605721  delta_E= 6.47e-05  |g|= 0.0665  |ddm|= 46.2
    sigma = 0.005  Optimized mu_alpha = -0.197782769867  entropy = 3.48674637197e-07
    sigma = 0.005  Optimized mu_beta  = -0.200389603257  entropy = 3.48674637197e-07
    Total E(T) = -12113.3796490537  Free energy = -12113.3796490554  E0 = -12113.3796490545
cycle= 3 E= -12113.3796490537  delta_E= -4.33e-05  |g|= 0.0335  |ddm|= 16.8
    sigma = 0.005  Optimized mu_alpha = -0.197781381311  entropy = 3.48721190756e-07
    sigma = 0.005  Optimized mu_beta  = -0.200387797101  entropy = 3.48721190756e-07
    Total E(T) = -12113.3796670913  Free energy = -12113.379667093  E0 = -12113.3796670922
cycle= 4 E= -12113.3796670913  delta_E= -1.8e-05  |g|= 0.0216  |ddm|= 8.21
    sigma = 0.005  Optimized mu_alpha = -0.197777485542  entropy = 3.48767516786e-07
    sigma = 0.005  Optimized mu_beta  = -0.200384659428  entropy = 3.48767516786e-07
    Total E(T) = -12113.3796749308  Free energy = -12113.3796749325  E0 = -12113.3796749317
cycle= 5 E= -12113.3796749308  delta_E= -7.84e-06  |g|= 0.0147  |ddm|= 5.25
    sigma = 0.005  Optimized mu_alpha = -0.19777894557  entropy = 3.48757027292e-07
    sigma = 0.005  Optimized mu_beta  = -0.200386549704  entropy = 3.48757027292e-07
    Total E(T) = -12113.3796787354  Free energy = -12113.3796787371  E0 = -12113.3796787363
cycle= 6 E= -12113.3796787354  delta_E= -3.8e-06  |g|= 0.00998  |ddm|=  3.4
    sigma = 0.005  Optimized mu_alpha = -0.197782478277  entropy = 3.48725011437e-07
    sigma = 0.005  Optimized mu_beta  = -0.200392483629  entropy = 3.48725011437e-07
    Total E(T) = -12113.3796807828  Free energy = -12113.3796807846  E0 = -12113.3796807837
cycle= 7 E= -12113.3796807828  delta_E= -2.05e-06  |g|= 0.00729  |ddm|= 2.88
    sigma = 0.005  Optimized mu_alpha = -0.197782222457  entropy = 3.48700578146e-07
    sigma = 0.005  Optimized mu_beta  = -0.200395788749  entropy = 3.48700578146e-07
    Total E(T) = -12113.3796822203  Free energy = -12113.3796822221  E0 = -12113.3796822212
cycle= 8 E= -12113.3796822203  delta_E= -1.44e-06  |g|= 0.00504  |ddm|= 2.48
    sigma = 0.005  Optimized mu_alpha = -0.297365497771  entropy = 13.1286612268
    sigma = 0.005  Optimized mu_beta  = -0.300318040066  entropy = 13.1286612268
    Total E(T) = -12113.3431709649  Free energy = -12113.4088142711  E0 = -12113.375992618
Extra cycle  E= -12113.3431709649  delta_E= 0.0365  |g|= 0.216  |ddm|=  993
converged SCF energy = -12113.3431709649  <S^2> = 2.0192539  2S+1 = 3.0128086
[timing] right/Al ensemble SCF = 1147.2s
[timing] collect state = 0.0s
[timing] grad contraction = 1.6s
[timing] checkpoint save = 0.0s
step=  12 L=-12259.84905165 Ef=-12259.81848202 |grad|=3.59760e-02 t=1164.6s
[phase2] finished t=26225.8s
optimizer finished: CONVERGENCE: REL_REDUCTION_OF_F_<=_FACTR*EPSMCH
final L = -12259.84905165  niter = 5  success = True

=== Vp comparison: S3 vs grid (final b) ===
Vpl (left): ||S3 - grid||_F = 3.650381e+00  rel = 9.453544e+05  max|Δ| = 6.757111e-01
Vpr (right): ||S3 - grid||_F = 2.521686e+00  rel = 9.469487e+05  max|Δ| = 5.614968e-01
Vpref (full): ||S3 - grid||_F = 3.752563e+00  rel = 9.451787e+05  max|Δ| = 6.751528e-01
[total] wall time t=32981.4s
=== Python finished ===
All done.
