pyscf max mem 1063900
SLURM_CPUS_PER_TASK = 64
OMP_NUM_THREADS = 64
MKL_NUM_THREADS = 64
OPENBLAS_NUM_THREADS = 64
PySCF lib.num_threads() = 64
=== unconstrained scipy.minimize run (no bounds, no outer loop) ===
[config] WARMSTART_PKL=pdft_optimizer_trust_ridge1e34.pkl
[config] CHECKPOINT fallback=pdft_optimizer_trust_ridge1e35.pkl
[config] minimize maxiter=400 maxls=50 maxcor=7
[config] minimize gtol=3.0e-04 ftol=1.0e-09
left ensemble electron number ([9, 9], [7, 8])
right ensemble electron number ([325, 325], [325, 323])
[setup] build_system t=2.3s
building grid (level 3)...
[setup] grid t=4.7s
computing S3 tensors (DF)...
S3 shapes: left=(116, 116, 1336) right=(1528, 1528, 1336) ref=(1544, 1544, 1336) t=774.2s
[warm-start] loaded pdft_optimizer_trust_ridge1e34.pkl
[warm-start] b0 priority source = pdft_optimizer_trust_ridge1e34.pkl (fallback: pdft_optimizer_trust_ridge1e35.pkl)
[warm-start] rdft1.D ← pickle dm_ig1
[warm-start] rdft2.D ← pickle dm_ig2
[init] b0 from pdft_optimizer_trust_ridge1e34.pkl, npbs=1336
[warm-start] Lagrangian x0 ready, |b0| = 4.75518e-01
[setup] warm-start t=0.1s
[setup] applied dm_ig warm-start to rdft1/rdft2 before first evaluation
starting unconstrained scipy.optimize.minimize (L-BFGS-B, no bounds)...
dm0 check None
converged SCF energy = -150.226693714537  <S^2> = 2.0045399  2S+1 = 3.003025
dm0 check None
converged SCF energy = -150.244985829666  <S^2> = 0.9297856  2S+1 = 2.1723587
[timing] left/O ensemble SCF = 240.9s
dm0 check [[ 3.79535274e-01  6.12226507e-01 -1.25220850e-01 ...  1.55230780e-06
  -2.26715088e-07 -4.27925951e-06]
 [ 6.12226507e-01  1.01515557e+00 -3.34031593e-01 ...  4.89183038e-06
  -1.40945465e-06 -1.21199271e-05]
 [-1.25220850e-01 -3.34031593e-01  6.75213563e-01 ... -1.12891007e-05
   3.29594397e-06  2.92477228e-05]
 ...
 [ 1.55230780e-06  4.89183038e-06 -1.12891007e-05 ...  7.95981895e-07
  -2.72397539e-07  1.32027848e-07]
 [-2.26715088e-07 -1.40945465e-06  3.29594397e-06 ... -2.72397539e-07
   5.96342468e-07  1.26884789e-08]
 [-4.27925951e-06 -1.21199271e-05  2.92477228e-05 ...  1.32027848e-07
   1.26884789e-08  6.33282038e-07]]


******** <class 'pyscf.scf.addons.SmearingDFRKS'> ********
method = SmearingDFRKS
initial guess = minao
damping factor = 0.15
level_shift factor = 0.2
DIIS = <class 'pyscf.scf.diis.CDIIS'>
diis_start_cycle = 1
diis_space = 12
diis_damp = 0
SCF conv_tol = 5e-05
SCF conv_tol_grad = None
SCF max_cycles = 200
direct_scf = True
direct_scf_tol = 1e-13
chkfile to save SCF result = /tmp/tmp9nuxs2rz
max_memory 4000 MB (current use 85858 MB)
XC library pyscf.dft.libxc version 6.1.0
    S. Lehtola, C. Steigemann, M. J.T. Oliveira, and M. A.L. Marques.,  SoftwareX 7, 1–5 (2018)
XC functionals = pbe
    J. P. Perdew, K. Burke, and M. Ernzerhof.,  Phys. Rev. Lett. 77, 3865 (1996)
    J. P. Perdew, K. Burke, and M. Ernzerhof.,  Phys. Rev. Lett. 78, 1396 (1997)
    J. P. Perdew, K. Burke, and M. Ernzerhof.,  Phys. Rev. Lett. 77, 3865 (1996)
    J. P. Perdew, K. Burke, and M. Ernzerhof.,  Phys. Rev. Lett. 78, 1396 (1997)
small_rho_cutoff = 1e-06
Set gradient conv threshold to 0.00707107
init E= -12114.8136258111
    sigma = 0.02  Optimized mu = -0.0518289818083  entropy = 1.50517227961
    Total E(T) = -12114.8136097178  Free energy = -12114.8437131634  E0 = -12114.8286614406
cycle= 1 E= -12114.8136097178  delta_E= 1.61e-05  |g|= 0.0268  |ddm|= 17.4
    sigma = 0.02  Optimized mu = -0.0519150376687  entropy = 1.50521492448
    Total E(T) = -12114.8134158241  Free energy = -12114.8435201226  E0 = -12114.8284679733
cycle= 2 E= -12114.8134158241  delta_E= 0.000194  |g|= 0.0904  |ddm|= 75.8
    sigma = 0.02  Optimized mu = -0.0518584242983  entropy = 1.50500838572
    Total E(T) = -12114.8135279791  Free energy = -12114.8436281468  E0 = -12114.828578063
cycle= 3 E= -12114.8135279791  delta_E= -0.000112  |g|= 0.0501  |ddm|=   32
    sigma = 0.02  Optimized mu = -0.0518554727996  entropy = 1.50501769557
    Total E(T) = -12114.8135764281  Free energy = -12114.843676782  E0 = -12114.8286266051
cycle= 4 E= -12114.8135764281  delta_E= -4.84e-05  |g|= 0.0355  |ddm|= 11.5
    sigma = 0.02  Optimized mu = -0.0518546217948  entropy = 1.50502108322
    Total E(T) = -12114.8136001892  Free energy = -12114.8437006109  E0 = -12114.8286504001
cycle= 5 E= -12114.8136001892  delta_E= -2.38e-05  |g|= 0.0258  |ddm|= 6.85
    sigma = 0.02  Optimized mu = -0.0518530778546  entropy = 1.50502521818
    Total E(T) = -12114.8136121896  Free energy = -12114.8437126939  E0 = -12114.8286624418
cycle= 6 E= -12114.8136121896  delta_E= -1.2e-05  |g|= 0.0193  |ddm|= 4.74
    sigma = 0.02  Optimized mu = -0.0518536720112  entropy = 1.50502374857
    Total E(T) = -12114.8136187932  Free energy = -12114.8437192682  E0 = -12114.8286690307
cycle= 7 E= -12114.8136187932  delta_E= -6.6e-06  |g|= 0.0145  |ddm|= 2.98
    sigma = 0.02  Optimized mu = -0.0518514786745  entropy = 1.50503436922
    Total E(T) = -12114.8136224286  Free energy = -12114.843723116  E0 = -12114.8286727723
cycle= 8 E= -12114.8136224286  delta_E= -3.64e-06  |g|= 0.0111  |ddm|= 1.98
    sigma = 0.02  Optimized mu = -0.0518540363701  entropy = 1.50502221232
    Total E(T) = -12114.8136245472  Free energy = -12114.8437249914  E0 = -12114.8286747693
cycle= 9 E= -12114.8136245472  delta_E= -2.12e-06  |g|= 0.00852  |ddm|= 1.46
    sigma = 0.02  Optimized mu = -0.0518530829157  entropy = 1.50502826669
    Total E(T) = -12114.8136257277  Free energy = -12114.843726293  E0 = -12114.8286760104
cycle= 10 E= -12114.8136257277  delta_E= -1.18e-06  |g|= 0.00667  |ddm|= 1.15
    sigma = 0.02  Optimized mu = -0.151799641036  entropy = 50.9976544344
    Total E(T) = -12114.288042779  Free energy = -12115.3079958677  E0 = -12114.7980193233
Extra cycle  E= -12114.288042779  delta_E= 0.526  |g|= 0.407  |ddm|= 4.1e+03
converged SCF energy = -12114.288042779
dm0 check [[[ 1.89789227e-01  3.06171025e-01 -6.27460683e-02 ...  6.54814212e-07
   -1.23580322e-07 -2.10471307e-06]
  [ 3.06171025e-01  5.07731349e-01 -1.67374643e-01 ...  2.11974228e-06
   -7.32912747e-07 -5.96369059e-06]
  [-6.27460683e-02 -1.67374643e-01  3.38436978e-01 ... -4.86035293e-06
    1.72192716e-06  1.43682151e-05]
  ...
  [ 6.54814212e-07  2.11974228e-06 -4.86035293e-06 ...  4.22524843e-07
   -1.41862949e-07  6.83826697e-08]
  [-1.23580322e-07 -7.32912747e-07  1.72192716e-06 ... -1.41862949e-07
    3.02267760e-07  1.49538094e-08]
  [-2.10471307e-06 -5.96369059e-06  1.43682151e-05 ...  6.83826697e-08
    1.49538094e-08  3.17603346e-07]]

 [[ 1.89768492e-01  3.06114524e-01 -6.26178222e-02 ...  8.80882083e-07
   -9.51168650e-08 -1.98689904e-06]
  [ 3.06114524e-01  5.07580506e-01 -1.67036255e-01 ...  2.72764913e-06
   -6.53866800e-07 -5.64845665e-06]
  [-6.26178222e-02 -1.67036255e-01  3.37680633e-01 ... -6.31524118e-06
    1.51093876e-06  1.36287377e-05]
  ...
  [ 8.80882083e-07  2.72764913e-06 -6.31524118e-06 ...  4.07859460e-07
   -1.43373756e-07  7.11250040e-08]
  [-9.51168650e-08 -6.53866800e-07  1.51093876e-06 ... -1.43373756e-07
    3.03356083e-07  1.09005667e-08]
  [-1.98689904e-06 -5.64845665e-06  1.36287377e-05 ...  7.11250040e-08
    1.09005667e-08  3.06203829e-07]]]


******** <class 'pyscf.scf.addons.SmearingDFUKS'> ********
method = SmearingDFUKS
initial guess = minao
damping factor = 0.15
level_shift factor = 0.2
DIIS = <class 'pyscf.scf.diis.CDIIS'>
diis_start_cycle = 1
diis_space = 12
diis_damp = 0
SCF conv_tol = 5e-05
SCF conv_tol_grad = None
SCF max_cycles = 200
direct_scf = True
direct_scf_tol = 1e-13
chkfile to save SCF result = /tmp/tmpv1o74kom
max_memory 4000 MB (current use 86707 MB)
number electrons alpha = 325  beta = 323
XC library pyscf.dft.libxc version 6.1.0
    S. Lehtola, C. Steigemann, M. J.T. Oliveira, and M. A.L. Marques.,  SoftwareX 7, 1–5 (2018)
XC functionals = pbe
    J. P. Perdew, K. Burke, and M. Ernzerhof.,  Phys. Rev. Lett. 77, 3865 (1996)
    J. P. Perdew, K. Burke, and M. Ernzerhof.,  Phys. Rev. Lett. 78, 1396 (1997)
    J. P. Perdew, K. Burke, and M. Ernzerhof.,  Phys. Rev. Lett. 77, 3865 (1996)
    J. P. Perdew, K. Burke, and M. Ernzerhof.,  Phys. Rev. Lett. 78, 1396 (1997)
small_rho_cutoff = 1e-06
Set gradient conv threshold to 0.00707107
init E= -12114.369996344
    sigma = 0.005  Optimized mu_alpha = -0.196979971571  entropy = 3.34892000894e-07
    sigma = 0.005  Optimized mu_beta  = -0.199531865825  entropy = 3.34892000894e-07
    Total E(T) = -12114.3699896271  Free energy = -12114.3699896288  E0 = -12114.3699896279
cycle= 1 E= -12114.3699896271  delta_E= 6.72e-06  |g|= 0.0244  |ddm|= 9.77
    sigma = 0.005  Optimized mu_alpha = -0.197085285063  entropy = 3.34431095911e-07
    sigma = 0.005  Optimized mu_beta  = -0.199644008753  entropy = 3.34431095911e-07
    Total E(T) = -12114.3699155284  Free energy = -12114.36991553  E0 = -12114.3699155292
cycle= 2 E= -12114.3699155284  delta_E= 7.41e-05  |g|= 0.0784  |ddm|= 38.3
    sigma = 0.005  Optimized mu_alpha = -0.197014377678  entropy = 3.34618434737e-07
    sigma = 0.005  Optimized mu_beta  = -0.199568210062  entropy = 3.34618434737e-07
    Total E(T) = -12114.3699581225  Free energy = -12114.3699581242  E0 = -12114.3699581233
cycle= 3 E= -12114.3699581225  delta_E= -4.26e-05  |g|= 0.0432  |ddm|= 15.1
    sigma = 0.005  Optimized mu_alpha = -0.197012258545  entropy = 3.34639537242e-07
    sigma = 0.005  Optimized mu_beta  = -0.199565849893  entropy = 3.34639537242e-07
    Total E(T) = -12114.3699780792  Free energy = -12114.3699780809  E0 = -12114.36997808
cycle= 4 E= -12114.3699780792  delta_E= -2e-05  |g|= 0.0297  |ddm|= 5.95
    sigma = 0.005  Optimized mu_alpha = -0.197009536191  entropy = 3.34654084156e-07
    sigma = 0.005  Optimized mu_beta  = -0.199562959517  entropy = 3.34654084156e-07
    Total E(T) = -12114.3699875484  Free energy = -12114.36998755  E0 = -12114.3699875492
cycle= 5 E= -12114.3699875484  delta_E= -9.47e-06  |g|= 0.021  |ddm|= 3.53
    sigma = 0.005  Optimized mu_alpha = -0.197012182947  entropy = 3.34644280885e-07
    sigma = 0.005  Optimized mu_beta  = -0.199565688448  entropy = 3.34644280885e-07
    Total E(T) = -12114.3699921936  Free energy = -12114.3699921953  E0 = -12114.3699921944
cycle= 6 E= -12114.3699921936  delta_E= -4.65e-06  |g|= 0.015  |ddm|= 2.31
    sigma = 0.005  Optimized mu_alpha = -0.197009020686  entropy = 3.34655153087e-07
    sigma = 0.005  Optimized mu_beta  = -0.199562477796  entropy = 3.34655153087e-07
    Total E(T) = -12114.3699945396  Free energy = -12114.3699945413  E0 = -12114.3699945405
cycle= 7 E= -12114.3699945396  delta_E= -2.35e-06  |g|= 0.011  |ddm|= 1.57
    sigma = 0.005  Optimized mu_alpha = -0.197009190238  entropy = 3.34654878656e-07
    sigma = 0.005  Optimized mu_beta  = -0.199562644456  entropy = 3.34654878656e-07
    Total E(T) = -12114.3699957643  Free energy = -12114.3699957659  E0 = -12114.3699957651
cycle= 8 E= -12114.3699957643  delta_E= -1.22e-06  |g|= 0.00803  |ddm|= 1.03
    sigma = 0.005  Optimized mu_alpha = -0.197009798036  entropy = 3.34657714272e-07
    sigma = 0.005  Optimized mu_beta  = -0.199563183207  entropy = 3.34657714272e-07
    Total E(T) = -12114.3699963938  Free energy = -12114.3699963954  E0 = -12114.3699963946
cycle= 9 E= -12114.3699963938  delta_E= -6.3e-07  |g|= 0.00611  |ddm|= 0.766
    sigma = 0.005  Optimized mu_alpha = -0.296549854933  entropy = 12.8201810351
    sigma = 0.005  Optimized mu_beta  = -0.299439834275  entropy = 12.8201810351
    Total E(T) = -12114.3345871127  Free energy = -12114.3986880179  E0 = -12114.3666375653
Extra cycle  E= -12114.3345871127  delta_E= 0.0354  |g|= 0.223  |ddm|=  895
converged SCF energy = -12114.3345871127  <S^2> = 3.7627365  2S+1 = 4.0063632
[timing] right/Al ensemble SCF = 1212.1s
[timing] collect state = 0.0s
[EVAL    1] L=-12265.40677009 Ef=-12265.41346778 L1=9.85289824e-01 Npdft=666.000034 |grad|=1.87661e-02 dL=+nan d|grad|=+nan |b|=4.755179e-01 max|b|=7.359513e-02 t=1658.0s
RUNNING THE L-BFGS-B CODE

           * * *

Machine precision = 2.220D-16
 N =         1336     M =            7

At X0         0 variables are exactly at the bounds

At iterate    0    f=  1.22654D+04    |proj g|=  7.50219D-03
dm0 check [[[ 1.51510539e-09  2.24390407e-08  1.89788584e-07 ... -1.14716793e-07
    7.42480591e-07  6.64925537e-08]
  [ 2.24390407e-08  3.34442860e-07  2.75065447e-06 ... -1.77763476e-06
    1.10111116e-05  1.04754946e-06]
  [ 1.89788584e-07  2.75065447e-06  2.57236015e-05 ... -1.02767709e-05
    9.27874012e-05  4.99858660e-06]
  ...
  [-1.14716793e-07 -1.77763476e-06 -1.02767709e-05 ...  2.27166818e-04
    1.81897022e-06 -1.91352427e-04]
  [ 7.42480591e-07  1.10111116e-05  9.27874012e-05 ...  1.81897022e-06
    4.79983561e-04 -1.62425374e-06]
  [ 6.64925537e-08  1.04754946e-06  4.99858660e-06 ... -1.91352427e-04
   -1.62425374e-06  6.55608417e-04]]

 [[ 2.14412926e-09  3.18476687e-08  2.65524476e-07 ... -7.48678675e-08
    1.03578378e-06  2.38417798e-08]
  [ 3.18476687e-08  4.74249422e-07  3.91398393e-06 ... -9.93071944e-07
    1.53190952e-05  2.50124817e-07]
  [ 2.65524476e-07  3.91398393e-06  3.37626381e-05 ... -1.10139777e-05
    1.30901684e-04  4.52845690e-06]
  ...
  [-7.48678675e-08 -9.93071944e-07 -1.10139777e-05 ...  2.49604988e-04
    2.27945400e-06 -2.10130920e-04]
  [ 1.03578378e-06  1.53190952e-05  1.30901684e-04 ...  2.27945400e-06
    5.52938192e-04 -2.04465529e-06]
  [ 2.38417798e-08  2.50124817e-07  4.52845690e-06 ... -2.10130920e-04
   -2.04465529e-06  7.46013266e-04]]]
converged SCF energy = -150.226693714539  <S^2> = 2.0045398  2S+1 = 3.003025
dm0 check [[[ 1.14663927e-09  1.70906963e-08  1.38764383e-07 ... -8.06351991e-08
    6.25424907e-07  4.57094748e-08]
  [ 1.70906963e-08  2.56142401e-07  2.02970512e-06 ... -1.06203847e-06
    9.18297648e-06  7.18610580e-07]
  [ 1.38764383e-07  2.02970512e-06  1.80711277e-05 ... -1.26954868e-05
    8.12953223e-05  3.19992557e-06]
  ...
  [-8.06351991e-08 -1.06203847e-06 -1.26954868e-05 ...  2.39056590e-04
   -1.61628522e-06 -1.68273569e-04]
  [ 6.25424907e-07  9.18297648e-06  8.12953223e-05 ... -1.61628522e-06
    4.44991768e-04 -4.05797460e-06]
  [ 4.57094748e-08  7.18610580e-07  3.19992557e-06 ... -1.68273569e-04
   -4.05797460e-06  5.95720304e-04]]

 [[ 2.52991917e-08  3.84988468e-07  2.83081238e-06 ... -1.48521070e-07
    1.05980491e-07  7.43608025e-08]
  [ 3.84988468e-07  5.85993601e-06  4.30397100e-05 ... -2.17883477e-06
    1.18474495e-06  1.05238318e-06]
  [ 2.83081238e-06  4.30397100e-05  3.17944269e-04 ... -1.75046016e-05
    2.68826267e-05  9.38690535e-06]
  ...
  [-1.48521070e-07 -2.17883477e-06 -1.75046016e-05 ...  2.30576224e-04
    2.09094785e-07 -1.91668407e-04]
  [ 1.05980491e-07  1.18474495e-06  2.68826267e-05 ...  2.09094785e-07
    4.63234853e-04 -3.50197083e-06]
  [ 7.43608025e-08  1.05238318e-06  9.38690535e-06 ... -1.91668407e-04
   -3.50197083e-06  6.49562330e-04]]]
converged SCF energy = -150.244985829812  <S^2> = 0.92979458  2S+1 = 2.172367
[timing] left/O ensemble SCF = 14.6s
dm0 check [[ 3.79535278e-01  6.12226519e-01 -1.25220880e-01 ...  1.55253581e-06
  -2.26910975e-07 -4.27920312e-06]
 [ 6.12226519e-01  1.01515560e+00 -3.34031671e-01 ...  4.89244574e-06
  -1.40998321e-06 -1.21197753e-05]
 [-1.25220880e-01 -3.34031671e-01  6.75213752e-01 ... -1.12905955e-05
   3.29722663e-06  2.92473588e-05]
 ...
 [ 1.55253581e-06  4.89244574e-06 -1.12905955e-05 ...  7.95952493e-07
  -2.72379540e-07  1.31998430e-07]
 [-2.26910975e-07 -1.40998321e-06  3.29722663e-06 ... -2.72379540e-07
   5.96309457e-07  1.26912406e-08]
 [-4.27920312e-06 -1.21197753e-05  2.92473588e-05 ...  1.31998430e-07
   1.26912406e-08  6.33292061e-07]]


******** <class 'pyscf.scf.addons.SmearingDFRKS'> ********
method = SmearingDFRKS
initial guess = minao
damping factor = 0.15
level_shift factor = 0.2
DIIS = <class 'pyscf.scf.diis.CDIIS'>
diis_start_cycle = 1
diis_space = 12
diis_damp = 0
SCF conv_tol = 5e-05
SCF conv_tol_grad = None
SCF max_cycles = 200
direct_scf = True
direct_scf_tol = 1e-13
chkfile to save SCF result = /tmp/tmp9nuxs2rz
max_memory 4000 MB (current use 86914 MB)
XC library pyscf.dft.libxc version 6.1.0
    S. Lehtola, C. Steigemann, M. J.T. Oliveira, and M. A.L. Marques.,  SoftwareX 7, 1–5 (2018)
XC functionals = pbe
    J. P. Perdew, K. Burke, and M. Ernzerhof.,  Phys. Rev. Lett. 77, 3865 (1996)
    J. P. Perdew, K. Burke, and M. Ernzerhof.,  Phys. Rev. Lett. 78, 1396 (1997)
    J. P. Perdew, K. Burke, and M. Ernzerhof.,  Phys. Rev. Lett. 77, 3865 (1996)
    J. P. Perdew, K. Burke, and M. Ernzerhof.,  Phys. Rev. Lett. 78, 1396 (1997)
small_rho_cutoff = 1e-06
Set gradient conv threshold to 0.00707107
    Total E(T) = -12113.4344225072  Free energy = -12114.4543755959  E0 = -12113.9443990516
init E= -12113.4344225072
    sigma = 0.02  Optimized mu = -0.050159079912  entropy = 1.53007705171
    Total E(T) = -12113.4342686835  Free energy = -12113.4648702246  E0 = -12113.449569454
cycle= 1 E= -12113.4342686835  delta_E= 0.000154  |g|= 0.276  |ddm|=  338
    sigma = 0.02  Optimized mu = -0.0551065406378  entropy = 1.54827589406
    Total E(T) = -12113.4112146864  Free energy = -12113.4421802043  E0 = -12113.4266974453
cycle= 2 E= -12113.4112146864  delta_E= 0.0231  |g|= 0.893  |ddm|= 1.07e+03
    sigma = 0.02  Optimized mu = -0.052204338761  entropy = 1.51974404433
    Total E(T) = -12113.4262544623  Free energy = -12113.4566493432  E0 = -12113.4414519027
cycle= 3 E= -12113.4262544623  delta_E= -0.015  |g|= 0.459  |ddm|=  373
    sigma = 0.02  Optimized mu = -0.0520040220668  entropy = 1.51986827199
    Total E(T) = -12113.4325664149  Free energy = -12113.4629637803  E0 = -12113.4477650976
cycle= 4 E= -12113.4325664149  delta_E= -0.00631  |g|= 0.295  |ddm|=  155
    sigma = 0.02  Optimized mu = -0.0517502999577  entropy = 1.52115651543
    Total E(T) = -12113.4354330018  Free energy = -12113.4658561321  E0 = -12113.4506445669
cycle= 5 E= -12113.4354330018  delta_E= -0.00287  |g|= 0.177  |ddm|= 75.7
    sigma = 0.02  Optimized mu = -0.0519654962669  entropy = 1.51935754368
    Total E(T) = -12113.4366126307  Free energy = -12113.4669997816  E0 = -12113.4518062062
cycle= 6 E= -12113.4366126307  delta_E= -0.00118  |g|= 0.109  |ddm|= 72.2
    sigma = 0.02  Optimized mu = -0.052035363626  entropy = 1.51928721783
    Total E(T) = -12113.4370493968  Free energy = -12113.4674351412  E0 = -12113.452242269
cycle= 7 E= -12113.4370493968  delta_E= -0.000437  |g|= 0.0671  |ddm|= 61.1
    sigma = 0.02  Optimized mu = -0.0520591973571  entropy = 1.51923873362
    Total E(T) = -12113.4372051072  Free energy = -12113.4675898819  E0 = -12113.4523974945
cycle= 8 E= -12113.4372051072  delta_E= -0.000156  |g|= 0.044  |ddm|= 32.2
    sigma = 0.02  Optimized mu = -0.0520514809318  entropy = 1.51927284023
    Total E(T) = -12113.4372682852  Free energy = -12113.467653742  E0 = -12113.4524610136
cycle= 9 E= -12113.4372682852  delta_E= -6.32e-05  |g|= 0.0312  |ddm|= 16.7
    sigma = 0.02  Optimized mu = -0.052079439622  entropy = 1.51915449858
    Total E(T) = -12113.4372995278  Free energy = -12113.4676826178  E0 = -12113.4524910728
cycle= 10 E= -12113.4372995278  delta_E= -3.12e-05  |g|= 0.0194  |ddm|= 10.1
    sigma = 0.02  Optimized mu = -0.0520543685011  entropy = 1.51925379141
    Total E(T) = -12113.4373130234  Free energy = -12113.4676980992  E0 = -12113.4525055613
cycle= 11 E= -12113.4373130234  delta_E= -1.35e-05  |g|= 0.0147  |ddm|= 9.47
    sigma = 0.02  Optimized mu = -0.0520623763219  entropy = 1.51920557524
    Total E(T) = -12113.4373197245  Free energy = -12113.467703836  E0 = -12113.4525117803
cycle= 12 E= -12113.4373197245  delta_E= -6.7e-06  |g|= 0.0113  |ddm|= 5.66
    sigma = 0.02  Optimized mu = -0.0520710402117  entropy = 1.51916195357
    Total E(T) = -12113.4373235593  Free energy = -12113.4677067983  E0 = -12113.4525151788
cycle= 13 E= -12113.4373235593  delta_E= -3.83e-06  |g|= 0.00908  |ddm|= 4.65
    sigma = 0.02  Optimized mu = -0.0520710907095  entropy = 1.51916744652
    Total E(T) = -12113.437325996  Free energy = -12113.467709345  E0 = -12113.4525176705
cycle= 14 E= -12113.437325996  delta_E= -2.44e-06  |g|= 0.00765  |ddm|= 3.77
    sigma = 0.02  Optimized mu = -0.0520722710928  entropy = 1.51916004788
    Total E(T) = -12113.4373278764  Free energy = -12113.4677110773  E0 = -12113.4525194768
cycle= 15 E= -12113.4373278764  delta_E= -1.88e-06  |g|= 0.00613  |ddm|= 3.69
    sigma = 0.02  Optimized mu = -0.152003155403  entropy = 51.167730943
    Total E(T) = -12112.9117145603  Free energy = -12113.9350691792  E0 = -12113.4233918698
Extra cycle  E= -12112.9117145603  delta_E= 0.526  |g|= 0.403  |ddm|= 4.14e+03
converged SCF energy = -12112.9117145603
dm0 check [[[ 1.89789230e-01  3.06171032e-01 -6.27460893e-02 ...  6.54897088e-07
   -1.23619797e-07 -2.10476750e-06]
  [ 3.06171032e-01  5.07731369e-01 -1.67374699e-01 ...  2.11996561e-06
   -7.33019261e-07 -5.96383741e-06]
  [-6.27460893e-02 -1.67374699e-01  3.38437126e-01 ... -4.86089217e-06
    1.72218669e-06  1.43685711e-05]
  ...
  [ 6.54897088e-07  2.11996561e-06 -4.86089217e-06 ...  4.22524864e-07
   -1.41861969e-07  6.83879497e-08]
  [-1.23619797e-07 -7.33019261e-07  1.72218669e-06 ... -1.41861969e-07
    3.02260480e-07  1.49586665e-08]
  [-2.10476750e-06 -5.96383741e-06  1.43685711e-05 ...  6.83879497e-08
    1.49586665e-08  3.17600130e-07]]

 [[ 1.89768496e-01  3.06114535e-01 -6.26178505e-02 ...  8.80822015e-07
   -9.52139352e-08 -1.98681179e-06]
  [ 3.06114535e-01  5.07580535e-01 -1.67036331e-01 ...  2.72748713e-06
   -6.54129083e-07 -5.64822074e-06]
  [-6.26178505e-02 -1.67036331e-01  3.37680824e-01 ... -6.31484992e-06
    1.51157931e-06  1.36281616e-05]
  ...
  [ 8.80822015e-07  2.72748713e-06 -6.31484992e-06 ...  4.07860578e-07
   -1.43370433e-07  7.11304730e-08]
  [-9.52139352e-08 -6.54129083e-07  1.51157931e-06 ... -1.43370433e-07
    3.03348031e-07  1.09071712e-08]
  [-1.98681179e-06 -5.64822074e-06  1.36281616e-05 ...  7.11304730e-08
    1.09071712e-08  3.06199330e-07]]]


******** <class 'pyscf.scf.addons.SmearingDFUKS'> ********
method = SmearingDFUKS
initial guess = minao
damping factor = 0.15
level_shift factor = 0.2
DIIS = <class 'pyscf.scf.diis.CDIIS'>
diis_start_cycle = 1
diis_space = 12
diis_damp = 0
SCF conv_tol = 5e-05
SCF conv_tol_grad = None
SCF max_cycles = 200
direct_scf = True
direct_scf_tol = 1e-13
chkfile to save SCF result = /tmp/tmpv1o74kom
max_memory 4000 MB (current use 87250 MB)
number electrons alpha = 325  beta = 323
XC library pyscf.dft.libxc version 6.1.0
    S. Lehtola, C. Steigemann, M. J.T. Oliveira, and M. A.L. Marques.,  SoftwareX 7, 1–5 (2018)
XC functionals = pbe
    J. P. Perdew, K. Burke, and M. Ernzerhof.,  Phys. Rev. Lett. 77, 3865 (1996)
    J. P. Perdew, K. Burke, and M. Ernzerhof.,  Phys. Rev. Lett. 78, 1396 (1997)
    J. P. Perdew, K. Burke, and M. Ernzerhof.,  Phys. Rev. Lett. 77, 3865 (1996)
    J. P. Perdew, K. Burke, and M. Ernzerhof.,  Phys. Rev. Lett. 78, 1396 (1997)
small_rho_cutoff = 1e-06
Set gradient conv threshold to 0.00707107
    Total E(T) = -12112.9923546957  Free energy = -12113.0564556009  E0 = -12113.0244051483
init E= -12112.9923546957
    sigma = 0.005  Optimized mu_alpha = -0.195196733181  entropy = 3.67913132051e-07
    sigma = 0.005  Optimized mu_beta  = -0.197733220375  entropy = 3.67913132051e-07
    Total E(T) = -12112.9923687788  Free energy = -12112.9923687807  E0 = -12112.9923687798
cycle= 1 E= -12112.9923687788  delta_E= -1.41e-05  |g|= 0.366  |ddm|=  229
    sigma = 0.005  Optimized mu_alpha = -0.199755016697  entropy = 3.90348019185e-07
    sigma = 0.005  Optimized mu_beta  = -0.202479890063  entropy = 3.90348019185e-07
    Total E(T) = -12112.9738577589  Free energy = -12112.9738577608  E0 = -12112.9738577599
cycle= 2 E= -12112.9738577589  delta_E= 0.0185  |g|= 1.13  |ddm|=  737
    sigma = 0.005  Optimized mu_alpha = -0.197172208027  entropy = 3.49862096682e-07
    sigma = 0.005  Optimized mu_beta  = -0.19971720529  entropy = 3.49862096682e-07
    Total E(T) = -12112.9857638655  Free energy = -12112.9857638673  E0 = -12112.9857638664
cycle= 3 E= -12112.9857638655  delta_E= -0.0119  |g|= 0.589  |ddm|=  259
    sigma = 0.005  Optimized mu_alpha = -0.197027663116  entropy = 3.50765958724e-07
    sigma = 0.005  Optimized mu_beta  = -0.199565847262  entropy = 3.50765958724e-07
    Total E(T) = -12112.9911325258  Free energy = -12112.9911325276  E0 = -12112.9911325267
cycle= 4 E= -12112.9911325258  delta_E= -0.00537  |g|= 0.368  |ddm|=  109
    sigma = 0.005  Optimized mu_alpha = -0.19664762195  entropy = 3.51406013474e-07
    sigma = 0.005  Optimized mu_beta  = -0.199184026528  entropy = 3.51406013474e-07
    Total E(T) = -12112.9934378611  Free energy = -12112.9934378629  E0 = -12112.993437862
cycle= 5 E= -12112.9934378611  delta_E= -0.00231  |g|= 0.24  |ddm|= 60.3
    sigma = 0.005  Optimized mu_alpha = -0.196954615548  entropy = 3.49867529526e-07
    sigma = 0.005  Optimized mu_beta  = -0.199487827935  entropy = 3.49867529526e-07
    Total E(T) = -12112.9944515379  Free energy = -12112.9944515397  E0 = -12112.9944515388
cycle= 6 E= -12112.9944515379  delta_E= -0.00101  |g|= 0.133  |ddm|= 43.3
    sigma = 0.005  Optimized mu_alpha = -0.197040595492  entropy = 3.49708974981e-07
    sigma = 0.005  Optimized mu_beta  = -0.199571029096  entropy = 3.49708974981e-07
    Total E(T) = -12112.9948037944  Free energy = -12112.9948037962  E0 = -12112.9948037953
cycle= 7 E= -12112.9948037944  delta_E= -0.000352  |g|= 0.0856  |ddm|= 45.7
    sigma = 0.005  Optimized mu_alpha = -0.197049933033  entropy = 3.49187550721e-07
    sigma = 0.005  Optimized mu_beta  = -0.199587647244  entropy = 3.49187550721e-07
    Total E(T) = -12112.9949361379  Free energy = -12112.9949361396  E0 = -12112.9949361387
cycle= 8 E= -12112.9949361379  delta_E= -0.000132  |g|= 0.0488  |ddm|= 21.2
    sigma = 0.005  Optimized mu_alpha = -0.197049522709  entropy = 3.49088963455e-07
    sigma = 0.005  Optimized mu_beta  = -0.199585467324  entropy = 3.49088963455e-07
    Total E(T) = -12112.9949842145  Free energy = -12112.9949842163  E0 = -12112.9949842154
cycle= 9 E= -12112.9949842145  delta_E= -4.81e-05  |g|= 0.0336  |ddm|= 14.9
    sigma = 0.005  Optimized mu_alpha = -0.197060262029  entropy = 3.49052757026e-07
    sigma = 0.005  Optimized mu_beta  = -0.199594308093  entropy = 3.49052757026e-07
    Total E(T) = -12112.9950035851  Free energy = -12112.9950035868  E0 = -12112.995003586
cycle= 10 E= -12112.9950035851  delta_E= -1.94e-05  |g|= 0.0223  |ddm|= 7.17
    sigma = 0.005  Optimized mu_alpha = -0.197057045694  entropy = 3.4897905147e-07
    sigma = 0.005  Optimized mu_beta  = -0.199592271893  entropy = 3.4897905147e-07
    Total E(T) = -12112.9950124587  Free energy = -12112.9950124605  E0 = -12112.9950124596
cycle= 11 E= -12112.9950124587  delta_E= -8.87e-06  |g|= 0.0162  |ddm|= 4.95
    sigma = 0.005  Optimized mu_alpha = -0.197056040867  entropy = 3.48875935812e-07
    sigma = 0.005  Optimized mu_beta  = -0.199591894622  entropy = 3.48875935812e-07
    Total E(T) = -12112.995016949  Free energy = -12112.9950169508  E0 = -12112.9950169499
cycle= 12 E= -12112.995016949  delta_E= -4.49e-06  |g|= 0.0125  |ddm|= 3.71
    sigma = 0.005  Optimized mu_alpha = -0.197060938488  entropy = 3.48854050089e-07
    sigma = 0.005  Optimized mu_beta  = -0.199595790057  entropy = 3.48854050089e-07
    Total E(T) = -12112.9950194448  Free energy = -12112.9950194465  E0 = -12112.9950194456
cycle= 13 E= -12112.9950194448  delta_E= -2.5e-06  |g|= 0.0103  |ddm|=    3
    sigma = 0.005  Optimized mu_alpha = -0.197060990089  entropy = 3.48861666114e-07
    sigma = 0.005  Optimized mu_beta  = -0.199595839043  entropy = 3.48861666114e-07
    Total E(T) = -12112.9950211661  Free energy = -12112.9950211679  E0 = -12112.995021167
cycle= 14 E= -12112.9950211661  delta_E= -1.72e-06  |g|= 0.00875  |ddm|= 2.51
    sigma = 0.005  Optimized mu_alpha = -0.197061389177  entropy = 3.48823731558e-07
    sigma = 0.005  Optimized mu_beta  = -0.199596498427  entropy = 3.48823731558e-07
    Total E(T) = -12112.9950224087  Free energy = -12112.9950224105  E0 = -12112.9950224096
cycle= 15 E= -12112.9950224087  delta_E= -1.24e-06  |g|= 0.00741  |ddm|=  2.3
    sigma = 0.005  Optimized mu_alpha = -0.197061945865  entropy = 3.48777489728e-07
    sigma = 0.005  Optimized mu_beta  = -0.199597078687  entropy = 3.48777489728e-07
    Total E(T) = -12112.9950232304  Free energy = -12112.9950232321  E0 = -12112.9950232312
cycle= 16 E= -12112.9950232304  delta_E= -8.22e-07  |g|= 0.00663  |ddm|= 1.96
    sigma = 0.005  Optimized mu_alpha = -0.296577021234  entropy = 12.8388782379
    sigma = 0.005  Optimized mu_beta  = -0.299460410828  entropy = 12.8388782379
    Total E(T) = -12112.9599608911  Free energy = -12113.0241552823  E0 = -12112.9920580867
Extra cycle  E= -12112.9599608911  delta_E= 0.0351  |g|= 0.249  |ddm|=  928
converged SCF energy = -12112.9599608911  <S^2> = 3.7625952  2S+1 = 4.0062926
[timing] right/Al ensemble SCF = 1846.3s
[timing] collect state = 0.0s
[EVAL    2] L=-12262.16279624 Ef=-12262.17687179 L1=1.01588297e+00 Npdft=666.000034 |grad|=1.65258e-02 dL=+3.244e+00 d|grad|=-2.240e-03 |b|=1.392812e+00 max|b|=4.733685e-01 t=2066.1s

At iterate    1    f=  1.22622D+04    |proj g|=  5.50074D-03
dm0 check [[[ 1.51511142e-09  2.24391254e-08  1.89789561e-07 ... -1.14719027e-07
    7.42476491e-07  6.64943648e-08]
  [ 2.24391254e-08  3.34443992e-07  2.75066910e-06 ... -1.77767180e-06
    1.10110522e-05  1.04757955e-06]
  [ 1.89789561e-07  2.75066910e-06  2.57237476e-05 ... -1.02769946e-05
    9.27868755e-05  4.99876704e-06]
  ...
  [-1.14719027e-07 -1.77767180e-06 -1.02769946e-05 ...  2.27166708e-04
    1.81896838e-06 -1.91352285e-04]
  [ 7.42476491e-07  1.10110522e-05  9.27868755e-05 ...  1.81896838e-06
    4.79980334e-04 -1.62432356e-06]
  [ 6.64943648e-08  1.04757955e-06  4.99876704e-06 ... -1.91352285e-04
   -1.62432356e-06  6.55604999e-04]]

 [[ 2.14412007e-09  3.18475347e-08  2.65523309e-07 ... -7.48705567e-08
    1.03578174e-06  2.38437832e-08]
  [ 3.18475347e-08  4.74247460e-07  3.91396668e-06 ... -9.93113700e-07
    1.53190651e-05  2.50156053e-07]
  [ 2.65523309e-07  3.91396668e-06  3.37625059e-05 ... -1.10142815e-05
    1.30901449e-04  4.52867684e-06]
  ...
  [-7.48705567e-08 -9.93113700e-07 -1.10142815e-05 ...  2.49604219e-04
    2.27938802e-06 -2.10130234e-04]
  [ 1.03578174e-06  1.53190651e-05  1.30901449e-04 ...  2.27938802e-06
    5.52938805e-04 -2.04467203e-06]
  [ 2.38437832e-08  2.50156053e-07  4.52867684e-06 ... -2.10130234e-04
   -2.04467203e-06  7.46013382e-04]]]
converged SCF energy = -150.226693714539  <S^2> = 2.0045398  2S+1 = 3.003025
dm0 check [[[ 1.14644043e-09  1.70875533e-08  1.38757202e-07 ... -8.06195898e-08
    6.25424546e-07  4.56943851e-08]
  [ 1.70875533e-08  2.56093598e-07  2.02957957e-06 ... -1.06182913e-06
    9.18294702e-06  7.18429121e-07]
  [ 1.38757202e-07  2.02957957e-06  1.80710819e-05 ... -1.26945917e-05
    8.12960528e-05  3.19915114e-06]
  ...
  [-8.06195898e-08 -1.06182913e-06 -1.26945917e-05 ...  2.39058219e-04
   -1.61590734e-06 -1.68277561e-04]
  [ 6.25424546e-07  9.18294702e-06  8.12960528e-05 ... -1.61590734e-06
    4.44997716e-04 -4.05929866e-06]
  [ 4.56943851e-08  7.18429121e-07  3.19915114e-06 ... -1.68277561e-04
   -4.05929866e-06  5.95725214e-04]]

 [[ 2.53036790e-08  3.85050753e-07  2.83126579e-06 ... -1.48564615e-07
    1.05907478e-07  7.43836338e-08]
  [ 3.85050753e-07  5.86079318e-06  4.30459256e-05 ... -2.17962739e-06
    1.18345893e-06  1.05280689e-06]
  [ 2.83126579e-06  4.30459256e-05  3.17989580e-04 ... -1.75086853e-05
    2.68751830e-05  9.38988858e-06]
  ...
  [-1.48564615e-07 -2.17962739e-06 -1.75086853e-05 ...  2.30571795e-04
    2.09025570e-07 -1.91673883e-04]
  [ 1.05907478e-07  1.18345893e-06  2.68751830e-05 ...  2.09025570e-07
    4.63241178e-04 -3.50232729e-06]
  [ 7.43836338e-08  1.05280689e-06  9.38988858e-06 ... -1.91673883e-04
   -3.50232729e-06  6.49569815e-04]]]
converged SCF energy = -150.24498582983  <S^2> = 0.92979806  2S+1 = 2.1723702
[timing] left/O ensemble SCF = 11.7s
dm0 check [[ 3.79526360e-01  6.12217575e-01 -1.25206722e-01 ...  7.58648877e-06
   2.82414238e-06 -1.73749156e-05]
 [ 6.12217575e-01  1.01514344e+00 -3.33985319e-01 ...  2.11740854e-05
   6.81676953e-06 -4.74426789e-05]
 [-1.25206722e-01 -3.33985319e-01  6.75105146e-01 ... -5.07853929e-05
  -1.66016558e-05  1.14803673e-04]
 ...
 [ 7.58648877e-06  2.11740854e-05 -5.07853929e-05 ...  1.64455200e-06
   2.35301355e-07 -2.58914646e-06]
 [ 2.82414238e-06  6.81676953e-06 -1.66016558e-05 ...  2.35301355e-07
   8.44359924e-07 -1.45283089e-06]
 [-1.73749156e-05 -4.74426789e-05  1.14803673e-04 ... -2.58914646e-06
  -1.45283089e-06  7.80959775e-06]]


******** <class 'pyscf.scf.addons.SmearingDFRKS'> ********
method = SmearingDFRKS
initial guess = minao
damping factor = 0.15
level_shift factor = 0.2
DIIS = <class 'pyscf.scf.diis.CDIIS'>
diis_start_cycle = 1
diis_space = 12
diis_damp = 0
SCF conv_tol = 5e-05
SCF conv_tol_grad = None
SCF max_cycles = 200
direct_scf = True
direct_scf_tol = 1e-13
chkfile to save SCF result = /tmp/tmp9nuxs2rz
max_memory 4000 MB (current use 87250 MB)
XC library pyscf.dft.libxc version 6.1.0
    S. Lehtola, C. Steigemann, M. J.T. Oliveira, and M. A.L. Marques.,  SoftwareX 7, 1–5 (2018)
XC functionals = pbe
    J. P. Perdew, K. Burke, and M. Ernzerhof.,  Phys. Rev. Lett. 77, 3865 (1996)
    J. P. Perdew, K. Burke, and M. Ernzerhof.,  Phys. Rev. Lett. 78, 1396 (1997)
    J. P. Perdew, K. Burke, and M. Ernzerhof.,  Phys. Rev. Lett. 77, 3865 (1996)
    J. P. Perdew, K. Burke, and M. Ernzerhof.,  Phys. Rev. Lett. 78, 1396 (1997)
small_rho_cutoff = 1e-06
Set gradient conv threshold to 0.00707107
    Total E(T) = -12116.6158386389  Free energy = -12117.6391932577  E0 = -12117.1275159483
init E= -12116.6158386389
    sigma = 0.02  Optimized mu = -0.122040898973  entropy = 12.9306028794
    Total E(T) = -12115.671058421  Free energy = -12115.9296704786  E0 = -12115.8003644498
cycle= 1 E= -12115.671058421  delta_E= 0.945  |g|= 3.87  |ddm|= 4.55e+03
    sigma = 0.02  Optimized mu = -0.0557728957448  entropy = 10.8600682825
    Total E(T) = -12110.6951699539  Free energy = -12110.9123713196  E0 = -12110.8037706367
cycle= 2 E= -12110.6951699539  delta_E= 4.98  |g|= 11.5  |ddm|= 1.15e+04
    sigma = 0.02  Optimized mu = -0.0753561694005  entropy = 2.83353123287
    Total E(T) = -12115.0343700179  Free energy = -12115.0910406426  E0 = -12115.0627053302
cycle= 3 E= -12115.0343700179  delta_E= -4.34  |g|= 4.94  |ddm|= 8.05e+03
    sigma = 0.02  Optimized mu = -0.0603921139692  entropy = 1.75794283067
    Total E(T) = -12115.7861670315  Free energy = -12115.8213258881  E0 = -12115.8037464598
cycle= 4 E= -12115.7861670315  delta_E= -0.752  |g|= 4.31  |ddm|= 7.2e+03
    sigma = 0.02  Optimized mu = -0.0584586507178  entropy = 1.69535367415
    Total E(T) = -12116.2042115146  Free energy = -12116.2381185881  E0 = -12116.2211650514
cycle= 5 E= -12116.2042115146  delta_E= -0.418  |g|= 2.86  |ddm|= 2.92e+03
    sigma = 0.02  Optimized mu = -0.0926974516671  entropy = 4.50540604297
    Total E(T) = -12116.7280961188  Free energy = -12116.8182042396  E0 = -12116.7731501792
cycle= 6 E= -12116.7280961188  delta_E= -0.524  |g|= 1.67  |ddm|= 1.95e+03
    sigma = 0.02  Optimized mu = -0.112037513209  entropy = 7.85890180188
    Total E(T) = -12117.0207261445  Free energy = -12117.1779041805  E0 = -12117.0993151625
cycle= 7 E= -12117.0207261445  delta_E= -0.293  |g|= 0.658  |ddm|= 3.17e+03
    sigma = 0.02  Optimized mu = -0.108089829331  entropy = 7.41531580151
    Total E(T) = -12117.0389688344  Free energy = -12117.1872751505  E0 = -12117.1131219924
cycle= 8 E= -12117.0389688344  delta_E= -0.0182  |g|= 0.412  |ddm|= 1.11e+03
    sigma = 0.02  Optimized mu = -0.100800475117  entropy = 6.91333840749
    Total E(T) = -12117.0433463862  Free energy = -12117.1816131543  E0 = -12117.1124797702
cycle= 9 E= -12117.0433463862  delta_E= -0.00438  |g|= 0.579  |ddm|=  693
    sigma = 0.02  Optimized mu = -0.0986535581903  entropy = 6.19327855677
    Total E(T) = -12117.0546285863  Free energy = -12117.1784941574  E0 = -12117.1165613718
cycle= 10 E= -12117.0546285863  delta_E= -0.0113  |g|= 0.443  |ddm|=  454
    sigma = 0.02  Optimized mu = -0.0897918124203  entropy = 5.07836777594
    Total E(T) = -12117.0640242649  Free energy = -12117.1655916204  E0 = -12117.1148079426
cycle= 11 E= -12117.0640242649  delta_E= -0.0094  |g|= 0.327  |ddm|=  417
    sigma = 0.02  Optimized mu = -0.0786478812052  entropy = 3.51092695088
    Total E(T) = -12117.0702241821  Free energy = -12117.1404427211  E0 = -12117.1053334516
cycle= 12 E= -12117.0702241821  delta_E= -0.0062  |g|= 0.263  |ddm|=  544
    sigma = 0.02  Optimized mu = -0.067611917749  entropy = 2.03116630808
    Total E(T) = -12117.0732331406  Free energy = -12117.1138564668  E0 = -12117.0935448037
cycle= 13 E= -12117.0732331406  delta_E= -0.00301  |g|= 0.219  |ddm|=  415
    sigma = 0.02  Optimized mu = -0.0642270291759  entropy = 1.61503889041
    Total E(T) = -12117.0754590313  Free energy = -12117.1077598091  E0 = -12117.0916094202
cycle= 14 E= -12117.0754590313  delta_E= -0.00223  |g|= 0.133  |ddm|=  248
    sigma = 0.02  Optimized mu = -0.0638454843926  entropy = 1.60133600548
    Total E(T) = -12117.0770461097  Free energy = -12117.1090728298  E0 = -12117.0930594698
cycle= 15 E= -12117.0770461097  delta_E= -0.00159  |g|= 0.0555  |ddm|=  247
    sigma = 0.02  Optimized mu = -0.0636346092439  entropy = 1.59441604257
    Total E(T) = -12117.0775745494  Free energy = -12117.1094628702  E0 = -12117.0935187098
cycle= 16 E= -12117.0775745494  delta_E= -0.000528  |g|= 0.0482  |ddm|=  220
    sigma = 0.02  Optimized mu = -0.0634408851273  entropy = 1.60227370914
    Total E(T) = -12117.0779429824  Free energy = -12117.1099884566  E0 = -12117.0939657195
cycle= 17 E= -12117.0779429824  delta_E= -0.000368  |g|= 0.0199  |ddm|=  120
    sigma = 0.02  Optimized mu = -0.0637141813506  entropy = 1.58387841486
    Total E(T) = -12117.0781139127  Free energy = -12117.109791481  E0 = -12117.0939526969
cycle= 18 E= -12117.0781139127  delta_E= -0.000171  |g|= 0.0129  |ddm|= 82.8
    sigma = 0.02  Optimized mu = -0.0637271027221  entropy = 1.57451627987
    Total E(T) = -12117.0782247561  Free energy = -12117.1097150817  E0 = -12117.0939699189
cycle= 19 E= -12117.0782247561  delta_E= -0.000111  |g|= 0.0103  |ddm|=   68
    sigma = 0.02  Optimized mu = -0.0637814474202  entropy = 1.57016321677
    Total E(T) = -12117.0783074932  Free energy = -12117.1097107575  E0 = -12117.0940091254
cycle= 20 E= -12117.0783074932  delta_E= -8.27e-05  |g|= 0.00586  |ddm|= 50.3
    sigma = 0.02  Optimized mu = -0.0638332689106  entropy = 1.56656023802
    Total E(T) = -12117.0783711733  Free energy = -12117.1097023781  E0 = -12117.0940367757
cycle= 21 E= -12117.0783711733  delta_E= -6.37e-05  |g|= 0.00465  |ddm|= 39.9
    sigma = 0.02  Optimized mu = -0.0638148908665  entropy = 1.56345702369
    Total E(T) = -12117.0784158533  Free energy = -12117.1096849938  E0 = -12117.0940504235
cycle= 22 E= -12117.0784158533  delta_E= -4.47e-05  |g|= 0.00813  |ddm|= 37.9
    sigma = 0.02  Optimized mu = -0.0638815880365  entropy = 1.56143729693
    Total E(T) = -12117.0784563119  Free energy = -12117.1096850578  E0 = -12117.0940706848
cycle= 23 E= -12117.0784563119  delta_E= -4.05e-05  |g|= 0.00406  |ddm|= 22.9
    sigma = 0.02  Optimized mu = -0.163611405549  entropy = 51.4994220692
    Total E(T) = -12116.4744356914  Free energy = -12117.5044241328  E0 = -12116.9894299121
Extra cycle  E= -12116.4744356914  delta_E= 0.604  |g|= 0.745  |ddm|= 4.27e+03
converged SCF energy = -12116.4744356914
dm0 check [[[ 1.89784794e-01  3.06166576e-01 -6.27391319e-02 ...  3.41934233e-06
    1.27044561e-06 -7.94390395e-06]
  [ 3.06166576e-01  5.07725315e-01 -1.67351968e-01 ...  9.57592325e-06
    3.02399517e-06 -2.17060034e-05]
  [-6.27391319e-02 -1.67351968e-01  3.38384795e-01 ... -2.29165253e-05
   -7.34844869e-06  5.24296578e-05]
  ...
  [ 3.41934233e-06  9.57592325e-06 -2.29165253e-05 ...  7.56116636e-07
    7.51467781e-08 -1.10828014e-06]
  [ 1.27044561e-06  3.02399517e-06 -7.34844869e-06 ...  7.51467781e-08
    4.04252181e-07 -6.22030728e-07]
  [-7.94390395e-06 -2.17060034e-05  5.24296578e-05 ... -1.10828014e-06
   -6.22030728e-07  3.39486023e-06]]

 [[ 1.89763603e-01  3.06108954e-01 -6.26079994e-02 ...  3.42971513e-06
    1.30659504e-06 -7.98804330e-06]
  [ 3.06108954e-01  5.07571502e-01 -1.67005617e-01 ...  9.60761757e-06
    3.12669139e-06 -2.18404166e-05]
  [-6.26079994e-02 -1.67005617e-01  3.37607543e-01 ... -2.30284682e-05
   -7.64412683e-06  5.28987789e-05]
  ...
  [ 3.42971513e-06  9.60761757e-06 -2.30284682e-05 ...  7.57234623e-07
    8.44069834e-08 -1.12959394e-06]
  [ 1.30659504e-06  3.12669139e-06 -7.64412683e-06 ...  8.44069834e-08
    4.17381514e-07 -6.49002152e-07]
  [-7.98804330e-06 -2.18404166e-05  5.28987789e-05 ... -1.12959394e-06
   -6.49002152e-07  3.43681778e-06]]]


******** <class 'pyscf.scf.addons.SmearingDFUKS'> ********
method = SmearingDFUKS
initial guess = minao
damping factor = 0.15
level_shift factor = 0.2
DIIS = <class 'pyscf.scf.diis.CDIIS'>
diis_start_cycle = 1
diis_space = 12
diis_damp = 0
SCF conv_tol = 5e-05
SCF conv_tol_grad = None
SCF max_cycles = 200
direct_scf = True
direct_scf_tol = 1e-13
chkfile to save SCF result = /tmp/tmpv1o74kom
max_memory 4000 MB (current use 87250 MB)
number electrons alpha = 325  beta = 323
XC library pyscf.dft.libxc version 6.1.0
    S. Lehtola, C. Steigemann, M. J.T. Oliveira, and M. A.L. Marques.,  SoftwareX 7, 1–5 (2018)
XC functionals = pbe
    J. P. Perdew, K. Burke, and M. Ernzerhof.,  Phys. Rev. Lett. 77, 3865 (1996)
    J. P. Perdew, K. Burke, and M. Ernzerhof.,  Phys. Rev. Lett. 78, 1396 (1997)
    J. P. Perdew, K. Burke, and M. Ernzerhof.,  Phys. Rev. Lett. 77, 3865 (1996)
    J. P. Perdew, K. Burke, and M. Ernzerhof.,  Phys. Rev. Lett. 78, 1396 (1997)
small_rho_cutoff = 1e-06
Set gradient conv threshold to 0.00707107
    Total E(T) = -12116.1735442763  Free energy = -12116.2377386675  E0 = -12116.2056414719
init E= -12116.1735442763
    sigma = 0.005  Optimized mu_alpha = -0.29357347269  entropy = 5.92253191023
    sigma = 0.005  Optimized mu_beta  = -0.296614898064  entropy = 5.92253191023
    Total E(T) = -12116.2160551963  Free energy = -12116.2456678559  E0 = -12116.2308615261
cycle= 1 E= -12116.2160551963  delta_E= -0.0425  |g|= 3.56  |ddm|= 2.49e+03
    sigma = 0.005  Optimized mu_alpha = -0.190140251936  entropy = 0.00241199819759
    sigma = 0.005  Optimized mu_beta  = -0.192296686426  entropy = 0.00241199819759
    Total E(T) = -12114.1238915781  Free energy = -12114.1239036381  E0 = -12114.1238976081
cycle= 2 E= -12114.1238915781  delta_E= 2.09  |g|= 10.1  |ddm|= 5.88e+03
    sigma = 0.005  Optimized mu_alpha = -0.209647043634  entropy = 8.56469912685e-07
    sigma = 0.005  Optimized mu_beta  = -0.21240282805  entropy = 8.56469912685e-07
    Total E(T) = -12115.4342438373  Free energy = -12115.4342438416  E0 = -12115.4342438395
cycle= 3 E= -12115.4342438373  delta_E= -1.31  |g|= 4.87  |ddm|= 2.37e+03
    sigma = 0.005  Optimized mu_alpha = -0.248854482198  entropy = 0.00217201256628
    sigma = 0.005  Optimized mu_beta  = -0.250487620697  entropy = 0.00217201256628
    Total E(T) = -12115.911720573  Free energy = -12115.9117314331  E0 = -12115.911726003
cycle= 4 E= -12115.911720573  delta_E= -0.477  |g|= 3.29  |ddm|= 2.84e+03
    sigma = 0.005  Optimized mu_alpha = -0.280597659705  entropy = 0.949585612704
    sigma = 0.005  Optimized mu_beta  = -0.28237800264  entropy = 0.949585612704
    Total E(T) = -12116.4199574323  Free energy = -12116.4247053604  E0 = -12116.4223313963
cycle= 5 E= -12116.4199574323  delta_E= -0.508  |g|= 1.15  |ddm|= 1.56e+03
    sigma = 0.005  Optimized mu_alpha = -0.248785018135  entropy = 0.00239971878962
    sigma = 0.005  Optimized mu_beta  = -0.247457110777  entropy = 0.00239971878962
    Total E(T) = -12116.5668331136  Free energy = -12116.5668451122  E0 = -12116.5668391129
cycle= 6 E= -12116.5668331136  delta_E= -0.147  |g|= 0.585  |ddm|= 1.18e+03
    sigma = 0.005  Optimized mu_alpha = -0.225812928952  entropy = 1.20949207685e-05
    sigma = 0.005  Optimized mu_beta  = -0.226256389139  entropy = 1.20949207685e-05
    Total E(T) = -12116.5723535192  Free energy = -12116.5723535797  E0 = -12116.5723535495
cycle= 7 E= -12116.5723535192  delta_E= -0.00552  |g|= 0.869  |ddm|= 1.53e+03
    sigma = 0.005  Optimized mu_alpha = -0.215025730013  entropy = 2.16157325049e-06
    sigma = 0.005  Optimized mu_beta  = -0.216136085861  entropy = 2.16157325049e-06
    Total E(T) = -12116.5748058128  Free energy = -12116.5748058236  E0 = -12116.5748058182
cycle= 8 E= -12116.5748058128  delta_E= -0.00245  |g|= 0.702  |ddm|=  545
    sigma = 0.005  Optimized mu_alpha = -0.213610605424  entropy = 1.33894473908e-06
    sigma = 0.005  Optimized mu_beta  = -0.214927613398  entropy = 1.33894473908e-06
    Total E(T) = -12116.5772445476  Free energy = -12116.5772445543  E0 = -12116.577244551
cycle= 9 E= -12116.5772445476  delta_E= -0.00244  |g|= 0.638  |ddm|=  329
    sigma = 0.005  Optimized mu_alpha = -0.212779068301  entropy = 1.05478852715e-06
    sigma = 0.005  Optimized mu_beta  = -0.214183287545  entropy = 1.05478852715e-06
    Total E(T) = -12116.5817229921  Free energy = -12116.5817229973  E0 = -12116.5817229947
cycle= 10 E= -12116.5817229921  delta_E= -0.00448  |g|= 0.528  |ddm|=  224
    sigma = 0.005  Optimized mu_alpha = -0.212022690735  entropy = 7.8523558839e-07
    sigma = 0.005  Optimized mu_beta  = -0.213644965794  entropy = 7.8523558839e-07
    Total E(T) = -12116.5900578391  Free energy = -12116.5900578431  E0 = -12116.5900578411
cycle= 11 E= -12116.5900578391  delta_E= -0.00833  |g|= 0.273  |ddm|=  309
    sigma = 0.005  Optimized mu_alpha = -0.21113868728  entropy = 7.19524826742e-07
    sigma = 0.005  Optimized mu_beta  = -0.212919320117  entropy = 7.19524826742e-07
    Total E(T) = -12116.5935853261  Free energy = -12116.5935853297  E0 = -12116.5935853279
cycle= 12 E= -12116.5935853261  delta_E= -0.00353  |g|=  0.2  |ddm|=  165
    sigma = 0.005  Optimized mu_alpha = -0.211296294759  entropy = 7.25283827539e-07
    sigma = 0.005  Optimized mu_beta  = -0.213057828094  entropy = 7.25283827539e-07
    Total E(T) = -12116.5950842939  Free energy = -12116.5950842975  E0 = -12116.5950842957
cycle= 13 E= -12116.5950842939  delta_E= -0.0015  |g|= 0.173  |ddm|=  110
    sigma = 0.005  Optimized mu_alpha = -0.211367594346  entropy = 7.18444435395e-07
    sigma = 0.005  Optimized mu_beta  = -0.213146410311  entropy = 7.18444435395e-07
    Total E(T) = -12116.5959819747  Free energy = -12116.5959819783  E0 = -12116.5959819765
cycle= 14 E= -12116.5959819747  delta_E= -0.000898  |g|= 0.139  |ddm|= 88.7
    sigma = 0.005  Optimized mu_alpha = -0.211159114505  entropy = 6.84749524257e-07
    sigma = 0.005  Optimized mu_beta  = -0.213007763525  entropy = 6.84749524257e-07
    Total E(T) = -12116.5967198046  Free energy = -12116.596719808  E0 = -12116.5967198063
cycle= 15 E= -12116.5967198046  delta_E= -0.000738  |g|= 0.113  |ddm|= 88.9
    sigma = 0.005  Optimized mu_alpha = -0.210984740139  entropy = 6.59104569582e-07
    sigma = 0.005  Optimized mu_beta  = -0.212872744156  entropy = 6.59104569582e-07
    Total E(T) = -12116.5973978761  Free energy = -12116.5973978794  E0 = -12116.5973978778
cycle= 16 E= -12116.5973978761  delta_E= -0.000678  |g|= 0.0857  |ddm|= 60.4
    sigma = 0.005  Optimized mu_alpha = -0.210777826797  entropy = 6.57788821165e-07
    sigma = 0.005  Optimized mu_beta  = -0.212686083665  entropy = 6.57788821165e-07
    Total E(T) = -12116.5977330993  Free energy = -12116.5977331025  E0 = -12116.5977331009
cycle= 17 E= -12116.5977330993  delta_E= -0.000335  |g|= 0.11  |ddm|= 55.6
    sigma = 0.005  Optimized mu_alpha = -0.210849762258  entropy = 6.43308065686e-07
    sigma = 0.005  Optimized mu_beta  = -0.212767998449  entropy = 6.43308065686e-07
    Total E(T) = -12116.5981649165  Free energy = -12116.5981649197  E0 = -12116.5981649181
cycle= 18 E= -12116.5981649165  delta_E= -0.000432  |g|= 0.0817  |ddm|= 66.7
    sigma = 0.005  Optimized mu_alpha = -0.210720432945  entropy = 6.3103299428e-07
    sigma = 0.005  Optimized mu_beta  = -0.212678606088  entropy = 6.3103299428e-07
    Total E(T) = -12116.5985542165  Free energy = -12116.5985542196  E0 = -12116.5985542181
cycle= 19 E= -12116.5985542165  delta_E= -0.000389  |g|= 0.0644  |ddm|= 47.7
    sigma = 0.005  Optimized mu_alpha = -0.210725844934  entropy = 6.16887809342e-07
    sigma = 0.005  Optimized mu_beta  = -0.212707777641  entropy = 6.16887809342e-07
    Total E(T) = -12116.5989081776  Free energy = -12116.5989081807  E0 = -12116.5989081791
cycle= 20 E= -12116.5989081776  delta_E= -0.000354  |g|= 0.0627  |ddm|= 53.6
    sigma = 0.005  Optimized mu_alpha = -0.210480504143  entropy = 5.98772336647e-07
    sigma = 0.005  Optimized mu_beta  = -0.212513043511  entropy = 5.98772336647e-07
    Total E(T) = -12116.5992608536  Free energy = -12116.5992608566  E0 = -12116.5992608551
cycle= 21 E= -12116.5992608536  delta_E= -0.000353  |g|= 0.0366  |ddm|= 50.8
    sigma = 0.005  Optimized mu_alpha = -0.210428081544  entropy = 5.92539293105e-07
    sigma = 0.005  Optimized mu_beta  = -0.212488283726  entropy = 5.92539293105e-07
    Total E(T) = -12116.5995571605  Free energy = -12116.5995571635  E0 = -12116.599557162
cycle= 22 E= -12116.5995571605  delta_E= -0.000296  |g|= 0.0247  |ddm|= 42.8
    sigma = 0.005  Optimized mu_alpha = -0.210392821947  entropy = 5.86788488734e-07
    sigma = 0.005  Optimized mu_beta  = -0.212485760149  entropy = 5.86788488734e-07
    Total E(T) = -12116.5998286001  Free energy = -12116.599828603  E0 = -12116.5998286016
cycle= 23 E= -12116.5998286001  delta_E= -0.000271  |g|= 0.0161  |ddm|= 42.3
    sigma = 0.005  Optimized mu_alpha = -0.210346170309  entropy = 5.79232640363e-07
    sigma = 0.005  Optimized mu_beta  = -0.212475273164  entropy = 5.79232640363e-07
    Total E(T) = -12116.600083152  Free energy = -12116.6000831549  E0 = -12116.6000831535
cycle= 24 E= -12116.600083152  delta_E= -0.000255  |g|= 0.0131  |ddm|= 44.3
    sigma = 0.005  Optimized mu_alpha = -0.210289099304  entropy = 5.72281419208e-07
    sigma = 0.005  Optimized mu_beta  = -0.212445357774  entropy = 5.72281419208e-07
    Total E(T) = -12116.6003337682  Free energy = -12116.6003337711  E0 = -12116.6003337697
cycle= 25 E= -12116.6003337682  delta_E= -0.000251  |g|= 0.00977  |ddm|= 42.4
    sigma = 0.005  Optimized mu_alpha = -0.210236790352  entropy = 5.65300111576e-07
    sigma = 0.005  Optimized mu_beta  = -0.212433200825  entropy = 5.65300111576e-07
    Total E(T) = -12116.600582581  Free energy = -12116.6005825838  E0 = -12116.6005825824
cycle= 26 E= -12116.600582581  delta_E= -0.000249  |g|= 0.00913  |ddm|= 42.5
    sigma = 0.005  Optimized mu_alpha = -0.210180063496  entropy = 5.58694601014e-07
    sigma = 0.005  Optimized mu_beta  = -0.212421695851  entropy = 5.58694601014e-07
    Total E(T) = -12116.6008299161  Free energy = -12116.6008299189  E0 = -12116.6008299175
cycle= 27 E= -12116.6008299161  delta_E= -0.000247  |g|= 0.0113  |ddm|= 42.6
    sigma = 0.005  Optimized mu_alpha = -0.210124994225  entropy = 5.52558826075e-07
    sigma = 0.005  Optimized mu_beta  = -0.21241241413  entropy = 5.52558826075e-07
    Total E(T) = -12116.60107549  Free energy = -12116.6010754927  E0 = -12116.6010754913
cycle= 28 E= -12116.60107549  delta_E= -0.000246  |g|= 0.0152  |ddm|= 43.1
    sigma = 0.005  Optimized mu_alpha = -0.210064270681  entropy = 5.46407006932e-07
    sigma = 0.005  Optimized mu_beta  = -0.212403807516  entropy = 5.46407006932e-07
    Total E(T) = -12116.6013178705  Free energy = -12116.6013178732  E0 = -12116.6013178718
cycle= 29 E= -12116.6013178705  delta_E= -0.000242  |g|= 0.0204  |ddm|= 42.6
    sigma = 0.005  Optimized mu_alpha = -0.210034498211  entropy = 5.40044974564e-07
    sigma = 0.005  Optimized mu_beta  = -0.212421505059  entropy = 5.40044974564e-07
    Total E(T) = -12116.6015560572  Free energy = -12116.6015560599  E0 = -12116.6015560586
cycle= 30 E= -12116.6015560572  delta_E= -0.000238  |g|= 0.0268  |ddm|= 44.6
    sigma = 0.005  Optimized mu_alpha = -0.209939082146  entropy = 5.3382851731e-07
    sigma = 0.005  Optimized mu_beta  = -0.212383095113  entropy = 5.3382851731e-07
    Total E(T) = -12116.6017906725  Free energy = -12116.6017906752  E0 = -12116.6017906739
cycle= 31 E= -12116.6017906725  delta_E= -0.000235  |g|= 0.032  |ddm|= 42.7
    sigma = 0.005  Optimized mu_alpha = -0.209924168372  entropy = 5.27875713479e-07
    sigma = 0.005  Optimized mu_beta  = -0.212405705259  entropy = 5.27875713479e-07
    Total E(T) = -12116.6020186926  Free energy = -12116.6020186952  E0 = -12116.6020186939
cycle= 32 E= -12116.6020186926  delta_E= -0.000228  |g|= 0.042  |ddm|= 44.7
    sigma = 0.005  Optimized mu_alpha = -0.209830575591  entropy = 5.21592418654e-07
    sigma = 0.005  Optimized mu_beta  = -0.212374122818  entropy = 5.21592418654e-07
    Total E(T) = -12116.6022449554  Free energy = -12116.602244958  E0 = -12116.6022449567
cycle= 33 E= -12116.6022449554  delta_E= -0.000226  |g|= 0.0436  |ddm|= 44.3
    sigma = 0.005  Optimized mu_alpha = -0.209725303388  entropy = 5.13753599603e-07
    sigma = 0.005  Optimized mu_beta  = -0.212295123101  entropy = 5.13753599603e-07
    Total E(T) = -12116.6024825149  Free energy = -12116.6024825174  E0 = -12116.6024825161
cycle= 34 E= -12116.6024825149  delta_E= -0.000238  |g|= 0.0454  |ddm|= 43.7
    sigma = 0.005  Optimized mu_alpha = -0.20970237727  entropy = 5.08147589851e-07
    sigma = 0.005  Optimized mu_beta  = -0.21230474227  entropy = 5.08147589851e-07
    Total E(T) = -12116.602713837  Free energy = -12116.6027138395  E0 = -12116.6027138383
cycle= 35 E= -12116.602713837  delta_E= -0.000231  |g|= 0.0478  |ddm|= 42.6
    sigma = 0.005  Optimized mu_alpha = -0.209672449107  entropy = 4.99990277433e-07
    sigma = 0.005  Optimized mu_beta  = -0.212287787199  entropy = 4.99990277433e-07
    Total E(T) = -12116.6029627166  Free energy = -12116.6029627191  E0 = -12116.6029627179
cycle= 36 E= -12116.6029627166  delta_E= -0.000249  |g|= 0.0477  |ddm|= 45.2
    sigma = 0.005  Optimized mu_alpha = -0.209593544042  entropy = 4.91780684259e-07
    sigma = 0.005  Optimized mu_beta  = -0.212187922402  entropy = 4.91780684259e-07
    Total E(T) = -12116.6032383536  Free energy = -12116.6032383561  E0 = -12116.6032383548
cycle= 37 E= -12116.6032383536  delta_E= -0.000276  |g|= 0.0418  |ddm|= 47.4
    sigma = 0.005  Optimized mu_alpha = -0.209544869433  entropy = 4.82552116192e-07
    sigma = 0.005  Optimized mu_beta  = -0.212120251122  entropy = 4.82552116192e-07
    Total E(T) = -12116.6035286848  Free energy = -12116.6035286872  E0 = -12116.603528686
cycle= 38 E= -12116.6035286848  delta_E= -0.00029  |g|= 0.0319  |ddm|= 49.7
    sigma = 0.005  Optimized mu_alpha = -0.209491987902  entropy = 4.82449707039e-07
    sigma = 0.005  Optimized mu_beta  = -0.212163908114  entropy = 4.82449707039e-07
    Total E(T) = -12116.603732819  Free energy = -12116.6037328214  E0 = -12116.6037328202
cycle= 39 E= -12116.603732819  delta_E= -0.000204  |g|= 0.0465  |ddm|= 37.5
    sigma = 0.005  Optimized mu_alpha = -0.209464740754  entropy = 4.75571931771e-07
    sigma = 0.005  Optimized mu_beta  = -0.212123568697  entropy = 4.75571931771e-07
    Total E(T) = -12116.6039765336  Free energy = -12116.603976536  E0 = -12116.6039765348
cycle= 40 E= -12116.6039765336  delta_E= -0.000244  |g|= 0.0449  |ddm|= 40.8
    sigma = 0.005  Optimized mu_alpha = -0.209416241678  entropy = 4.69459180355e-07
    sigma = 0.005  Optimized mu_beta  = -0.212068829161  entropy = 4.69459180355e-07
    Total E(T) = -12116.6042266435  Free energy = -12116.6042266458  E0 = -12116.6042266446
cycle= 41 E= -12116.6042266435  delta_E= -0.00025  |g|= 0.0414  |ddm|= 47.2
    sigma = 0.005  Optimized mu_alpha = -0.209216993765  entropy = 4.60791913191e-07
    sigma = 0.005  Optimized mu_beta  = -0.211798428823  entropy = 4.60791913191e-07
    Total E(T) = -12116.6044905791  Free energy = -12116.6044905814  E0 = -12116.6044905803
cycle= 42 E= -12116.6044905791  delta_E= -0.000264  |g|= 0.0413  |ddm|= 55.2
    sigma = 0.005  Optimized mu_alpha = -0.209357717503  entropy = 4.53094202938e-07
    sigma = 0.005  Optimized mu_beta  = -0.211856797518  entropy = 4.53094202938e-07
    Total E(T) = -12116.6047669952  Free energy = -12116.6047669975  E0 = -12116.6047669963
cycle= 43 E= -12116.6047669952  delta_E= -0.000276  |g|= 0.0243  |ddm|= 61.5
    sigma = 0.005  Optimized mu_alpha = -0.209260198916  entropy = 4.46630297507e-07
    sigma = 0.005  Optimized mu_beta  = -0.211697374253  entropy = 4.46630297507e-07
    Total E(T) = -12116.6049927656  Free energy = -12116.6049927678  E0 = -12116.6049927667
cycle= 44 E= -12116.6049927656  delta_E= -0.000226  |g|= 0.0263  |ddm|= 50.1
    sigma = 0.005  Optimized mu_alpha = -0.209252511405  entropy = 4.47382953696e-07
    sigma = 0.005  Optimized mu_beta  = -0.211833590331  entropy = 4.47382953696e-07
    Total E(T) = -12116.6052145729  Free energy = -12116.6052145752  E0 = -12116.605214574
cycle= 45 E= -12116.6052145729  delta_E= -0.000222  |g|= 0.0134  |ddm|= 36.9
    sigma = 0.005  Optimized mu_alpha = -0.209207552247  entropy = 4.42354662283e-07
    sigma = 0.005  Optimized mu_beta  = -0.211766251246  entropy = 4.42354662283e-07
    Total E(T) = -12116.6054222151  Free energy = -12116.6054222173  E0 = -12116.6054222162
cycle= 46 E= -12116.6054222151  delta_E= -0.000208  |g|= 0.00908  |ddm|= 39.1
    sigma = 0.005  Optimized mu_alpha = -0.209157081065  entropy = 4.3943055718e-07
    sigma = 0.005  Optimized mu_beta  = -0.211724775615  entropy = 4.3943055718e-07
    Total E(T) = -12116.6056240676  Free energy = -12116.6056240698  E0 = -12116.6056240687
cycle= 47 E= -12116.6056240676  delta_E= -0.000202  |g|= 0.00816  |ddm|= 33.7
    sigma = 0.005  Optimized mu_alpha = -0.209138792283  entropy = 4.34691456383e-07
    sigma = 0.005  Optimized mu_beta  = -0.211668913901  entropy = 4.34691456383e-07
    Total E(T) = -12116.6058230895  Free energy = -12116.6058230917  E0 = -12116.6058230906
cycle= 48 E= -12116.6058230895  delta_E= -0.000199  |g|= 0.0129  |ddm|= 41.2
    sigma = 0.005  Optimized mu_alpha = -0.209107937076  entropy = 4.30907926441e-07
    sigma = 0.005  Optimized mu_beta  = -0.211614522939  entropy = 4.30907926441e-07
    Total E(T) = -12116.6060130916  Free energy = -12116.6060130938  E0 = -12116.6060130927
cycle= 49 E= -12116.6060130916  delta_E= -0.00019  |g|= 0.0141  |ddm|= 36.5
    sigma = 0.005  Optimized mu_alpha = -0.209045970144  entropy = 4.27061805743e-07
    sigma = 0.005  Optimized mu_beta  = -0.211492039576  entropy = 4.27061805743e-07
    Total E(T) = -12116.6061942068  Free energy = -12116.6061942089  E0 = -12116.6061942078
cycle= 50 E= -12116.6061942068  delta_E= -0.000181  |g|= 0.0207  |ddm|= 46.4
    sigma = 0.005  Optimized mu_alpha = -0.209032880105  entropy = 4.25208059125e-07
    sigma = 0.005  Optimized mu_beta  = -0.211516866161  entropy = 4.25208059125e-07
    Total E(T) = -12116.6063751721  Free energy = -12116.6063751742  E0 = -12116.6063751731
cycle= 51 E= -12116.6063751721  delta_E= -0.000181  |g|= 0.0189  |ddm|= 32.6
    sigma = 0.005  Optimized mu_alpha = -0.208993134774  entropy = 4.23036637073e-07
    sigma = 0.005  Optimized mu_beta  = -0.211512212901  entropy = 4.23036637073e-07
    Total E(T) = -12116.6065510219  Free energy = -12116.606551024  E0 = -12116.606551023
cycle= 52 E= -12116.6065510219  delta_E= -0.000176  |g|= 0.0172  |ddm|= 31.8
    sigma = 0.005  Optimized mu_alpha = -0.208944063206  entropy = 4.1920567408e-07
    sigma = 0.005  Optimized mu_beta  = -0.211405197761  entropy = 4.1920567408e-07
    Total E(T) = -12116.6067134929  Free energy = -12116.606713495  E0 = -12116.606713494
cycle= 53 E= -12116.6067134929  delta_E= -0.000162  |g|= 0.0218  |ddm|= 44.1
    sigma = 0.005  Optimized mu_alpha = -0.208942837515  entropy = 4.16536597354e-07
    sigma = 0.005  Optimized mu_beta  = -0.211359746055  entropy = 4.16536597354e-07
    Total E(T) = -12116.6068639128  Free energy = -12116.6068639148  E0 = -12116.6068639138
cycle= 54 E= -12116.6068639128  delta_E= -0.00015  |g|= 0.0279  |ddm|= 42.7
    sigma = 0.005  Optimized mu_alpha = -0.208887048832  entropy = 4.15125652299e-07
    sigma = 0.005  Optimized mu_beta  = -0.211335717849  entropy = 4.15125652299e-07
    Total E(T) = -12116.6070086961  Free energy = -12116.6070086982  E0 = -12116.6070086971
cycle= 55 E= -12116.6070086961  delta_E= -0.000145  |g|= 0.0312  |ddm|=   37
    sigma = 0.005  Optimized mu_alpha = -0.208854041111  entropy = 4.13489432399e-07
    sigma = 0.005  Optimized mu_beta  = -0.211344883508  entropy = 4.13489432399e-07
    Total E(T) = -12116.6071589615  Free energy = -12116.6071589636  E0 = -12116.6071589625
cycle= 56 E= -12116.6071589615  delta_E= -0.00015  |g|= 0.0226  |ddm|= 27.9
    sigma = 0.005  Optimized mu_alpha = -0.208925489298  entropy = 4.11399248861e-07
    sigma = 0.005  Optimized mu_beta  = -0.211419371815  entropy = 4.11399248861e-07
    Total E(T) = -12116.6072935796  Free energy = -12116.6072935816  E0 = -12116.6072935806
cycle= 57 E= -12116.6072935796  delta_E= -0.000135  |g|= 0.0241  |ddm|= 39.6
    sigma = 0.005  Optimized mu_alpha = -0.208830626937  entropy = 4.09486023084e-07
    sigma = 0.005  Optimized mu_beta  = -0.211353291575  entropy = 4.09486023084e-07
    Total E(T) = -12116.6074226603  Free energy = -12116.6074226623  E0 = -12116.6074226613
cycle= 58 E= -12116.6074226603  delta_E= -0.000129  |g|= 0.0211  |ddm|= 36.6
    sigma = 0.005  Optimized mu_alpha = -0.208779004852  entropy = 4.06773720502e-07
    sigma = 0.005  Optimized mu_beta  = -0.211247003734  entropy = 4.06773720502e-07
    Total E(T) = -12116.607523666  Free energy = -12116.607523668  E0 = -12116.607523667
cycle= 59 E= -12116.607523666  delta_E= -0.000101  |g|= 0.0282  |ddm|= 49.8
    sigma = 0.005  Optimized mu_alpha = -0.20876170018  entropy = 4.05665700347e-07
    sigma = 0.005  Optimized mu_beta  = -0.211211172899  entropy = 4.05665700347e-07
    Total E(T) = -12116.6076164459  Free energy = -12116.6076164479  E0 = -12116.6076164469
cycle= 60 E= -12116.6076164459  delta_E= -9.28e-05  |g|= 0.0346  |ddm|= 36.1
    sigma = 0.005  Optimized mu_alpha = -0.208765868001  entropy = 4.04649890071e-07
    sigma = 0.005  Optimized mu_beta  = -0.21126297221  entropy = 4.04649890071e-07
    Total E(T) = -12116.6077193892  Free energy = -12116.6077193912  E0 = -12116.6077193902
cycle= 61 E= -12116.6077193892  delta_E= -0.000103  |g|= 0.0287  |ddm|= 26.8
    sigma = 0.005  Optimized mu_alpha = -0.208737078866  entropy = 4.03147332055e-07
    sigma = 0.005  Optimized mu_beta  = -0.211286516689  entropy = 4.03147332055e-07
    Total E(T) = -12116.6077894652  Free energy = -12116.6077894672  E0 = -12116.6077894662
cycle= 62 E= -12116.6077894652  delta_E= -7.01e-05  |g|= 0.0323  |ddm|= 42.3
    sigma = 0.005  Optimized mu_alpha = -0.208718660152  entropy = 4.02552818847e-07
    sigma = 0.005  Optimized mu_beta  = -0.211295446679  entropy = 4.02552818847e-07
    Total E(T) = -12116.6078714581  Free energy = -12116.6078714601  E0 = -12116.6078714591
cycle= 63 E= -12116.6078714581  delta_E= -8.2e-05  |g|= 0.0274  |ddm|= 25.9
    sigma = 0.005  Optimized mu_alpha = -0.208705443889  entropy = 4.02060292455e-07
    sigma = 0.005  Optimized mu_beta  = -0.21130027723  entropy = 4.02060292455e-07
    Total E(T) = -12116.6079606917  Free energy = -12116.6079606937  E0 = -12116.6079606927
cycle= 64 E= -12116.6079606917  delta_E= -8.92e-05  |g|= 0.018  |ddm|= 22.5
    sigma = 0.005  Optimized mu_alpha = -0.208702953541  entropy = 4.01021013498e-07
    sigma = 0.005  Optimized mu_beta  = -0.211290874939  entropy = 4.01021013498e-07
    Total E(T) = -12116.6080252757  Free energy = -12116.6080252777  E0 = -12116.6080252767
cycle= 65 E= -12116.6080252757  delta_E= -6.46e-05  |g|= 0.0177  |ddm|= 25.3
    sigma = 0.005  Optimized mu_alpha = -0.208662230488  entropy = 3.9991405248e-07
    sigma = 0.005  Optimized mu_beta  = -0.211254038426  entropy = 3.9991405248e-07
    Total E(T) = -12116.6080863088  Free energy = -12116.6080863108  E0 = -12116.6080863098
cycle= 66 E= -12116.6080863088  delta_E= -6.1e-05  |g|= 0.0195  |ddm|=   20
    sigma = 0.005  Optimized mu_alpha = -0.208698204597  entropy = 3.99701508995e-07
    sigma = 0.005  Optimized mu_beta  = -0.211295579418  entropy = 3.99701508995e-07
    Total E(T) = -12116.6081494359  Free energy = -12116.6081494379  E0 = -12116.6081494369
cycle= 67 E= -12116.6081494359  delta_E= -6.31e-05  |g|= 0.0198  |ddm|=   19
    sigma = 0.005  Optimized mu_alpha = -0.208657831101  entropy = 3.98716408027e-07
    sigma = 0.005  Optimized mu_beta  = -0.211264224353  entropy = 3.98716408027e-07
    Total E(T) = -12116.6082015298  Free energy = -12116.6082015318  E0 = -12116.6082015308
cycle= 68 E= -12116.6082015298  delta_E= -5.21e-05  |g|= 0.0222  |ddm|=   19
    sigma = 0.005  Optimized mu_alpha = -0.208669998076  entropy = 3.98036361163e-07
    sigma = 0.005  Optimized mu_beta  = -0.211283710084  entropy = 3.98036361163e-07
    Total E(T) = -12116.6082460235  Free energy = -12116.6082460255  E0 = -12116.6082460245
cycle= 69 E= -12116.6082460235  delta_E= -4.45e-05  |g|= 0.0244  |ddm|= 19.2
    sigma = 0.005  Optimized mu_alpha = -0.208614404581  entropy = 3.97464631071e-07
    sigma = 0.005  Optimized mu_beta  = -0.211232197827  entropy = 3.97464631071e-07
    Total E(T) = -12116.6082914604  Free energy = -12116.6082914624  E0 = -12116.6082914614
cycle= 70 E= -12116.6082914604  delta_E= -4.54e-05  |g|= 0.026  |ddm|= 15.7
    sigma = 0.005  Optimized mu_alpha = -0.208617265671  entropy = 3.97168858131e-07
    sigma = 0.005  Optimized mu_beta  = -0.211243093412  entropy = 3.97168858131e-07
    Total E(T) = -12116.6083374171  Free energy = -12116.6083374191  E0 = -12116.6083374181
cycle= 71 E= -12116.6083374171  delta_E= -4.6e-05  |g|= 0.0214  |ddm|= 15.4
    sigma = 0.005  Optimized mu_alpha = -0.208634504294  entropy = 3.96541280256e-07
    sigma = 0.005  Optimized mu_beta  = -0.211259050885  entropy = 3.96541280256e-07
    Total E(T) = -12116.6083734042  Free energy = -12116.6083734061  E0 = -12116.6083734051
cycle= 72 E= -12116.6083734042  delta_E= -3.6e-05  |g|= 0.0205  |ddm|= 17.4
    sigma = 0.005  Optimized mu_alpha = -0.208628980272  entropy = 3.96145562952e-07
    sigma = 0.005  Optimized mu_beta  = -0.211256553923  entropy = 3.96145562952e-07
    Total E(T) = -12116.6084074719  Free energy = -12116.6084074739  E0 = -12116.6084074729
cycle= 73 E= -12116.6084074719  delta_E= -3.41e-05  |g|= 0.0217  |ddm|= 13.7
    sigma = 0.005  Optimized mu_alpha = -0.208625294189  entropy = 3.95403685265e-07
    sigma = 0.005  Optimized mu_beta  = -0.211241172773  entropy = 3.95403685265e-07
    Total E(T) = -12116.608433761  Free energy = -12116.608433763  E0 = -12116.608433762
cycle= 74 E= -12116.608433761  delta_E= -2.63e-05  |g|= 0.0254  |ddm|= 16.1
    sigma = 0.005  Optimized mu_alpha = -0.208608501931  entropy = 3.94936790176e-07
    sigma = 0.005  Optimized mu_beta  = -0.211210215749  entropy = 3.94936790176e-07
    Total E(T) = -12116.6084578175  Free energy = -12116.6084578194  E0 = -12116.6084578184
cycle= 75 E= -12116.6084578175  delta_E= -2.41e-05  |g|= 0.0267  |ddm|= 15.1
    sigma = 0.005  Optimized mu_alpha = -0.20867829367  entropy = 3.9588498592e-07
    sigma = 0.005  Optimized mu_beta  = -0.21130029247  entropy = 3.9588498592e-07
    Total E(T) = -12116.6085080716  Free energy = -12116.6085080736  E0 = -12116.6085080726
cycle= 76 E= -12116.6085080716  delta_E= -5.03e-05  |g|= 0.0237  |ddm|= 54.8
    sigma = 0.005  Optimized mu_alpha = -0.208585781051  entropy = 3.95333998542e-07
    sigma = 0.005  Optimized mu_beta  = -0.211216234202  entropy = 3.95333998542e-07
    Total E(T) = -12116.6085429777  Free energy = -12116.6085429797  E0 = -12116.6085429787
cycle= 77 E= -12116.6085429777  delta_E= -3.49e-05  |g|= 0.0126  |ddm|= 40.4
    sigma = 0.005  Optimized mu_alpha = -0.208568097239  entropy = 3.94462749588e-07
    sigma = 0.005  Optimized mu_beta  = -0.211200494092  entropy = 3.94462749588e-07
    Total E(T) = -12116.6085692728  Free energy = -12116.6085692747  E0 = -12116.6085692738
cycle= 78 E= -12116.6085692728  delta_E= -2.63e-05  |g|= 0.0158  |ddm|= 17.6
    sigma = 0.005  Optimized mu_alpha = -0.208624925176  entropy = 3.94677914816e-07
    sigma = 0.005  Optimized mu_beta  = -0.211280812143  entropy = 3.94677914816e-07
    Total E(T) = -12116.6085984639  Free energy = -12116.6085984659  E0 = -12116.6085984649
cycle= 79 E= -12116.6085984639  delta_E= -2.92e-05  |g|= 0.0165  |ddm|= 22.5
    sigma = 0.005  Optimized mu_alpha = -0.208594956182  entropy = 3.9391740918e-07
    sigma = 0.005  Optimized mu_beta  = -0.211250345076  entropy = 3.9391740918e-07
    Total E(T) = -12116.6086186391  Free energy = -12116.6086186411  E0 = -12116.6086186401
cycle= 80 E= -12116.6086186391  delta_E= -2.02e-05  |g|= 0.0171  |ddm|= 23.5
    sigma = 0.005  Optimized mu_alpha = -0.208565619191  entropy = 3.94068231257e-07
    sigma = 0.005  Optimized mu_beta  = -0.211247147604  entropy = 3.94068231257e-07
    Total E(T) = -12116.6086468541  Free energy = -12116.6086468561  E0 = -12116.6086468551
cycle= 81 E= -12116.6086468541  delta_E= -2.82e-05  |g|= 0.0163  |ddm|= 16.3
    sigma = 0.005  Optimized mu_alpha = -0.208541555684  entropy = 3.94332300241e-07
    sigma = 0.005  Optimized mu_beta  = -0.211214057839  entropy = 3.94332300241e-07
    Total E(T) = -12116.6086712475  Free energy = -12116.6086712495  E0 = -12116.6086712485
cycle= 82 E= -12116.6086712475  delta_E= -2.44e-05  |g|= 0.0182  |ddm|= 24.5
    sigma = 0.005  Optimized mu_alpha = -0.20859297878  entropy = 3.94085139516e-07
    sigma = 0.005  Optimized mu_beta  = -0.211268964524  entropy = 3.94085139516e-07
    Total E(T) = -12116.6086955131  Free energy = -12116.608695515  E0 = -12116.6086955141
cycle= 83 E= -12116.6086955131  delta_E= -2.43e-05  |g|= 0.0171  |ddm|=   21
    sigma = 0.005  Optimized mu_alpha = -0.208584030005  entropy = 3.93943818384e-07
    sigma = 0.005  Optimized mu_beta  = -0.211247152614  entropy = 3.93943818384e-07
    Total E(T) = -12116.6087159817  Free energy = -12116.6087159837  E0 = -12116.6087159827
cycle= 84 E= -12116.6087159817  delta_E= -2.05e-05  |g|= 0.017  |ddm|= 18.9
    sigma = 0.005  Optimized mu_alpha = -0.208610657826  entropy = 3.94096352509e-07
    sigma = 0.005  Optimized mu_beta  = -0.211270409126  entropy = 3.94096352509e-07
    Total E(T) = -12116.6087355162  Free energy = -12116.6087355181  E0 = -12116.6087355172
cycle= 85 E= -12116.6087355162  delta_E= -1.95e-05  |g|= 0.0164  |ddm|= 14.7
    sigma = 0.005  Optimized mu_alpha = -0.208588766181  entropy = 3.94020768976e-07
    sigma = 0.005  Optimized mu_beta  = -0.211250752781  entropy = 3.94020768976e-07
    Total E(T) = -12116.6087534658  Free energy = -12116.6087534678  E0 = -12116.6087534668
cycle= 86 E= -12116.6087534658  delta_E= -1.79e-05  |g|= 0.014  |ddm|=   15
    sigma = 0.005  Optimized mu_alpha = -0.208573203682  entropy = 3.93886595375e-07
    sigma = 0.005  Optimized mu_beta  = -0.211227404612  entropy = 3.93886595375e-07
    Total E(T) = -12116.6087690802  Free energy = -12116.6087690822  E0 = -12116.6087690812
cycle= 87 E= -12116.6087690802  delta_E= -1.56e-05  |g|= 0.011  |ddm|= 11.1
    sigma = 0.005  Optimized mu_alpha = -0.208588181645  entropy = 3.94256990377e-07
    sigma = 0.005  Optimized mu_beta  = -0.211255449714  entropy = 3.94256990377e-07
    Total E(T) = -12116.6087831236  Free energy = -12116.6087831256  E0 = -12116.6087831246
cycle= 88 E= -12116.6087831236  delta_E= -1.4e-05  |g|= 0.0106  |ddm|= 22.6
    sigma = 0.005  Optimized mu_alpha = -0.208584992069  entropy = 3.94063027826e-07
    sigma = 0.005  Optimized mu_beta  = -0.211245859463  entropy = 3.94063027826e-07
    Total E(T) = -12116.6087952114  Free energy = -12116.6087952134  E0 = -12116.6087952124
cycle= 89 E= -12116.6087952114  delta_E= -1.21e-05  |g|= 0.00445  |ddm|= 12.2
    sigma = 0.005  Optimized mu_alpha = -0.308379419432  entropy = 13.7678371233
    sigma = 0.005  Optimized mu_beta  = -0.310852193052  entropy = 13.7678371233
    Total E(T) = -12116.570735306  Free energy = -12116.6395744916  E0 = -12116.6051548988
Extra cycle  E= -12116.570735306  delta_E= 0.0381  |g|= 0.277  |ddm|= 1.13e+03
converged SCF energy = -12116.570735306  <S^2> = 6.0163743  2S+1 = 5.0065454
[timing] right/Al ensemble SCF = 7147.0s
[timing] collect state = 0.0s
[EVAL    3] L=-12252.92798952 Ef=-12251.37432749 L1=4.96160414e+00 Npdft=666.000031 |grad|=3.97107e-01 dL=+9.235e+00 d|grad|=+3.806e-01 |b|=5.197962e+00 max|b|=1.853340e+00 t=7364.0s
dm0 check [[[ 1.51511507e-09  2.24391764e-08  1.89790082e-07 ... -1.14718990e-07
    7.42477045e-07  6.64943306e-08]
  [ 2.24391764e-08  3.34444763e-07  2.75067587e-06 ... -1.77767125e-06
    1.10110602e-05  1.04757907e-06]
  [ 1.89790082e-07  2.75067587e-06  2.57238102e-05 ... -1.02769953e-05
    9.27869282e-05  4.99876750e-06]
  ...
  [-1.14718990e-07 -1.77767125e-06 -1.02769953e-05 ...  2.27166703e-04
    1.81897159e-06 -1.91352281e-04]
  [ 7.42477045e-07  1.10110602e-05  9.27869282e-05 ...  1.81897159e-06
    4.79980205e-04 -1.62432622e-06]
  [ 6.64943306e-08  1.04757907e-06  4.99876750e-06 ... -1.91352281e-04
   -1.62432622e-06  6.55604862e-04]]

 [[ 2.14412506e-09  3.18476057e-08  2.65523940e-07 ... -7.48707043e-08
    1.03578288e-06  2.38439018e-08]
  [ 3.18476057e-08  4.74248514e-07  3.91397520e-06 ... -9.93113263e-07
    1.53190814e-05  2.50155752e-07]
  [ 2.65523940e-07  3.91397520e-06  3.37625800e-05 ... -1.10142938e-05
    1.30901577e-04  4.52868661e-06]
  ...
  [-7.48707043e-08 -9.93113263e-07 -1.10142938e-05 ...  2.49604179e-04
    2.27939104e-06 -2.10130198e-04]
  [ 1.03578288e-06  1.53190814e-05  1.30901577e-04 ...  2.27939104e-06
    5.52938810e-04 -2.04467526e-06]
  [ 2.38439018e-08  2.50155752e-07  4.52868661e-06 ... -2.10130198e-04
   -2.04467526e-06  7.46013355e-04]]]
converged SCF energy = -150.226693714539  <S^2> = 2.0045398  2S+1 = 3.003025
dm0 check [[[ 1.14640389e-09  1.70870133e-08  1.38753939e-07 ... -8.06188010e-08
    6.25415508e-07  4.56897409e-08]
  [ 1.70870133e-08  2.56085856e-07  2.02952809e-06 ... -1.06182303e-06
    9.18280262e-06  7.18371405e-07]
  [ 1.38753939e-07  2.02952809e-06  1.80707535e-05 ... -1.26946238e-05
    8.12949622e-05  3.19865437e-06]
  ...
  [-8.06188010e-08 -1.06182303e-06 -1.26946238e-05 ...  2.39058491e-04
   -1.61625119e-06 -1.68274807e-04]
  [ 6.25415508e-07  9.18280262e-06  8.12949622e-05 ... -1.61625119e-06
    4.44994840e-04 -4.05993503e-06]
  [ 4.56897409e-08  7.18371405e-07  3.19865437e-06 ... -1.68274807e-04
   -4.05993503e-06  5.95722512e-04]]

 [[ 2.53036577e-08  3.85049032e-07  2.83126422e-06 ... -1.48564942e-07
    1.05891592e-07  7.43764913e-08]
  [ 3.85049032e-07  5.86074589e-06  4.30457436e-05 ... -2.17965303e-06
    1.18317950e-06  1.05272041e-06]
  [ 2.83126422e-06  4.30457436e-05  3.17989433e-04 ... -1.75089510e-05
    2.68727894e-05  9.38929286e-06]
  ...
  [-1.48564942e-07 -2.17965303e-06 -1.75089510e-05 ...  2.30571546e-04
    2.08965287e-07 -1.91670976e-04]
  [ 1.05891592e-07  1.18317950e-06  2.68727894e-05 ...  2.08965287e-07
    4.63237986e-04 -3.50230113e-06]
  [ 7.43764913e-08  1.05272041e-06  9.38929286e-06 ... -1.91670976e-04
   -3.50230113e-06  6.49568405e-04]]]
converged SCF energy = -150.244985829834  <S^2> = 0.92979734  2S+1 = 2.1723695
[timing] left/O ensemble SCF = 13.2s
dm0 check [[ 3.79872830e-01  6.12384187e-01 -1.25556068e-01 ... -2.72499904e-05
  -1.84989856e-05  2.12671517e-05]
 [ 6.12384187e-01  1.01479623e+00 -3.34606630e-01 ... -7.30196600e-05
  -5.08442850e-05  5.70908210e-05]
 [-1.25556068e-01 -3.34606630e-01  6.76711373e-01 ...  1.81734116e-04
   1.26240740e-04 -1.43897854e-04]
 ...
 [-2.72499904e-05 -7.30196600e-05  1.81734116e-04 ...  1.48137970e-03
   1.09276856e-03 -2.04163915e-03]
 [-1.84989856e-05 -5.08442850e-05  1.26240740e-04 ...  1.09276856e-03
   8.07853820e-04 -1.50842710e-03]
 [ 2.12671517e-05  5.70908210e-05 -1.43897854e-04 ... -2.04163915e-03
  -1.50842710e-03  2.82934669e-03]]


******** <class 'pyscf.scf.addons.SmearingDFRKS'> ********
method = SmearingDFRKS
initial guess = minao
damping factor = 0.15
level_shift factor = 0.2
DIIS = <class 'pyscf.scf.diis.CDIIS'>
diis_start_cycle = 1
diis_space = 12
diis_damp = 0
SCF conv_tol = 5e-05
SCF conv_tol_grad = None
SCF max_cycles = 200
direct_scf = True
direct_scf_tol = 1e-13
chkfile to save SCF result = /tmp/tmp9nuxs2rz
max_memory 4000 MB (current use 87792 MB)
XC library pyscf.dft.libxc version 6.1.0
    S. Lehtola, C. Steigemann, M. J.T. Oliveira, and M. A.L. Marques.,  SoftwareX 7, 1–5 (2018)
XC functionals = pbe
    J. P. Perdew, K. Burke, and M. Ernzerhof.,  Phys. Rev. Lett. 77, 3865 (1996)
    J. P. Perdew, K. Burke, and M. Ernzerhof.,  Phys. Rev. Lett. 78, 1396 (1997)
    J. P. Perdew, K. Burke, and M. Ernzerhof.,  Phys. Rev. Lett. 77, 3865 (1996)
    J. P. Perdew, K. Burke, and M. Ernzerhof.,  Phys. Rev. Lett. 78, 1396 (1997)
small_rho_cutoff = 1e-06
Set gradient conv threshold to 0.00707107
    Total E(T) = -12112.9041235485  Free energy = -12113.9341119899  E0 = -12113.4191177692
init E= -12112.9041235485
    sigma = 0.02  Optimized mu = -0.00820780694806  entropy = 7.94751099423
    Total E(T) = -12113.3686045179  Free energy = -12113.5275547378  E0 = -12113.4480796278
cycle= 1 E= -12113.3686045179  delta_E= -0.464  |g|= 1.95  |ddm|= 2.61e+03
    sigma = 0.02  Optimized mu = -0.0494284190656  entropy = 7.1280502865
    Total E(T) = -12111.6461128402  Free energy = -12111.7886738459  E0 = -12111.717393343
cycle= 2 E= -12111.6461128402  delta_E= 1.72  |g|= 6.66  |ddm|= 5.69e+03
    sigma = 0.02  Optimized mu = -0.0124663629525  entropy = 6.31830894888
    Total E(T) = -12112.8570199857  Free energy = -12112.9833861647  E0 = -12112.9202030752
cycle= 3 E= -12112.8570199857  delta_E= -1.21  |g|= 3.22  |ddm|= 4.55e+03
    sigma = 0.02  Optimized mu = -0.018710362273  entropy = 5.76364885075
    Total E(T) = -12113.2606210821  Free energy = -12113.3758940591  E0 = -12113.3182575706
cycle= 4 E= -12113.2606210821  delta_E= -0.404  |g|= 2.29  |ddm|= 1.41e+03
    sigma = 0.02  Optimized mu = -0.0258709339692  entropy = 4.47915972379
    Total E(T) = -12113.4426492378  Free energy = -12113.5322324322  E0 = -12113.487440835
cycle= 5 E= -12113.4426492378  delta_E= -0.182  |g|=  1.4  |ddm|=  776
    sigma = 0.02  Optimized mu = -0.0386676442253  entropy = 2.67265449831
    Total E(T) = -12113.5153504132  Free energy = -12113.5688035032  E0 = -12113.5420769582
cycle= 6 E= -12113.5153504132  delta_E= -0.0727  |g|= 0.984  |ddm|=  726
    sigma = 0.02  Optimized mu = -0.0505711179838  entropy = 1.77824684974
    Total E(T) = -12113.5507938179  Free energy = -12113.5863587549  E0 = -12113.5685762864
cycle= 7 E= -12113.5507938179  delta_E= -0.0354  |g|= 0.625  |ddm|=  549
    sigma = 0.02  Optimized mu = -0.0511962099695  entropy = 1.60430739922
    Total E(T) = -12113.5671126976  Free energy = -12113.5991988456  E0 = -12113.5831557716
cycle= 8 E= -12113.5671126976  delta_E= -0.0163  |g|= 0.47  |ddm|=  588
    sigma = 0.02  Optimized mu = -0.0529259752661  entropy = 1.56070985436
    Total E(T) = -12113.5769998586  Free energy = -12113.6082140556  E0 = -12113.5926069571
cycle= 9 E= -12113.5769998586  delta_E= -0.00989  |g|= 0.242  |ddm|=  432
    sigma = 0.02  Optimized mu = -0.0528946703269  entropy = 1.55592951599
    Total E(T) = -12113.5812547262  Free energy = -12113.6123733165  E0 = -12113.5968140213
cycle= 10 E= -12113.5812547262  delta_E= -0.00425  |g|= 0.136  |ddm|=  363
    sigma = 0.02  Optimized mu = -0.0527553171796  entropy = 1.55123268102
    Total E(T) = -12113.5834232179  Free energy = -12113.6144478715  E0 = -12113.5989355447
cycle= 11 E= -12113.5834232179  delta_E= -0.00217  |g|= 0.0838  |ddm|=  284
    sigma = 0.02  Optimized mu = -0.0529350097938  entropy = 1.54740373346
    Total E(T) = -12113.5847003737  Free energy = -12113.6156484484  E0 = -12113.6001744111
cycle= 12 E= -12113.5847003737  delta_E= -0.00128  |g|= 0.044  |ddm|=  227
    sigma = 0.02  Optimized mu = -0.0528112216554  entropy = 1.54465606762
    Total E(T) = -12113.5855677528  Free energy = -12113.6164608741  E0 = -12113.6010143134
cycle= 13 E= -12113.5855677528  delta_E= -0.000867  |g|= 0.0213  |ddm|=  213
    sigma = 0.02  Optimized mu = -0.0527944233332  entropy = 1.5417652572
    Total E(T) = -12113.5861846037  Free energy = -12113.6170199088  E0 = -12113.6016022562
cycle= 14 E= -12113.5861846037  delta_E= -0.000617  |g|= 0.0235  |ddm|=  163
    sigma = 0.02  Optimized mu = -0.0527547055585  entropy = 1.54062903767
    Total E(T) = -12113.5866473351  Free energy = -12113.6174599159  E0 = -12113.6020536255
cycle= 15 E= -12113.5866473351  delta_E= -0.000463  |g|= 0.0339  |ddm|=  144
    sigma = 0.02  Optimized mu = -0.0527656018899  entropy = 1.53923325093
    Total E(T) = -12113.5870059124  Free energy = -12113.6177905774  E0 = -12113.6023982449
cycle= 16 E= -12113.5870059124  delta_E= -0.000359  |g|= 0.0377  |ddm|=  130
    sigma = 0.02  Optimized mu = -0.0527466233669  entropy = 1.53823301047
    Total E(T) = -12113.5873104479  Free energy = -12113.6180751081  E0 = -12113.602692778
cycle= 17 E= -12113.5873104479  delta_E= -0.000305  |g|= 0.0361  |ddm|=  112
    sigma = 0.02  Optimized mu = -0.052690300992  entropy = 1.5375560393
    Total E(T) = -12113.5875669194  Free energy = -12113.6183180402  E0 = -12113.6029424798
cycle= 18 E= -12113.5875669194  delta_E= -0.000256  |g|= 0.0332  |ddm|=   86
    sigma = 0.02  Optimized mu = -0.0527264534114  entropy = 1.53695227904
    Total E(T) = -12113.58778624  Free energy = -12113.6185252855  E0 = -12113.6031557627
cycle= 19 E= -12113.58778624  delta_E= -0.000219  |g|= 0.0311  |ddm|= 85.3
    sigma = 0.02  Optimized mu = -0.0526365907706  entropy = 1.53631501957
    Total E(T) = -12113.5879666586  Free energy = -12113.618692959  E0 = -12113.6033298088
cycle= 20 E= -12113.5879666586  delta_E= -0.00018  |g|= 0.0226  |ddm|= 97.4
    sigma = 0.02  Optimized mu = -0.0528231735348  entropy = 1.53535148383
    Total E(T) = -12113.5881241098  Free energy = -12113.6188311395  E0 = -12113.6034776246
cycle= 21 E= -12113.5881241098  delta_E= -0.000157  |g|= 0.0172  |ddm|= 57.9
    sigma = 0.02  Optimized mu = -0.0527874263294  entropy = 1.53518518653
    Total E(T) = -12113.5882406402  Free energy = -12113.6189443439  E0 = -12113.6035924921
cycle= 22 E= -12113.5882406402  delta_E= -0.000117  |g|= 0.0189  |ddm|= 64.6
    sigma = 0.02  Optimized mu = -0.0527602806309  entropy = 1.53486248536
    Total E(T) = -12113.5883441609  Free energy = -12113.6190414106  E0 = -12113.6036927857
cycle= 23 E= -12113.5883441609  delta_E= -0.000104  |g|= 0.0171  |ddm|= 47.7
    sigma = 0.02  Optimized mu = -0.0527448441384  entropy = 1.53463559189
    Total E(T) = -12113.5884201343  Free energy = -12113.6191128461  E0 = -12113.6037664902
cycle= 24 E= -12113.5884201343  delta_E= -7.6e-05  |g|= 0.0297  |ddm|= 52.7
    sigma = 0.02  Optimized mu = -0.0527773191957  entropy = 1.53446749415
    Total E(T) = -12113.5885081958  Free energy = -12113.6191975457  E0 = -12113.6038528707
cycle= 25 E= -12113.5885081958  delta_E= -8.81e-05  |g|= 0.0181  |ddm|= 40.8
    sigma = 0.02  Optimized mu = -0.0527484563909  entropy = 1.53432437767
    Total E(T) = -12113.5885770963  Free energy = -12113.6192635839  E0 = -12113.6039203401
cycle= 26 E= -12113.5885770963  delta_E= -6.89e-05  |g|= 0.0152  |ddm|= 43.2
    sigma = 0.02  Optimized mu = -0.0527532844767  entropy = 1.53387796801
    Total E(T) = -12113.5886340036  Free energy = -12113.619311563  E0 = -12113.6039727833
cycle= 27 E= -12113.5886340036  delta_E= -5.69e-05  |g|= 0.0158  |ddm|= 34.3
    sigma = 0.02  Optimized mu = -0.052735766644  entropy = 1.53366198339
    Total E(T) = -12113.588681052  Free energy = -12113.6193542917  E0 = -12113.6040176718
cycle= 28 E= -12113.588681052  delta_E= -4.7e-05  |g|= 0.0151  |ddm|= 34.1
    sigma = 0.02  Optimized mu = -0.0527483052866  entropy = 1.53352112604
    Total E(T) = -12113.5887252358  Free energy = -12113.6193956583  E0 = -12113.6040604471
cycle= 29 E= -12113.5887252358  delta_E= -4.42e-05  |g|= 0.0154  |ddm|= 28.2
    sigma = 0.02  Optimized mu = -0.0527520020305  entropy = 1.53339324511
    Total E(T) = -12113.5887663796  Free energy = -12113.6194342445  E0 = -12113.604100312
cycle= 30 E= -12113.5887663796  delta_E= -4.11e-05  |g|= 0.0148  |ddm|= 27.2
    sigma = 0.02  Optimized mu = -0.0527643140371  entropy = 1.53323419203
    Total E(T) = -12113.5888042311  Free energy = -12113.619468915  E0 = -12113.6041365731
cycle= 31 E= -12113.5888042311  delta_E= -3.79e-05  |g|= 0.0143  |ddm|= 23.4
    sigma = 0.02  Optimized mu = -0.0527357403937  entropy = 1.53299848778
    Total E(T) = -12113.5888394872  Free energy = -12113.619499457  E0 = -12113.6041694721
cycle= 32 E= -12113.5888394872  delta_E= -3.53e-05  |g|= 0.0129  |ddm|=   28
    sigma = 0.02  Optimized mu = -0.052753297112  entropy = 1.53300185864
    Total E(T) = -12113.5888736158  Free energy = -12113.619533653  E0 = -12113.6042036344
cycle= 33 E= -12113.5888736158  delta_E= -3.41e-05  |g|= 0.00927  |ddm|= 26.2
    sigma = 0.02  Optimized mu = -0.0527805982142  entropy = 1.53286569308
    Total E(T) = -12113.5889029967  Free energy = -12113.6195603106  E0 = -12113.6042316537
cycle= 34 E= -12113.5889029967  delta_E= -2.94e-05  |g|= 0.00968  |ddm|= 19.3
    sigma = 0.02  Optimized mu = -0.0527610198083  entropy = 1.53282585815
    Total E(T) = -12113.588926329  Free energy = -12113.6195828462  E0 = -12113.6042545876
cycle= 35 E= -12113.588926329  delta_E= -2.33e-05  |g|= 0.011  |ddm|=   21
    sigma = 0.02  Optimized mu = -0.0527213786286  entropy = 1.53274139085
    Total E(T) = -12113.588948648  Free energy = -12113.6196034758  E0 = -12113.6042760619
cycle= 36 E= -12113.588948648  delta_E= -2.23e-05  |g|= 0.0137  |ddm|= 17.6
    sigma = 0.02  Optimized mu = -0.0527596535212  entropy = 1.53262267892
    Total E(T) = -12113.58897301  Free energy = -12113.6196254636  E0 = -12113.6042992368
cycle= 37 E= -12113.58897301  delta_E= -2.44e-05  |g|= 0.0106  |ddm|= 17.2
    sigma = 0.02  Optimized mu = -0.0527694710216  entropy = 1.53255364429
    Total E(T) = -12113.5889936673  Free energy = -12113.6196447402  E0 = -12113.6043192038
cycle= 38 E= -12113.5889936673  delta_E= -2.07e-05  |g|= 0.011  |ddm|= 16.5
    sigma = 0.02  Optimized mu = -0.0527696195338  entropy = 1.53253241189
    Total E(T) = -12113.5890136221  Free energy = -12113.6196642704  E0 = -12113.6043389463
cycle= 39 E= -12113.5890136221  delta_E= -2e-05  |g|= 0.0105  |ddm|= 14.5
    sigma = 0.02  Optimized mu = -0.0527879666436  entropy = 1.53252679453
    Total E(T) = -12113.5890296433  Free energy = -12113.6196801792  E0 = -12113.6043549112
cycle= 40 E= -12113.5890296433  delta_E= -1.6e-05  |g|= 0.0163  |ddm|=   20
    sigma = 0.02  Optimized mu = -0.0527683238434  entropy = 1.53233798373
    Total E(T) = -12113.5890474911  Free energy = -12113.6196942508  E0 = -12113.6043708709
cycle= 41 E= -12113.5890474911  delta_E= -1.78e-05  |g|= 0.0133  |ddm|= 17.1
    sigma = 0.02  Optimized mu = -0.0527742601561  entropy = 1.53222393723
    Total E(T) = -12113.5890639205  Free energy = -12113.6197083992  E0 = -12113.6043861598
cycle= 42 E= -12113.5890639205  delta_E= -1.64e-05  |g|= 0.0131  |ddm|=   23
    sigma = 0.02  Optimized mu = -0.0527532384391  entropy = 1.53206106859
    Total E(T) = -12113.5890831088  Free energy = -12113.6197243302  E0 = -12113.6044037195
cycle= 43 E= -12113.5890831088  delta_E= -1.92e-05  |g|= 0.0114  |ddm|= 20.5
    sigma = 0.02  Optimized mu = -0.0527615352077  entropy = 1.53202920645
    Total E(T) = -12113.5891017191  Free energy = -12113.6197423033  E0 = -12113.6044220112
cycle= 44 E= -12113.5891017191  delta_E= -1.86e-05  |g|= 0.00733  |ddm|= 17.8
    sigma = 0.02  Optimized mu = -0.0527707096795  entropy = 1.53204769181
    Total E(T) = -12113.589116845  Free energy = -12113.6197577988  E0 = -12113.6044373219
cycle= 45 E= -12113.589116845  delta_E= -1.51e-05  |g|= 0.00753  |ddm|= 11.7
    sigma = 0.02  Optimized mu = -0.0527654696083  entropy = 1.53198130333
    Total E(T) = -12113.5891290291  Free energy = -12113.6197686552  E0 = -12113.6044488422
cycle= 46 E= -12113.5891290291  delta_E= -1.22e-05  |g|= 0.00703  |ddm|= 11.6
    sigma = 0.02  Optimized mu = -0.152739649632  entropy = 51.2196671176
    Total E(T) = -12113.0665102948  Free energy = -12114.0909036371  E0 = -12113.578706966
Extra cycle  E= -12113.0665102948  delta_E= 0.523  |g|= 0.37  |ddm|= 4.32e+03
converged SCF energy = -12113.0665102948
dm0 check [[[ 1.89950809e-01  3.06230196e-01 -6.28701448e-02 ... -8.62685838e-06
   -4.91480692e-06  4.44180693e-06]
  [ 3.06230196e-01  5.07498877e-01 -1.67546322e-01 ... -2.30396635e-05
   -1.37365836e-05  1.18638014e-05]
  [-6.28701448e-02 -1.67546322e-01  3.38930718e-01 ...  5.80229536e-05
    3.46074637e-05 -3.12442843e-05]
  ...
  [-8.62685838e-06 -2.30396635e-05  5.80229536e-05 ...  7.53525018e-04
    5.39678675e-04 -1.01739010e-03]
  [-4.91480692e-06 -1.37365836e-05  3.46074637e-05 ...  5.39678675e-04
    3.87426813e-04 -7.29964268e-04]
  [ 4.44180693e-06  1.18638014e-05 -3.12442843e-05 ... -1.01739010e-03
   -7.29964268e-04  1.38196364e-03]]

 [[ 1.89948372e-01  3.06222837e-01 -6.28537395e-02 ...  9.17840370e-06
    7.85517628e-06 -1.85682209e-05]
  [ 3.06222837e-01  5.07478772e-01 -1.67503804e-01 ...  2.49578101e-05
    2.06874857e-05 -5.01674760e-05]
  [-6.28537395e-02 -1.67503804e-01  3.38840382e-01 ... -5.90702641e-05
   -4.93751310e-05  1.20079935e-04]
  ...
  [ 9.17840370e-06  2.49578101e-05 -5.90702641e-05 ...  6.84931051e-04
    4.95634547e-04 -9.52700990e-04]
  [ 7.85517628e-06  2.06874857e-05 -4.93751310e-05 ...  4.95634547e-04
    3.59563024e-04 -6.90699723e-04]
  [-1.85682209e-05 -5.01674760e-05  1.20079935e-04 ... -9.52700990e-04
   -6.90699723e-04  1.33191056e-03]]]


******** <class 'pyscf.scf.addons.SmearingDFUKS'> ********
method = SmearingDFUKS
initial guess = minao
damping factor = 0.15
level_shift factor = 0.2
DIIS = <class 'pyscf.scf.diis.CDIIS'>
diis_start_cycle = 1
diis_space = 12
diis_damp = 0
SCF conv_tol = 5e-05
SCF conv_tol_grad = None
SCF max_cycles = 200
direct_scf = True
direct_scf_tol = 1e-13
chkfile to save SCF result = /tmp/tmpv1o74kom
max_memory 4000 MB (current use 87792 MB)
number electrons alpha = 325  beta = 323
XC library pyscf.dft.libxc version 6.1.0
    S. Lehtola, C. Steigemann, M. J.T. Oliveira, and M. A.L. Marques.,  SoftwareX 7, 1–5 (2018)
XC functionals = pbe
    J. P. Perdew, K. Burke, and M. Ernzerhof.,  Phys. Rev. Lett. 77, 3865 (1996)
    J. P. Perdew, K. Burke, and M. Ernzerhof.,  Phys. Rev. Lett. 78, 1396 (1997)
    J. P. Perdew, K. Burke, and M. Ernzerhof.,  Phys. Rev. Lett. 77, 3865 (1996)
    J. P. Perdew, K. Burke, and M. Ernzerhof.,  Phys. Rev. Lett. 78, 1396 (1997)
small_rho_cutoff = 1e-06
Set gradient conv threshold to 0.00707107
    Total E(T) = -12112.4875953798  Free energy = -12112.5564345654  E0 = -12112.5220149726
init E= -12112.4875953798
    sigma = 0.005  Optimized mu_alpha = -0.113802905031  entropy = 2.34919636133
    sigma = 0.005  Optimized mu_beta  = -0.145655575912  entropy = 2.34919636133
    Total E(T) = -12112.9935356002  Free energy = -12113.005281582  E0 = -12112.9994085911
cycle= 1 E= -12112.9935356002  delta_E= -0.506  |g|= 2.53  |ddm|= 2.2e+03
    sigma = 0.005  Optimized mu_alpha = -0.170360302611  entropy = 0.789991855183
    sigma = 0.005  Optimized mu_beta  = -0.214835079279  entropy = 0.789991855183
    Total E(T) = -12112.1129647324  Free energy = -12112.1169146916  E0 = -12112.114939712
cycle= 2 E= -12112.1129647324  delta_E= 0.881  |g|= 7.15  |ddm|= 3.36e+03
    sigma = 0.005  Optimized mu_alpha = -0.186395634497  entropy = 1.03738776536e-05
    sigma = 0.005  Optimized mu_beta  = -0.194896315747  entropy = 1.03738776536e-05
    Total E(T) = -12112.6848767265  Free energy = -12112.6848767784  E0 = -12112.6848767525
cycle= 3 E= -12112.6848767265  delta_E= -0.572  |g|= 3.73  |ddm|= 2.31e+03
    sigma = 0.005  Optimized mu_alpha = -0.195543328666  entropy = 5.93461810819e-07
    sigma = 0.005  Optimized mu_beta  = -0.199576453652  entropy = 5.93461810819e-07
    Total E(T) = -12112.9440635862  Free energy = -12112.9440635892  E0 = -12112.9440635877
cycle= 4 E= -12112.9440635862  delta_E= -0.259  |g|= 2.53  |ddm|=  792
    sigma = 0.005  Optimized mu_alpha = -0.194442612877  entropy = 4.90227458724e-07
    sigma = 0.005  Optimized mu_beta  = -0.197772606885  entropy = 4.90227458724e-07
    Total E(T) = -12113.0702448864  Free energy = -12113.0702448889  E0 = -12113.0702448877
cycle= 5 E= -12113.0702448864  delta_E= -0.126  |g|= 1.42  |ddm|=  473
    sigma = 0.005  Optimized mu_alpha = -0.196098775781  entropy = 4.6471219463e-07
    sigma = 0.005  Optimized mu_beta  = -0.19898845837  entropy = 4.6471219463e-07
    Total E(T) = -12113.1203057334  Free energy = -12113.1203057357  E0 = -12113.1203057345
cycle= 6 E= -12113.1203057334  delta_E= -0.0501  |g|= 0.792  |ddm|=  398
    sigma = 0.005  Optimized mu_alpha = -0.196720648035  entropy = 4.05177514146e-07
    sigma = 0.005  Optimized mu_beta  = -0.199649820293  entropy = 4.05177514146e-07
    Total E(T) = -12113.1364638865  Free energy = -12113.1364638885  E0 = -12113.1364638875
cycle= 7 E= -12113.1364638865  delta_E= -0.0162  |g|= 0.445  |ddm|=  282
    sigma = 0.005  Optimized mu_alpha = -0.196503163156  entropy = 4.0618135351e-07
    sigma = 0.005  Optimized mu_beta  = -0.199247335877  entropy = 4.0618135351e-07
    Total E(T) = -12113.1421204177  Free energy = -12113.1421204197  E0 = -12113.1421204187
cycle= 8 E= -12113.1421204177  delta_E= -0.00566  |g|= 0.285  |ddm|=  190
    sigma = 0.005  Optimized mu_alpha = -0.19714023024  entropy = 3.94875840752e-07
    sigma = 0.005  Optimized mu_beta  = -0.199779052544  entropy = 3.94875840752e-07
    Total E(T) = -12113.144549223  Free energy = -12113.144549225  E0 = -12113.144549224
cycle= 9 E= -12113.144549223  delta_E= -0.00243  |g|= 0.137  |ddm|=  119
    sigma = 0.005  Optimized mu_alpha = -0.196877121854  entropy = 3.94691782582e-07
    sigma = 0.005  Optimized mu_beta  = -0.199516128665  entropy = 3.94691782582e-07
    Total E(T) = -12113.1455069683  Free energy = -12113.1455069703  E0 = -12113.1455069693
cycle= 10 E= -12113.1455069683  delta_E= -0.000958  |g|= 0.0928  |ddm|=   98
    sigma = 0.005  Optimized mu_alpha = -0.196965189366  entropy = 3.89945182595e-07
    sigma = 0.005  Optimized mu_beta  = -0.199600370295  entropy = 3.89945182595e-07
    Total E(T) = -12113.1460054536  Free energy = -12113.1460054555  E0 = -12113.1460054545
cycle= 11 E= -12113.1460054536  delta_E= -0.000498  |g|= 0.0614  |ddm|= 69.5
    sigma = 0.005  Optimized mu_alpha = -0.196953095896  entropy = 3.86752693583e-07
    sigma = 0.005  Optimized mu_beta  = -0.199555899605  entropy = 3.86752693583e-07
    Total E(T) = -12113.1463130552  Free energy = -12113.1463130572  E0 = -12113.1463130562
cycle= 12 E= -12113.1463130552  delta_E= -0.000308  |g|= 0.0381  |ddm|=   59
    sigma = 0.005  Optimized mu_alpha = -0.19698252677  entropy = 3.86031808797e-07
    sigma = 0.005  Optimized mu_beta  = -0.199562537937  entropy = 3.86031808797e-07
    Total E(T) = -12113.1465095052  Free energy = -12113.1465095072  E0 = -12113.1465095062
cycle= 13 E= -12113.1465095052  delta_E= -0.000196  |g|= 0.0382  |ddm|= 50.5
    sigma = 0.005  Optimized mu_alpha = -0.196970852451  entropy = 3.84385200064e-07
    sigma = 0.005  Optimized mu_beta  = -0.199545332058  entropy = 3.84385200064e-07
    Total E(T) = -12113.1466569147  Free energy = -12113.1466569166  E0 = -12113.1466569156
cycle= 14 E= -12113.1466569147  delta_E= -0.000147  |g|= 0.0348  |ddm|= 45.6
    sigma = 0.005  Optimized mu_alpha = -0.196942028644  entropy = 3.82692576523e-07
    sigma = 0.005  Optimized mu_beta  = -0.19951382963  entropy = 3.82692576523e-07
    Total E(T) = -12113.1467774286  Free energy = -12113.1467774305  E0 = -12113.1467774295
cycle= 15 E= -12113.1467774286  delta_E= -0.000121  |g|= 0.0267  |ddm|= 39.2
    sigma = 0.005  Optimized mu_alpha = -0.196972867145  entropy = 3.8245094738e-07
    sigma = 0.005  Optimized mu_beta  = -0.199537904592  entropy = 3.8245094738e-07
    Total E(T) = -12113.146870104  Free energy = -12113.1468701059  E0 = -12113.146870105
cycle= 16 E= -12113.146870104  delta_E= -9.27e-05  |g|= 0.0274  |ddm|= 34.1
    sigma = 0.005  Optimized mu_alpha = -0.1969760549  entropy = 3.81300573921e-07
    sigma = 0.005  Optimized mu_beta  = -0.199531852954  entropy = 3.81300573921e-07
    Total E(T) = -12113.1469495643  Free energy = -12113.1469495662  E0 = -12113.1469495652
cycle= 17 E= -12113.1469495643  delta_E= -7.95e-05  |g|= 0.0211  |ddm|= 32.2
    sigma = 0.005  Optimized mu_alpha = -0.196984340685  entropy = 3.80916055697e-07
    sigma = 0.005  Optimized mu_beta  = -0.199536539069  entropy = 3.80916055697e-07
    Total E(T) = -12113.1470158967  Free energy = -12113.1470158986  E0 = -12113.1470158976
cycle= 18 E= -12113.1470158967  delta_E= -6.63e-05  |g|= 0.0184  |ddm|= 26.7
    sigma = 0.005  Optimized mu_alpha = -0.196987532445  entropy = 3.79422063776e-07
    sigma = 0.005  Optimized mu_beta  = -0.19953887834  entropy = 3.79422063776e-07
    Total E(T) = -12113.1470717687  Free energy = -12113.1470717706  E0 = -12113.1470717697
cycle= 19 E= -12113.1470717687  delta_E= -5.59e-05  |g|= 0.0147  |ddm|= 26.8
    sigma = 0.005  Optimized mu_alpha = -0.196985409099  entropy = 3.79663222894e-07
    sigma = 0.005  Optimized mu_beta  = -0.199529543937  entropy = 3.79663222894e-07
    Total E(T) = -12113.1471202255  Free energy = -12113.1471202274  E0 = -12113.1471202264
cycle= 20 E= -12113.1471202255  delta_E= -4.85e-05  |g|= 0.0114  |ddm|= 24.3
    sigma = 0.005  Optimized mu_alpha = -0.196999150399  entropy = 3.79018900851e-07
    sigma = 0.005  Optimized mu_beta  = -0.199543161781  entropy = 3.79018900851e-07
    Total E(T) = -12113.1471618969  Free energy = -12113.1471618988  E0 = -12113.1471618979
cycle= 21 E= -12113.1471618969  delta_E= -4.17e-05  |g|= 0.00929  |ddm|= 22.3
    sigma = 0.005  Optimized mu_alpha = -0.197001422736  entropy = 3.78758581694e-07
    sigma = 0.005  Optimized mu_beta  = -0.19954467014  entropy = 3.78758581694e-07
    Total E(T) = -12113.1471982161  Free energy = -12113.147198218  E0 = -12113.1471982171
cycle= 22 E= -12113.1471982161  delta_E= -3.63e-05  |g|= 0.00864  |ddm|= 17.7
    sigma = 0.005  Optimized mu_alpha = -0.197013561444  entropy = 3.78395699365e-07
    sigma = 0.005  Optimized mu_beta  = -0.199552538147  entropy = 3.78395699365e-07
    Total E(T) = -12113.1472290687  Free energy = -12113.1472290706  E0 = -12113.1472290697
cycle= 23 E= -12113.1472290687  delta_E= -3.09e-05  |g|= 0.00992  |ddm|= 16.7
    sigma = 0.005  Optimized mu_alpha = -0.196991378221  entropy = 3.78056554074e-07
    sigma = 0.005  Optimized mu_beta  = -0.199529791607  entropy = 3.78056554074e-07
    Total E(T) = -12113.1472582954  Free energy = -12113.1472582973  E0 = -12113.1472582964
cycle= 24 E= -12113.1472582954  delta_E= -2.92e-05  |g|= 0.00784  |ddm|= 17.8
    sigma = 0.005  Optimized mu_alpha = -0.197009158554  entropy = 3.77765600365e-07
    sigma = 0.005  Optimized mu_beta  = -0.199547514879  entropy = 3.77765600365e-07
    Total E(T) = -12113.1472851522  Free energy = -12113.1472851541  E0 = -12113.1472851531
cycle= 25 E= -12113.1472851522  delta_E= -2.69e-05  |g|= 0.00722  |ddm|=   14
    sigma = 0.005  Optimized mu_alpha = -0.197001105045  entropy = 3.77469846349e-07
    sigma = 0.005  Optimized mu_beta  = -0.199537505986  entropy = 3.77469846349e-07
    Total E(T) = -12113.1473098867  Free energy = -12113.1473098886  E0 = -12113.1473098876
cycle= 26 E= -12113.1473098867  delta_E= -2.47e-05  |g|= 0.00581  |ddm|= 13.5
    sigma = 0.005  Optimized mu_alpha = -0.296511578164  entropy = 12.8604633262
    sigma = 0.005  Optimized mu_beta  = -0.299400925797  entropy = 12.8604633262
    Total E(T) = -12113.1100657152  Free energy = -12113.1743680318  E0 = -12113.1422168735
Extra cycle  E= -12113.1100657152  delta_E= 0.0372  |g|= 0.487  |ddm|=  917
converged SCF energy = -12113.1100657152  <S^2> = 3.7656423  2S+1 = 4.0078135
[timing] right/Al ensemble SCF = 3691.4s
[timing] collect state = 0.0s
[EVAL    4] L=-12261.69775290 Ef=-12261.70434909 L1=2.08357183e+00 Npdft=666.000034 |grad|=3.34720e-02 dL=-8.770e+00 d|grad|=-3.636e-01 |b|=1.563718e+00 max|b|=5.401285e-01 t=3907.4s

At iterate    2    f=  1.22617D+04    |proj g|=  5.99242D-03
dm0 check [[[ 1.51511345e-09  2.24391537e-08  1.89789845e-07 ... -1.14719041e-07
    7.42476856e-07  6.64943793e-08]
  [ 2.24391537e-08  3.34444425e-07  2.75067274e-06 ... -1.77767171e-06
    1.10110573e-05  1.04757954e-06]
  [ 1.89789845e-07  2.75067274e-06  2.57237806e-05 ... -1.02769975e-05
    9.27869110e-05  4.99876992e-06]
  ...
  [-1.14719041e-07 -1.77767171e-06 -1.02769975e-05 ...  2.27166714e-04
    1.81897069e-06 -1.91352291e-04]
  [ 7.42476856e-07  1.10110573e-05  9.27869110e-05 ...  1.81897069e-06
    4.79980266e-04 -1.62432538e-06]
  [ 6.64943793e-08  1.04757954e-06  4.99876992e-06 ... -1.91352291e-04
   -1.62432538e-06  6.55604932e-04]]

 [[ 2.14412288e-09  3.18475751e-08  2.65523668e-07 ... -7.48706513e-08
    1.03578247e-06  2.38438681e-08]
  [ 3.18475751e-08  4.74248065e-07  3.91397161e-06 ... -9.93113945e-07
    1.53190755e-05  2.50156401e-07]
  [ 2.65523668e-07  3.91397161e-06  3.37625491e-05 ... -1.10142914e-05
    1.30901535e-04  4.52868544e-06]
  ...
  [-7.48706513e-08 -9.93113945e-07 -1.10142914e-05 ...  2.49604200e-04
    2.27939015e-06 -2.10130218e-04]
  [ 1.03578247e-06  1.53190755e-05  1.30901535e-04 ...  2.27939015e-06
    5.52938890e-04 -2.04467291e-06]
  [ 2.38438681e-08  2.50156401e-07  4.52868544e-06 ... -2.10130218e-04
   -2.04467291e-06  7.46013452e-04]]]
converged SCF energy = -150.226693714539  <S^2> = 2.0045398  2S+1 = 3.003025
dm0 check [[[ 1.14641745e-09  1.70871841e-08  1.38754813e-07 ... -8.06196941e-08
    6.25417120e-07  4.56926965e-08]
  [ 1.70871841e-08  2.56087717e-07  2.02954043e-06 ... -1.06182579e-06
    9.18282741e-06  7.18406974e-07]
  [ 1.38754813e-07  2.02954043e-06  1.80708466e-05 ... -1.26946806e-05
    8.12951703e-05  3.19891372e-06]
  ...
  [-8.06196941e-08 -1.06182579e-06 -1.26946806e-05 ...  2.39058742e-04
   -1.61627706e-06 -1.68275179e-04]
  [ 6.25417120e-07  9.18282741e-06  8.12951703e-05 ... -1.61627706e-06
    4.44995293e-04 -4.05994829e-06]
  [ 4.56926965e-08  7.18406974e-07  3.19891372e-06 ... -1.68275179e-04
   -4.05994829e-06  5.95722691e-04]]

 [[ 2.53030872e-08  3.85041148e-07  2.83121281e-06 ... -1.48564709e-07
    1.05890540e-07  7.43821277e-08]
  [ 3.85041148e-07  5.86063793e-06  4.30450523e-05 ... -2.17963110e-06
    1.18320858e-06  1.05278733e-06]
  [ 2.83121281e-06  4.30450523e-05  3.17985100e-04 ... -1.75088049e-05
    2.68728932e-05  9.38978176e-06]
  ...
  [-1.48564709e-07 -2.17963110e-06 -1.75088049e-05 ...  2.30571482e-04
    2.08982238e-07 -1.91671362e-04]
  [ 1.05890540e-07  1.18320858e-06  2.68728932e-05 ...  2.08982238e-07
    4.63238233e-04 -3.50223686e-06]
  [ 7.43821277e-08  1.05278733e-06  9.38978176e-06 ... -1.91671362e-04
   -3.50223686e-06  6.49568189e-04]]]
converged SCF energy = -150.244985829831  <S^2> = 0.92979752  2S+1 = 2.1723697
[timing] left/O ensemble SCF = 10.8s
dm0 check [[ 3.79532072e-01  6.12195524e-01 -1.25151255e-01 ...  9.66222326e-06
   3.79364287e-06 -2.24995992e-05]
 [ 6.12195524e-01  1.01504532e+00 -3.33820930e-01 ...  2.67710261e-05
   9.43042485e-06 -6.12635175e-05]
 [-1.25151255e-01 -3.33820930e-01  6.74716565e-01 ... -6.43437344e-05
  -2.29193606e-05  1.48295781e-04]
 ...
 [ 9.66222326e-06  2.67710261e-05 -6.43437344e-05 ...  2.53391559e-06
   5.43741348e-07 -4.67143155e-06]
 [ 3.79364287e-06  9.43042485e-06 -2.29193606e-05 ...  5.43741348e-07
   9.93845076e-07 -2.26621221e-06]
 [-2.24995992e-05 -6.12635175e-05  1.48295781e-04 ... -4.67143155e-06
  -2.26621221e-06  1.31123940e-05]]


******** <class 'pyscf.scf.addons.SmearingDFRKS'> ********
method = SmearingDFRKS
initial guess = minao
damping factor = 0.15
level_shift factor = 0.2
DIIS = <class 'pyscf.scf.diis.CDIIS'>
diis_start_cycle = 1
diis_space = 12
diis_damp = 0
SCF conv_tol = 5e-05
SCF conv_tol_grad = None
SCF max_cycles = 200
direct_scf = True
direct_scf_tol = 1e-13
chkfile to save SCF result = /tmp/tmp9nuxs2rz
max_memory 4000 MB (current use 87885 MB)
XC library pyscf.dft.libxc version 6.1.0
    S. Lehtola, C. Steigemann, M. J.T. Oliveira, and M. A.L. Marques.,  SoftwareX 7, 1–5 (2018)
XC functionals = pbe
    J. P. Perdew, K. Burke, and M. Ernzerhof.,  Phys. Rev. Lett. 77, 3865 (1996)
    J. P. Perdew, K. Burke, and M. Ernzerhof.,  Phys. Rev. Lett. 78, 1396 (1997)
    J. P. Perdew, K. Burke, and M. Ernzerhof.,  Phys. Rev. Lett. 77, 3865 (1996)
    J. P. Perdew, K. Burke, and M. Ernzerhof.,  Phys. Rev. Lett. 78, 1396 (1997)
small_rho_cutoff = 1e-06
Set gradient conv threshold to 0.00707107
    Total E(T) = -12132.5682325456  Free energy = -12133.5926258879  E0 = -12133.0804292168
init E= -12132.5682325456
    sigma = 0.02  Optimized mu = -0.152149035632  entropy = 23.8042671234
    Total E(T) = -12121.0202449145  Free energy = -12121.4963302569  E0 = -12121.2582875857
cycle= 1 E= -12121.0202449145  delta_E= 11.5  |g|= 14.6  |ddm|= 7.67e+04
    sigma = 0.02  Optimized mu = -0.19023053107  entropy = 32.9944084883
    Total E(T) = -11966.6261482259  Free energy = -11967.2860363957  E0 = -11966.9560923108
cycle= 2 E= -11966.6261482259  delta_E=  154  |g|=   48  |ddm|= 1.02e+05
    sigma = 0.02  Optimized mu = -0.143341801029  entropy = 33.684833876
    Total E(T) = -12054.3924730424  Free energy = -12055.0661697199  E0 = -12054.7293213811
cycle= 3 E= -12054.3924730424  delta_E= -87.8  |g|= 35.2  |ddm|= 1.1e+05
    sigma = 0.02  Optimized mu = -0.149204448269  entropy = 30.5179766555
    Total E(T) = -12081.3424738626  Free energy = -12081.9528333957  E0 = -12081.6476536292
cycle= 4 E= -12081.3424738626  delta_E=  -27  |g|= 31.3  |ddm|= 1.09e+05
    sigma = 0.02  Optimized mu = -0.0572176064439  entropy = 30.5875247319
    Total E(T) = -12116.8639180575  Free energy = -12117.4756685522  E0 = -12117.1697933049
cycle= 5 E= -12116.8639180575  delta_E= -35.5  |g|=   22  |ddm|= 9.27e+04
    sigma = 0.02  Optimized mu = -0.0442354577083  entropy = 14.1066913242
    Total E(T) = -12130.0920826805  Free energy = -12130.374216507  E0 = -12130.2331495937
cycle= 6 E= -12130.0920826805  delta_E= -13.2  |g|= 14.6  |ddm|= 2.25e+04
    sigma = 0.02  Optimized mu = -0.0841097835175  entropy = 6.72032433496
    Total E(T) = -12134.796061362  Free energy = -12134.9304678487  E0 = -12134.8632646053
cycle= 7 E= -12134.796061362  delta_E= -4.7  |g|= 11.3  |ddm|= 6.44e+03
    sigma = 0.02  Optimized mu = -0.0601799572752  entropy = 5.00211705483
    Total E(T) = -12136.459912989  Free energy = -12136.5599553301  E0 = -12136.5099341595
cycle= 8 E= -12136.459912989  delta_E= -1.66  |g|= 8.76  |ddm|= 7.38e+03
    sigma = 0.02  Optimized mu = -0.0865806580184  entropy = 5.1220502183
    Total E(T) = -12138.2817485205  Free energy = -12138.3841895249  E0 = -12138.3329690227
cycle= 9 E= -12138.2817485205  delta_E= -1.82  |g|= 7.14  |ddm|= 6.75e+03
    sigma = 0.02  Optimized mu = -0.0718058483882  entropy = 4.88004736149
    Total E(T) = -12139.2657095651  Free energy = -12139.3633105124  E0 = -12139.3145100388
cycle= 10 E= -12139.2657095651  delta_E= -0.984  |g|= 4.51  |ddm|= 1.38e+04
    sigma = 0.02  Optimized mu = -0.0900301814982  entropy = 3.11088985098
    Total E(T) = -12140.3297428984  Free energy = -12140.3919606954  E0 = -12140.3608517969
cycle= 11 E= -12140.3297428984  delta_E= -1.06  |g|= 1.35  |ddm|= 5.51e+03
    sigma = 0.02  Optimized mu = -0.0672766855163  entropy = 3.37666464851
    Total E(T) = -12140.32212348  Free energy = -12140.3896567729  E0 = -12140.3558901265
cycle= 12 E= -12140.32212348  delta_E= 0.00762  |g|= 2.09  |ddm|= 4.43e+03
    sigma = 0.02  Optimized mu = -0.0809345720108  entropy = 1.84356517162
    Total E(T) = -12140.4010106299  Free energy = -12140.4378819334  E0 = -12140.4194462817
cycle= 13 E= -12140.4010106299  delta_E= -0.0789  |g|= 1.37  |ddm|= 1.54e+03
    sigma = 0.02  Optimized mu = -0.0798749536228  entropy = 1.67577671954
    Total E(T) = -12140.4065721354  Free energy = -12140.4400876698  E0 = -12140.4233299026
cycle= 14 E= -12140.4065721354  delta_E= -0.00556  |g|= 1.43  |ddm|=  583
    sigma = 0.02  Optimized mu = -0.079836052438  entropy = 1.64601035912
    Total E(T) = -12140.3955970946  Free energy = -12140.4285173018  E0 = -12140.4120571982
cycle= 15 E= -12140.3955970946  delta_E= 0.011  |g|= 1.58  |ddm|=  334
    sigma = 0.02  Optimized mu = -0.0795701389629  entropy = 1.62478506111
    Total E(T) = -12140.3855288803  Free energy = -12140.4180245816  E0 = -12140.401776731
cycle= 16 E= -12140.3855288803  delta_E= 0.0101  |g|= 1.69  |ddm|=  423
    sigma = 0.02  Optimized mu = -0.0791931625125  entropy = 1.59557688952
    Total E(T) = -12140.3924404461  Free energy = -12140.4243519839  E0 = -12140.408396215
cycle= 17 E= -12140.3924404461  delta_E= -0.00691  |g|= 1.62  |ddm|=  358
    sigma = 0.02  Optimized mu = -0.0795635308858  entropy = 1.57323334063
    Total E(T) = -12140.4078396884  Free energy = -12140.4393043552  E0 = -12140.4235720218
cycle= 18 E= -12140.4078396884  delta_E= -0.0154  |g|= 1.51  |ddm|=  547
    sigma = 0.02  Optimized mu = -0.0794410337859  entropy = 1.55949592226
    Total E(T) = -12140.4316015449  Free energy = -12140.4627914633  E0 = -12140.4471965041
cycle= 19 E= -12140.4316015449  delta_E= -0.0238  |g|= 1.27  |ddm|=  344
    sigma = 0.02  Optimized mu = -0.0790032550399  entropy = 1.54784069497
    Total E(T) = -12140.4525713462  Free energy = -12140.4835281601  E0 = -12140.4680497531
cycle= 20 E= -12140.4525713462  delta_E= -0.021  |g|= 1.08  |ddm|=  350
    sigma = 0.02  Optimized mu = -0.078233300842  entropy = 1.54414009783
    Total E(T) = -12140.4713552761  Free energy = -12140.5022380781  E0 = -12140.4867966771
cycle= 21 E= -12140.4713552761  delta_E= -0.0188  |g|= 0.856  |ddm|=  310
    sigma = 0.02  Optimized mu = -0.0790020270103  entropy = 1.53686771861
    Total E(T) = -12140.4897120988  Free energy = -12140.5204494532  E0 = -12140.505080776
cycle= 22 E= -12140.4897120988  delta_E= -0.0184  |g|= 0.526  |ddm|=  331
    sigma = 0.02  Optimized mu = -0.0782176449181  entropy = 1.53347773236
    Total E(T) = -12140.4976960513  Free energy = -12140.5283656059  E0 = -12140.5130308286
cycle= 23 E= -12140.4976960513  delta_E= -0.00798  |g|= 0.394  |ddm|=  265
    sigma = 0.02  Optimized mu = -0.0786393022868  entropy = 1.5296940343
    Total E(T) = -12140.5028038167  Free energy = -12140.5333976974  E0 = -12140.518100757
cycle= 24 E= -12140.5028038167  delta_E= -0.00511  |g|= 0.237  |ddm|=  255
    sigma = 0.02  Optimized mu = -0.0783073327517  entropy = 1.52826671451
    Total E(T) = -12140.5050667545  Free energy = -12140.5356320888  E0 = -12140.5203494217
cycle= 25 E= -12140.5050667545  delta_E= -0.00226  |g|= 0.148  |ddm|=  217
    sigma = 0.02  Optimized mu = -0.07860477436  entropy = 1.52593734787
    Total E(T) = -12140.506099999  Free energy = -12140.5366187459  E0 = -12140.5213593725
cycle= 26 E= -12140.506099999  delta_E= -0.00103  |g|= 0.103  |ddm|=  139
    sigma = 0.02  Optimized mu = -0.078597813432  entropy = 1.52452821267
    Total E(T) = -12140.5067064342  Free energy = -12140.5371969984  E0 = -12140.5219517163
cycle= 27 E= -12140.5067064342  delta_E= -0.000606  |g|= 0.0737  |ddm|= 67.8
    sigma = 0.02  Optimized mu = -0.0785813225135  entropy = 1.52392976312
    Total E(T) = -12140.5071269556  Free energy = -12140.5376055508  E0 = -12140.5223662532
cycle= 28 E= -12140.5071269556  delta_E= -0.000421  |g|= 0.0569  |ddm|=   67
    sigma = 0.02  Optimized mu = -0.0786114947474  entropy = 1.52288859595
    Total E(T) = -12140.5074466825  Free energy = -12140.5379044544  E0 = -12140.5226755685
cycle= 29 E= -12140.5074466825  delta_E= -0.00032  |g|= 0.0473  |ddm|= 49.6
    sigma = 0.02  Optimized mu = -0.0786150528321  entropy = 1.52190204517
    Total E(T) = -12140.5077081051  Free energy = -12140.538146146  E0 = -12140.5229271256
cycle= 30 E= -12140.5077081051  delta_E= -0.000261  |g|= 0.0416  |ddm|= 57.7
    sigma = 0.02  Optimized mu = -0.0786054227402  entropy = 1.52117821426
    Total E(T) = -12140.5079469077  Free energy = -12140.538370472  E0 = -12140.5231586898
cycle= 31 E= -12140.5079469077  delta_E= -0.000239  |g|= 0.0282  |ddm|= 53.1
    sigma = 0.02  Optimized mu = -0.0786097244645  entropy = 1.52039719176
    Total E(T) = -12140.5081415131  Free energy = -12140.5385494569  E0 = -12140.523345485
cycle= 32 E= -12140.5081415131  delta_E= -0.000195  |g|= 0.0258  |ddm|= 54.2
    sigma = 0.02  Optimized mu = -0.0786491171943  entropy = 1.51972637575
    Total E(T) = -12140.508309505  Free energy = -12140.5387040325  E0 = -12140.5235067687
cycle= 33 E= -12140.508309505  delta_E= -0.000168  |g|= 0.0234  |ddm|=   47
    sigma = 0.02  Optimized mu = -0.0785745591078  entropy = 1.51948921083
    Total E(T) = -12140.5084578205  Free energy = -12140.5388476048  E0 = -12140.5236527127
cycle= 34 E= -12140.5084578205  delta_E= -0.000148  |g|= 0.0223  |ddm|=   44
    sigma = 0.02  Optimized mu = -0.0786530413366  entropy = 1.51800574722
    Total E(T) = -12140.5085852863  Free energy = -12140.5389454013  E0 = -12140.5237653438
cycle= 35 E= -12140.5085852863  delta_E= -0.000127  |g|= 0.0134  |ddm|= 60.1
    sigma = 0.02  Optimized mu = -0.078625008819  entropy = 1.51786547766
    Total E(T) = -12140.5086915278  Free energy = -12140.5390488374  E0 = -12140.5238701826
cycle= 36 E= -12140.5086915278  delta_E= -0.000106  |g|= 0.018  |ddm|=   39
    sigma = 0.02  Optimized mu = -0.0786869323557  entropy = 1.51724370639
    Total E(T) = -12140.5088063582  Free energy = -12140.5391512323  E0 = -12140.5239787953
cycle= 37 E= -12140.5088063582  delta_E= -0.000115  |g|= 0.0126  |ddm|= 44.6
    sigma = 0.02  Optimized mu = -0.0786067425414  entropy = 1.51735663373
    Total E(T) = -12140.5089115732  Free energy = -12140.5392587058  E0 = -12140.5240851395
cycle= 38 E= -12140.5089115732  delta_E= -0.000105  |g|= 0.00998  |ddm|= 46.6
    sigma = 0.02  Optimized mu = -0.0786262329322  entropy = 1.5170597073
    Total E(T) = -12140.5090035181  Free energy = -12140.5393447123  E0 = -12140.5241741152
cycle= 39 E= -12140.5090035181  delta_E= -9.19e-05  |g|= 0.0134  |ddm|= 37.1
    sigma = 0.02  Optimized mu = -0.0786207419107  entropy = 1.51643189815
    Total E(T) = -12140.5090814201  Free energy = -12140.5394100581  E0 = -12140.5242457391
cycle= 40 E= -12140.5090814201  delta_E= -7.79e-05  |g|= 0.0106  |ddm|= 36.5
    sigma = 0.02  Optimized mu = -0.078639094901  entropy = 1.5159635024
    Total E(T) = -12140.5091457905  Free energy = -12140.5394650605  E0 = -12140.5243054255
cycle= 41 E= -12140.5091457905  delta_E= -6.44e-05  |g|= 0.0112  |ddm|= 34.8
    sigma = 0.02  Optimized mu = -0.0786228578331  entropy = 1.51564065282
    Total E(T) = -12140.5092005521  Free energy = -12140.5395133651  E0 = -12140.5243569586
cycle= 42 E= -12140.5092005521  delta_E= -5.48e-05  |g|= 0.0161  |ddm|= 26.5
    sigma = 0.02  Optimized mu = -0.0786279042608  entropy = 1.51549865105
    Total E(T) = -12140.5092602775  Free energy = -12140.5395702505  E0 = -12140.524415264
cycle= 43 E= -12140.5092602775  delta_E= -5.97e-05  |g|= 0.0172  |ddm|= 26.3
    sigma = 0.02  Optimized mu = -0.0786213980091  entropy = 1.51525090545
    Total E(T) = -12140.5093168928  Free energy = -12140.5396219109  E0 = -12140.5244694019
cycle= 44 E= -12140.5093168928  delta_E= -5.66e-05  |g|= 0.0168  |ddm|= 25.9
    sigma = 0.02  Optimized mu = -0.0786218443371  entropy = 1.51518584173
    Total E(T) = -12140.5093777252  Free energy = -12140.539681442  E0 = -12140.5245295836
cycle= 45 E= -12140.5093777252  delta_E= -6.08e-05  |g|= 0.0162  |ddm|=   33
    sigma = 0.02  Optimized mu = -0.0785998254727  entropy = 1.5150158621
    Total E(T) = -12140.5094381585  Free energy = -12140.5397384758  E0 = -12140.5245883172
cycle= 46 E= -12140.5094381585  delta_E= -6.04e-05  |g|= 0.0106  |ddm|= 28.5
    sigma = 0.02  Optimized mu = -0.0786291153124  entropy = 1.51468720161
    Total E(T) = -12140.5094881891  Free energy = -12140.5397819331  E0 = -12140.5246350611
cycle= 47 E= -12140.5094881891  delta_E= -5e-05  |g|= 0.00864  |ddm|=   24
    sigma = 0.02  Optimized mu = -0.0786279055278  entropy = 1.51429883989
    Total E(T) = -12140.5095278318  Free energy = -12140.5398138086  E0 = -12140.5246708202
cycle= 48 E= -12140.5095278318  delta_E= -3.96e-05  |g|= 0.021  |ddm|= 34.4
    sigma = 0.02  Optimized mu = -0.0786693068069  entropy = 1.51386824648
    Total E(T) = -12140.5095732394  Free energy = -12140.5398506043  E0 = -12140.5247119218
cycle= 49 E= -12140.5095732394  delta_E= -4.54e-05  |g|= 0.0164  |ddm|= 32.8
    sigma = 0.02  Optimized mu = -0.0785828469579  entropy = 1.51408737876
    Total E(T) = -12140.5096133756  Free energy = -12140.5398951232  E0 = -12140.5247542494
cycle= 50 E= -12140.5096133756  delta_E= -4.01e-05  |g|= 0.0136  |ddm|= 31.1
    sigma = 0.02  Optimized mu = -0.0786093177478  entropy = 1.51384893933
    Total E(T) = -12140.509655747  Free energy = -12140.5399327258  E0 = -12140.5247942364
cycle= 51 E= -12140.509655747  delta_E= -4.24e-05  |g|= 0.0114  |ddm|= 21.9
    sigma = 0.02  Optimized mu = -0.0786204830785  entropy = 1.51373379338
    Total E(T) = -12140.5096960584  Free energy = -12140.5399707343  E0 = -12140.5248333964
cycle= 52 E= -12140.5096960584  delta_E= -4.03e-05  |g|= 0.00933  |ddm|= 22.3
    sigma = 0.02  Optimized mu = -0.0786241237719  entropy = 1.51352755464
    Total E(T) = -12140.5097324643  Free energy = -12140.5400030153  E0 = -12140.5248677398
cycle= 53 E= -12140.5097324643  delta_E= -3.64e-05  |g|= 0.00817  |ddm|=   20
    sigma = 0.02  Optimized mu = -0.0786067657727  entropy = 1.5132938897
    Total E(T) = -12140.5097628446  Free energy = -12140.5400287224  E0 = -12140.5248957835
cycle= 54 E= -12140.5097628446  delta_E= -3.04e-05  |g|= 0.011  |ddm|= 18.1
    sigma = 0.02  Optimized mu = -0.078606903491  entropy = 1.51312084147
    Total E(T) = -12140.5097892919  Free energy = -12140.5400517087  E0 = -12140.5249205003
cycle= 55 E= -12140.5097892919  delta_E= -2.64e-05  |g|= 0.0147  |ddm|= 16.7
    sigma = 0.02  Optimized mu = -0.0785917181764  entropy = 1.51306107157
    Total E(T) = -12140.5098257741  Free energy = -12140.5400869955  E0 = -12140.5249563848
cycle= 56 E= -12140.5098257741  delta_E= -3.65e-05  |g|= 0.0134  |ddm|=   29
    sigma = 0.02  Optimized mu = -0.07859301199  entropy = 1.51313988648
    Total E(T) = -12140.5098614891  Free energy = -12140.5401242869  E0 = -12140.524992888
cycle= 57 E= -12140.5098614891  delta_E= -3.57e-05  |g|= 0.0129  |ddm|= 41.8
    sigma = 0.02  Optimized mu = -0.0785913709679  entropy = 1.51266100027
    Total E(T) = -12140.5098921965  Free energy = -12140.5401454165  E0 = -12140.5250188065
cycle= 58 E= -12140.5098921965  delta_E= -3.07e-05  |g|= 0.0116  |ddm|= 32.3
    sigma = 0.02  Optimized mu = -0.078627901703  entropy = 1.51252355338
    Total E(T) = -12140.5099227468  Free energy = -12140.5401732179  E0 = -12140.5250479823
cycle= 59 E= -12140.5099227468  delta_E= -3.06e-05  |g|= 0.0102  |ddm|= 19.9
    sigma = 0.02  Optimized mu = -0.0786006062127  entropy = 1.51257588359
    Total E(T) = -12140.5099595844  Free energy = -12140.5402111021  E0 = -12140.5250853432
cycle= 60 E= -12140.5099595844  delta_E= -3.68e-05  |g|= 0.00525  |ddm|= 31.1
    sigma = 0.02  Optimized mu = -0.178218434077  entropy = 49.3903336984
    Total E(T) = -12140.0179509931  Free energy = -12141.005757667  E0 = -12140.5118543301
Extra cycle  E= -12140.0179509931  delta_E= 0.492  |g|= 0.347  |ddm|= 4.48e+03
converged SCF energy = -12140.0179509931
dm0 check [[[ 1.89782541e-01  3.06142294e-01 -6.26818433e-02 ...  4.43463313e-06
    1.69322119e-06 -1.02385536e-05]
  [ 3.06142294e-01  5.07641316e-01 -1.67191167e-01 ...  1.23151065e-05
    4.16584743e-06 -2.78999186e-05]
  [-6.26818433e-02 -1.67191167e-01  3.38015067e-01 ... -2.95664696e-05
   -1.01283076e-05  6.74910252e-05]
  ...
  [ 4.43463313e-06  1.23151065e-05 -2.95664696e-05 ...  1.10017067e-06
    1.89276772e-07 -1.93018090e-06]
  [ 1.69322119e-06  4.16584743e-06 -1.01283076e-05 ...  1.89276772e-07
    4.69719858e-07 -9.49094724e-07]
  [-1.02385536e-05 -2.78999186e-05  6.74910252e-05 ... -1.93018090e-06
   -9.49094724e-07  5.58883294e-06]]

 [[ 1.89778882e-01  3.06130798e-01 -6.26576671e-02 ...  4.14574886e-06
    1.65224606e-06 -9.91849849e-06]
  [ 3.06130798e-01  5.07609854e-01 -1.67129790e-01 ...  1.15374349e-05
    4.05734679e-06 -2.70425797e-05]
  [-6.26576671e-02 -1.67129790e-01  3.37897085e-01 ... -2.77004788e-05
   -9.88378647e-06  6.54738053e-05]
  ...
  [ 4.14574886e-06  1.15374349e-05 -2.77004788e-05 ...  1.01968388e-06
    1.77540967e-07 -1.81599686e-06]
  [ 1.65224606e-06  4.05734679e-06 -9.88378647e-06 ...  1.77540967e-07
    4.73831367e-07 -9.41767005e-07]
  [-9.91849849e-06 -2.70425797e-05  6.54738053e-05 ... -1.81599686e-06
   -9.41767005e-07  5.39761860e-06]]]


******** <class 'pyscf.scf.addons.SmearingDFUKS'> ********
method = SmearingDFUKS
initial guess = minao
damping factor = 0.15
level_shift factor = 0.2
DIIS = <class 'pyscf.scf.diis.CDIIS'>
diis_start_cycle = 1
diis_space = 12
diis_damp = 0
SCF conv_tol = 5e-05
SCF conv_tol_grad = None
SCF max_cycles = 200
direct_scf = True
direct_scf_tol = 1e-13
chkfile to save SCF result = /tmp/tmpv1o74kom
max_memory 4000 MB (current use 87885 MB)
number electrons alpha = 325  beta = 323
XC library pyscf.dft.libxc version 6.1.0
    S. Lehtola, C. Steigemann, M. J.T. Oliveira, and M. A.L. Marques.,  SoftwareX 7, 1–5 (2018)
XC functionals = pbe
    J. P. Perdew, K. Burke, and M. Ernzerhof.,  Phys. Rev. Lett. 77, 3865 (1996)
    J. P. Perdew, K. Burke, and M. Ernzerhof.,  Phys. Rev. Lett. 78, 1396 (1997)
    J. P. Perdew, K. Burke, and M. Ernzerhof.,  Phys. Rev. Lett. 77, 3865 (1996)
    J. P. Perdew, K. Burke, and M. Ernzerhof.,  Phys. Rev. Lett. 78, 1396 (1997)
small_rho_cutoff = 1e-06
Set gradient conv threshold to 0.00707107
    Total E(T) = -12132.1306438098  Free energy = -12132.1949461265  E0 = -12132.1627949682
init E= -12132.1306438098
    sigma = 0.005  Optimized mu_alpha = -0.307250401578  entropy = 11.2346407109
    sigma = 0.005  Optimized mu_beta  = -0.309633289299  entropy = 11.2346407109
    Total E(T) = -12122.144931331  Free energy = -12122.2011045346  E0 = -12122.1730179328
cycle= 1 E= -12122.144931331  delta_E= 9.99  |g|= 20.3  |ddm|= 4.9e+04
    sigma = 0.005  Optimized mu_alpha = -0.332934758249  entropy = 7.58734602778
    sigma = 0.005  Optimized mu_beta  = -0.338634425057  entropy = 7.58734602778
    Total E(T) = -11955.0111614498  Free energy = -11955.04909818  E0 = -11955.0301298149
cycle= 2 E= -11955.0111614498  delta_E=  167  |g|= 70.1  |ddm|= 7.06e+04
    sigma = 0.005  Optimized mu_alpha = -0.268977714897  entropy = 6.98581000398
    sigma = 0.005  Optimized mu_beta  = -0.27351385536  entropy = 6.98581000398
    Total E(T) = -12094.7247709734  Free energy = -12094.7597000235  E0 = -12094.7422354985
cycle= 3 E= -12094.7247709734  delta_E= -140  |g|= 31.6  |ddm|= 5.64e+04
    sigma = 0.005  Optimized mu_alpha = -0.331667314467  entropy = 7.89589818807
    sigma = 0.005  Optimized mu_beta  = -0.334846613199  entropy = 7.89589818807
    Total E(T) = -12081.4961822073  Free energy = -12081.5356616983  E0 = -12081.5159219528
cycle= 4 E= -12081.4961822073  delta_E= 13.2  |g|= 44.4  |ddm|= 6e+04
    sigma = 0.005  Optimized mu_alpha = -0.245993318057  entropy = 8.01626382874
    sigma = 0.005  Optimized mu_beta  = -0.248052279375  entropy = 8.01626382874
    Total E(T) = -12130.8423244941  Free energy = -12130.8824058132  E0 = -12130.8623651537
cycle= 5 E= -12130.8423244941  delta_E= -49.3  |g|= 15.2  |ddm|= 5.71e+04
    sigma = 0.005  Optimized mu_alpha = -0.174913967986  entropy = 2.6438814092
    sigma = 0.005  Optimized mu_beta  = -0.173158467093  entropy = 2.6438814092
    Total E(T) = -12138.5825198624  Free energy = -12138.5957392694  E0 = -12138.5891295659
cycle= 6 E= -12138.5825198624  delta_E= -7.74  |g|= 6.09  |ddm|= 2.12e+04
    sigma = 0.005  Optimized mu_alpha = -0.24037763846  entropy = 0.0622808811056
    sigma = 0.005  Optimized mu_beta  = -0.224295886876  entropy = 0.0622808811056
    Total E(T) = -12138.6380706865  Free energy = -12138.6383820909  E0 = -12138.6382263887
cycle= 7 E= -12138.6380706865  delta_E= -0.0556  |g|= 7.82  |ddm|= 8.96e+03
    sigma = 0.005  Optimized mu_alpha = -0.216027372402  entropy = 0.000103734824752
    sigma = 0.005  Optimized mu_beta  = -0.21770603387  entropy = 0.000103734824752
    Total E(T) = -12139.6261242973  Free energy = -12139.626124816  E0 = -12139.6261245567
cycle= 8 E= -12139.6261242973  delta_E= -0.988  |g|= 3.77  |ddm|= 4.79e+03
    sigma = 0.005  Optimized mu_alpha = -0.225267646634  entropy = 2.31511147513e-06
    sigma = 0.005  Optimized mu_beta  = -0.226363851842  entropy = 2.31511147513e-06
    Total E(T) = -12139.8757325446  Free energy = -12139.8757325561  E0 = -12139.8757325504
cycle= 9 E= -12139.8757325446  delta_E= -0.25  |g|= 2.07  |ddm|= 4.22e+03
    sigma = 0.005  Optimized mu_alpha = -0.223365300544  entropy = 7.74109840383e-07
    sigma = 0.005  Optimized mu_beta  = -0.225251940717  entropy = 7.74109840383e-07
    Total E(T) = -12139.9595786434  Free energy = -12139.9595786473  E0 = -12139.9595786454
cycle= 10 E= -12139.9595786434  delta_E= -0.0838  |g|= 0.967  |ddm|= 1.14e+03
    sigma = 0.005  Optimized mu_alpha = -0.225667693038  entropy = 7.99526506844e-07
    sigma = 0.005  Optimized mu_beta  = -0.227529534202  entropy = 7.99526506844e-07
    Total E(T) = -12139.9805214301  Free energy = -12139.9805214341  E0 = -12139.9805214321
cycle= 11 E= -12139.9805214301  delta_E= -0.0209  |g|= 0.793  |ddm|=  725
    sigma = 0.005  Optimized mu_alpha = -0.226286041754  entropy = 6.92101646961e-07
    sigma = 0.005  Optimized mu_beta  = -0.228024122928  entropy = 6.92101646961e-07
    Total E(T) = -12139.9924878184  Free energy = -12139.9924878218  E0 = -12139.9924878201
cycle= 12 E= -12139.9924878184  delta_E= -0.012  |g|= 0.404  |ddm|=  650
    sigma = 0.005  Optimized mu_alpha = -0.225206378163  entropy = 6.24609793334e-07
    sigma = 0.005  Optimized mu_beta  = -0.226958649558  entropy = 6.24609793334e-07
    Total E(T) = -12139.9988974604  Free energy = -12139.9988974636  E0 = -12139.998897462
cycle= 13 E= -12139.9988974604  delta_E= -0.00641  |g|= 0.0951  |ddm|=  454
    sigma = 0.005  Optimized mu_alpha = -0.226125304133  entropy = 6.23983614986e-07
    sigma = 0.005  Optimized mu_beta  = -0.227841704481  entropy = 6.23983614986e-07
    Total E(T) = -12140.0012099402  Free energy = -12140.0012099433  E0 = -12140.0012099417
cycle= 14 E= -12140.0012099402  delta_E= -0.00231  |g|= 0.096  |ddm|=  257
    sigma = 0.005  Optimized mu_alpha = -0.225610065229  entropy = 5.96325552577e-07
    sigma = 0.005  Optimized mu_beta  = -0.227308282246  entropy = 5.96325552577e-07
    Total E(T) = -12140.002903865  Free energy = -12140.002903868  E0 = -12140.0029038665
cycle= 15 E= -12140.002903865  delta_E= -0.00169  |g|= 0.0434  |ddm|=  187
    sigma = 0.005  Optimized mu_alpha = -0.225666939829  entropy = 5.81417417977e-07
    sigma = 0.005  Optimized mu_beta  = -0.227350606342  entropy = 5.81417417977e-07
    Total E(T) = -12140.0041083481  Free energy = -12140.004108351  E0 = -12140.0041083495
cycle= 16 E= -12140.0041083481  delta_E= -0.0012  |g|= 0.0278  |ddm|=  125
    sigma = 0.005  Optimized mu_alpha = -0.225717861264  entropy = 5.68683109428e-07
    sigma = 0.005  Optimized mu_beta  = -0.227384122781  entropy = 5.68683109428e-07
    Total E(T) = -12140.0050504681  Free energy = -12140.005050471  E0 = -12140.0050504695
cycle= 17 E= -12140.0050504681  delta_E= -0.000942  |g|= 0.0346  |ddm|=  103
    sigma = 0.005  Optimized mu_alpha = -0.225712633357  entropy = 5.60138555793e-07
    sigma = 0.005  Optimized mu_beta  = -0.227364471592  entropy = 5.60138555793e-07
    Total E(T) = -12140.0058345146  Free energy = -12140.0058345174  E0 = -12140.005834516
cycle= 18 E= -12140.0058345146  delta_E= -0.000784  |g|= 0.025  |ddm|= 79.5
    sigma = 0.005  Optimized mu_alpha = -0.225732002891  entropy = 5.53667146616e-07
    sigma = 0.005  Optimized mu_beta  = -0.227375582306  entropy = 5.53667146616e-07
    Total E(T) = -12140.006491595  Free energy = -12140.0064915977  E0 = -12140.0064915963
cycle= 19 E= -12140.006491595  delta_E= -0.000657  |g|= 0.0226  |ddm|= 70.1
    sigma = 0.005  Optimized mu_alpha = -0.225601973634  entropy = 5.52207658399e-07
    sigma = 0.005  Optimized mu_beta  = -0.227252436214  entropy = 5.52207658399e-07
    Total E(T) = -12140.0070040843  Free energy = -12140.0070040871  E0 = -12140.0070040857
cycle= 20 E= -12140.0070040843  delta_E= -0.000512  |g|= 0.0595  |ddm|= 69.5
    sigma = 0.005  Optimized mu_alpha = -0.2257042307  entropy = 5.40733711117e-07
    sigma = 0.005  Optimized mu_beta  = -0.227336113487  entropy = 5.40733711117e-07
    Total E(T) = -12140.0075051521  Free energy = -12140.0075051548  E0 = -12140.0075051534
cycle= 21 E= -12140.0075051521  delta_E= -0.000501  |g|= 0.044  |ddm|= 81.2
    sigma = 0.005  Optimized mu_alpha = -0.225907878242  entropy = 5.3878566169e-07
    sigma = 0.005  Optimized mu_beta  = -0.227515637009  entropy = 5.3878566169e-07
    Total E(T) = -12140.0079163484  Free energy = -12140.0079163511  E0 = -12140.0079163497
cycle= 22 E= -12140.0079163484  delta_E= -0.000411  |g|= 0.0452  |ddm|=   65
    sigma = 0.005  Optimized mu_alpha = -0.225784875411  entropy = 5.33232650009e-07
    sigma = 0.005  Optimized mu_beta  = -0.22741119064  entropy = 5.33232650009e-07
    Total E(T) = -12140.0082980637  Free energy = -12140.0082980664  E0 = -12140.0082980651
cycle= 23 E= -12140.0082980637  delta_E= -0.000382  |g|= 0.0323  |ddm|= 55.5
    sigma = 0.005  Optimized mu_alpha = -0.225723228898  entropy = 5.26723466832e-07
    sigma = 0.005  Optimized mu_beta  = -0.227350728043  entropy = 5.26723466832e-07
    Total E(T) = -12140.0086088445  Free energy = -12140.0086088471  E0 = -12140.0086088458
cycle= 24 E= -12140.0086088445  delta_E= -0.000311  |g|= 0.0408  |ddm|= 52.3
    sigma = 0.005  Optimized mu_alpha = -0.225691980872  entropy = 5.2257367206e-07
    sigma = 0.005  Optimized mu_beta  = -0.227311544487  entropy = 5.2257367206e-07
    Total E(T) = -12140.0088856627  Free energy = -12140.0088856653  E0 = -12140.008885664
cycle= 25 E= -12140.0088856627  delta_E= -0.000277  |g|= 0.0425  |ddm|= 49.6
    sigma = 0.005  Optimized mu_alpha = -0.225720195259  entropy = 5.21184966747e-07
    sigma = 0.005  Optimized mu_beta  = -0.227349558111  entropy = 5.21184966747e-07
    Total E(T) = -12140.0091500319  Free energy = -12140.0091500345  E0 = -12140.0091500332
cycle= 26 E= -12140.0091500319  delta_E= -0.000264  |g|= 0.0402  |ddm|= 43.5
    sigma = 0.005  Optimized mu_alpha = -0.225702402949  entropy = 5.17568565887e-07
    sigma = 0.005  Optimized mu_beta  = -0.227319975967  entropy = 5.17568565887e-07
    Total E(T) = -12140.0093683889  Free energy = -12140.0093683915  E0 = -12140.0093683902
cycle= 27 E= -12140.0093683889  delta_E= -0.000218  |g|= 0.0454  |ddm|= 52.1
    sigma = 0.005  Optimized mu_alpha = -0.225699207264  entropy = 5.14935091812e-07
    sigma = 0.005  Optimized mu_beta  = -0.227313024918  entropy = 5.14935091812e-07
    Total E(T) = -12140.0095718448  Free energy = -12140.0095718474  E0 = -12140.0095718461
cycle= 28 E= -12140.0095718448  delta_E= -0.000203  |g|= 0.0436  |ddm|= 42.7
    sigma = 0.005  Optimized mu_alpha = -0.225741725302  entropy = 5.13466233849e-07
    sigma = 0.005  Optimized mu_beta  = -0.227361608972  entropy = 5.13466233849e-07
    Total E(T) = -12140.0097671011  Free energy = -12140.0097671037  E0 = -12140.0097671024
cycle= 29 E= -12140.0097671011  delta_E= -0.000195  |g|= 0.0432  |ddm|= 39.6
    sigma = 0.005  Optimized mu_alpha = -0.225734810315  entropy = 5.11449877151e-07
    sigma = 0.005  Optimized mu_beta  = -0.227358439611  entropy = 5.11449877151e-07
    Total E(T) = -12140.0099512048  Free energy = -12140.0099512074  E0 = -12140.0099512061
cycle= 30 E= -12140.0099512048  delta_E= -0.000184  |g|= 0.0366  |ddm|= 37.2
    sigma = 0.005  Optimized mu_alpha = -0.225684924862  entropy = 5.09424354286e-07
    sigma = 0.005  Optimized mu_beta  = -0.227294520727  entropy = 5.09424354286e-07
    Total E(T) = -12140.0101036222  Free energy = -12140.0101036247  E0 = -12140.0101036234
cycle= 31 E= -12140.0101036222  delta_E= -0.000152  |g|= 0.038  |ddm|= 44.9
    sigma = 0.005  Optimized mu_alpha = -0.225702324624  entropy = 5.07396004653e-07
    sigma = 0.005  Optimized mu_beta  = -0.227316185207  entropy = 5.07396004653e-07
    Total E(T) = -12140.010252401  Free energy = -12140.0102524036  E0 = -12140.0102524023
cycle= 32 E= -12140.010252401  delta_E= -0.000149  |g|= 0.0355  |ddm|= 39.8
    sigma = 0.005  Optimized mu_alpha = -0.225628008369  entropy = 5.06651610609e-07
    sigma = 0.005  Optimized mu_beta  = -0.227235924275  entropy = 5.06651610609e-07
    Total E(T) = -12140.010365606  Free energy = -12140.0103656085  E0 = -12140.0103656072
cycle= 33 E= -12140.010365606  delta_E= -0.000113  |g|= 0.047  |ddm|=   40
    sigma = 0.005  Optimized mu_alpha = -0.225642154276  entropy = 5.03251957413e-07
    sigma = 0.005  Optimized mu_beta  = -0.227253200025  entropy = 5.03251957413e-07
    Total E(T) = -12140.010493085  Free energy = -12140.0104930875  E0 = -12140.0104930863
cycle= 34 E= -12140.010493085  delta_E= -0.000127  |g|= 0.0397  |ddm|= 36.4
    sigma = 0.005  Optimized mu_alpha = -0.225601203995  entropy = 5.01896437023e-07
    sigma = 0.005  Optimized mu_beta  = -0.227219825163  entropy = 5.01896437023e-07
    Total E(T) = -12140.0106239438  Free energy = -12140.0106239463  E0 = -12140.0106239451
cycle= 35 E= -12140.0106239438  delta_E= -0.000131  |g|= 0.0399  |ddm|= 42.9
    sigma = 0.005  Optimized mu_alpha = -0.225717379069  entropy = 5.02464933866e-07
    sigma = 0.005  Optimized mu_beta  = -0.227314837246  entropy = 5.02464933866e-07
    Total E(T) = -12140.0107315708  Free energy = -12140.0107315733  E0 = -12140.0107315721
cycle= 36 E= -12140.0107315708  delta_E= -0.000108  |g|= 0.0388  |ddm|= 63.3
    sigma = 0.005  Optimized mu_alpha = -0.225692894877  entropy = 5.00265112252e-07
    sigma = 0.005  Optimized mu_beta  = -0.227310781814  entropy = 5.00265112252e-07
    Total E(T) = -12140.010853562  Free energy = -12140.0108535645  E0 = -12140.0108535632
cycle= 37 E= -12140.010853562  delta_E= -0.000122  |g|= 0.0225  |ddm|= 39.9
    sigma = 0.005  Optimized mu_alpha = -0.225688612306  entropy = 4.99634964573e-07
    sigma = 0.005  Optimized mu_beta  = -0.22733493055  entropy = 4.99634964573e-07
    Total E(T) = -12140.0109729292  Free energy = -12140.0109729317  E0 = -12140.0109729305
cycle= 38 E= -12140.0109729292  delta_E= -0.000119  |g|= 0.0174  |ddm|= 49.4
    sigma = 0.005  Optimized mu_alpha = -0.225658692884  entropy = 4.97764904511e-07
    sigma = 0.005  Optimized mu_beta  = -0.227292267379  entropy = 4.97764904511e-07
    Total E(T) = -12140.0110591194  Free energy = -12140.0110591219  E0 = -12140.0110591206
cycle= 39 E= -12140.0110591194  delta_E= -8.62e-05  |g|= 0.0218  |ddm|= 33.9
    sigma = 0.005  Optimized mu_alpha = -0.225662243267  entropy = 4.96696672347e-07
    sigma = 0.005  Optimized mu_beta  = -0.22729180599  entropy = 4.96696672347e-07
    Total E(T) = -12140.0111377876  Free energy = -12140.0111377901  E0 = -12140.0111377888
cycle= 40 E= -12140.0111377876  delta_E= -7.87e-05  |g|= 0.0224  |ddm|= 25.8
    sigma = 0.005  Optimized mu_alpha = -0.225686798381  entropy = 4.96173311149e-07
    sigma = 0.005  Optimized mu_beta  = -0.227290797215  entropy = 4.96173311149e-07
    Total E(T) = -12140.0111905753  Free energy = -12140.0111905777  E0 = -12140.0111905765
cycle= 41 E= -12140.0111905753  delta_E= -5.28e-05  |g|= 0.0312  |ddm|= 42.1
    sigma = 0.005  Optimized mu_alpha = -0.225646543258  entropy = 4.9477797216e-07
    sigma = 0.005  Optimized mu_beta  = -0.227254925634  entropy = 4.9477797216e-07
    Total E(T) = -12140.0112461058  Free energy = -12140.0112461083  E0 = -12140.0112461071
cycle= 42 E= -12140.0112461058  delta_E= -5.55e-05  |g|= 0.0357  |ddm|= 26.1
    sigma = 0.005  Optimized mu_alpha = -0.225639836116  entropy = 4.93925700408e-07
    sigma = 0.005  Optimized mu_beta  = -0.227253443988  entropy = 4.93925700408e-07
    Total E(T) = -12140.0113118886  Free energy = -12140.011311891  E0 = -12140.0113118898
cycle= 43 E= -12140.0113118886  delta_E= -6.58e-05  |g|= 0.0358  |ddm|= 20.9
    sigma = 0.005  Optimized mu_alpha = -0.225626531267  entropy = 4.92694860332e-07
    sigma = 0.005  Optimized mu_beta  = -0.227250203391  entropy = 4.92694860332e-07
    Total E(T) = -12140.011380358  Free energy = -12140.0113803604  E0 = -12140.0113803592
cycle= 44 E= -12140.011380358  delta_E= -6.85e-05  |g|= 0.0354  |ddm|= 23.6
    sigma = 0.005  Optimized mu_alpha = -0.225597237294  entropy = 4.93282908443e-07
    sigma = 0.005  Optimized mu_beta  = -0.227236140861  entropy = 4.93282908443e-07
    Total E(T) = -12140.0114637461  Free energy = -12140.0114637486  E0 = -12140.0114637474
cycle= 45 E= -12140.0114637461  delta_E= -8.34e-05  |g|= 0.0317  |ddm|= 35.7
    sigma = 0.005  Optimized mu_alpha = -0.225675393391  entropy = 4.92481128021e-07
    sigma = 0.005  Optimized mu_beta  = -0.22730379389  entropy = 4.92481128021e-07
    Total E(T) = -12140.0115352268  Free energy = -12140.0115352293  E0 = -12140.0115352281
cycle= 46 E= -12140.0115352268  delta_E= -7.15e-05  |g|= 0.0266  |ddm|= 24.6
    sigma = 0.005  Optimized mu_alpha = -0.225685068042  entropy = 4.9237878746e-07
    sigma = 0.005  Optimized mu_beta  = -0.227330792339  entropy = 4.9237878746e-07
    Total E(T) = -12140.0115967593  Free energy = -12140.0115967617  E0 = -12140.0115967605
cycle= 47 E= -12140.0115967593  delta_E= -6.15e-05  |g|= 0.0261  |ddm|= 43.4
    sigma = 0.005  Optimized mu_alpha = -0.225662668821  entropy = 4.90735937388e-07
    sigma = 0.005  Optimized mu_beta  = -0.227313690419  entropy = 4.90735937388e-07
    Total E(T) = -12140.0116531738  Free energy = -12140.0116531762  E0 = -12140.011653175
cycle= 48 E= -12140.0116531738  delta_E= -5.64e-05  |g|= 0.0197  |ddm|= 23.2
    sigma = 0.005  Optimized mu_alpha = -0.225581470178  entropy = 4.88701830874e-07
    sigma = 0.005  Optimized mu_beta  = -0.22722788968  entropy = 4.88701830874e-07
    Total E(T) = -12140.011709772  Free energy = -12140.0117097744  E0 = -12140.0117097732
cycle= 49 E= -12140.011709772  delta_E= -5.66e-05  |g|= 0.0138  |ddm|= 27.9
    sigma = 0.005  Optimized mu_alpha = -0.225636335005  entropy = 4.8796652797e-07
    sigma = 0.005  Optimized mu_beta  = -0.22727966454  entropy = 4.8796652797e-07
    Total E(T) = -12140.0117638751  Free energy = -12140.0117638776  E0 = -12140.0117638763
cycle= 50 E= -12140.0117638751  delta_E= -5.41e-05  |g|= 0.0101  |ddm|= 26.1
    sigma = 0.005  Optimized mu_alpha = -0.225633269782  entropy = 4.87821402592e-07
    sigma = 0.005  Optimized mu_beta  = -0.22727220697  entropy = 4.87821402592e-07
    Total E(T) = -12140.0118113111  Free energy = -12140.0118113135  E0 = -12140.0118113123
cycle= 51 E= -12140.0118113111  delta_E= -4.74e-05  |g|= 0.0117  |ddm|= 21.1
    sigma = 0.005  Optimized mu_alpha = -0.225623137431  entropy = 4.86620596865e-07
    sigma = 0.005  Optimized mu_beta  = -0.22725240502  entropy = 4.86620596865e-07
    Total E(T) = -12140.0118540214  Free energy = -12140.0118540238  E0 = -12140.0118540226
cycle= 52 E= -12140.0118540214  delta_E= -4.27e-05  |g|= 0.0171  |ddm|= 25.4
    sigma = 0.005  Optimized mu_alpha = -0.225633005545  entropy = 4.86976976328e-07
    sigma = 0.005  Optimized mu_beta  = -0.227272212696  entropy = 4.86976976328e-07
    Total E(T) = -12140.0119017117  Free energy = -12140.0119017141  E0 = -12140.0119017129
cycle= 53 E= -12140.0119017117  delta_E= -4.77e-05  |g|= 0.00803  |ddm|= 20.8
    sigma = 0.005  Optimized mu_alpha = -0.225607021387  entropy = 4.86127343189e-07
    sigma = 0.005  Optimized mu_beta  = -0.227250332774  entropy = 4.86127343189e-07
    Total E(T) = -12140.011944857  Free energy = -12140.0119448594  E0 = -12140.0119448582
cycle= 54 E= -12140.011944857  delta_E= -4.31e-05  |g|= 0.00638  |ddm|= 15.4
    sigma = 0.005  Optimized mu_alpha = -0.324139177711  entropy = 13.640193571
    sigma = 0.005  Optimized mu_beta  = -0.326762769198  entropy = 13.640193571
    Total E(T) = -12139.9774314403  Free energy = -12140.0456324081  E0 = -12140.0115319242
Extra cycle  E= -12139.9774314403  delta_E= 0.0345  |g|= 0.42  |ddm|= 1.75e+03
converged SCF energy = -12139.9774314403  <S^2> = 2.0128513  2S+1 = 3.0085553
[timing] right/Al ensemble SCF = 6319.6s
[timing] collect state = 0.0s
[EVAL    5] L=-12242.46315258 Ef=-12225.02688968 L1=1.33644847e+01 Npdft=666.000034 |grad|=1.59592e+00 dL=+1.923e+01 d|grad|=+1.562e+00 |b|=1.428609e+01 max|b|=4.862452e+00 t=6533.7s
dm0 check [[[ 1.51511415e-09  2.24391628e-08  1.89789947e-07 ... -1.14718984e-07
    7.42476838e-07  6.64943258e-08]
  [ 2.24391628e-08  3.34444541e-07  2.75067408e-06 ... -1.77767093e-06
    1.10110575e-05  1.04757877e-06]
  [ 1.89789947e-07  2.75067408e-06  2.57237936e-05 ... -1.02769919e-05
    9.27869045e-05  4.99876461e-06]
  ...
  [-1.14718984e-07 -1.77767093e-06 -1.02769919e-05 ...  2.27166733e-04
    1.81897134e-06 -1.91352306e-04]
  [ 7.42476838e-07  1.10110575e-05  9.27869045e-05 ...  1.81897134e-06
    4.79980259e-04 -1.62432546e-06]
  [ 6.64943258e-08  1.04757877e-06  4.99876461e-06 ... -1.91352306e-04
   -1.62432546e-06  6.55604939e-04]]

 [[ 2.14412378e-09  3.18475878e-08  2.65523769e-07 ... -7.48705966e-08
    1.03578261e-06  2.38438148e-08]
  [ 3.18475878e-08  4.74248243e-07  3.91397303e-06 ... -9.93113260e-07
    1.53190777e-05  2.50155737e-07]
  [ 2.65523769e-07  3.91397303e-06  3.37625602e-05 ... -1.10142876e-05
    1.30901546e-04  4.52868173e-06]
  ...
  [-7.48705966e-08 -9.93113260e-07 -1.10142876e-05 ...  2.49604209e-04
    2.27939089e-06 -2.10130225e-04]
  [ 1.03578261e-06  1.53190777e-05  1.30901546e-04 ...  2.27939089e-06
    5.52938841e-04 -2.04467317e-06]
  [ 2.38438148e-08  2.50155737e-07  4.52868173e-06 ... -2.10130225e-04
   -2.04467317e-06  7.46013408e-04]]]
converged SCF energy = -150.22669371454  <S^2> = 2.0045398  2S+1 = 3.003025
dm0 check [[[ 1.14640648e-09  1.70870363e-08  1.38753766e-07 ... -8.06181611e-08
    6.25414530e-07  4.56915041e-08]
  [ 1.70870363e-08  2.56085699e-07  2.02952709e-06 ... -1.06181952e-06
    9.18279720e-06  7.18389933e-07]
  [ 1.38753766e-07  2.02952709e-06  1.80707419e-05 ... -1.26946015e-05
    8.12948677e-05  3.19878429e-06]
  ...
  [-8.06181611e-08 -1.06181952e-06 -1.26946015e-05 ...  2.39058919e-04
   -1.61646206e-06 -1.68275036e-04]
  [ 6.25414530e-07  9.18279720e-06  8.12948677e-05 ... -1.61646206e-06
    4.44995046e-04 -4.06014496e-06]
  [ 4.56915041e-08  7.18389933e-07  3.19878429e-06 ... -1.68275036e-04
   -4.06014496e-06  5.95722908e-04]]

 [[ 2.53030893e-08  3.85040792e-07  2.83121159e-06 ... -1.48563626e-07
    1.05888903e-07  7.43804317e-08]
  [ 3.85040792e-07  5.86062650e-06  4.30449919e-05 ... -2.17962744e-06
    1.18318299e-06  1.05277454e-06]
  [ 2.83121159e-06  4.30449919e-05  3.17984803e-04 ... -1.75087729e-05
    2.68725759e-05  9.38968400e-06]
  ...
  [-1.48563626e-07 -2.17962744e-06 -1.75087729e-05 ...  2.30571627e-04
    2.08962394e-07 -1.91671233e-04]
  [ 1.05888903e-07  1.18318299e-06  2.68725759e-05 ...  2.08962394e-07
    4.63238037e-04 -3.50226009e-06]
  [ 7.43804317e-08  1.05277454e-06  9.38968400e-06 ... -1.91671233e-04
   -3.50226009e-06  6.49568165e-04]]]
converged SCF energy = -150.244985829816  <S^2> = 0.92980776  2S+1 = 2.1723791
[timing] left/O ensemble SCF = 12.1s
dm0 check [[ 3.81039891e-01  6.12936538e-01 -1.26684797e-01 ... -9.55819041e-06
  -5.10911993e-06 -8.49724349e-06]
 [ 6.12936538e-01  1.01362202e+00 -3.36643520e-01 ... -2.75661615e-05
  -1.71220808e-05 -2.06585198e-05]
 [-1.26684797e-01 -3.36643520e-01  6.82040019e-01 ...  9.05002192e-05
   6.53424832e-05  2.56170266e-05]
 ...
 [-9.55819041e-06 -2.75661615e-05  9.05002192e-05 ...  3.30693886e-02
   2.01071067e-02 -3.09402470e-02]
 [-5.10911993e-06 -1.71220808e-05  6.53424832e-05 ...  2.01071067e-02
   1.31862587e-02 -1.91618374e-02]
 [-8.49724349e-06 -2.06585198e-05  2.56170266e-05 ... -3.09402470e-02
  -1.91618374e-02  2.90992264e-02]]


******** <class 'pyscf.scf.addons.SmearingDFRKS'> ********
method = SmearingDFRKS
initial guess = minao
damping factor = 0.15
level_shift factor = 0.2
DIIS = <class 'pyscf.scf.diis.CDIIS'>
diis_start_cycle = 1
diis_space = 12
diis_damp = 0
SCF conv_tol = 5e-05
SCF conv_tol_grad = None
SCF max_cycles = 200
direct_scf = True
direct_scf_tol = 1e-13
chkfile to save SCF result = /tmp/tmp9nuxs2rz
max_memory 4000 MB (current use 87885 MB)
XC library pyscf.dft.libxc version 6.1.0
    S. Lehtola, C. Steigemann, M. J.T. Oliveira, and M. A.L. Marques.,  SoftwareX 7, 1–5 (2018)
XC functionals = pbe
    J. P. Perdew, K. Burke, and M. Ernzerhof.,  Phys. Rev. Lett. 77, 3865 (1996)
    J. P. Perdew, K. Burke, and M. Ernzerhof.,  Phys. Rev. Lett. 78, 1396 (1997)
    J. P. Perdew, K. Burke, and M. Ernzerhof.,  Phys. Rev. Lett. 77, 3865 (1996)
    J. P. Perdew, K. Burke, and M. Ernzerhof.,  Phys. Rev. Lett. 78, 1396 (1997)
small_rho_cutoff = 1e-06
Set gradient conv threshold to 0.00707107
    Total E(T) = -12106.1498869582  Free energy = -12107.1376936322  E0 = -12106.6437902952
init E= -12106.1498869582
    sigma = 0.02  Optimized mu = -0.00629963348146  entropy = 12.9318480889
    Total E(T) = -12112.0713377144  Free energy = -12112.3299746762  E0 = -12112.2006561953
cycle= 1 E= -12112.0713377144  delta_E= -5.92  |g|=  6.3  |ddm|= 3.21e+04
    sigma = 0.02  Optimized mu = -0.14995749185  entropy = 34.2196859971
    Total E(T) = -12003.979381152  Free energy = -12004.6637748719  E0 = -12004.3215780119
cycle= 2 E= -12003.979381152  delta_E=  108  |g|= 42.2  |ddm|= 2.25e+05
    sigma = 0.02  Optimized mu = -0.0701322015878  entropy = 14.7446692394
    Total E(T) = -12044.0538257654  Free energy = -12044.3487191502  E0 = -12044.2012724578
cycle= 3 E= -12044.0538257654  delta_E= -40.1  |g|=   36  |ddm|= 1.14e+05
    sigma = 0.02  Optimized mu = -0.0615511696431  entropy = 7.49384768376
    Total E(T) = -12057.2848560116  Free energy = -12057.4347329653  E0 = -12057.3597944884
cycle= 4 E= -12057.2848560116  delta_E= -13.2  |g|= 32.4  |ddm|= 3.92e+04
    sigma = 0.02  Optimized mu = -0.0492837863574  entropy = 6.21848830088
    Total E(T) = -12072.1317017638  Free energy = -12072.2560715299  E0 = -12072.1938866468
cycle= 5 E= -12072.1317017638  delta_E= -14.8  |g|= 27.7  |ddm|= 2.91e+04
    sigma = 0.02  Optimized mu = -0.0456303761661  entropy = 5.87761150695
    Total E(T) = -12083.5495588409  Free energy = -12083.667111071  E0 = -12083.6083349559
cycle= 6 E= -12083.5495588409  delta_E= -11.4  |g|= 23.6  |ddm|= 1.68e+04
    sigma = 0.02  Optimized mu = -0.0437800492785  entropy = 4.60078750789
    Total E(T) = -12090.8320402002  Free energy = -12090.9240559504  E0 = -12090.8780480753
cycle= 7 E= -12090.8320402002  delta_E= -7.28  |g|= 20.8  |ddm|= 1.17e+04
    sigma = 0.02  Optimized mu = -0.0593908067179  entropy = 3.1797323843
    Total E(T) = -12096.4040222812  Free energy = -12096.4676169289  E0 = -12096.435819605
cycle= 8 E= -12096.4040222812  delta_E= -5.57  |g|= 17.9  |ddm|= 6.12e+03
    sigma = 0.02  Optimized mu = -0.0518774575642  entropy = 2.47430008663
    Total E(T) = -12100.6257447817  Free energy = -12100.6752307835  E0 = -12100.6504877826
cycle= 9 E= -12100.6257447817  delta_E= -4.22  |g|= 15.7  |ddm|= 6.46e+03
    sigma = 0.02  Optimized mu = -0.0566704493  entropy = 2.32652631073
    Total E(T) = -12103.6635355577  Free energy = -12103.710066084  E0 = -12103.6868008208
cycle= 10 E= -12103.6635355577  delta_E= -3.04  |g|= 13.7  |ddm|= 5.78e+03
    sigma = 0.02  Optimized mu = -0.0580745330622  entropy = 2.8877916085
    Total E(T) = -12106.9960304114  Free energy = -12107.0537862435  E0 = -12107.0249083275
cycle= 11 E= -12106.9960304114  delta_E= -3.33  |g|= 10.8  |ddm|= 4.06e+03
    sigma = 0.02  Optimized mu = -0.0442389237208  entropy = 3.41110960903
    Total E(T) = -12109.7084348918  Free energy = -12109.776657084  E0 = -12109.7425459879
cycle= 12 E= -12109.7084348918  delta_E= -2.71  |g|= 8.23  |ddm|= 5.49e+03
    sigma = 0.02  Optimized mu = -0.0458454533601  entropy = 3.32114983575
    Total E(T) = -12111.5861130826  Free energy = -12111.6525360793  E0 = -12111.619324581
cycle= 13 E= -12111.5861130826  delta_E= -1.88  |g|= 6.06  |ddm|= 4.07e+03
    sigma = 0.02  Optimized mu = -0.0442240946241  entropy = 7.10921676771
    Total E(T) = -12112.9795752069  Free energy = -12113.1217595423  E0 = -12113.0506673746
cycle= 14 E= -12112.9795752069  delta_E= -1.39  |g|= 4.28  |ddm|= 8.93e+03
    sigma = 0.02  Optimized mu = -0.0460292861069  entropy = 6.52690612136
    Total E(T) = -12113.1143880241  Free energy = -12113.2449261466  E0 = -12113.1796570854
cycle= 15 E= -12113.1143880241  delta_E= -0.135  |g|= 4.39  |ddm|= 5.54e+03
    sigma = 0.02  Optimized mu = -0.0477645481693  entropy = 2.97558042037
    Total E(T) = -12113.4718253243  Free energy = -12113.5313369327  E0 = -12113.5015811285
cycle= 16 E= -12113.4718253243  delta_E= -0.357  |g|= 2.42  |ddm|= 3.09e+03
    sigma = 0.02  Optimized mu = -0.0534542768253  entropy = 2.00592870042
    Total E(T) = -12113.6023100968  Free energy = -12113.6424286708  E0 = -12113.6223693838
cycle= 17 E= -12113.6023100968  delta_E= -0.13  |g|= 1.82  |ddm|= 1.16e+03
    sigma = 0.02  Optimized mu = -0.0542985645573  entropy = 1.78295728414
    Total E(T) = -12113.6807902825  Free energy = -12113.7164494282  E0 = -12113.6986198553
cycle= 18 E= -12113.6807902825  delta_E= -0.0785  |g|= 1.36  |ddm|=  612
    sigma = 0.02  Optimized mu = -0.0533729797577  entropy = 1.72178891154
    Total E(T) = -12113.7351418923  Free energy = -12113.7695776705  E0 = -12113.7523597814
cycle= 19 E= -12113.7351418923  delta_E= -0.0544  |g|= 0.929  |ddm|=  618
    sigma = 0.02  Optimized mu = -0.0545597301148  entropy = 1.70222236593
    Total E(T) = -12113.7702720413  Free energy = -12113.8043164886  E0 = -12113.787294265
cycle= 20 E= -12113.7702720413  delta_E= -0.0351  |g|= 0.494  |ddm|=  580
    sigma = 0.02  Optimized mu = -0.053024959134  entropy = 1.66826427078
    Total E(T) = -12113.7861771581  Free energy = -12113.8195424436  E0 = -12113.8028598008
cycle= 21 E= -12113.7861771581  delta_E= -0.0159  |g|= 0.259  |ddm|=  449
    sigma = 0.02  Optimized mu = -0.0535629826054  entropy = 1.64678536582
    Total E(T) = -12113.7938571006  Free energy = -12113.826792808  E0 = -12113.8103249543
cycle= 22 E= -12113.7938571006  delta_E= -0.00768  |g|= 0.156  |ddm|=  284
    sigma = 0.02  Optimized mu = -0.0536620406513  entropy = 1.63313875547
    Total E(T) = -12113.7988856354  Free energy = -12113.8315484105  E0 = -12113.815217023
cycle= 23 E= -12113.7988856354  delta_E= -0.00503  |g|= 0.105  |ddm|=  204
    sigma = 0.02  Optimized mu = -0.0533597376294  entropy = 1.6207063837
    Total E(T) = -12113.802625171  Free energy = -12113.8350392986  E0 = -12113.8188322348
cycle= 24 E= -12113.802625171  delta_E= -0.00374  |g|= 0.0662  |ddm|=  154
    sigma = 0.02  Optimized mu = -0.0529750924781  entropy = 1.61411414006
    Total E(T) = -12113.8054720205  Free energy = -12113.8377543033  E0 = -12113.8216131619
cycle= 25 E= -12113.8054720205  delta_E= -0.00285  |g|= 0.0636  |ddm|=  159
    sigma = 0.02  Optimized mu = -0.0531669567906  entropy = 1.6035647259
    Total E(T) = -12113.8080303013  Free energy = -12113.8401015958  E0 = -12113.8240659485
cycle= 26 E= -12113.8080303013  delta_E= -0.00256  |g|= 0.0301  |ddm|=  119
    sigma = 0.02  Optimized mu = -0.0532688881167  entropy = 1.59690926974
    Total E(T) = -12113.8100896598  Free energy = -12113.8420278452  E0 = -12113.8260587525
cycle= 27 E= -12113.8100896598  delta_E= -0.00206  |g|= 0.0482  |ddm|=  122
    sigma = 0.02  Optimized mu = -0.0530720425509  entropy = 1.59048768614
    Total E(T) = -12113.8118761652  Free energy = -12113.8436859189  E0 = -12113.8277810421
cycle= 28 E= -12113.8118761652  delta_E= -0.00179  |g|= 0.0604  |ddm|=  127
    sigma = 0.02  Optimized mu = -0.0532953187902  entropy = 1.58380997638
    Total E(T) = -12113.8134947869  Free energy = -12113.8451709864  E0 = -12113.8293328866
cycle= 29 E= -12113.8134947869  delta_E= -0.00162  |g|= 0.0441  |ddm|=  116
    sigma = 0.02  Optimized mu = -0.0531128902882  entropy = 1.5801393319
    Total E(T) = -12113.814924375  Free energy = -12113.8465271616  E0 = -12113.8307257683
cycle= 30 E= -12113.814924375  delta_E= -0.00143  |g|= 0.0295  |ddm|=   96
    sigma = 0.02  Optimized mu = -0.0530817353648  entropy = 1.57557589782
    Total E(T) = -12113.8161018858  Free energy = -12113.8476134038  E0 = -12113.8318576448
cycle= 31 E= -12113.8161018858  delta_E= -0.00118  |g|= 0.0368  |ddm|= 98.2
    sigma = 0.02  Optimized mu = -0.0529519200845  entropy = 1.57185391407
    Total E(T) = -12113.8171920019  Free energy = -12113.8486290801  E0 = -12113.832910541
cycle= 32 E= -12113.8171920019  delta_E= -0.00109  |g|= 0.0342  |ddm|=   92
    sigma = 0.02  Optimized mu = -0.0532108769931  entropy = 1.56868586168
    Total E(T) = -12113.8181434923  Free energy = -12113.8495172095  E0 = -12113.8338303509
cycle= 33 E= -12113.8181434923  delta_E= -0.000951  |g|= 0.0479  |ddm|=  117
    sigma = 0.02  Optimized mu = -0.0528776156267  entropy = 1.56521499523
    Total E(T) = -12113.8190386044  Free energy = -12113.8503429043  E0 = -12113.8346907543
cycle= 34 E= -12113.8190386044  delta_E= -0.000895  |g|= 0.0382  |ddm|=  116
    sigma = 0.02  Optimized mu = -0.0528472084725  entropy = 1.56246681033
    Total E(T) = -12113.8198163141  Free energy = -12113.8510656504  E0 = -12113.8354409822
cycle= 35 E= -12113.8198163141  delta_E= -0.000778  |g|= 0.0363  |ddm|=   83
    sigma = 0.02  Optimized mu = -0.0529476802762  entropy = 1.56036434102
    Total E(T) = -12113.8205212029  Free energy = -12113.8517284897  E0 = -12113.8361248463
cycle= 36 E= -12113.8205212029  delta_E= -0.000705  |g|= 0.0261  |ddm|= 75.7
    sigma = 0.02  Optimized mu = -0.0529262452735  entropy = 1.55785172662
    Total E(T) = -12113.8211423533  Free energy = -12113.8522993878  E0 = -12113.8367208706
cycle= 37 E= -12113.8211423533  delta_E= -0.000621  |g|= 0.0284  |ddm|= 61.8
    sigma = 0.02  Optimized mu = -0.0529061425662  entropy = 1.55613860284
    Total E(T) = -12113.8217112043  Free energy = -12113.8528339763  E0 = -12113.8372725903
cycle= 38 E= -12113.8217112043  delta_E= -0.000569  |g|= 0.0346  |ddm|= 52.7
    sigma = 0.02  Optimized mu = -0.0530597019036  entropy = 1.55273564844
    Total E(T) = -12113.822232177  Free energy = -12113.8532868899  E0 = -12113.8377595334
cycle= 39 E= -12113.822232177  delta_E= -0.000521  |g|= 0.0347  |ddm|= 63.5
    sigma = 0.02  Optimized mu = -0.0529047338137  entropy = 1.55143871063
    Total E(T) = -12113.8226975386  Free energy = -12113.8537263128  E0 = -12113.8382119257
cycle= 40 E= -12113.8226975386  delta_E= -0.000465  |g|= 0.0294  |ddm|=   52
    sigma = 0.02  Optimized mu = -0.0528646936363  entropy = 1.55009257515
    Total E(T) = -12113.8231249748  Free energy = -12113.8541268263  E0 = -12113.8386259006
cycle= 41 E= -12113.8231249748  delta_E= -0.000427  |g|= 0.0295  |ddm|= 45.8
    sigma = 0.02  Optimized mu = -0.0529171023728  entropy = 1.54848666437
    Total E(T) = -12113.8235081005  Free energy = -12113.8544778338  E0 = -12113.8389929671
cycle= 42 E= -12113.8235081005  delta_E= -0.000383  |g|= 0.0338  |ddm|= 56.3
    sigma = 0.02  Optimized mu = -0.0528763123088  entropy = 1.54769599341
    Total E(T) = -12113.8238494662  Free energy = -12113.8548033861  E0 = -12113.8393264262
cycle= 43 E= -12113.8238494662  delta_E= -0.000341  |g|= 0.0385  |ddm|= 48.7
    sigma = 0.02  Optimized mu = -0.0528405606874  entropy = 1.5467380578
    Total E(T) = -12113.8241500739  Free energy = -12113.8550848351  E0 = -12113.8396174545
cycle= 44 E= -12113.8241500739  delta_E= -0.000301  |g|= 0.0413  |ddm|= 50.7
    sigma = 0.02  Optimized mu = -0.052907638676  entropy = 1.54526569956
    Total E(T) = -12113.8244460214  Free energy = -12113.8553513354  E0 = -12113.8398986784
cycle= 45 E= -12113.8244460214  delta_E= -0.000296  |g|= 0.04  |ddm|= 46.7
    sigma = 0.02  Optimized mu = -0.0528668571912  entropy = 1.54435133352
    Total E(T) = -12113.8247053342  Free energy = -12113.8555923609  E0 = -12113.8401488476
cycle= 46 E= -12113.8247053342  delta_E= -0.000259  |g|= 0.0381  |ddm|= 37.4
    sigma = 0.02  Optimized mu = -0.052863992007  entropy = 1.54360286415
    Total E(T) = -12113.8249494046  Free energy = -12113.8558214619  E0 = -12113.8403854333
cycle= 47 E= -12113.8249494046  delta_E= -0.000244  |g|= 0.0362  |ddm|= 32.3
    sigma = 0.02  Optimized mu = -0.052836819012  entropy = 1.54247003289
    Total E(T) = -12113.8251878893  Free energy = -12113.85603729  E0 = -12113.8406125896
cycle= 48 E= -12113.8251878893  delta_E= -0.000238  |g|= 0.0337  |ddm|= 35.7
    sigma = 0.02  Optimized mu = -0.0527895321023  entropy = 1.54163858301
    Total E(T) = -12113.825390863  Free energy = -12113.8562236347  E0 = -12113.8408072488
cycle= 49 E= -12113.825390863  delta_E= -0.000203  |g|= 0.035  |ddm|= 36.2
    sigma = 0.02  Optimized mu = -0.0528625558236  entropy = 1.54010169106
    Total E(T) = -12113.8255743306  Free energy = -12113.8563763644  E0 = -12113.8409753475
cycle= 50 E= -12113.8255743306  delta_E= -0.000183  |g|= 0.0331  |ddm|= 38.6
    sigma = 0.02  Optimized mu = -0.0528062249806  entropy = 1.53999631454
    Total E(T) = -12113.8257398202  Free energy = -12113.8565397465  E0 = -12113.8411397833
cycle= 51 E= -12113.8257398202  delta_E= -0.000165  |g|= 0.0336  |ddm|= 26.2
    sigma = 0.02  Optimized mu = -0.0528561275439  entropy = 1.53926589563
    Total E(T) = -12113.8258982402  Free energy = -12113.8566835581  E0 = -12113.8412908992
cycle= 52 E= -12113.8258982402  delta_E= -0.000158  |g|= 0.0316  |ddm|= 29.1
    sigma = 0.02  Optimized mu = -0.052812303142  entropy = 1.53875028472
    Total E(T) = -12113.82603444  Free energy = -12113.8568094457  E0 = -12113.8414219428
cycle= 53 E= -12113.82603444  delta_E= -0.000136  |g|= 0.0353  |ddm|= 30.4
    sigma = 0.02  Optimized mu = -0.0527982405911  entropy = 1.53848553609
    Total E(T) = -12113.8261701941  Free energy = -12113.8569399048  E0 = -12113.8415550495
cycle= 54 E= -12113.8261701941  delta_E= -0.000136  |g|= 0.0296  |ddm|= 28.3
    sigma = 0.02  Optimized mu = -0.0528504031024  entropy = 1.53813621799
    Total E(T) = -12113.8262974676  Free energy = -12113.857060192  E0 = -12113.8416788298
cycle= 55 E= -12113.8262974676  delta_E= -0.000127  |g|= 0.0362  |ddm|= 28.7
    sigma = 0.02  Optimized mu = -0.0528147507507  entropy = 1.53767335246
    Total E(T) = -12113.8264109864  Free energy = -12113.8571644535  E0 = -12113.8417877199
cycle= 56 E= -12113.8264109864  delta_E= -0.000114  |g|= 0.033  |ddm|= 26.5
    sigma = 0.02  Optimized mu = -0.0527383434797  entropy = 1.53734527766
    Total E(T) = -12113.8264810237  Free energy = -12113.8572279292  E0 = -12113.8418544765
cycle= 57 E= -12113.8264810237  delta_E= -7e-05  |g|= 0.038  |ddm|= 30.2
    sigma = 0.02  Optimized mu = -0.0527074033419  entropy = 1.53683576129
    Total E(T) = -12113.8265118516  Free energy = -12113.8572485669  E0 = -12113.8418802093
cycle= 58 E= -12113.8265118516  delta_E= -3.08e-05  |g|= 0.0474  |ddm|= 37.4
    sigma = 0.02  Optimized mu = -0.0528388881197  entropy = 1.53559328291
    Total E(T) = -12113.8265901571  Free energy = -12113.8573020228  E0 = -12113.8419460899
cycle= 59 E= -12113.8265901571  delta_E= -7.83e-05  |g|= 0.0536  |ddm|= 60.1
    sigma = 0.02  Optimized mu = -0.0527387481413  entropy = 1.53614596365
    Total E(T) = -12113.826649509  Free energy = -12113.8573724282  E0 = -12113.8420109686
cycle= 60 E= -12113.826649509  delta_E= -5.94e-05  |g|= 0.0543  |ddm|=   49
    sigma = 0.02  Optimized mu = -0.0527591230433  entropy = 1.53603486349
    Total E(T) = -12113.826693962  Free energy = -12113.8574146592  E0 = -12113.8420543106
cycle= 61 E= -12113.826693962  delta_E= -4.45e-05  |g|= 0.0585  |ddm|= 23.5
    sigma = 0.02  Optimized mu = -0.0527502289826  entropy = 1.53553595988
    Total E(T) = -12113.8267512995  Free energy = -12113.8574620187  E0 = -12113.8421066591
cycle= 62 E= -12113.8267512995  delta_E= -5.73e-05  |g|= 0.0591  |ddm|= 21.2
    sigma = 0.02  Optimized mu = -0.0526718148632  entropy = 1.53591526975
    Total E(T) = -12113.8268341406  Free energy = -12113.857552446  E0 = -12113.8421932933
cycle= 63 E= -12113.8268341406  delta_E= -8.28e-05  |g|= 0.0553  |ddm|= 40.9
    sigma = 0.02  Optimized mu = -0.0528728510137  entropy = 1.53531139494
    Total E(T) = -12113.8269773997  Free energy = -12113.8576836276  E0 = -12113.8423305137
cycle= 64 E= -12113.8269773997  delta_E= -0.000143  |g|= 0.0427  |ddm|= 54.4
    sigma = 0.02  Optimized mu = -0.0528251935748  entropy = 1.53525655184
    Total E(T) = -12113.8270837996  Free energy = -12113.8577889307  E0 = -12113.8424363651
cycle= 65 E= -12113.8270837996  delta_E= -0.000106  |g|= 0.0261  |ddm|= 48.5
    sigma = 0.02  Optimized mu = -0.0527456856982  entropy = 1.5356962752
    Total E(T) = -12113.8271395355  Free energy = -12113.857853461  E0 = -12113.8424964983
cycle= 66 E= -12113.8271395355  delta_E= -5.57e-05  |g|= 0.0361  |ddm|= 67.7
    sigma = 0.02  Optimized mu = -0.0528491781415  entropy = 1.53486874505
    Total E(T) = -12113.8272174621  Free energy = -12113.857914837  E0 = -12113.8425661495
cycle= 67 E= -12113.8272174621  delta_E= -7.79e-05  |g|= 0.0203  |ddm|= 34.9
    sigma = 0.02  Optimized mu = -0.0528279025392  entropy = 1.53448925391
    Total E(T) = -12113.827273509  Free energy = -12113.8579632941  E0 = -12113.8426184015
cycle= 68 E= -12113.827273509  delta_E= -5.6e-05  |g|= 0.0185  |ddm|= 20.6
    sigma = 0.02  Optimized mu = -0.0527890848409  entropy = 1.53420144499
    Total E(T) = -12113.8273264114  Free energy = -12113.8580104403  E0 = -12113.8426684258
cycle= 69 E= -12113.8273264114  delta_E= -5.29e-05  |g|= 0.0137  |ddm|= 21.6
    sigma = 0.02  Optimized mu = -0.0527814033654  entropy = 1.53412998806
    Total E(T) = -12113.827370879  Free energy = -12113.8580534787  E0 = -12113.8427121788
cycle= 70 E= -12113.827370879  delta_E= -4.45e-05  |g|= 0.0109  |ddm|= 18.2
    sigma = 0.02  Optimized mu = -0.0527921593282  entropy = 1.53380097347
    Total E(T) = -12113.8274105598  Free energy = -12113.8580865792  E0 = -12113.8427485695
cycle= 71 E= -12113.8274105598  delta_E= -3.97e-05  |g|= 0.00851  |ddm|= 16.5
    sigma = 0.02  Optimized mu = -0.0527755549882  entropy = 1.5336742596
    Total E(T) = -12113.827445722  Free energy = -12113.8581192072  E0 = -12113.8427824646
cycle= 72 E= -12113.827445722  delta_E= -3.52e-05  |g|= 0.00633  |ddm|= 16.1
    sigma = 0.02  Optimized mu = -0.152792892465  entropy = 51.3083164704
    Total E(T) = -12113.3037330217  Free energy = -12114.3298993511  E0 = -12113.8168161864
Extra cycle  E= -12113.3037330217  delta_E= 0.524  |g|= 0.373  |ddm|= 4.38e+03
converged SCF energy = -12113.3037330217
dm0 check [[[ 1.90539736e-01  3.06522161e-01 -6.34698274e-02 ... -4.82053175e-06
   -2.46876566e-06 -4.05203304e-06]
  [ 3.06522161e-01  5.06954844e-01 -1.68657714e-01 ... -1.38545881e-05
   -8.30475734e-06 -9.81907452e-06]
  [-6.34698274e-02 -1.68657714e-01  3.41799443e-01 ...  4.50512336e-05
    3.17982810e-05  1.16717406e-05]
  ...
  [-4.82053175e-06 -1.38545881e-05  4.50512336e-05 ...  1.64399378e-02
    1.00292199e-02 -1.54464691e-02]
  [-2.46876566e-06 -8.30475734e-06  3.17982810e-05 ...  1.00292199e-02
    6.59697333e-03 -9.59958068e-03]
  [-4.05203304e-06 -9.81907452e-06  1.16717406e-05 ... -1.54464691e-02
   -9.59958068e-03  1.45887100e-02]]

 [[ 1.90535933e-01  3.06509594e-01 -6.34452197e-02 ... -4.43693163e-06
   -1.67677764e-06 -3.20760124e-06]
  [ 3.06509594e-01  5.06920510e-01 -1.68597676e-01 ... -1.28419803e-05
   -6.18067159e-06 -7.55624710e-06]
  [-6.34452197e-02 -1.68597676e-01  3.41703926e-01 ...  4.27674073e-05
    2.67095898e-05  6.26585826e-06]
  ...
  [-4.43693163e-06 -1.28419803e-05  4.27674073e-05 ...  1.64396277e-02
    1.00290851e-02 -1.54462687e-02]
  [-1.67677764e-06 -6.18067159e-06  2.67095898e-05 ...  1.00290851e-02
    6.59686035e-03 -9.59953499e-03]
  [-3.20760124e-06 -7.55624710e-06  6.26585826e-06 ... -1.54462687e-02
   -9.59953499e-03  1.45884906e-02]]]


******** <class 'pyscf.scf.addons.SmearingDFUKS'> ********
method = SmearingDFUKS
initial guess = minao
damping factor = 0.15
level_shift factor = 0.2
DIIS = <class 'pyscf.scf.diis.CDIIS'>
diis_start_cycle = 1
diis_space = 12
diis_damp = 0
SCF conv_tol = 5e-05
SCF conv_tol_grad = None
SCF max_cycles = 200
direct_scf = True
direct_scf_tol = 1e-13
chkfile to save SCF result = /tmp/tmpv1o74kom
max_memory 4000 MB (current use 87885 MB)
number electrons alpha = 325  beta = 323
XC library pyscf.dft.libxc version 6.1.0
    S. Lehtola, C. Steigemann, M. J.T. Oliveira, and M. A.L. Marques.,  SoftwareX 7, 1–5 (2018)
XC functionals = pbe
    J. P. Perdew, K. Burke, and M. Ernzerhof.,  Phys. Rev. Lett. 77, 3865 (1996)
    J. P. Perdew, K. Burke, and M. Ernzerhof.,  Phys. Rev. Lett. 78, 1396 (1997)
    J. P. Perdew, K. Burke, and M. Ernzerhof.,  Phys. Rev. Lett. 77, 3865 (1996)
    J. P. Perdew, K. Burke, and M. Ernzerhof.,  Phys. Rev. Lett. 78, 1396 (1997)
small_rho_cutoff = 1e-06
Set gradient conv threshold to 0.00707107
    Total E(T) = -12105.6320074998  Free energy = -12105.7002084676  E0 = -12105.6661079837
init E= -12105.6320074998
    sigma = 0.005  Optimized mu_alpha = -0.126837227172  entropy = 6.79919485619
    sigma = 0.005  Optimized mu_beta  = -0.128554632093  entropy = 6.79919485619
    Total E(T) = -12111.6214712388  Free energy = -12111.6554672131  E0 = -12111.638469226
cycle= 1 E= -12111.6214712388  delta_E= -5.99  |g|= 9.08  |ddm|= 2.26e+04
    sigma = 0.005  Optimized mu_alpha = -0.28647097178  entropy = 9.93908419628
    sigma = 0.005  Optimized mu_beta  = -0.290685599615  entropy = 9.93908419628
    Total E(T) = -11992.1040335783  Free energy = -11992.1537289993  E0 = -11992.1288812888
cycle= 2 E= -11992.1040335783  delta_E=  120  |g|= 62.7  |ddm|= 1.66e+05
    sigma = 0.005  Optimized mu_alpha = -0.230946903854  entropy = 0.68809911685
    sigma = 0.005  Optimized mu_beta  = -0.227167088357  entropy = 0.68809911685
    Total E(T) = -12012.0185138057  Free energy = -12012.0219543013  E0 = -12012.0202340535
cycle= 3 E= -12012.0185138057  delta_E= -19.9  |g|= 60.8  |ddm|= 4.85e+04
    sigma = 0.005  Optimized mu_alpha = -0.224965515732  entropy = 5.06344777335e-06
    sigma = 0.005  Optimized mu_beta  = -0.228803604641  entropy = 5.06344777335e-06
    Total E(T) = -12020.3028742479  Free energy = -12020.3028742732  E0 = -12020.3028742605
cycle= 4 E= -12020.3028742479  delta_E= -8.28  |g|= 58.4  |ddm|= 2.5e+04
    sigma = 0.005  Optimized mu_alpha = -0.216663535012  entropy = 5.60356520006e-06
    sigma = 0.005  Optimized mu_beta  = -0.219434720677  entropy = 5.60356520006e-06
    Total E(T) = -12032.6632733916  Free energy = -12032.6632734196  E0 = -12032.6632734056
cycle= 5 E= -12032.6632733916  delta_E= -12.4  |g|= 54.9  |ddm|= 2.11e+04
    sigma = 0.005  Optimized mu_alpha = -0.218341850975  entropy = 3.73833522519e-06
    sigma = 0.005  Optimized mu_beta  = -0.221793901633  entropy = 3.73833522519e-06
    Total E(T) = -12040.2320925538  Free energy = -12040.2320925724  E0 = -12040.2320925631
cycle= 6 E= -12040.2320925538  delta_E= -7.57  |g|=   52  |ddm|= 1.46e+04
    sigma = 0.005  Optimized mu_alpha = -0.216799326727  entropy = 1.83334689256e-06
    sigma = 0.005  Optimized mu_beta  = -0.219758695305  entropy = 1.83334689256e-06
    Total E(T) = -12045.2819220715  Free energy = -12045.2819220807  E0 = -12045.2819220761
cycle= 7 E= -12045.2819220715  delta_E= -5.05  |g|= 50.5  |ddm|= 6.75e+03
    sigma = 0.005  Optimized mu_alpha = -0.216617291132  entropy = 1.57903098332e-06
    sigma = 0.005  Optimized mu_beta  = -0.219961550864  entropy = 1.57903098332e-06
    Total E(T) = -12049.3212639979  Free energy = -12049.3212640058  E0 = -12049.3212640018
cycle= 8 E= -12049.3212639979  delta_E= -4.04  |g|= 49.3  |ddm|= 4.61e+03
    sigma = 0.005  Optimized mu_alpha = -0.214890741431  entropy = 1.51945765877e-06
    sigma = 0.005  Optimized mu_beta  = -0.218093271672  entropy = 1.51945765877e-06
    Total E(T) = -12053.0316712663  Free energy = -12053.0316712739  E0 = -12053.0316712701
cycle= 9 E= -12053.0316712663  delta_E= -3.71  |g|=   48  |ddm|= 4.67e+03
    sigma = 0.005  Optimized mu_alpha = -0.217419098106  entropy = 1.65943822185e-06
    sigma = 0.005  Optimized mu_beta  = -0.22162549967  entropy = 1.65943822185e-06
    Total E(T) = -12056.72220063  Free energy = -12056.7222006383  E0 = -12056.7222006342
cycle= 10 E= -12056.72220063  delta_E= -3.69  |g|= 46.8  |ddm|= 3.43e+03
    sigma = 0.005  Optimized mu_alpha = -0.214672388787  entropy = 1.34321173605e-06
    sigma = 0.005  Optimized mu_beta  = -0.219139697624  entropy = 1.34321173605e-06
    Total E(T) = -12059.9996389063  Free energy = -12059.999638913  E0 = -12059.9996389097
cycle= 11 E= -12059.9996389063  delta_E= -3.28  |g|= 45.5  |ddm|= 2.98e+03
    sigma = 0.005  Optimized mu_alpha = -0.215465318513  entropy = 1.37535307483e-06
    sigma = 0.005  Optimized mu_beta  = -0.21928196844  entropy = 1.37535307483e-06
    Total E(T) = -12063.3473937653  Free energy = -12063.3473937722  E0 = -12063.3473937688
cycle= 12 E= -12063.3473937653  delta_E= -3.35  |g|= 44.3  |ddm|= 3.85e+03
    sigma = 0.005  Optimized mu_alpha = -0.212007707108  entropy = 2.13981892159e-06
    sigma = 0.005  Optimized mu_beta  = -0.216788684542  entropy = 2.13981892159e-06
    Total E(T) = -12068.2283304422  Free energy = -12068.2283304529  E0 = -12068.2283304476
cycle= 13 E= -12068.2283304422  delta_E= -4.88  |g|= 42.1  |ddm|= 3.87e+03
    sigma = 0.005  Optimized mu_alpha = -0.498686282828  entropy = 6.5528991669
    sigma = 0.005  Optimized mu_beta  = -0.507022566114  entropy = 6.5528991669
    Total E(T) = -11566.4715126034  Free energy = -11566.5042770993  E0 = -11566.4878948514
cycle= 14 E= -11566.4715126034  delta_E=  502  |g|= 80.7  |ddm|= 2.98e+05
    sigma = 0.005  Optimized mu_alpha = -0.193468802136  entropy = 8.74051648088
    sigma = 0.005  Optimized mu_beta  = -0.197146717627  entropy = 8.74051648088
    Total E(T) = -11975.6339851926  Free energy = -11975.677687775  E0 = -11975.6558364838
cycle= 15 E= -11975.6339851926  delta_E= -409  |g|= 64.3  |ddm|= 2.83e+05
    sigma = 0.005  Optimized mu_alpha = -0.297304816515  entropy = 8.04509866734
    sigma = 0.005  Optimized mu_beta  = -0.303567367325  entropy = 8.04509866734
    Total E(T) = -11972.5676593271  Free energy = -11972.6078848204  E0 = -11972.5877720737
cycle= 16 E= -11972.5676593271  delta_E= 3.07  |g|= 70.3  |ddm|= 8.47e+04
    sigma = 0.005  Optimized mu_alpha = -0.259730207492  entropy = 9.88292221604
    sigma = 0.005  Optimized mu_beta  = -0.263553587857  entropy = 9.88292221604
    Total E(T) = -12064.8667066221  Free energy = -12064.9161212332  E0 = -12064.8914139277
cycle= 17 E= -12064.8667066221  delta_E= -92.3  |g|= 38.4  |ddm|= 8.07e+04
    sigma = 0.005  Optimized mu_alpha = -0.16994087927  entropy = 4.44841090566
    sigma = 0.005  Optimized mu_beta  = -0.173784956262  entropy = 4.44841090566
    Total E(T) = -12103.5474225354  Free energy = -12103.56966459  E0 = -12103.5585435627
cycle= 18 E= -12103.5474225354  delta_E= -38.7  |g|= 16.9  |ddm|= 5.32e+04
    sigma = 0.005  Optimized mu_alpha = -0.166712896931  entropy = 6.66607456155
    sigma = 0.005  Optimized mu_beta  = -0.16798035874  entropy = 6.66607456155
    Total E(T) = -12102.1120086589  Free energy = -12102.1453390317  E0 = -12102.1286738453
cycle= 19 E= -12102.1120086589  delta_E= 1.44  |g|= 22.5  |ddm|= 1.42e+04
    sigma = 0.005  Optimized mu_alpha = -0.217560731848  entropy = 3.94370850078
    sigma = 0.005  Optimized mu_beta  = -0.218047819256  entropy = 3.94370850078
    Total E(T) = -12111.8155392464  Free energy = -12111.8352577889  E0 = -12111.8253985177
cycle= 20 E= -12111.8155392464  delta_E= -9.7  |g|= 7.35  |ddm|= 8.27e+03
    sigma = 0.005  Optimized mu_alpha = -0.184142095665  entropy = 1.29989164938
    sigma = 0.005  Optimized mu_beta  = -0.185000283685  entropy = 1.29989164938
