pyscf max mem 1061261
SLURM_CPUS_PER_TASK = 64
OMP_NUM_THREADS = 64
MKL_NUM_THREADS = 64
OPENBLAS_NUM_THREADS = 64
PySCF lib.num_threads() = 64
left ensemble electron number ([9, 9], [7, 8])
right ensemble electron number ([325, 325], [325, 323])
[setup] build_system t=1.5s
building grid (level 3)...
[setup] grid t=4.6s
computing S3 tensors (DF)...
S3 shapes: left=(116, 116, 1336) right=(1528, 1528, 1336) ref=(1544, 1544, 1336) t=771.7s
[warm-start] loaded pdft_optimizer_trust_ridge1e34.pkl
[warm-start] b0 priority source = pdft_optimizer_trust_ridge1e34.pkl (fallback: pdft_optimizer_trust_ridge1e35.pkl)
[warm-start] rdft1.D ← pickle dm_ig1
[warm-start] rdft2.D ← pickle dm_ig2
[init] b0 from pdft_optimizer_trust_ridge1e34.pkl, npbs=1336
[warm-start] Lagrangian x0 ready, |b0| = 4.75518e-01
[setup] warm-start t=0.1s
[main] skipping phase1; starting phase2 directly from b0
starting phase 2: L-BFGS-B optimization
starting phase 2: bounded L-BFGS-B outer loop
[phase2 outer 1] start |b|=4.755179e-01 max|b|=7.359513e-02 delta=2.736e-03
[diagnostic] step=1 |b|=4.755179e-01 max|b|=7.359513e-02
[timing] build AO Vp from S3 = 1.7s
[diagnostic] |vpl|=4.965664e-01 max|vpl|=7.239125e-02
[diagnostic] |vpr|=6.401458e-01 max|vpr|=5.677654e-02
[diagnostic] |vpref|=7.371878e-01 max|vpref|=7.235382e-02
dm0 check None
converged SCF energy = -150.226693714538  <S^2> = 2.0045399  2S+1 = 3.003025
dm0 check None
converged SCF energy = -150.244985829666  <S^2> = 0.9297856  2S+1 = 2.1723587
[timing] left/O ensemble SCF = 240.4s
dm0 check [[ 3.79535274e-01  6.12226507e-01 -1.25220850e-01 ...  1.55230780e-06
  -2.26715088e-07 -4.27925951e-06]
 [ 6.12226507e-01  1.01515557e+00 -3.34031593e-01 ...  4.89183038e-06
  -1.40945465e-06 -1.21199271e-05]
 [-1.25220850e-01 -3.34031593e-01  6.75213563e-01 ... -1.12891007e-05
   3.29594397e-06  2.92477228e-05]
 ...
 [ 1.55230780e-06  4.89183038e-06 -1.12891007e-05 ...  7.95981895e-07
  -2.72397539e-07  1.32027848e-07]
 [-2.26715088e-07 -1.40945465e-06  3.29594397e-06 ... -2.72397539e-07
   5.96342468e-07  1.26884789e-08]
 [-4.27925951e-06 -1.21199271e-05  2.92477228e-05 ...  1.32027848e-07
   1.26884789e-08  6.33282038e-07]]


******** <class 'pyscf.scf.addons.SmearingDFRKS'> ********
method = SmearingDFRKS
initial guess = minao
damping factor = 0.15
level_shift factor = 0.2
DIIS = <class 'pyscf.scf.diis.CDIIS'>
diis_start_cycle = 1
diis_space = 12
diis_damp = 0
SCF conv_tol = 5e-05
SCF conv_tol_grad = None
SCF max_cycles = 200
direct_scf = True
direct_scf_tol = 1e-13
chkfile to save SCF result = /tmp/tmpqg3icue5
max_memory 4000 MB (current use 85854 MB)
XC library pyscf.dft.libxc version 6.1.0
    S. Lehtola, C. Steigemann, M. J.T. Oliveira, and M. A.L. Marques.,  SoftwareX 7, 1–5 (2018)
XC functionals = pbe
    J. P. Perdew, K. Burke, and M. Ernzerhof.,  Phys. Rev. Lett. 77, 3865 (1996)
    J. P. Perdew, K. Burke, and M. Ernzerhof.,  Phys. Rev. Lett. 78, 1396 (1997)
    J. P. Perdew, K. Burke, and M. Ernzerhof.,  Phys. Rev. Lett. 77, 3865 (1996)
    J. P. Perdew, K. Burke, and M. Ernzerhof.,  Phys. Rev. Lett. 78, 1396 (1997)
small_rho_cutoff = 1e-06
Set gradient conv threshold to 0.00707107
init E= -12114.8136258109
    sigma = 0.02  Optimized mu = -0.0518289818044  entropy = 1.50517227967
    Total E(T) = -12114.8136097184  Free energy = -12114.843713164  E0 = -12114.8286614412
cycle= 1 E= -12114.8136097184  delta_E= 1.61e-05  |g|= 0.0268  |ddm|= 17.4
    sigma = 0.02  Optimized mu = -0.0519150377001  entropy = 1.50521492439
    Total E(T) = -12114.8134158239  Free energy = -12114.8435201224  E0 = -12114.8284679732
cycle= 2 E= -12114.8134158239  delta_E= 0.000194  |g|= 0.0904  |ddm|= 75.8
    sigma = 0.02  Optimized mu = -0.0518584243022  entropy = 1.50500838574
    Total E(T) = -12114.8135279787  Free energy = -12114.8436281464  E0 = -12114.8285780626
cycle= 3 E= -12114.8135279787  delta_E= -0.000112  |g|= 0.0501  |ddm|=   32
    sigma = 0.02  Optimized mu = -0.0518554728034  entropy = 1.50501769562
    Total E(T) = -12114.813576428  Free energy = -12114.8436767819  E0 = -12114.828626605
cycle= 4 E= -12114.813576428  delta_E= -4.84e-05  |g|= 0.0355  |ddm|= 11.5
    sigma = 0.02  Optimized mu = -0.0518546217966  entropy = 1.50502108328
    Total E(T) = -12114.8136001893  Free energy = -12114.8437006109  E0 = -12114.8286504001
cycle= 5 E= -12114.8136001893  delta_E= -2.38e-05  |g|= 0.0258  |ddm|= 6.86
    sigma = 0.02  Optimized mu = -0.0518530778609  entropy = 1.50502521818
    Total E(T) = -12114.8136121898  Free energy = -12114.8437126942  E0 = -12114.828662442
cycle= 6 E= -12114.8136121898  delta_E= -1.2e-05  |g|= 0.0193  |ddm|= 4.74
    sigma = 0.02  Optimized mu = -0.0518536720188  entropy = 1.50502374855
    Total E(T) = -12114.8136187939  Free energy = -12114.8437192689  E0 = -12114.8286690314
cycle= 7 E= -12114.8136187939  delta_E= -6.6e-06  |g|= 0.0145  |ddm|= 2.98
    sigma = 0.02  Optimized mu = -0.0518514786846  entropy = 1.50503436918
    Total E(T) = -12114.8136224278  Free energy = -12114.8437231152  E0 = -12114.8286727715
cycle= 8 E= -12114.8136224278  delta_E= -3.63e-06  |g|= 0.0111  |ddm|= 1.98
    sigma = 0.02  Optimized mu = -0.0518540363773  entropy = 1.50502221221
    Total E(T) = -12114.8136245456  Free energy = -12114.8437249898  E0 = -12114.8286747677
cycle= 9 E= -12114.8136245456  delta_E= -2.12e-06  |g|= 0.00852  |ddm|= 1.46
    sigma = 0.02  Optimized mu = -0.0518530829217  entropy = 1.5050282665
    Total E(T) = -12114.8136257278  Free energy = -12114.8437262932  E0 = -12114.8286760105
cycle= 10 E= -12114.8136257278  delta_E= -1.18e-06  |g|= 0.00667  |ddm|= 1.16
    sigma = 0.02  Optimized mu = -0.151799641032  entropy = 50.9976544253
    Total E(T) = -12114.2880427789  Free energy = -12115.3079958674  E0 = -12114.7980193231
Extra cycle  E= -12114.2880427789  delta_E= 0.526  |g|= 0.407  |ddm|= 4.1e+03
converged SCF energy = -12114.2880427789
dm0 check [[[ 1.89789227e-01  3.06171025e-01 -6.27460683e-02 ...  6.54814212e-07
   -1.23580322e-07 -2.10471307e-06]
  [ 3.06171025e-01  5.07731349e-01 -1.67374643e-01 ...  2.11974228e-06
   -7.32912747e-07 -5.96369059e-06]
  [-6.27460683e-02 -1.67374643e-01  3.38436978e-01 ... -4.86035293e-06
    1.72192716e-06  1.43682151e-05]
  ...
  [ 6.54814212e-07  2.11974228e-06 -4.86035293e-06 ...  4.22524843e-07
   -1.41862949e-07  6.83826697e-08]
  [-1.23580322e-07 -7.32912747e-07  1.72192716e-06 ... -1.41862949e-07
    3.02267760e-07  1.49538094e-08]
  [-2.10471307e-06 -5.96369059e-06  1.43682151e-05 ...  6.83826697e-08
    1.49538094e-08  3.17603346e-07]]

 [[ 1.89768492e-01  3.06114524e-01 -6.26178222e-02 ...  8.80882083e-07
   -9.51168650e-08 -1.98689904e-06]
  [ 3.06114524e-01  5.07580506e-01 -1.67036255e-01 ...  2.72764913e-06
   -6.53866800e-07 -5.64845665e-06]
  [-6.26178222e-02 -1.67036255e-01  3.37680633e-01 ... -6.31524118e-06
    1.51093876e-06  1.36287377e-05]
  ...
  [ 8.80882083e-07  2.72764913e-06 -6.31524118e-06 ...  4.07859460e-07
   -1.43373756e-07  7.11250040e-08]
  [-9.51168650e-08 -6.53866800e-07  1.51093876e-06 ... -1.43373756e-07
    3.03356083e-07  1.09005667e-08]
  [-1.98689904e-06 -5.64845665e-06  1.36287377e-05 ...  7.11250040e-08
    1.09005667e-08  3.06203829e-07]]]


******** <class 'pyscf.scf.addons.SmearingDFUKS'> ********
method = SmearingDFUKS
initial guess = minao
damping factor = 0.15
level_shift factor = 0.2
DIIS = <class 'pyscf.scf.diis.CDIIS'>
diis_start_cycle = 1
diis_space = 12
diis_damp = 0
SCF conv_tol = 5e-05
SCF conv_tol_grad = None
SCF max_cycles = 200
direct_scf = True
direct_scf_tol = 1e-13
chkfile to save SCF result = /tmp/tmpi_y3d5mj
max_memory 4000 MB (current use 86704 MB)
number electrons alpha = 325  beta = 323
XC library pyscf.dft.libxc version 6.1.0
    S. Lehtola, C. Steigemann, M. J.T. Oliveira, and M. A.L. Marques.,  SoftwareX 7, 1–5 (2018)
XC functionals = pbe
    J. P. Perdew, K. Burke, and M. Ernzerhof.,  Phys. Rev. Lett. 77, 3865 (1996)
    J. P. Perdew, K. Burke, and M. Ernzerhof.,  Phys. Rev. Lett. 78, 1396 (1997)
    J. P. Perdew, K. Burke, and M. Ernzerhof.,  Phys. Rev. Lett. 77, 3865 (1996)
    J. P. Perdew, K. Burke, and M. Ernzerhof.,  Phys. Rev. Lett. 78, 1396 (1997)
small_rho_cutoff = 1e-06
Set gradient conv threshold to 0.00707107
init E= -12114.3699963443
    sigma = 0.005  Optimized mu_alpha = -0.196979971577  entropy = 3.34892000555e-07
    sigma = 0.005  Optimized mu_beta  = -0.199531865844  entropy = 3.34892000555e-07
    Total E(T) = -12114.3699896266  Free energy = -12114.3699896283  E0 = -12114.3699896274
cycle= 1 E= -12114.3699896266  delta_E= 6.72e-06  |g|= 0.0244  |ddm|= 9.77
    sigma = 0.005  Optimized mu_alpha = -0.197085295876  entropy = 3.3443110799e-07
    sigma = 0.005  Optimized mu_beta  = -0.199644008745  entropy = 3.3443110799e-07
    Total E(T) = -12114.3699155302  Free energy = -12114.3699155318  E0 = -12114.369915531
cycle= 2 E= -12114.3699155302  delta_E= 7.41e-05  |g|= 0.0784  |ddm|= 38.3
    sigma = 0.005  Optimized mu_alpha = -0.197014377677  entropy = 3.3461843887e-07
    sigma = 0.005  Optimized mu_beta  = -0.199568210083  entropy = 3.3461843887e-07
    Total E(T) = -12114.3699581226  Free energy = -12114.3699581243  E0 = -12114.3699581234
cycle= 3 E= -12114.3699581226  delta_E= -4.26e-05  |g|= 0.0432  |ddm|= 15.1
    sigma = 0.005  Optimized mu_alpha = -0.197012266039  entropy = 3.34639539497e-07
    sigma = 0.005  Optimized mu_beta  = -0.199565849913  entropy = 3.34639539497e-07
    Total E(T) = -12114.3699780791  Free energy = -12114.3699780807  E0 = -12114.3699780799
cycle= 4 E= -12114.3699780791  delta_E= -2e-05  |g|= 0.0297  |ddm|= 5.95
    sigma = 0.005  Optimized mu_alpha = -0.197009504562  entropy = 3.34654073921e-07
    sigma = 0.005  Optimized mu_beta  = -0.199562959529  entropy = 3.34654073921e-07
    Total E(T) = -12114.3699875478  Free energy = -12114.3699875495  E0 = -12114.3699875487
cycle= 5 E= -12114.3699875478  delta_E= -9.47e-06  |g|= 0.021  |ddm|= 3.53
    sigma = 0.005  Optimized mu_alpha = -0.197012182948  entropy = 3.34644280374e-07
    sigma = 0.005  Optimized mu_beta  = -0.199565688473  entropy = 3.34644280374e-07
    Total E(T) = -12114.3699921951  Free energy = -12114.3699921968  E0 = -12114.3699921959
cycle= 6 E= -12114.3699921951  delta_E= -4.65e-06  |g|= 0.015  |ddm|=  2.3
    sigma = 0.005  Optimized mu_alpha = -0.197009020689  entropy = 3.34655152457e-07
    sigma = 0.005  Optimized mu_beta  = -0.19956247782  entropy = 3.34655152457e-07
    Total E(T) = -12114.3699945399  Free energy = -12114.3699945416  E0 = -12114.3699945407
cycle= 7 E= -12114.3699945399  delta_E= -2.34e-06  |g|= 0.011  |ddm|= 1.57
    sigma = 0.005  Optimized mu_alpha = -0.197009190235  entropy = 3.34654878072e-07
    sigma = 0.005  Optimized mu_beta  = -0.199562644479  entropy = 3.34654878072e-07
    Total E(T) = -12114.3699957646  Free energy = -12114.3699957663  E0 = -12114.3699957654
cycle= 8 E= -12114.3699957646  delta_E= -1.22e-06  |g|= 0.00803  |ddm|= 1.03
    sigma = 0.005  Optimized mu_alpha = -0.197009798033  entropy = 3.34657713724e-07
    sigma = 0.005  Optimized mu_beta  = -0.199563183234  entropy = 3.34657713724e-07
    Total E(T) = -12114.3699963948  Free energy = -12114.3699963965  E0 = -12114.3699963957
cycle= 9 E= -12114.3699963948  delta_E= -6.3e-07  |g|= 0.00611  |ddm|= 0.766
    sigma = 0.005  Optimized mu_alpha = -0.296549854935  entropy = 12.8201810353
    sigma = 0.005  Optimized mu_beta  = -0.299439834279  entropy = 12.8201810353
    Total E(T) = -12114.3345871141  Free energy = -12114.3986880193  E0 = -12114.3666375667
Extra cycle  E= -12114.3345871141  delta_E= 0.0354  |g|= 0.223  |ddm|=  895
converged SCF energy = -12114.3345871141  <S^2> = 3.7627365  2S+1 = 4.0063632
[timing] right/Al ensemble SCF = 1183.8s
[timing] collect state = 0.0s
[timing] grad contraction = 1.5s
Npdft 666.0000340554917
[timing] checkpoint save = 0.1s
step=   1 L=-12265.40677009 Ef=-12265.41346778 L1=9.85289824e-01 |grad|=1.87661e-02 t=1625.9s
[diagnostic] step=2 |b|=4.860844e-01 max|b|=7.633100e-02
[timing] build AO Vp from S3 = 1.6s
[diagnostic] |vpl|=5.122206e-01 max|vpl|=7.528256e-02
[diagnostic] |vpr|=6.502419e-01 max|vpr|=5.913149e-02
[diagnostic] |vpref|=7.520394e-01 max|vpref|=7.524250e-02
dm0 check [[[ 1.51510539e-09  2.24390407e-08  1.89788584e-07 ... -1.14716793e-07
    7.42480591e-07  6.64925537e-08]
  [ 2.24390407e-08  3.34442860e-07  2.75065447e-06 ... -1.77763476e-06
    1.10111116e-05  1.04754946e-06]
  [ 1.89788584e-07  2.75065447e-06  2.57236015e-05 ... -1.02767709e-05
    9.27874012e-05  4.99858660e-06]
  ...
  [-1.14716793e-07 -1.77763476e-06 -1.02767709e-05 ...  2.27166818e-04
    1.81897022e-06 -1.91352427e-04]
  [ 7.42480591e-07  1.10111116e-05  9.27874012e-05 ...  1.81897022e-06
    4.79983561e-04 -1.62425374e-06]
  [ 6.64925537e-08  1.04754946e-06  4.99858660e-06 ... -1.91352427e-04
   -1.62425374e-06  6.55608417e-04]]

 [[ 2.14412926e-09  3.18476687e-08  2.65524476e-07 ... -7.48678675e-08
    1.03578378e-06  2.38417798e-08]
  [ 3.18476687e-08  4.74249422e-07  3.91398393e-06 ... -9.93071944e-07
    1.53190952e-05  2.50124817e-07]
  [ 2.65524476e-07  3.91398393e-06  3.37626381e-05 ... -1.10139777e-05
    1.30901684e-04  4.52845690e-06]
  ...
  [-7.48678675e-08 -9.93071944e-07 -1.10139777e-05 ...  2.49604988e-04
    2.27945400e-06 -2.10130920e-04]
  [ 1.03578378e-06  1.53190952e-05  1.30901684e-04 ...  2.27945400e-06
    5.52938192e-04 -2.04465529e-06]
  [ 2.38417798e-08  2.50124817e-07  4.52845690e-06 ... -2.10130920e-04
   -2.04465529e-06  7.46013266e-04]]]
converged SCF energy = -150.226693714539  <S^2> = 2.0045398  2S+1 = 3.003025
dm0 check [[[ 1.14663927e-09  1.70906963e-08  1.38764383e-07 ... -8.06351991e-08
    6.25424907e-07  4.57094748e-08]
  [ 1.70906963e-08  2.56142401e-07  2.02970512e-06 ... -1.06203847e-06
    9.18297648e-06  7.18610580e-07]
  [ 1.38764383e-07  2.02970512e-06  1.80711277e-05 ... -1.26954868e-05
    8.12953223e-05  3.19992558e-06]
  ...
  [-8.06351991e-08 -1.06203847e-06 -1.26954868e-05 ...  2.39056590e-04
   -1.61628521e-06 -1.68273569e-04]
  [ 6.25424907e-07  9.18297648e-06  8.12953223e-05 ... -1.61628521e-06
    4.44991768e-04 -4.05797460e-06]
  [ 4.57094748e-08  7.18610580e-07  3.19992558e-06 ... -1.68273569e-04
   -4.05797460e-06  5.95720304e-04]]

 [[ 2.52991917e-08  3.84988468e-07  2.83081238e-06 ... -1.48521070e-07
    1.05980492e-07  7.43608025e-08]
  [ 3.84988468e-07  5.85993601e-06  4.30397100e-05 ... -2.17883477e-06
    1.18474495e-06  1.05238318e-06]
  [ 2.83081238e-06  4.30397100e-05  3.17944269e-04 ... -1.75046016e-05
    2.68826267e-05  9.38690534e-06]
  ...
  [-1.48521070e-07 -2.17883477e-06 -1.75046016e-05 ...  2.30576224e-04
    2.09094785e-07 -1.91668407e-04]
  [ 1.05980492e-07  1.18474495e-06  2.68826267e-05 ...  2.09094785e-07
    4.63234853e-04 -3.50197083e-06]
  [ 7.43608025e-08  1.05238318e-06  9.38690534e-06 ... -1.91668407e-04
   -3.50197083e-06  6.49562330e-04]]]
converged SCF energy = -150.244985829812  <S^2> = 0.92979458  2S+1 = 2.172367
[timing] left/O ensemble SCF = 13.9s
dm0 check [[ 3.79535278e-01  6.12226519e-01 -1.25220880e-01 ...  1.55253499e-06
  -2.26910577e-07 -4.27920317e-06]
 [ 6.12226519e-01  1.01515560e+00 -3.34031671e-01 ...  4.89244351e-06
  -1.40998215e-06 -1.21197754e-05]
 [-1.25220880e-01 -3.34031671e-01  6.75213752e-01 ... -1.12905902e-05
   3.29722426e-06  2.92473589e-05]
 ...
 [ 1.55253499e-06  4.89244351e-06 -1.12905902e-05 ...  7.95952427e-07
  -2.72379605e-07  1.31998395e-07]
 [-2.26910577e-07 -1.40998215e-06  3.29722426e-06 ... -2.72379605e-07
   5.96309490e-07  1.26912531e-08]
 [-4.27920317e-06 -1.21197754e-05  2.92473589e-05 ...  1.31998395e-07
   1.26912531e-08  6.33292140e-07]]


******** <class 'pyscf.scf.addons.SmearingDFRKS'> ********
method = SmearingDFRKS
initial guess = minao
damping factor = 0.15
level_shift factor = 0.2
DIIS = <class 'pyscf.scf.diis.CDIIS'>
diis_start_cycle = 1
diis_space = 12
diis_damp = 0
SCF conv_tol = 5e-05
SCF conv_tol_grad = None
SCF max_cycles = 200
direct_scf = True
direct_scf_tol = 1e-13
chkfile to save SCF result = /tmp/tmpqg3icue5
max_memory 4000 MB (current use 86911 MB)
XC library pyscf.dft.libxc version 6.1.0
    S. Lehtola, C. Steigemann, M. J.T. Oliveira, and M. A.L. Marques.,  SoftwareX 7, 1–5 (2018)
XC functionals = pbe
    J. P. Perdew, K. Burke, and M. Ernzerhof.,  Phys. Rev. Lett. 77, 3865 (1996)
    J. P. Perdew, K. Burke, and M. Ernzerhof.,  Phys. Rev. Lett. 78, 1396 (1997)
    J. P. Perdew, K. Burke, and M. Ernzerhof.,  Phys. Rev. Lett. 77, 3865 (1996)
    J. P. Perdew, K. Burke, and M. Ernzerhof.,  Phys. Rev. Lett. 78, 1396 (1997)
small_rho_cutoff = 1e-06
Set gradient conv threshold to 0.00707107
    Total E(T) = -12114.7875602375  Free energy = -12115.807513326  E0 = -12115.2975367818
init E= -12114.7875602375
    sigma = 0.02  Optimized mu = -0.0518033109218  entropy = 1.50548432871
    Total E(T) = -12114.7875377937  Free energy = -12114.8176474803  E0 = -12114.802592637
cycle= 1 E= -12114.7875377937  delta_E= 2.24e-05  |g|= 0.0316  |ddm|= 19.3
    sigma = 0.02  Optimized mu = -0.0519466690203  entropy = 1.5054639741
    Total E(T) = -12114.7872683389  Free energy = -12114.8173776184  E0 = -12114.8023229786
cycle= 2 E= -12114.7872683389  delta_E= 0.000269  |g|= 0.106  |ddm|= 89.1
    sigma = 0.02  Optimized mu = -0.0518595227611  entropy = 1.50520289377
    Total E(T) = -12114.7874243498  Free energy = -12114.8175284077  E0 = -12114.8024763788
cycle= 3 E= -12114.7874243498  delta_E= -0.000156  |g|= 0.0588  |ddm|= 37.7
    sigma = 0.02  Optimized mu = -0.0518544300172  entropy = 1.50521970513
    Total E(T) = -12114.7874920829  Free energy = -12114.817596477  E0 = -12114.80254428
cycle= 4 E= -12114.7874920829  delta_E= -6.77e-05  |g|= 0.0415  |ddm|= 13.4
    sigma = 0.02  Optimized mu = -0.0518531090867  entropy = 1.5052244407
    Total E(T) = -12114.78752521  Free energy = -12114.8176296988  E0 = -12114.8025774544
cycle= 5 E= -12114.78752521  delta_E= -3.31e-05  |g|= 0.0301  |ddm|= 8.02
    sigma = 0.02  Optimized mu = -0.0518502626673  entropy = 1.50523079632
    Total E(T) = -12114.7875417703  Free energy = -12114.8176463862  E0 = -12114.8025940783
cycle= 6 E= -12114.7875417703  delta_E= -1.66e-05  |g|= 0.0226  |ddm|= 5.77
    sigma = 0.02  Optimized mu = -0.0518513922058  entropy = 1.50522779235
    Total E(T) = -12114.7875508237  Free energy = -12114.8176553795  E0 = -12114.8026031016
cycle= 7 E= -12114.7875508237  delta_E= -9.05e-06  |g|= 0.017  |ddm|= 3.52
    sigma = 0.02  Optimized mu = -0.0518492477933  entropy = 1.50523696955
    Total E(T) = -12114.7875559  Free energy = -12114.8176606394  E0 = -12114.8026082697
cycle= 8 E= -12114.7875559  delta_E= -5.08e-06  |g|= 0.013  |ddm|= 2.25
    sigma = 0.02  Optimized mu = -0.0518523061181  entropy = 1.50522124337
    Total E(T) = -12114.7875588602  Free energy = -12114.8176632851  E0 = -12114.8026110726
cycle= 9 E= -12114.7875588602  delta_E= -2.96e-06  |g|= 0.00985  |ddm|= 1.72
    sigma = 0.02  Optimized mu = -0.0518502744183  entropy = 1.50523236845
    Total E(T) = -12114.7875604883  Free energy = -12114.8176651356  E0 = -12114.802612812
cycle= 10 E= -12114.7875604883  delta_E= -1.63e-06  |g|= 0.00764  |ddm|= 1.39
    sigma = 0.02  Optimized mu = -0.0518508371873  entropy = 1.50522830618
    Total E(T) = -12114.7875614705  Free energy = -12114.8176660366  E0 = -12114.8026137536
cycle= 11 E= -12114.7875614705  delta_E= -9.82e-07  |g|= 0.006  |ddm|= 1.05
    sigma = 0.02  Optimized mu = -0.151792720178  entropy = 50.9988188138
    Total E(T) = -12114.2620804024  Free energy = -12115.2820567787  E0 = -12114.7720685906
Extra cycle  E= -12114.2620804024  delta_E= 0.525  |g|= 0.403  |ddm|= 4.1e+03
converged SCF energy = -12114.2620804024
dm0 check [[[ 1.89789230e-01  3.06171032e-01 -6.27460893e-02 ...  6.54898390e-07
   -1.23620173e-07 -2.10476759e-06]
  [ 3.06171032e-01  5.07731369e-01 -1.67374699e-01 ...  2.11996907e-06
   -7.33020263e-07 -5.96383766e-06]
  [-6.27460893e-02 -1.67374699e-01  3.38437126e-01 ... -4.86089998e-06
    1.72218896e-06  1.43685716e-05]
  ...
  [ 6.54898390e-07  2.11996907e-06 -4.86089998e-06 ...  4.22524895e-07
   -1.41861962e-07  6.83879306e-08]
  [-1.23620173e-07 -7.33020263e-07  1.72218896e-06 ... -1.41861962e-07
    3.02260484e-07  1.49586676e-08]
  [-2.10476759e-06 -5.96383766e-06  1.43685716e-05 ...  6.83879306e-08
    1.49586676e-08  3.17600121e-07]]

 [[ 1.89768496e-01  3.06114535e-01 -6.26178505e-02 ...  8.80823033e-07
   -9.52144834e-08 -1.98681195e-06]
  [ 3.06114535e-01  5.07580535e-01 -1.67036331e-01 ...  2.72748984e-06
   -6.54130537e-07 -5.64822116e-06]
  [-6.26178505e-02 -1.67036331e-01  3.37680825e-01 ... -6.31485607e-06
    1.51158255e-06  1.36281625e-05]
  ...
  [ 8.80823033e-07  2.72748984e-06 -6.31485607e-06 ...  4.07860622e-07
   -1.43370432e-07  7.11304627e-08]
  [-9.52144834e-08 -6.54130537e-07  1.51158255e-06 ... -1.43370432e-07
    3.03348033e-07  1.09071782e-08]
  [-1.98681195e-06 -5.64822116e-06  1.36281625e-05 ...  7.11304627e-08
    1.09071782e-08  3.06199326e-07]]]


******** <class 'pyscf.scf.addons.SmearingDFUKS'> ********
method = SmearingDFUKS
initial guess = minao
damping factor = 0.15
level_shift factor = 0.2
DIIS = <class 'pyscf.scf.diis.CDIIS'>
diis_start_cycle = 1
diis_space = 12
diis_damp = 0
SCF conv_tol = 5e-05
SCF conv_tol_grad = None
SCF max_cycles = 200
direct_scf = True
direct_scf_tol = 1e-13
chkfile to save SCF result = /tmp/tmpi_y3d5mj
max_memory 4000 MB (current use 87135 MB)
number electrons alpha = 325  beta = 323
XC library pyscf.dft.libxc version 6.1.0
    S. Lehtola, C. Steigemann, M. J.T. Oliveira, and M. A.L. Marques.,  SoftwareX 7, 1–5 (2018)
XC functionals = pbe
    J. P. Perdew, K. Burke, and M. Ernzerhof.,  Phys. Rev. Lett. 77, 3865 (1996)
    J. P. Perdew, K. Burke, and M. Ernzerhof.,  Phys. Rev. Lett. 78, 1396 (1997)
    J. P. Perdew, K. Burke, and M. Ernzerhof.,  Phys. Rev. Lett. 77, 3865 (1996)
    J. P. Perdew, K. Burke, and M. Ernzerhof.,  Phys. Rev. Lett. 78, 1396 (1997)
small_rho_cutoff = 1e-06
Set gradient conv threshold to 0.00707107
    Total E(T) = -12114.3439655019  Free energy = -12114.4080664071  E0 = -12114.3760159545
init E= -12114.3439655019
    sigma = 0.005  Optimized mu_alpha = -0.196951767212  entropy = 3.35276847343e-07
    sigma = 0.005  Optimized mu_beta  = -0.199502242887  entropy = 3.35276847343e-07
    Total E(T) = -12114.3439551602  Free energy = -12114.3439551619  E0 = -12114.343955161
cycle= 1 E= -12114.3439551602  delta_E= 1.03e-05  |g|= 0.0305  |ddm|= 10.6
    sigma = 0.005  Optimized mu_alpha = -0.197114006444  entropy = 3.3462774813e-07
    sigma = 0.005  Optimized mu_beta  = -0.199673983289  entropy = 3.3462774813e-07
    Total E(T) = -12114.3438388062  Free energy = -12114.3438388079  E0 = -12114.343838807
cycle= 2 E= -12114.3438388062  delta_E= 0.000116  |g|= 0.0976  |ddm|=   48
    sigma = 0.005  Optimized mu_alpha = -0.197013114554  entropy = 3.34846295342e-07
    sigma = 0.005  Optimized mu_beta  = -0.19956623335  entropy = 3.34846295342e-07
    Total E(T) = -12114.3439060033  Free energy = -12114.343906005  E0 = -12114.3439060041
cycle= 3 E= -12114.3439060033  delta_E= -6.72e-05  |g|= 0.0536  |ddm|= 19.1
    sigma = 0.005  Optimized mu_alpha = -0.197009398288  entropy = 3.3487336348e-07
    sigma = 0.005  Optimized mu_beta  = -0.199562168703  entropy = 3.3487336348e-07
    Total E(T) = -12114.3439375097  Free energy = -12114.3439375114  E0 = -12114.3439375105
cycle= 4 E= -12114.3439375097  delta_E= -3.15e-05  |g|= 0.0367  |ddm|= 7.46
    sigma = 0.005  Optimized mu_alpha = -0.197004896601  entropy = 3.34891374526e-07
    sigma = 0.005  Optimized mu_beta  = -0.199557512522  entropy = 3.34891374526e-07
    Total E(T) = -12114.3439523914  Free energy = -12114.3439523931  E0 = -12114.3439523922
cycle= 5 E= -12114.3439523914  delta_E= -1.49e-05  |g|= 0.0258  |ddm|= 4.43
    sigma = 0.005  Optimized mu_alpha = -0.1970087938  entropy = 3.34874378397e-07
    sigma = 0.005  Optimized mu_beta  = -0.199561467366  entropy = 3.34874378397e-07
    Total E(T) = -12114.3439596053  Free energy = -12114.343959607  E0 = -12114.3439596061
cycle= 6 E= -12114.3439596053  delta_E= -7.21e-06  |g|= 0.0184  |ddm|= 2.92
    sigma = 0.005  Optimized mu_alpha = -0.197004808286  entropy = 3.34884073844e-07
    sigma = 0.005  Optimized mu_beta  = -0.199557439472  entropy = 3.34884073844e-07
    Total E(T) = -12114.3439632197  Free energy = -12114.3439632214  E0 = -12114.3439632206
cycle= 7 E= -12114.3439632197  delta_E= -3.61e-06  |g|= 0.0133  |ddm|= 1.92
    sigma = 0.005  Optimized mu_alpha = -0.197004893735  entropy = 3.34884009626e-07
    sigma = 0.005  Optimized mu_beta  = -0.199557508979  entropy = 3.34884009626e-07
    Total E(T) = -12114.3439651122  Free energy = -12114.3439651139  E0 = -12114.343965113
cycle= 8 E= -12114.3439651122  delta_E= -1.89e-06  |g|= 0.00966  |ddm|= 1.24
    sigma = 0.005  Optimized mu_alpha = -0.197005853098  entropy = 3.34885916282e-07
    sigma = 0.005  Optimized mu_beta  = -0.19955836816  entropy = 3.34885916282e-07
    Total E(T) = -12114.3439660726  Free energy = -12114.3439660742  E0 = -12114.3439660734
cycle= 9 E= -12114.3439660726  delta_E= -9.6e-07  |g|= 0.00723  |ddm|= 1.04
    sigma = 0.005  Optimized mu_alpha = -0.197005800104  entropy = 3.34879617731e-07
    sigma = 0.005  Optimized mu_beta  = -0.199558360716  entropy = 3.34879617731e-07
    Total E(T) = -12114.3439665945  Free energy = -12114.3439665962  E0 = -12114.3439665954
cycle= 10 E= -12114.3439665945  delta_E= -5.22e-07  |g|= 0.0054  |ddm|= 0.679
    sigma = 0.005  Optimized mu_alpha = -0.296542005705  entropy = 12.8208906743
    sigma = 0.005  Optimized mu_beta  = -0.299431516064  entropy = 12.8208906743
    Total E(T) = -12114.3086184023  Free energy = -12114.3727228557  E0 = -12114.340670629
Extra cycle  E= -12114.3086184023  delta_E= 0.0353  |g|= 0.215  |ddm|=  895
converged SCF energy = -12114.3086184023  <S^2> = 3.7627429  2S+1 = 4.0063664
[timing] right/Al ensemble SCF = 1253.1s
[timing] collect state = 0.0s
[timing] grad contraction = 1.5s
Npdft 666.0000340587021
[timing] checkpoint save = 0.0s
step=   2 L=-12265.38283500 Ef=-12265.38966834 L1=9.81607778e-01 |grad|=1.87089e-02 t=1469.3s
[diagnostic] step=3 |b|=5.168744e-01 max|b|=7.633100e-02
[timing] build AO Vp from S3 = 1.6s
[diagnostic] |vpl|=5.217497e-01 max|vpl|=7.598263e-02
[diagnostic] |vpr|=6.903796e-01 max|vpr|=5.952376e-02
[diagnostic] |vpref|=7.892314e-01 max|vpref|=7.593797e-02
dm0 check [[[ 1.51511142e-09  2.24391254e-08  1.89789561e-07 ... -1.14719027e-07
    7.42476491e-07  6.64943648e-08]
  [ 2.24391254e-08  3.34443992e-07  2.75066910e-06 ... -1.77767180e-06
    1.10110522e-05  1.04757955e-06]
  [ 1.89789561e-07  2.75066910e-06  2.57237476e-05 ... -1.02769946e-05
    9.27868755e-05  4.99876704e-06]
  ...
  [-1.14719027e-07 -1.77767180e-06 -1.02769946e-05 ...  2.27166708e-04
    1.81896838e-06 -1.91352285e-04]
  [ 7.42476491e-07  1.10110522e-05  9.27868755e-05 ...  1.81896838e-06
    4.79980334e-04 -1.62432356e-06]
  [ 6.64943648e-08  1.04757955e-06  4.99876704e-06 ... -1.91352285e-04
   -1.62432356e-06  6.55604999e-04]]

 [[ 2.14412007e-09  3.18475347e-08  2.65523309e-07 ... -7.48705567e-08
    1.03578174e-06  2.38437832e-08]
  [ 3.18475347e-08  4.74247460e-07  3.91396668e-06 ... -9.93113700e-07
    1.53190651e-05  2.50156053e-07]
  [ 2.65523309e-07  3.91396668e-06  3.37625059e-05 ... -1.10142815e-05
    1.30901449e-04  4.52867684e-06]
  ...
  [-7.48705567e-08 -9.93113700e-07 -1.10142815e-05 ...  2.49604219e-04
    2.27938802e-06 -2.10130234e-04]
  [ 1.03578174e-06  1.53190651e-05  1.30901449e-04 ...  2.27938802e-06
    5.52938805e-04 -2.04467203e-06]
  [ 2.38437832e-08  2.50156053e-07  4.52867684e-06 ... -2.10130234e-04
   -2.04467203e-06  7.46013382e-04]]]
converged SCF energy = -150.22669371454  <S^2> = 2.0045398  2S+1 = 3.003025
dm0 check [[[ 1.14644043e-09  1.70875533e-08  1.38757202e-07 ... -8.06195898e-08
    6.25424546e-07  4.56943851e-08]
  [ 1.70875533e-08  2.56093598e-07  2.02957957e-06 ... -1.06182913e-06
    9.18294702e-06  7.18429121e-07]
  [ 1.38757202e-07  2.02957957e-06  1.80710819e-05 ... -1.26945917e-05
    8.12960528e-05  3.19915114e-06]
  ...
  [-8.06195898e-08 -1.06182913e-06 -1.26945917e-05 ...  2.39058219e-04
   -1.61590734e-06 -1.68277561e-04]
  [ 6.25424546e-07  9.18294702e-06  8.12960528e-05 ... -1.61590734e-06
    4.44997716e-04 -4.05929866e-06]
  [ 4.56943851e-08  7.18429121e-07  3.19915114e-06 ... -1.68277561e-04
   -4.05929866e-06  5.95725214e-04]]

 [[ 2.53036790e-08  3.85050753e-07  2.83126579e-06 ... -1.48564615e-07
    1.05907478e-07  7.43836338e-08]
  [ 3.85050753e-07  5.86079318e-06  4.30459256e-05 ... -2.17962739e-06
    1.18345893e-06  1.05280689e-06]
  [ 2.83126579e-06  4.30459256e-05  3.17989580e-04 ... -1.75086853e-05
    2.68751830e-05  9.38988858e-06]
  ...
  [-1.48564615e-07 -2.17962739e-06 -1.75086853e-05 ...  2.30571795e-04
    2.09025570e-07 -1.91673883e-04]
  [ 1.05907478e-07  1.18345893e-06  2.68751830e-05 ...  2.09025570e-07
    4.63241178e-04 -3.50232729e-06]
  [ 7.43836338e-08  1.05280689e-06  9.38988858e-06 ... -1.91673883e-04
   -3.50232729e-06  6.49569815e-04]]]
converged SCF energy = -150.24498582983  <S^2> = 0.92979806  2S+1 = 2.1723702
[timing] left/O ensemble SCF = 12.2s
dm0 check [[ 3.79535119e-01  6.12226380e-01 -1.25220678e-01 ...  1.58974947e-06
  -1.97685455e-07 -4.38946879e-06]
 [ 6.12226380e-01  1.01515546e+00 -3.34030976e-01 ...  4.99290163e-06
  -1.33118128e-06 -1.24172439e-05]
 [-1.25220678e-01 -3.34030976e-01  6.75212115e-01 ... -1.15346712e-05
   3.10669951e-06  2.99682983e-05]
 ...
 [ 1.58974947e-06  4.99290163e-06 -1.15346712e-05 ...  7.91748144e-07
  -2.73200790e-07  1.33073930e-07]
 [-1.97685455e-07 -1.33118128e-06  3.10669951e-06 ... -2.73200790e-07
   5.98646211e-07  7.88084241e-09]
 [-4.38946879e-06 -1.24172439e-05  2.99682983e-05 ...  1.33073930e-07
   7.88084241e-09  6.58548747e-07]]


******** <class 'pyscf.scf.addons.SmearingDFRKS'> ********
method = SmearingDFRKS
initial guess = minao
damping factor = 0.15
level_shift factor = 0.2
DIIS = <class 'pyscf.scf.diis.CDIIS'>
diis_start_cycle = 1
diis_space = 12
diis_damp = 0
SCF conv_tol = 5e-05
SCF conv_tol_grad = None
SCF max_cycles = 200
direct_scf = True
direct_scf_tol = 1e-13
chkfile to save SCF result = /tmp/tmpqg3icue5
max_memory 4000 MB (current use 87285 MB)
XC library pyscf.dft.libxc version 6.1.0
    S. Lehtola, C. Steigemann, M. J.T. Oliveira, and M. A.L. Marques.,  SoftwareX 7, 1–5 (2018)
XC functionals = pbe
    J. P. Perdew, K. Burke, and M. Ernzerhof.,  Phys. Rev. Lett. 77, 3865 (1996)
    J. P. Perdew, K. Burke, and M. Ernzerhof.,  Phys. Rev. Lett. 78, 1396 (1997)
    J. P. Perdew, K. Burke, and M. Ernzerhof.,  Phys. Rev. Lett. 77, 3865 (1996)
    J. P. Perdew, K. Burke, and M. Ernzerhof.,  Phys. Rev. Lett. 78, 1396 (1997)
small_rho_cutoff = 1e-06
Set gradient conv threshold to 0.00707107
    Total E(T) = -12114.5249025072  Free energy = -12115.5448788835  E0 = -12115.0348906954
init E= -12114.5249025072
    sigma = 0.02  Optimized mu = -0.0515192300387  entropy = 1.50847952139
    Total E(T) = -12114.5248598528  Free energy = -12114.5550294432  E0 = -12114.539944648
cycle= 1 E= -12114.5248598528  delta_E= 4.27e-05  |g|= 0.0494  |ddm|= 53.7
    sigma = 0.02  Optimized mu = -0.052440477526  entropy = 1.50592716617
    Total E(T) = -12114.5241283982  Free energy = -12114.5542469416  E0 = -12114.5391876699
cycle= 2 E= -12114.5241283982  delta_E= 0.000731  |g|= 0.158  |ddm|=  180
    sigma = 0.02  Optimized mu = -0.0518741471936  entropy = 1.5069774082
    Total E(T) = -12114.5246266894  Free energy = -12114.5547662376  E0 = -12114.5396964635
cycle= 3 E= -12114.5246266894  delta_E= -0.000498  |g|= 0.0772  |ddm|= 75.2
    sigma = 0.02  Optimized mu = -0.0518288500337  entropy = 1.50720084427
    Total E(T) = -12114.5248260991  Free energy = -12114.554970116  E0 = -12114.5398981076
cycle= 4 E= -12114.5248260991  delta_E= -0.000199  |g|= 0.0454  |ddm|= 31.4
    sigma = 0.02  Optimized mu = -0.05179181529  entropy = 1.50735287336
    Total E(T) = -12114.5249002247  Free energy = -12114.5550472822  E0 = -12114.5399737534
cycle= 5 E= -12114.5249002247  delta_E= -7.41e-05  |g|= 0.0262  |ddm|= 16.1
    sigma = 0.02  Optimized mu = -0.0518302511589  entropy = 1.50710048674
    Total E(T) = -12114.5249280621  Free energy = -12114.5550700718  E0 = -12114.539999067
cycle= 6 E= -12114.5249280621  delta_E= -2.78e-05  |g|= 0.0156  |ddm|= 14.2
    sigma = 0.02  Optimized mu = -0.0518361370223  entropy = 1.50711215613
    Total E(T) = -12114.5249376893  Free energy = -12114.5550799325  E0 = -12114.5400088109
cycle= 7 E= -12114.5249376893  delta_E= -9.63e-06  |g|= 0.00938  |ddm|= 9.17
    sigma = 0.02  Optimized mu = -0.0518459384222  entropy = 1.50708568542
    Total E(T) = -12114.5249411177  Free energy = -12114.5550828314  E0 = -12114.5400119745
cycle= 8 E= -12114.5249411177  delta_E= -3.43e-06  |g|= 0.00563  |ddm|= 4.62
    sigma = 0.02  Optimized mu = -0.151703320174  entropy = 51.0125348527
    Total E(T) = -12113.9985241172  Free energy = -12115.0187748142  E0 = -12114.5086494657
Extra cycle  E= -12113.9985241172  delta_E= 0.526  |g|= 0.418  |ddm|= 4.06e+03
converged SCF energy = -12113.9985241172
dm0 check [[[ 1.89789151e-01  3.06170961e-01 -6.27459850e-02 ...  6.71594252e-07
   -1.10286805e-07 -2.15595403e-06]
  [ 3.06170961e-01  5.07731290e-01 -1.67374344e-01 ...  2.16501745e-06
   -6.97088927e-07 -6.10185061e-06]
  [-6.27459850e-02 -1.67374344e-01  3.38436301e-01 ... -4.97016844e-06
    1.63549768e-06  1.47023854e-05]
  ...
  [ 6.71594252e-07  2.16501745e-06 -4.97016844e-06 ...  4.20282554e-07
   -1.42373741e-07  6.92579998e-08]
  [-1.10286805e-07 -6.97088927e-07  1.63549768e-06 ... -1.42373741e-07
    3.03293447e-07  1.28941333e-08]
  [-2.15595403e-06 -6.10185061e-06  1.47023854e-05 ...  6.92579998e-08
    1.28941333e-08  3.29362111e-07]]

 [[ 1.89768402e-01  3.06114428e-01 -6.26176590e-02 ...  8.96688151e-07
   -8.16108653e-08 -2.03802391e-06]
  [ 3.06114428e-01  5.07580363e-01 -1.67035737e-01 ...  2.77033640e-06
   -6.17439112e-07 -5.78642304e-06]
  [-6.26176590e-02 -1.67035737e-01  3.37679397e-01 ... -6.41915483e-06
    1.42275802e-06  1.39635567e-05]
  ...
  [ 8.96688151e-07  2.77033640e-06 -6.41915483e-06 ...  4.05665561e-07
   -1.43844318e-07  7.19722484e-08]
  [-8.16108653e-08 -6.17439112e-07  1.42275802e-06 ... -1.43844318e-07
    3.04446604e-07  8.71615354e-09]
  [-2.03802391e-06 -5.78642304e-06  1.39635567e-05 ...  7.19722484e-08
    8.71615354e-09  3.17843138e-07]]]


******** <class 'pyscf.scf.addons.SmearingDFUKS'> ********
method = SmearingDFUKS
initial guess = minao
damping factor = 0.15
level_shift factor = 0.2
DIIS = <class 'pyscf.scf.diis.CDIIS'>
diis_start_cycle = 1
diis_space = 12
diis_damp = 0
SCF conv_tol = 5e-05
SCF conv_tol_grad = None
SCF max_cycles = 200
direct_scf = True
direct_scf_tol = 1e-13
chkfile to save SCF result = /tmp/tmpi_y3d5mj
max_memory 4000 MB (current use 87285 MB)
number electrons alpha = 325  beta = 323
XC library pyscf.dft.libxc version 6.1.0
    S. Lehtola, C. Steigemann, M. J.T. Oliveira, and M. A.L. Marques.,  SoftwareX 7, 1–5 (2018)
XC functionals = pbe
    J. P. Perdew, K. Burke, and M. Ernzerhof.,  Phys. Rev. Lett. 77, 3865 (1996)
    J. P. Perdew, K. Burke, and M. Ernzerhof.,  Phys. Rev. Lett. 78, 1396 (1997)
    J. P. Perdew, K. Burke, and M. Ernzerhof.,  Phys. Rev. Lett. 77, 3865 (1996)
    J. P. Perdew, K. Burke, and M. Ernzerhof.,  Phys. Rev. Lett. 78, 1396 (1997)
small_rho_cutoff = 1e-06
Set gradient conv threshold to 0.00707107
    Total E(T) = -12114.081546585  Free energy = -12114.1456510384  E0 = -12114.1135988117
init E= -12114.081546585
    sigma = 0.005  Optimized mu_alpha = -0.196663642512  entropy = 3.38658342866e-07
    sigma = 0.005  Optimized mu_beta  = -0.199200368039  entropy = 3.38658342866e-07
    Total E(T) = -12114.0815229609  Free energy = -12114.0815229626  E0 = -12114.0815229617
cycle= 1 E= -12114.0815229609  delta_E= 2.36e-05  |g|= 0.06  |ddm|= 39.5
    sigma = 0.005  Optimized mu_alpha = -0.19754708189  entropy = 3.34757952718e-07
    sigma = 0.005  Optimized mu_beta  = -0.200119785845  entropy = 3.34757952718e-07
    Total E(T) = -12114.0809987953  Free energy = -12114.080998797  E0 = -12114.0809987961
cycle= 2 E= -12114.0809987953  delta_E= 0.000524  |g|= 0.181  |ddm|=  125
    sigma = 0.005  Optimized mu_alpha = -0.197000483061  entropy = 3.37082791017e-07
    sigma = 0.005  Optimized mu_beta  = -0.199544530432  entropy = 3.37082791017e-07
    Total E(T) = -12114.0813694685  Free energy = -12114.0813694702  E0 = -12114.0813694694
cycle= 3 E= -12114.0813694685  delta_E= -0.000371  |g|= 0.0852  |ddm|= 50.9
    sigma = 0.005  Optimized mu_alpha = -0.196965668756  entropy = 3.37194634621e-07
    sigma = 0.005  Optimized mu_beta  = -0.199508596213  entropy = 3.37194634621e-07
    Total E(T) = -12114.0815170367  Free energy = -12114.0815170384  E0 = -12114.0815170376
cycle= 4 E= -12114.0815170367  delta_E= -0.000148  |g|= 0.0456  |ddm|= 22.6
    sigma = 0.005  Optimized mu_alpha = -0.196911998591  entropy = 3.3720863144e-07
    sigma = 0.005  Optimized mu_beta  = -0.199454696165  entropy = 3.3720863144e-07
    Total E(T) = -12114.0815636994  Free energy = -12114.0815637011  E0 = -12114.0815637003
cycle= 5 E= -12114.0815636994  delta_E= -4.67e-05  |g|= 0.0282  |ddm|= 11.9
    sigma = 0.005  Optimized mu_alpha = -0.196971972449  entropy = 3.36990509895e-07
    sigma = 0.005  Optimized mu_beta  = -0.199515253638  entropy = 3.36990509895e-07
    Total E(T) = -12114.0815801507  Free energy = -12114.0815801524  E0 = -12114.0815801516
cycle= 6 E= -12114.0815801507  delta_E= -1.65e-05  |g|= 0.0146  |ddm|= 8.55
    sigma = 0.005  Optimized mu_alpha = -0.196980673404  entropy = 3.3701040127e-07
    sigma = 0.005  Optimized mu_beta  = -0.199523855623  entropy = 3.3701040127e-07
    Total E(T) = -12114.0815853398  Free energy = -12114.0815853414  E0 = -12114.0815853406
cycle= 7 E= -12114.0815853398  delta_E= -5.19e-06  |g|= 0.00892  |ddm|= 6.16
    sigma = 0.005  Optimized mu_alpha = -0.196985972026  entropy = 3.36949185091e-07
    sigma = 0.005  Optimized mu_beta  = -0.199529847113  entropy = 3.36949185091e-07
    Total E(T) = -12114.0815871273  Free energy = -12114.081587129  E0 = -12114.0815871281
cycle= 8 E= -12114.0815871273  delta_E= -1.79e-06  |g|= 0.00447  |ddm|= 2.75
    sigma = 0.005  Optimized mu_alpha = -0.296500709868  entropy = 12.832516364
    sigma = 0.005  Optimized mu_beta  = -0.299384851639  entropy = 12.832516364
    Total E(T) = -12114.046195997  Free energy = -12114.1103585789  E0 = -12114.078277288
Extra cycle  E= -12114.046195997  delta_E= 0.0354  |g|= 0.215  |ddm|=  898
converged SCF energy = -12114.046195997  <S^2> = 3.7627591  2S+1 = 4.0063745
[timing] right/Al ensemble SCF = 1034.3s
[timing] collect state = 0.0s
[timing] grad contraction = 1.6s
Npdft 666.0000340634444
[timing] checkpoint save = 0.0s
step=   3 L=-12265.38620263 Ef=-12265.39283340 L1=9.51400833e-01 |grad|=1.86863e-02 t=1248.4s
[diagnostic] step=4 |b|=4.864377e-01 max|b|=7.633100e-02
[timing] build AO Vp from S3 = 1.6s
[diagnostic] |vpl|=5.123343e-01 max|vpl|=7.529121e-02
[diagnostic] |vpr|=6.507191e-01 max|vpr|=5.913634e-02
[diagnostic] |vpref|=7.524801e-01 max|vpref|=7.525109e-02
dm0 check [[[ 1.51511507e-09  2.24391764e-08  1.89790082e-07 ... -1.14718990e-07
    7.42477045e-07  6.64943306e-08]
  [ 2.24391764e-08  3.34444763e-07  2.75067587e-06 ... -1.77767125e-06
    1.10110602e-05  1.04757907e-06]
  [ 1.89790082e-07  2.75067587e-06  2.57238102e-05 ... -1.02769953e-05
    9.27869282e-05  4.99876750e-06]
  ...
  [-1.14718990e-07 -1.77767125e-06 -1.02769953e-05 ...  2.27166703e-04
    1.81897159e-06 -1.91352281e-04]
  [ 7.42477045e-07  1.10110602e-05  9.27869282e-05 ...  1.81897159e-06
    4.79980205e-04 -1.62432622e-06]
  [ 6.64943306e-08  1.04757907e-06  4.99876750e-06 ... -1.91352281e-04
   -1.62432622e-06  6.55604862e-04]]

 [[ 2.14412506e-09  3.18476057e-08  2.65523940e-07 ... -7.48707043e-08
    1.03578288e-06  2.38439018e-08]
  [ 3.18476057e-08  4.74248514e-07  3.91397520e-06 ... -9.93113263e-07
    1.53190814e-05  2.50155752e-07]
  [ 2.65523940e-07  3.91397520e-06  3.37625800e-05 ... -1.10142938e-05
    1.30901577e-04  4.52868661e-06]
  ...
  [-7.48707043e-08 -9.93113263e-07 -1.10142938e-05 ...  2.49604179e-04
    2.27939104e-06 -2.10130198e-04]
  [ 1.03578288e-06  1.53190814e-05  1.30901577e-04 ...  2.27939104e-06
    5.52938810e-04 -2.04467526e-06]
  [ 2.38439018e-08  2.50155752e-07  4.52868661e-06 ... -2.10130198e-04
   -2.04467526e-06  7.46013355e-04]]]
converged SCF energy = -150.22669371454  <S^2> = 2.0045398  2S+1 = 3.003025
dm0 check [[[ 1.14640389e-09  1.70870133e-08  1.38753939e-07 ... -8.06188010e-08
    6.25415508e-07  4.56897409e-08]
  [ 1.70870133e-08  2.56085856e-07  2.02952809e-06 ... -1.06182303e-06
    9.18280262e-06  7.18371405e-07]
  [ 1.38753939e-07  2.02952809e-06  1.80707535e-05 ... -1.26946238e-05
    8.12949622e-05  3.19865437e-06]
  ...
  [-8.06188010e-08 -1.06182303e-06 -1.26946238e-05 ...  2.39058491e-04
   -1.61625119e-06 -1.68274807e-04]
  [ 6.25415508e-07  9.18280262e-06  8.12949622e-05 ... -1.61625119e-06
    4.44994840e-04 -4.05993503e-06]
  [ 4.56897409e-08  7.18371405e-07  3.19865437e-06 ... -1.68274807e-04
   -4.05993503e-06  5.95722512e-04]]

 [[ 2.53036577e-08  3.85049032e-07  2.83126422e-06 ... -1.48564942e-07
    1.05891592e-07  7.43764912e-08]
  [ 3.85049032e-07  5.86074589e-06  4.30457436e-05 ... -2.17965303e-06
    1.18317950e-06  1.05272041e-06]
  [ 2.83126422e-06  4.30457436e-05  3.17989433e-04 ... -1.75089510e-05
    2.68727894e-05  9.38929286e-06]
  ...
  [-1.48564942e-07 -2.17965303e-06 -1.75089510e-05 ...  2.30571546e-04
    2.08965287e-07 -1.91670976e-04]
  [ 1.05891592e-07  1.18317950e-06  2.68727894e-05 ...  2.08965287e-07
    4.63237986e-04 -3.50230113e-06]
  [ 7.43764912e-08  1.05272041e-06  9.38929286e-06 ... -1.91670976e-04
   -3.50230113e-06  6.49568405e-04]]]
converged SCF energy = -150.244985829834  <S^2> = 0.92979734  2S+1 = 2.1723695
[timing] left/O ensemble SCF = 12.8s
dm0 check [[ 3.79545042e-01  6.12232050e-01 -1.25235874e-01 ...  1.66822879e-06
  -1.27066743e-07 -4.41315254e-06]
 [ 6.12232050e-01  1.01514710e+00 -3.34056333e-01 ...  5.20376740e-06
  -1.13969997e-06 -1.24799843e-05]
 [-1.25235874e-01 -3.34056333e-01  6.75279187e-01 ... -1.20435632e-05
   2.63929892e-06  3.01160069e-05]
 ...
 [ 1.66822879e-06  5.20376740e-06 -1.20435632e-05 ...  7.83273427e-07
  -2.74687614e-07  1.20238551e-07]
 [-1.27066743e-07 -1.13969997e-06  2.63929892e-06 ... -2.74687614e-07
   6.00804352e-07 -1.51957857e-09]
 [-4.41315254e-06 -1.24799843e-05  3.01160069e-05 ...  1.20238551e-07
  -1.51957857e-09  6.60108862e-07]]


******** <class 'pyscf.scf.addons.SmearingDFRKS'> ********
method = SmearingDFRKS
initial guess = minao
damping factor = 0.15
level_shift factor = 0.2
DIIS = <class 'pyscf.scf.diis.CDIIS'>
diis_start_cycle = 1
diis_space = 12
diis_damp = 0
SCF conv_tol = 5e-05
SCF conv_tol_grad = None
SCF max_cycles = 200
direct_scf = True
direct_scf_tol = 1e-13
chkfile to save SCF result = /tmp/tmpqg3icue5
max_memory 4000 MB (current use 86819 MB)
XC library pyscf.dft.libxc version 6.1.0
    S. Lehtola, C. Steigemann, M. J.T. Oliveira, and M. A.L. Marques.,  SoftwareX 7, 1–5 (2018)
XC functionals = pbe
    J. P. Perdew, K. Burke, and M. Ernzerhof.,  Phys. Rev. Lett. 77, 3865 (1996)
    J. P. Perdew, K. Burke, and M. Ernzerhof.,  Phys. Rev. Lett. 78, 1396 (1997)
    J. P. Perdew, K. Burke, and M. Ernzerhof.,  Phys. Rev. Lett. 77, 3865 (1996)
    J. P. Perdew, K. Burke, and M. Ernzerhof.,  Phys. Rev. Lett. 78, 1396 (1997)
small_rho_cutoff = 1e-06
Set gradient conv threshold to 0.00707107
    Total E(T) = -12114.7842818279  Free energy = -12115.804532525  E0 = -12115.2944071765
init E= -12114.7842818279
    sigma = 0.02  Optimized mu = -0.0520500473754  entropy = 1.50459628822
    Total E(T) = -12114.784306577  Free energy = -12114.8143985028  E0 = -12114.7993525399
cycle= 1 E= -12114.784306577  delta_E= -2.47e-05  |g|= 0.0155  |ddm|= 58.4
    sigma = 0.02  Optimized mu = -0.0516195632029  entropy = 1.50617848763
    Total E(T) = -12114.7842407413  Free energy = -12114.814364311  E0 = -12114.7993025261
cycle= 2 E= -12114.7842407413  delta_E= 6.58e-05  |g|= 0.0427  |ddm|= 64.6
    sigma = 0.02  Optimized mu = -0.05187825092  entropy = 1.50513293224
    Total E(T) = -12114.7843045141  Free energy = -12114.8144071728  E0 = -12114.7993558435
cycle= 3 E= -12114.7843045141  delta_E= -6.38e-05  |g|= 0.0111  |ddm|= 34.1
    sigma = 0.02  Optimized mu = -0.0518871372367  entropy = 1.5051219577
    Total E(T) = -12114.7843144655  Free energy = -12114.8144169047  E0 = -12114.7993656851
cycle= 4 E= -12114.7843144655  delta_E= -9.95e-06  |g|= 0.00632  |ddm|= 12.8
    sigma = 0.02  Optimized mu = -0.151934707909  entropy = 50.9890286376
    Total E(T) = -12114.2614941917  Free energy = -12115.2812747644  E0 = -12114.7713844781
Extra cycle  E= -12114.2614941917  delta_E= 0.523  |g|= 0.351  |ddm|= 4.14e+03
converged SCF energy = -12114.2614941917
dm0 check [[[ 1.89794116e-01  3.06173800e-01 -6.27536016e-02 ...  7.09018166e-07
   -7.76682422e-08 -2.16667980e-06]
  [ 3.06173800e-01  5.07727116e-01 -1.67387061e-01 ...  2.26550834e-06
   -6.08654195e-07 -6.13020399e-06]
  [-6.27536016e-02 -1.67387061e-01  3.38469977e-01 ... -5.21218379e-06
    1.41995215e-06  1.47688508e-05]
  ...
  [ 7.09018166e-07  2.26550834e-06 -5.21218379e-06 ...  4.15421520e-07
   -1.43421883e-07  6.30952797e-08]
  [-7.76682422e-08 -6.08654195e-07  1.41995215e-06 ... -1.43421883e-07
    3.04000950e-07  8.50309335e-09]
  [-2.16667980e-06 -6.13020399e-06  1.47688508e-05 ...  6.30952797e-08
    8.50309335e-09  3.29906822e-07]]

 [[ 1.89773341e-01  3.06117199e-01 -6.26250944e-02 ...  9.31795053e-07
   -5.12876400e-08 -2.05007249e-06]
  [ 3.06117199e-01  5.07576003e-01 -1.67047961e-01 ...  2.86466435e-06
   -5.35137692e-07 -5.81835994e-06]
  [-6.26250944e-02 -1.67047961e-01  3.37711777e-01 ... -6.64715594e-06
    1.22145562e-06  1.40387940e-05]
  ...
  [ 9.31795053e-07  2.86466435e-06 -6.64715594e-06 ...  4.01056823e-07
   -1.44766710e-07  6.59005885e-08]
  [-5.12876400e-08 -5.35137692e-07  1.22145562e-06 ... -1.44766710e-07
    3.05344821e-07  4.37380705e-09]
  [-2.05007249e-06 -5.81835994e-06  1.40387940e-05 ...  6.59005885e-08
    4.37380705e-09  3.18414896e-07]]]


******** <class 'pyscf.scf.addons.SmearingDFUKS'> ********
method = SmearingDFUKS
initial guess = minao
damping factor = 0.15
level_shift factor = 0.2
DIIS = <class 'pyscf.scf.diis.CDIIS'>
diis_start_cycle = 1
diis_space = 12
diis_damp = 0
SCF conv_tol = 5e-05
SCF conv_tol_grad = None
SCF max_cycles = 200
direct_scf = True
direct_scf_tol = 1e-13
chkfile to save SCF result = /tmp/tmpi_y3d5mj
max_memory 4000 MB (current use 86819 MB)
number electrons alpha = 325  beta = 323
XC library pyscf.dft.libxc version 6.1.0
    S. Lehtola, C. Steigemann, M. J.T. Oliveira, and M. A.L. Marques.,  SoftwareX 7, 1–5 (2018)
XC functionals = pbe
    J. P. Perdew, K. Burke, and M. Ernzerhof.,  Phys. Rev. Lett. 77, 3865 (1996)
    J. P. Perdew, K. Burke, and M. Ernzerhof.,  Phys. Rev. Lett. 78, 1396 (1997)
    J. P. Perdew, K. Burke, and M. Ernzerhof.,  Phys. Rev. Lett. 77, 3865 (1996)
    J. P. Perdew, K. Burke, and M. Ernzerhof.,  Phys. Rev. Lett. 78, 1396 (1997)
small_rho_cutoff = 1e-06
Set gradient conv threshold to 0.00707107
    Total E(T) = -12114.3406901899  Free energy = -12114.4048527717  E0 = -12114.3727714808
init E= -12114.3406901899
    sigma = 0.005  Optimized mu_alpha = -0.197250440367  entropy = 3.34045482596e-07
    sigma = 0.005  Optimized mu_beta  = -0.199806146494  entropy = 3.34045482596e-07
    Total E(T) = -12114.3407072018  Free energy = -12114.3407072034  E0 = -12114.3407072026
cycle= 1 E= -12114.3407072018  delta_E= -1.7e-05  |g|= 0.0264  |ddm|=   39
    sigma = 0.005  Optimized mu_alpha = -0.19665497195  entropy = 3.36884014165e-07
    sigma = 0.005  Optimized mu_beta  = -0.199192827396  entropy = 3.36884014165e-07
    Total E(T) = -12114.3406060816  Free energy = -12114.3406060833  E0 = -12114.3406060825
cycle= 2 E= -12114.3406060816  delta_E= 0.000101  |g|= 0.0718  |ddm|= 58.3
    sigma = 0.005  Optimized mu_alpha = -0.197028672668  entropy = 3.34589021552e-07
    sigma = 0.005  Optimized mu_beta  = -0.199582654669  entropy = 3.34589021552e-07
    Total E(T) = -12114.3406960732  Free energy = -12114.3406960749  E0 = -12114.3406960741
cycle= 3 E= -12114.3406960732  delta_E= -9e-05  |g|= 0.0254  |ddm|= 29.3
    sigma = 0.005  Optimized mu_alpha = -0.197062526614  entropy = 3.34708549112e-07
    sigma = 0.005  Optimized mu_beta  = -0.199615284009  entropy = 3.34708549112e-07
    Total E(T) = -12114.3407189496  Free energy = -12114.3407189513  E0 = -12114.3407189504
cycle= 4 E= -12114.3407189496  delta_E= -2.29e-05  |g|= 0.00983  |ddm|=   11
    sigma = 0.005  Optimized mu_alpha = -0.197058764389  entropy = 3.34781724985e-07
    sigma = 0.005  Optimized mu_beta  = -0.199611442492  entropy = 3.34781724985e-07
    Total E(T) = -12114.3407229191  Free energy = -12114.3407229208  E0 = -12114.34072292
cycle= 5 E= -12114.3407229191  delta_E= -3.97e-06  |g|= 0.00536  |ddm|= 5.01
    sigma = 0.005  Optimized mu_alpha = -0.296592592888  entropy = 12.8139309122
    sigma = 0.005  Optimized mu_beta  = -0.2994849893  entropy = 12.8139309122
    Total E(T) = -12114.3060692527  Free energy = -12114.3701389073  E0 = -12114.33810408
Extra cycle  E= -12114.3060692527  delta_E= 0.0347  |g|= 0.147  |ddm|=  888
converged SCF energy = -12114.3060692527  <S^2> = 3.7627581  2S+1 = 4.0063739
[timing] right/Al ensemble SCF = 700.9s
[timing] collect state = 0.0s
[timing] grad contraction = 1.5s
Npdft 666.0000340522303
[timing] checkpoint save = 0.0s
step=   4 L=-12265.38534440 Ef=-12265.39210962 L1=9.77266773e-01 |grad|=1.86772e-02 t=913.3s
[diagnostic] step=5 |b|=4.909330e-01 max|b|=7.633100e-02
[timing] build AO Vp from S3 = 1.6s
[diagnostic] |vpl|=5.146667e-01 max|vpl|=7.548701e-02
[diagnostic] |vpr|=6.559617e-01 max|vpr|=5.924438e-02
[diagnostic] |vpref|=7.577548e-01 max|vpref|=7.544660e-02
dm0 check [[[ 1.51511345e-09  2.24391537e-08  1.89789845e-07 ... -1.14719041e-07
    7.42476856e-07  6.64943793e-08]
  [ 2.24391537e-08  3.34444425e-07  2.75067274e-06 ... -1.77767171e-06
    1.10110573e-05  1.04757954e-06]
  [ 1.89789845e-07  2.75067274e-06  2.57237806e-05 ... -1.02769975e-05
    9.27869110e-05  4.99876992e-06]
  ...
  [-1.14719041e-07 -1.77767171e-06 -1.02769975e-05 ...  2.27166714e-04
    1.81897069e-06 -1.91352291e-04]
  [ 7.42476856e-07  1.10110573e-05  9.27869110e-05 ...  1.81897069e-06
    4.79980266e-04 -1.62432538e-06]
  [ 6.64943793e-08  1.04757954e-06  4.99876992e-06 ... -1.91352291e-04
   -1.62432538e-06  6.55604932e-04]]

 [[ 2.14412288e-09  3.18475751e-08  2.65523668e-07 ... -7.48706513e-08
    1.03578247e-06  2.38438681e-08]
  [ 3.18475751e-08  4.74248065e-07  3.91397161e-06 ... -9.93113945e-07
    1.53190755e-05  2.50156401e-07]
  [ 2.65523668e-07  3.91397161e-06  3.37625491e-05 ... -1.10142914e-05
    1.30901535e-04  4.52868544e-06]
  ...
  [-7.48706513e-08 -9.93113945e-07 -1.10142914e-05 ...  2.49604200e-04
    2.27939015e-06 -2.10130218e-04]
  [ 1.03578247e-06  1.53190755e-05  1.30901535e-04 ...  2.27939015e-06
    5.52938890e-04 -2.04467291e-06]
  [ 2.38438681e-08  2.50156401e-07  4.52868544e-06 ... -2.10130218e-04
   -2.04467291e-06  7.46013452e-04]]]
converged SCF energy = -150.226693714539  <S^2> = 2.0045398  2S+1 = 3.003025
dm0 check [[[ 1.14641745e-09  1.70871841e-08  1.38754813e-07 ... -8.06196941e-08
    6.25417120e-07  4.56926965e-08]
  [ 1.70871841e-08  2.56087717e-07  2.02954043e-06 ... -1.06182579e-06
    9.18282741e-06  7.18406974e-07]
  [ 1.38754813e-07  2.02954043e-06  1.80708466e-05 ... -1.26946806e-05
    8.12951703e-05  3.19891372e-06]
  ...
  [-8.06196941e-08 -1.06182579e-06 -1.26946806e-05 ...  2.39058742e-04
   -1.61627706e-06 -1.68275179e-04]
  [ 6.25417120e-07  9.18282741e-06  8.12951703e-05 ... -1.61627706e-06
    4.44995293e-04 -4.05994829e-06]
  [ 4.56926965e-08  7.18406974e-07  3.19891372e-06 ... -1.68275179e-04
   -4.05994829e-06  5.95722691e-04]]

 [[ 2.53030872e-08  3.85041148e-07  2.83121281e-06 ... -1.48564709e-07
    1.05890540e-07  7.43821276e-08]
  [ 3.85041148e-07  5.86063793e-06  4.30450523e-05 ... -2.17963110e-06
    1.18320858e-06  1.05278733e-06]
  [ 2.83121281e-06  4.30450523e-05  3.17985100e-04 ... -1.75088049e-05
    2.68728932e-05  9.38978176e-06]
  ...
  [-1.48564709e-07 -2.17963110e-06 -1.75088049e-05 ...  2.30571482e-04
    2.08982238e-07 -1.91671362e-04]
  [ 1.05890540e-07  1.18320858e-06  2.68728932e-05 ...  2.08982238e-07
    4.63238233e-04 -3.50223686e-06]
  [ 7.43821276e-08  1.05278733e-06  9.38978176e-06 ... -1.91671362e-04
   -3.50223686e-06  6.49568189e-04]]]
converged SCF energy = -150.244985829831  <S^2> = 0.92979752  2S+1 = 2.1723697
[timing] left/O ensemble SCF = 11.8s
dm0 check [[ 3.79535378e-01  6.12226697e-01 -1.25221617e-01 ...  1.59569265e-06
  -1.98429028e-07 -4.38995017e-06]
 [ 6.12226697e-01  1.01515587e+00 -3.34033107e-01 ...  5.00891420e-06
  -1.33316448e-06 -1.24185138e-05]
 [-1.25221617e-01 -3.34033107e-01  6.75217636e-01 ... -1.15734522e-05
   3.11141773e-06  2.99713116e-05]
 ...
 [ 1.59569265e-06  5.00891420e-06 -1.15734522e-05 ...  7.91430301e-07
  -2.73129422e-07  1.32704843e-07]
 [-1.98429028e-07 -1.33316448e-06  3.11141773e-06 ... -2.73129422e-07
   5.98596529e-07  7.78266599e-09]
 [-4.38995017e-06 -1.24185138e-05  2.99713116e-05 ...  1.32704843e-07
   7.78266599e-09  6.58545345e-07]]


******** <class 'pyscf.scf.addons.SmearingDFRKS'> ********
method = SmearingDFRKS
initial guess = minao
damping factor = 0.15
level_shift factor = 0.2
DIIS = <class 'pyscf.scf.diis.CDIIS'>
diis_start_cycle = 1
diis_space = 12
diis_damp = 0
SCF conv_tol = 5e-05
SCF conv_tol_grad = None
SCF max_cycles = 200
direct_scf = True
direct_scf_tol = 1e-13
chkfile to save SCF result = /tmp/tmpqg3icue5
max_memory 4000 MB (current use 86875 MB)
XC library pyscf.dft.libxc version 6.1.0
    S. Lehtola, C. Steigemann, M. J.T. Oliveira, and M. A.L. Marques.,  SoftwareX 7, 1–5 (2018)
XC functionals = pbe
    J. P. Perdew, K. Burke, and M. Ernzerhof.,  Phys. Rev. Lett. 77, 3865 (1996)
    J. P. Perdew, K. Burke, and M. Ernzerhof.,  Phys. Rev. Lett. 78, 1396 (1997)
    J. P. Perdew, K. Burke, and M. Ernzerhof.,  Phys. Rev. Lett. 77, 3865 (1996)
    J. P. Perdew, K. Burke, and M. Ernzerhof.,  Phys. Rev. Lett. 78, 1396 (1997)
small_rho_cutoff = 1e-06
Set gradient conv threshold to 0.00707107
    Total E(T) = -12114.7620119034  Free energy = -12115.7817924761  E0 = -12115.2719021898
init E= -12114.7620119034
    sigma = 0.02  Optimized mu = -0.0519403276071  entropy = 1.50500144132
    Total E(T) = -12114.7619910131  Free energy = -12114.7920910419  E0 = -12114.7770410275
cycle= 1 E= -12114.7619910131  delta_E= 2.09e-05  |g|= 0.0273  |ddm|= 36.1
    sigma = 0.02  Optimized mu = -0.0515331197531  entropy = 1.5073357364
    Total E(T) = -12114.7617281055  Free energy = -12114.7918748202  E0 = -12114.7768014628
cycle= 2 E= -12114.7617281055  delta_E= 0.000263  |g|= 0.0942  |ddm|=  111
    sigma = 0.02  Optimized mu = -0.0518387286409  entropy = 1.50554532884
    Total E(T) = -12114.761906092  Free energy = -12114.7920169986  E0 = -12114.7769615453
cycle= 3 E= -12114.761906092  delta_E= -0.000178  |g|= 0.0461  |ddm|= 40.6
    sigma = 0.02  Optimized mu = -0.0518393755421  entropy = 1.50545485841
    Total E(T) = -12114.7619677242  Free energy = -12114.7920768214  E0 = -12114.7770222728
cycle= 4 E= -12114.7619677242  delta_E= -6.16e-05  |g|= 0.03  |ddm|= 20.4
    sigma = 0.02  Optimized mu = -0.0518487015783  entropy = 1.50540305802
    Total E(T) = -12114.7619931099  Free energy = -12114.7921011711  E0 = -12114.7770471405
cycle= 5 E= -12114.7619931099  delta_E= -2.54e-05  |g|= 0.0204  |ddm|= 9.92
    sigma = 0.02  Optimized mu = -0.0518473234993  entropy = 1.50540927014
    Total E(T) = -12114.7620045677  Free energy = -12114.7921127531  E0 = -12114.7770586604
cycle= 6 E= -12114.7620045677  delta_E= -1.15e-05  |g|= 0.0135  |ddm|= 5.25
    sigma = 0.02  Optimized mu = -0.0518492103655  entropy = 1.50540139807
    Total E(T) = -12114.7620095818  Free energy = -12114.7921176098  E0 = -12114.7770635958
cycle= 7 E= -12114.7620095818  delta_E= -5.01e-06  |g|= 0.00984  |ddm|= 4.57
    sigma = 0.02  Optimized mu = -0.0518462444285  entropy = 1.5054099624
    Total E(T) = -12114.7620119323  Free energy = -12114.7921201316  E0 = -12114.777066032
cycle= 8 E= -12114.7620119323  delta_E= -2.35e-06  |g|= 0.00691  |ddm|= 2.74
    sigma = 0.02  Optimized mu = -0.151893264121  entropy = 50.9917119125
    Total E(T) = -12114.2384516004  Free energy = -12115.2582858386  E0 = -12114.7483687195
Extra cycle  E= -12114.2384516004  delta_E= 0.524  |g|= 0.371  |ddm|= 4.12e+03
converged SCF energy = -12114.2384516004
dm0 check [[[ 1.89789267e-01  3.06171109e-01 -6.27464165e-02 ...  6.72464777e-07
   -1.10055817e-07 -2.15591215e-06]
  [ 3.06171109e-01  5.07731500e-01 -1.67375356e-01 ...  2.16735228e-06
   -6.96454506e-07 -6.10172950e-06]
  [-6.27464165e-02 -1.67375356e-01  3.38438965e-01 ... -4.97577133e-06
    1.63390014e-06  1.47021167e-05]
  ...
  [ 6.72464777e-07  2.16735228e-06 -4.97577133e-06 ...  4.20204312e-07
   -1.42358766e-07  6.92394425e-08]
  [-1.10055817e-07 -6.96454506e-07  1.63390014e-06 ... -1.42358766e-07
    3.03185817e-07  1.27939984e-08]
  [-2.15591215e-06 -6.10172950e-06  1.47021167e-05 ...  6.92394425e-08
    1.27939984e-08  3.29217544e-07]]

 [[ 1.89768512e-01  3.06114562e-01 -6.26180499e-02 ...  8.96771565e-07
   -8.22801086e-08 -2.03686915e-06]
  [ 3.06114562e-01  5.07580534e-01 -1.67036635e-01 ...  2.77055214e-06
   -6.19235352e-07 -5.78329695e-06]
  [-6.26180499e-02 -1.67036635e-01  3.37681750e-01 ... -6.41967229e-06
    1.42706818e-06  1.39559795e-05]
  ...
  [ 8.96771565e-07  2.77055214e-06 -6.41967229e-06 ...  4.05604416e-07
   -1.43815935e-07  7.19464335e-08]
  [-8.22801086e-08 -6.19235352e-07  1.42706818e-06 ... -1.43815935e-07
    3.04322927e-07  8.62268023e-09]
  [-2.03686915e-06 -5.78329695e-06  1.39559795e-05 ...  7.19464335e-08
    8.62268023e-09  3.17684268e-07]]]


******** <class 'pyscf.scf.addons.SmearingDFUKS'> ********
method = SmearingDFUKS
initial guess = minao
damping factor = 0.15
level_shift factor = 0.2
DIIS = <class 'pyscf.scf.diis.CDIIS'>
diis_start_cycle = 1
diis_space = 12
diis_damp = 0
SCF conv_tol = 5e-05
SCF conv_tol_grad = None
SCF max_cycles = 200
direct_scf = True
direct_scf_tol = 1e-13
chkfile to save SCF result = /tmp/tmpi_y3d5mj
max_memory 4000 MB (current use 86875 MB)
number electrons alpha = 325  beta = 323
XC library pyscf.dft.libxc version 6.1.0
    S. Lehtola, C. Steigemann, M. J.T. Oliveira, and M. A.L. Marques.,  SoftwareX 7, 1–5 (2018)
XC functionals = pbe
    J. P. Perdew, K. Burke, and M. Ernzerhof.,  Phys. Rev. Lett. 77, 3865 (1996)
    J. P. Perdew, K. Burke, and M. Ernzerhof.,  Phys. Rev. Lett. 78, 1396 (1997)
    J. P. Perdew, K. Burke, and M. Ernzerhof.,  Phys. Rev. Lett. 77, 3865 (1996)
    J. P. Perdew, K. Burke, and M. Ernzerhof.,  Phys. Rev. Lett. 78, 1396 (1997)
small_rho_cutoff = 1e-06
Set gradient conv threshold to 0.00707107
    Total E(T) = -12114.3184530178  Free energy = -12114.3825226723  E0 = -12114.3504878451
init E= -12114.3184530178
    sigma = 0.005  Optimized mu_alpha = -0.196997366602  entropy = 3.34848359493e-07
    sigma = 0.005  Optimized mu_beta  = -0.199552085637  entropy = 3.34848359493e-07
    Total E(T) = -12114.3184497675  Free energy = -12114.3184497691  E0 = -12114.3184497683
cycle= 1 E= -12114.3184497675  delta_E= 3.25e-06  |g|= 0.0141  |ddm|= 20.5
    sigma = 0.005  Optimized mu_alpha = -0.196939701761  entropy = 3.36012694636e-07
    sigma = 0.005  Optimized mu_beta  = -0.199482734105  entropy = 3.36012694636e-07
    Total E(T) = -12114.31841861  Free energy = -12114.3184186117  E0 = -12114.3184186108
cycle= 2 E= -12114.31841861  delta_E= 3.12e-05  |g|= 0.0417  |ddm|= 38.2
    sigma = 0.005  Optimized mu_alpha = -0.197015627062  entropy = 3.35063220052e-07
    sigma = 0.005  Optimized mu_beta  = -0.19956729756  entropy = 3.35063220052e-07
    Total E(T) = -12114.3184418944  Free energy = -12114.3184418961  E0 = -12114.3184418953
cycle= 3 E= -12114.3184418944  delta_E= -2.33e-05  |g|= 0.0184  |ddm|= 12.3
    sigma = 0.005  Optimized mu_alpha = -0.197008445026  entropy = 3.35051466529e-07
    sigma = 0.005  Optimized mu_beta  = -0.199560502397  entropy = 3.35051466529e-07
    Total E(T) = -12114.318449859  Free energy = -12114.3184498606  E0 = -12114.3184498598
cycle= 4 E= -12114.318449859  delta_E= -7.96e-06  |g|= 0.0106  |ddm|= 6.28
    sigma = 0.005  Optimized mu_alpha = -0.196999727923  entropy = 3.35049324929e-07
    sigma = 0.005  Optimized mu_beta  = -0.199552083295  entropy = 3.35049324929e-07
    Total E(T) = -12114.318452419  Free energy = -12114.3184524207  E0 = -12114.3184524198
cycle= 5 E= -12114.318452419  delta_E= -2.56e-06  |g|= 0.00671  |ddm|=    4
    sigma = 0.005  Optimized mu_alpha = -0.296581414125  entropy = 12.8115955797
    sigma = 0.005  Optimized mu_beta  = -0.299474821109  entropy = 12.8115955797
    Total E(T) = -12114.2838544379  Free energy = -12114.3479124158  E0 = -12114.3158834269
Extra cycle  E= -12114.2838544379  delta_E= 0.0346  |g|= 0.147  |ddm|=  892
converged SCF energy = -12114.2838544379  <S^2> = 3.7627621  2S+1 = 4.0063759
[timing] right/Al ensemble SCF = 870.4s
[timing] collect state = 0.0s
[timing] grad contraction = 1.5s
Npdft 666.0000340607852
[timing] checkpoint save = 0.0s
step=   5 L=-12265.38619760 Ef=-12265.39297408 L1=9.77295926e-01 |grad|=1.86531e-02 t=1083.1s
[diagnostic] step=6 |b|=4.860963e-01 max|b|=7.633100e-02
[timing] build AO Vp from S3 = 1.6s
[diagnostic] |vpl|=5.122266e-01 max|vpl|=7.528306e-02
[diagnostic] |vpr|=6.502560e-01 max|vpr|=5.913177e-02
[diagnostic] |vpref|=7.520535e-01 max|vpref|=7.524300e-02
dm0 check [[[ 1.51511415e-09  2.24391628e-08  1.89789947e-07 ... -1.14718984e-07
    7.42476838e-07  6.64943258e-08]
  [ 2.24391628e-08  3.34444541e-07  2.75067408e-06 ... -1.77767093e-06
    1.10110575e-05  1.04757877e-06]
  [ 1.89789947e-07  2.75067408e-06  2.57237936e-05 ... -1.02769919e-05
    9.27869045e-05  4.99876461e-06]
  ...
  [-1.14718984e-07 -1.77767093e-06 -1.02769919e-05 ...  2.27166733e-04
    1.81897134e-06 -1.91352306e-04]
  [ 7.42476838e-07  1.10110575e-05  9.27869045e-05 ...  1.81897134e-06
    4.79980259e-04 -1.62432546e-06]
  [ 6.64943258e-08  1.04757877e-06  4.99876461e-06 ... -1.91352306e-04
   -1.62432546e-06  6.55604939e-04]]

 [[ 2.14412378e-09  3.18475878e-08  2.65523769e-07 ... -7.48705966e-08
    1.03578261e-06  2.38438148e-08]
  [ 3.18475878e-08  4.74248243e-07  3.91397303e-06 ... -9.93113260e-07
    1.53190777e-05  2.50155737e-07]
  [ 2.65523769e-07  3.91397303e-06  3.37625602e-05 ... -1.10142876e-05
    1.30901546e-04  4.52868172e-06]
  ...
  [-7.48705966e-08 -9.93113260e-07 -1.10142876e-05 ...  2.49604209e-04
    2.27939089e-06 -2.10130225e-04]
  [ 1.03578261e-06  1.53190777e-05  1.30901546e-04 ...  2.27939089e-06
    5.52938841e-04 -2.04467317e-06]
  [ 2.38438148e-08  2.50155737e-07  4.52868172e-06 ... -2.10130225e-04
   -2.04467317e-06  7.46013408e-04]]]
converged SCF energy = -150.22669371454  <S^2> = 2.0045398  2S+1 = 3.003025
dm0 check [[[ 1.14640648e-09  1.70870363e-08  1.38753766e-07 ... -8.06181611e-08
    6.25414530e-07  4.56915041e-08]
  [ 1.70870363e-08  2.56085699e-07  2.02952709e-06 ... -1.06181952e-06
    9.18279720e-06  7.18389933e-07]
  [ 1.38753766e-07  2.02952709e-06  1.80707419e-05 ... -1.26946015e-05
    8.12948677e-05  3.19878429e-06]
  ...
  [-8.06181611e-08 -1.06181952e-06 -1.26946015e-05 ...  2.39058919e-04
   -1.61646206e-06 -1.68275036e-04]
  [ 6.25414530e-07  9.18279720e-06  8.12948677e-05 ... -1.61646206e-06
    4.44995046e-04 -4.06014496e-06]
  [ 4.56915041e-08  7.18389933e-07  3.19878429e-06 ... -1.68275036e-04
   -4.06014496e-06  5.95722908e-04]]

 [[ 2.53030893e-08  3.85040792e-07  2.83121159e-06 ... -1.48563626e-07
    1.05888903e-07  7.43804317e-08]
  [ 3.85040792e-07  5.86062650e-06  4.30449919e-05 ... -2.17962744e-06
    1.18318299e-06  1.05277454e-06]
  [ 2.83121159e-06  4.30449919e-05  3.17984803e-04 ... -1.75087729e-05
    2.68725759e-05  9.38968399e-06]
  ...
  [-1.48563626e-07 -2.17962744e-06 -1.75087729e-05 ...  2.30571627e-04
    2.08962394e-07 -1.91671233e-04]
  [ 1.05888903e-07  1.18318299e-06  2.68725759e-05 ...  2.08962394e-07
    4.63238037e-04 -3.50226009e-06]
  [ 7.43804317e-08  1.05277454e-06  9.38968399e-06 ... -1.91671233e-04
   -3.50226009e-06  6.49568165e-04]]]
converged SCF energy = -150.244985829816  <S^2> = 0.92980776  2S+1 = 2.1723791
[timing] left/O ensemble SCF = 11.8s
dm0 check [[ 3.79535083e-01  6.12226374e-01 -1.25220796e-01 ...  1.62787038e-06
  -1.67467632e-07 -4.39446998e-06]
 [ 6.12226374e-01  1.01515546e+00 -3.34031044e-01 ...  5.09577275e-06
  -1.24969222e-06 -1.24306947e-05]
 [-1.25220796e-01 -3.34031044e-01  6.75212366e-01 ... -1.17843614e-05
   2.90959806e-06  3.00004433e-05]
 ...
 [ 1.62787038e-06  5.09577275e-06 -1.17843614e-05 ...  7.88129762e-07
  -2.73824393e-07  1.28355771e-07]
 [-1.67467632e-07 -1.24969222e-06  2.90959806e-06 ... -2.73824393e-07
   6.00379406e-07  4.73749600e-09]
 [-4.39446998e-06 -1.24306947e-05  3.00004433e-05 ...  1.28355771e-07
   4.73749600e-09  6.60266108e-07]]


******** <class 'pyscf.scf.addons.SmearingDFRKS'> ********
method = SmearingDFRKS
initial guess = minao
damping factor = 0.15
level_shift factor = 0.2
DIIS = <class 'pyscf.scf.diis.CDIIS'>
diis_start_cycle = 1
diis_space = 12
diis_damp = 0
SCF conv_tol = 5e-05
SCF conv_tol_grad = None
SCF max_cycles = 200
direct_scf = True
direct_scf_tol = 1e-13
chkfile to save SCF result = /tmp/tmpqg3icue5
max_memory 4000 MB (current use 87006 MB)
XC library pyscf.dft.libxc version 6.1.0
    S. Lehtola, C. Steigemann, M. J.T. Oliveira, and M. A.L. Marques.,  SoftwareX 7, 1–5 (2018)
XC functionals = pbe
    J. P. Perdew, K. Burke, and M. Ernzerhof.,  Phys. Rev. Lett. 77, 3865 (1996)
    J. P. Perdew, K. Burke, and M. Ernzerhof.,  Phys. Rev. Lett. 78, 1396 (1997)
    J. P. Perdew, K. Burke, and M. Ernzerhof.,  Phys. Rev. Lett. 77, 3865 (1996)
    J. P. Perdew, K. Burke, and M. Ernzerhof.,  Phys. Rev. Lett. 78, 1396 (1997)
small_rho_cutoff = 1e-06
Set gradient conv threshold to 0.00707107
    Total E(T) = -12114.7874972761  Free energy = -12115.8073315143  E0 = -12115.2974143952
init E= -12114.7874972761
    sigma = 0.02  Optimized mu = -0.0519629758856  entropy = 1.50475553774
    Total E(T) = -12114.7874777599  Free energy = -12114.8175728707  E0 = -12114.8025253153
cycle= 1 E= -12114.7874777599  delta_E= 1.95e-05  |g|= 0.0279  |ddm|=   25
    sigma = 0.02  Optimized mu = -0.0515529879971  entropy = 1.50705914118
    Total E(T) = -12114.7872236128  Free energy = -12114.8173647956  E0 = -12114.8022942042
cycle= 2 E= -12114.7872236128  delta_E= 0.000254  |g|= 0.095  |ddm|= 99.4
    sigma = 0.02  Optimized mu = -0.0518310550636  entropy = 1.50540226327
    Total E(T) = -12114.7873857248  Free energy = -12114.8174937701  E0 = -12114.8024397475
cycle= 3 E= -12114.7873857248  delta_E= -0.000162  |g|= 0.0491  |ddm|= 38.8
    sigma = 0.02  Optimized mu = -0.0518404806162  entropy = 1.5052858857
    Total E(T) = -12114.7874471973  Free energy = -12114.817552915  E0 = -12114.8025000562
cycle= 4 E= -12114.7874471973  delta_E= -6.15e-05  |g|= 0.033  |ddm|= 17.6
    sigma = 0.02  Optimized mu = -0.0518478176353  entropy = 1.50524477947
    Total E(T) = -12114.7874744637  Free energy = -12114.8175793593  E0 = -12114.8025269115
cycle= 5 E= -12114.7874744637  delta_E= -2.73e-05  |g|= 0.0228  |ddm|= 9.31
    sigma = 0.02  Optimized mu = -0.0518473062241  entropy = 1.5052470903
    Total E(T) = -12114.7874874095  Free energy = -12114.8175923513  E0 = -12114.8025398804
cycle= 6 E= -12114.7874874095  delta_E= -1.29e-05  |g|= 0.0157  |ddm|= 5.24
    sigma = 0.02  Optimized mu = -0.0518534137817  entropy = 1.50521487181
    Total E(T) = -12114.787493589  Free energy = -12114.8175978865  E0 = -12114.8025457378
cycle= 7 E= -12114.787493589  delta_E= -6.18e-06  |g|= 0.0115  |ddm|= 3.84
    sigma = 0.02  Optimized mu = -0.0518522046888  entropy = 1.50521795185
    Total E(T) = -12114.7874966484  Free energy = -12114.8176010074  E0 = -12114.8025488279
cycle= 8 E= -12114.7874966484  delta_E= -3.06e-06  |g|= 0.00829  |ddm|= 2.32
    sigma = 0.02  Optimized mu = -0.0518499996471  entropy = 1.50522744622
    Total E(T) = -12114.7874981804  Free energy = -12114.8176027294  E0 = -12114.8025504549
cycle= 9 E= -12114.7874981804  delta_E= -1.53e-06  |g|= 0.00603  |ddm|= 1.61
    sigma = 0.02  Optimized mu = -0.15188519844  entropy = 50.9924651231
    Total E(T) = -12114.2637437362  Free energy = -12115.2835930386  E0 = -12114.7736683874
Extra cycle  E= -12114.2637437362  delta_E= 0.524  |g|= 0.373  |ddm|= 4.12e+03
converged SCF energy = -12114.2637437362
dm0 check [[[ 1.89789137e-01  3.06170972e-01 -6.27460696e-02 ...  6.88686823e-07
   -9.55608340e-08 -2.15833918e-06]
  [ 3.06170972e-01  5.07731339e-01 -1.67374463e-01 ...  2.21111893e-06
   -6.57399260e-07 -6.10826311e-06]
  [-6.27460696e-02 -1.67374463e-01  3.38436631e-01 ... -5.08185971e-06
    1.53969446e-06  1.47176783e-05]
  ...
  [ 6.88686823e-07  2.21111893e-06 -5.08185971e-06 ...  4.18279455e-07
   -1.42798449e-07  6.70972056e-08]
  [-9.55608340e-08 -6.57399260e-07  1.53969446e-06 ... -1.42798449e-07
    3.03937180e-07  1.14192598e-08]
  [-2.15833918e-06 -6.10826311e-06  1.47176783e-05 ...  6.70972056e-08
    1.14192598e-08  3.30090568e-07]]

 [[ 1.89768403e-01  3.06114485e-01 -6.26178457e-02 ...  9.12654105e-07
   -6.72446082e-08 -2.03965890e-06]
  [ 3.06114485e-01  5.07580533e-01 -1.67036126e-01 ...  2.81343880e-06
   -5.78687958e-07 -5.79081159e-06]
  [-6.26178457e-02 -1.67036126e-01  3.37680331e-01 ... -6.52395391e-06
    1.32892793e-06  1.39739445e-05]
  ...
  [ 9.12654105e-07  2.81343880e-06 -6.52395391e-06 ...  4.03736343e-07
   -1.44215781e-07  6.98445050e-08]
  [-6.72446082e-08 -5.78687958e-07  1.32892793e-06 ... -1.44215781e-07
    3.05142658e-07  7.25205495e-09]
  [-2.03965890e-06 -5.79081159e-06  1.39739445e-05 ...  6.98445050e-08
    7.25205495e-09  3.18540935e-07]]]


******** <class 'pyscf.scf.addons.SmearingDFUKS'> ********
method = SmearingDFUKS
initial guess = minao
damping factor = 0.15
level_shift factor = 0.2
DIIS = <class 'pyscf.scf.diis.CDIIS'>
diis_start_cycle = 1
diis_space = 12
diis_damp = 0
SCF conv_tol = 5e-05
SCF conv_tol_grad = None
SCF max_cycles = 200
direct_scf = True
direct_scf_tol = 1e-13
chkfile to save SCF result = /tmp/tmpi_y3d5mj
max_memory 4000 MB (current use 87081 MB)
number electrons alpha = 325  beta = 323
XC library pyscf.dft.libxc version 6.1.0
    S. Lehtola, C. Steigemann, M. J.T. Oliveira, and M. A.L. Marques.,  SoftwareX 7, 1–5 (2018)
XC functionals = pbe
    J. P. Perdew, K. Burke, and M. Ernzerhof.,  Phys. Rev. Lett. 77, 3865 (1996)
    J. P. Perdew, K. Burke, and M. Ernzerhof.,  Phys. Rev. Lett. 78, 1396 (1997)
    J. P. Perdew, K. Burke, and M. Ernzerhof.,  Phys. Rev. Lett. 77, 3865 (1996)
    J. P. Perdew, K. Burke, and M. Ernzerhof.,  Phys. Rev. Lett. 78, 1396 (1997)
small_rho_cutoff = 1e-06
Set gradient conv threshold to 0.00707107
    Total E(T) = -12114.343901787  Free energy = -12114.4079597649  E0 = -12114.3759307759
init E= -12114.343901787
    sigma = 0.005  Optimized mu_alpha = -0.197048779913  entropy = 3.34205151225e-07
    sigma = 0.005  Optimized mu_beta  = -0.199608400411  entropy = 3.34205151225e-07
    Total E(T) = -12114.3438860915  Free energy = -12114.3438860932  E0 = -12114.3438860923
cycle= 1 E= -12114.3438860915  delta_E= 1.57e-05  |g|= 0.0308  |ddm|= 19.8
    sigma = 0.005  Optimized mu_alpha = -0.196881680771  entropy = 3.36837765774e-07
    sigma = 0.005  Optimized mu_beta  = -0.199417343473  entropy = 3.36837765774e-07
    Total E(T) = -12114.3437444657  Free energy = -12114.3437444674  E0 = -12114.3437444666
cycle= 2 E= -12114.3437444657  delta_E= 0.000142  |g|= 0.0912  |ddm|=   70
    sigma = 0.005  Optimized mu_alpha = -0.197016509569  entropy = 3.34884214991e-07
    sigma = 0.005  Optimized mu_beta  = -0.199568442407  entropy = 3.34884214991e-07
    Total E(T) = -12114.3438433104  Free energy = -12114.3438433121  E0 = -12114.3438433113
cycle= 3 E= -12114.3438433104  delta_E= -9.88e-05  |g|= 0.0431  |ddm|= 24.3
    sigma = 0.005  Optimized mu_alpha = -0.197010472186  entropy = 3.34847872587e-07
    sigma = 0.005  Optimized mu_beta  = -0.199563143477  entropy = 3.34847872587e-07
    Total E(T) = -12114.3438800568  Free energy = -12114.3438800584  E0 = -12114.3438800576
cycle= 4 E= -12114.3438800568  delta_E= -3.67e-05  |g|= 0.0269  |ddm|= 11.8
    sigma = 0.005  Optimized mu_alpha = -0.197007258337  entropy = 3.34823704805e-07
    sigma = 0.005  Optimized mu_beta  = -0.199560434604  entropy = 3.34823704805e-07
    Total E(T) = -12114.3438941753  Free energy = -12114.343894177  E0 = -12114.3438941761
cycle= 5 E= -12114.3438941753  delta_E= -1.41e-05  |g|= 0.0173  |ddm|= 6.72
    sigma = 0.005  Optimized mu_alpha = -0.19700463955  entropy = 3.34832787182e-07
    sigma = 0.005  Optimized mu_beta  = -0.199557793624  entropy = 3.34832787182e-07
    Total E(T) = -12114.3438999857  Free energy = -12114.3438999874  E0 = -12114.3438999865
cycle= 6 E= -12114.3438999857  delta_E= -5.81e-06  |g|= 0.0111  |ddm|= 3.94
    sigma = 0.005  Optimized mu_alpha = -0.197005631802  entropy = 3.34846597697e-07
    sigma = 0.005  Optimized mu_beta  = -0.19955855984  entropy = 3.34846597697e-07
    Total E(T) = -12114.3439024007  Free energy = -12114.3439024024  E0 = -12114.3439024016
cycle= 7 E= -12114.3439024007  delta_E= -2.42e-06  |g|= 0.00747  |ddm|= 2.63
    sigma = 0.005  Optimized mu_alpha = -0.197005105657  entropy = 3.34841752517e-07
    sigma = 0.005  Optimized mu_beta  = -0.19955817525  entropy = 3.34841752517e-07
    Total E(T) = -12114.3439034371  Free energy = -12114.3439034388  E0 = -12114.3439034379
cycle= 8 E= -12114.3439034371  delta_E= -1.04e-06  |g|= 0.005  |ddm|= 1.85
    sigma = 0.005  Optimized mu_alpha = -0.296578850472  entropy = 12.8135909588
    sigma = 0.005  Optimized mu_beta  = -0.299471688437  entropy = 12.8135909588
    Total E(T) = -12114.3092077909  Free energy = -12114.3732757457  E0 = -12114.3412417683
Extra cycle  E= -12114.3092077909  delta_E= 0.0347  |g|= 0.154  |ddm|=  894
converged SCF energy = -12114.3092077909  <S^2> = 3.7627522  2S+1 = 4.006371
[timing] right/Al ensemble SCF = 1097.7s
[timing] collect state = 0.0s
[timing] grad contraction = 1.6s
Npdft 666.0000340591763
[timing] checkpoint save = 0.0s
step=   6 L=-12265.38445480 Ef=-12265.39124555 L1=9.80656700e-01 |grad|=1.86889e-02 t=1312.0s
[phase2 outer 1] |db| = 1.21780e-02
[phase2 outer 1] |grad| = 1.87089e-02
[phase2 outer 1] last_Ef = None
[phase2 outer 1] adaptive max_step_norm = 1.000000e-01
[phase2 outer 1] delta = 2.735878e-03
[phase2 outer 1] raw_step_norm = 1.217804e-02
[phase2 outer 1] capped_step_norm = 1.217804e-02
[phase2 outer 1] scipy nfev=6 nit=1 message=ABNORMAL_TERMINATION_IN_LNSRCH
[phase2 outer 1] dL = n/a
[phase2 outer 1] dEf = n/a
[phase2 outer 1] |grad| = 1.870888e-02
[phase2 outer 1] raw_step_norm=1.217804e-02 capped_step_norm=1.217804e-02 raw_max_abs_step=2.735878e-03 capped_max_abs_step=2.735878e-03 step_cap=1.000000e-01 line_search_alpha=n/a
[phase2 outer 1] res.fun = 12265.38445480
[phase2 outer 1] res.message = ABNORMAL_TERMINATION_IN_LNSRCH
[phase2 outer 1] finished message=ABNORMAL_TERMINATION_IN_LNSRCH |b|=4.860844e-01
[phase2 outer 2] start |b|=4.860844e-01 max|b|=7.633100e-02 delta=2.736e-03
[diagnostic] step=7 |b|=4.860844e-01 max|b|=7.633100e-02
[timing] build AO Vp from S3 = 1.6s
[diagnostic] |vpl|=5.122206e-01 max|vpl|=7.528256e-02
[diagnostic] |vpr|=6.502419e-01 max|vpr|=5.913149e-02
[diagnostic] |vpref|=7.520394e-01 max|vpref|=7.524250e-02
dm0 check [[[ 1.51511371e-09  2.24391580e-08  1.89789887e-07 ... -1.14719069e-07
    7.42477006e-07  6.64944054e-08]
  [ 2.24391580e-08  3.34444508e-07  2.75067329e-06 ... -1.77767227e-06
    1.10110590e-05  1.04758010e-06]
  [ 1.89789887e-07  2.75067329e-06  2.57237857e-05 ... -1.02770025e-05
    9.27869319e-05  4.99877429e-06]
  ...
  [-1.14719069e-07 -1.77767227e-06 -1.02770025e-05 ...  2.27166703e-04
    1.81897077e-06 -1.91352282e-04]
  [ 7.42477006e-07  1.10110590e-05  9.27869319e-05 ...  1.81897077e-06
    4.79980259e-04 -1.62432551e-06]
  [ 6.64944054e-08  1.04758010e-06  4.99877429e-06 ... -1.91352282e-04
   -1.62432551e-06  6.55604917e-04]]

 [[ 2.14412331e-09  3.18475813e-08  2.65523732e-07 ... -7.48707309e-08
    1.03578263e-06  2.38439329e-08]
  [ 3.18475813e-08  4.74248164e-07  3.91397240e-06 ... -9.93114326e-07
    1.53190777e-05  2.50156711e-07]
  [ 2.65523732e-07  3.91397240e-06  3.37625569e-05 ... -1.10142968e-05
    1.30901555e-04  4.52868971e-06]
  ...
  [-7.48707309e-08 -9.93114326e-07 -1.10142968e-05 ...  2.49604192e-04
    2.27939038e-06 -2.10130211e-04]
  [ 1.03578263e-06  1.53190777e-05  1.30901555e-04 ...  2.27939038e-06
    5.52938935e-04 -2.04467318e-06]
  [ 2.38439329e-08  2.50156711e-07  4.52868971e-06 ... -2.10130211e-04
   -2.04467318e-06  7.46013492e-04]]]
converged SCF energy = -150.226693714539  <S^2> = 2.0045398  2S+1 = 3.003025
dm0 check [[[ 1.14641743e-09  1.70872016e-08  1.38754795e-07 ... -8.06220413e-08
    6.25416970e-07  4.56939038e-08]
  [ 1.70872016e-08  2.56088311e-07  2.02954148e-06 ... -1.06184704e-06
    9.18282865e-06  7.18422805e-07]
  [ 1.38754795e-07  2.02954148e-06  1.80708409e-05 ... -1.26948103e-05
    8.12953043e-05  3.19903514e-06]
  ...
  [-8.06220413e-08 -1.06184704e-06 -1.26948103e-05 ...  2.39057533e-04
   -1.61662264e-06 -1.68275226e-04]
  [ 6.25416970e-07  9.18282865e-06  8.12953043e-05 ... -1.61662264e-06
    4.44995820e-04 -4.06039411e-06]
  [ 4.56939038e-08  7.18422805e-07  3.19903514e-06 ... -1.68275226e-04
   -4.06039411e-06  5.95723545e-04]]

 [[ 2.53044811e-08  3.85062148e-07  2.83136626e-06 ... -1.48569177e-07
    1.05892141e-07  7.43850887e-08]
  [ 3.85062148e-07  5.86095441e-06  4.30473626e-05 ... -2.17968487e-06
    1.18322372e-06  1.05281906e-06]
  [ 2.83136626e-06  4.30473626e-05  3.18001967e-04 ... -1.75092932e-05
    2.68730217e-05  9.39007715e-06]
  ...
  [-1.48569177e-07 -2.17968487e-06 -1.75092932e-05 ...  2.30571790e-04
    2.08841136e-07 -1.91671315e-04]
  [ 1.05892141e-07  1.18322372e-06  2.68730217e-05 ...  2.08841136e-07
    4.63239567e-04 -3.50241762e-06]
  [ 7.43850887e-08  1.05281906e-06  9.39007715e-06 ... -1.91671315e-04
   -3.50241762e-06  6.49570878e-04]]]
converged SCF energy = -150.244985829827  <S^2> = 0.92979832  2S+1 = 2.1723704
[timing] left/O ensemble SCF = 16.0s
dm0 check [[ 3.79535129e-01  6.12226407e-01 -1.25220737e-01 ...  1.59088765e-06
  -1.99083213e-07 -4.38883049e-06]
 [ 6.12226407e-01  1.01515553e+00 -3.34031133e-01 ...  4.99597547e-06
  -1.33495349e-06 -1.24155207e-05]
 [-1.25220737e-01 -3.34031133e-01  6.75212459e-01 ... -1.15421490e-05
   3.11585573e-06  2.99641035e-05]
 ...
 [ 1.59088765e-06  4.99597547e-06 -1.15421490e-05 ...  7.91676031e-07
  -2.73147186e-07  1.33035376e-07]
 [-1.99083213e-07 -1.33495349e-06  3.11585573e-06 ... -2.73147186e-07
   5.98498983e-07  7.90057195e-09]
 [-4.38883049e-06 -1.24155207e-05  2.99641035e-05 ...  1.33035376e-07
   7.90057195e-09  6.58504830e-07]]


******** <class 'pyscf.scf.addons.SmearingDFRKS'> ********
method = SmearingDFRKS
initial guess = minao
damping factor = 0.15
level_shift factor = 0.2
DIIS = <class 'pyscf.scf.diis.CDIIS'>
diis_start_cycle = 1
diis_space = 12
diis_damp = 0
SCF conv_tol = 5e-05
SCF conv_tol_grad = None
SCF max_cycles = 200
direct_scf = True
direct_scf_tol = 1e-13
chkfile to save SCF result = /tmp/tmpqg3icue5
max_memory 4000 MB (current use 87025 MB)
XC library pyscf.dft.libxc version 6.1.0
    S. Lehtola, C. Steigemann, M. J.T. Oliveira, and M. A.L. Marques.,  SoftwareX 7, 1–5 (2018)
XC functionals = pbe
    J. P. Perdew, K. Burke, and M. Ernzerhof.,  Phys. Rev. Lett. 77, 3865 (1996)
    J. P. Perdew, K. Burke, and M. Ernzerhof.,  Phys. Rev. Lett. 78, 1396 (1997)
    J. P. Perdew, K. Burke, and M. Ernzerhof.,  Phys. Rev. Lett. 77, 3865 (1996)
    J. P. Perdew, K. Burke, and M. Ernzerhof.,  Phys. Rev. Lett. 78, 1396 (1997)
small_rho_cutoff = 1e-06
Set gradient conv threshold to 0.00707107
    Total E(T) = -12114.7875613295  Free energy = -12115.8074106319  E0 = -12115.2974859807
init E= -12114.7875613295
    sigma = 0.02  Optimized mu = -0.0519220520771  entropy = 1.50493508821
    Total E(T) = -12114.787545928  Free energy = -12114.8176446298  E0 = -12114.8025952789
cycle= 1 E= -12114.787545928  delta_E= 1.54e-05  |g|= 0.0257  |ddm|= 19.6
    sigma = 0.02  Optimized mu = -0.0516530829998  entropy = 1.50655656648
    Total E(T) = -12114.7873480552  Free energy = -12114.8174791866  E0 = -12114.8024136209
cycle= 2 E= -12114.7873480552  delta_E= 0.000198  |g|= 0.0874  |ddm|= 82.3
    sigma = 0.02  Optimized mu = -0.0518340016984  entropy = 1.50537237505
    Total E(T) = -12114.7874685714  Free energy = -12114.8175760189  E0 = -12114.8025222952
cycle= 3 E= -12114.7874685714  delta_E= -0.000121  |g|= 0.0467  |ddm|= 33.1
    sigma = 0.02  Optimized mu = -0.0518427236878  entropy = 1.50528089694
    Total E(T) = -12114.7875170545  Free energy = -12114.8176226725  E0 = -12114.8025698635
cycle= 4 E= -12114.7875170545  delta_E= -4.85e-05  |g|= 0.0322  |ddm|= 13.7
    sigma = 0.02  Optimized mu = -0.0518468619769  entropy = 1.50525501715
    Total E(T) = -12114.7875397142  Free energy = -12114.8176448145  E0 = -12114.8025922644
cycle= 5 E= -12114.7875397142  delta_E= -2.27e-05  |g|= 0.0228  |ddm|= 7.65
    sigma = 0.02  Optimized mu = -0.0518478220013  entropy = 1.50524908324
    Total E(T) = -12114.7875507724  Free energy = -12114.8176557541  E0 = -12114.8026032632
cycle= 6 E= -12114.7875507724  delta_E= -1.11e-05  |g|= 0.0165  |ddm|= 4.75
    sigma = 0.02  Optimized mu = -0.051848778798  entropy = 1.50523963906
    Total E(T) = -12114.7875565499  Free energy = -12114.8176613426  E0 = -12114.8026089462
cycle= 7 E= -12114.7875565499  delta_E= -5.78e-06  |g|= 0.0119  |ddm|= 3.02
    sigma = 0.02  Optimized mu = -0.0518504380756  entropy = 1.50523160535
    Total E(T) = -12114.7875595166  Free energy = -12114.8176641487  E0 = -12114.8026118327
cycle= 8 E= -12114.7875595166  delta_E= -2.97e-06  |g|= 0.00886  |ddm|= 2.35
    sigma = 0.02  Optimized mu = -0.0518488680657  entropy = 1.50523539936
    Total E(T) = -12114.7875610877  Free energy = -12114.8176657957  E0 = -12114.8026134417
cycle= 9 E= -12114.7875610877  delta_E= -1.57e-06  |g|= 0.00656  |ddm|= 1.37
    sigma = 0.02  Optimized mu = -0.151879905785  entropy = 50.9924360044
    Total E(T) = -12114.2636695416  Free energy = -12115.2835182617  E0 = -12114.7735939017
Extra cycle  E= -12114.2636695416  delta_E= 0.524  |g|= 0.377  |ddm|= 4.12e+03
converged SCF energy = -12114.2636695416
dm0 check [[[ 1.89789162e-01  3.06170990e-01 -6.27460634e-02 ...  6.72465222e-07
   -1.10072557e-07 -2.15608092e-06]
  [ 3.06170990e-01  5.07731371e-01 -1.67374563e-01 ...  2.16736434e-06
   -6.96511930e-07 -6.10219351e-06]
  [-6.27460634e-02 -1.67374563e-01  3.38436888e-01 ... -4.97583206e-06
    1.63411100e-06  1.47032157e-05]
  ...
  [ 6.72465222e-07  2.16736434e-06 -4.97583206e-06 ...  4.20241136e-07
   -1.42363089e-07  6.92628539e-08]
  [-1.10072557e-07 -6.96511930e-07  1.63411100e-06 ... -1.42363089e-07
    3.03192158e-07  1.29008939e-08]
  [-2.15608092e-06 -6.10219351e-06  1.47032157e-05 ...  6.92628539e-08
    1.29008939e-08  3.29290325e-07]]

 [[ 1.89768451e-01  3.06114560e-01 -6.26179807e-02 ...  8.95600055e-07
   -8.18852040e-08 -2.03697516e-06]
  [ 3.06114560e-01  5.07580721e-01 -1.67036606e-01 ...  2.76739963e-06
   -6.18181445e-07 -5.78358910e-06]
  [-6.26179807e-02 -1.67036606e-01  3.37681514e-01 ... -6.41203083e-06
    1.42457788e-06  1.39566416e-05]
  ...
  [ 8.95600055e-07  2.76739963e-06 -6.41203083e-06 ...  4.05659579e-07
   -1.43823231e-07  7.19797565e-08]
  [-8.18852040e-08 -6.18181445e-07  1.42457788e-06 ... -1.43823231e-07
    3.04333336e-07  8.73041484e-09]
  [-2.03697516e-06 -5.78358910e-06  1.39566416e-05 ...  7.19797565e-08
    8.73041484e-09  3.17749153e-07]]]


******** <class 'pyscf.scf.addons.SmearingDFUKS'> ********
method = SmearingDFUKS
initial guess = minao
damping factor = 0.15
level_shift factor = 0.2
DIIS = <class 'pyscf.scf.diis.CDIIS'>
diis_start_cycle = 1
diis_space = 12
diis_damp = 0
SCF conv_tol = 5e-05
SCF conv_tol_grad = None
SCF max_cycles = 200
direct_scf = True
direct_scf_tol = 1e-13
chkfile to save SCF result = /tmp/tmpi_y3d5mj
max_memory 4000 MB (current use 87193 MB)
number electrons alpha = 325  beta = 323
XC library pyscf.dft.libxc version 6.1.0
    S. Lehtola, C. Steigemann, M. J.T. Oliveira, and M. A.L. Marques.,  SoftwareX 7, 1–5 (2018)
XC functionals = pbe
    J. P. Perdew, K. Burke, and M. Ernzerhof.,  Phys. Rev. Lett. 77, 3865 (1996)
    J. P. Perdew, K. Burke, and M. Ernzerhof.,  Phys. Rev. Lett. 78, 1396 (1997)
    J. P. Perdew, K. Burke, and M. Ernzerhof.,  Phys. Rev. Lett. 77, 3865 (1996)
    J. P. Perdew, K. Burke, and M. Ernzerhof.,  Phys. Rev. Lett. 78, 1396 (1997)
small_rho_cutoff = 1e-06
Set gradient conv threshold to 0.00707107
    Total E(T) = -12114.3439664985  Free energy = -12114.4080344533  E0 = -12114.3760004759
init E= -12114.3439664985
    sigma = 0.005  Optimized mu_alpha = -0.197013203888  entropy = 3.34511570326e-07
    sigma = 0.005  Optimized mu_beta  = -0.199570560131  entropy = 3.34511570326e-07
    Total E(T) = -12114.3439608175  Free energy = -12114.3439608191  E0 = -12114.3439608183
cycle= 1 E= -12114.3439608175  delta_E= 5.68e-06  |g|= 0.0192  |ddm|= 12.2
    sigma = 0.005  Optimized mu_alpha = -0.196975701978  entropy = 3.35841850077e-07
    sigma = 0.005  Optimized mu_beta  = -0.199518953816  entropy = 3.35841850077e-07
    Total E(T) = -12114.3439107868  Free energy = -12114.3439107885  E0 = -12114.3439107876
cycle= 2 E= -12114.3439107868  delta_E= 5e-05  |g|= 0.0562  |ddm|= 39.3
    sigma = 0.005  Optimized mu_alpha = -0.197009239169  entropy = 3.3490233674e-07
    sigma = 0.005  Optimized mu_beta  = -0.199561352772  entropy = 3.3490233674e-07
    Total E(T) = -12114.3439450174  Free energy = -12114.343945019  E0 = -12114.3439450182
cycle= 3 E= -12114.3439450174  delta_E= -3.42e-05  |g|= 0.0268  |ddm|= 13.4
    sigma = 0.005  Optimized mu_alpha = -0.197005218778  entropy = 3.34863914991e-07
    sigma = 0.005  Optimized mu_beta  = -0.199558047273  entropy = 3.34863914991e-07
    Total E(T) = -12114.3439582841  Free energy = -12114.3439582857  E0 = -12114.3439582849
cycle= 4 E= -12114.3439582841  delta_E= -1.33e-05  |g|= 0.0168  |ddm|= 6.42
    sigma = 0.005  Optimized mu_alpha = -0.19700518117  entropy = 3.34840595401e-07
    sigma = 0.005  Optimized mu_beta  = -0.199558343157  entropy = 3.34840595401e-07
    Total E(T) = -12114.3439635423  Free energy = -12114.343963544  E0 = -12114.3439635432
cycle= 5 E= -12114.3439635423  delta_E= -5.26e-06  |g|= 0.0108  |ddm|= 3.85
    sigma = 0.005  Optimized mu_alpha = -0.197003283025  entropy = 3.34851739255e-07
    sigma = 0.005  Optimized mu_beta  = -0.199556379331  entropy = 3.34851739255e-07
    Total E(T) = -12114.3439657328  Free energy = -12114.3439657345  E0 = -12114.3439657337
cycle= 6 E= -12114.3439657328  delta_E= -2.19e-06  |g|= 0.00694  |ddm|= 2.34
    sigma = 0.005  Optimized mu_alpha = -0.296578094593  entropy = 12.8112812612
    sigma = 0.005  Optimized mu_beta  = -0.299471892106  entropy = 12.8112812612
    Total E(T) = -12114.3092843652  Free energy = -12114.3733407715  E0 = -12114.3413125683
Extra cycle  E= -12114.3092843652  delta_E= 0.0347  |g|= 0.157  |ddm|=  894
converged SCF energy = -12114.3092843652  <S^2> = 3.7627552  2S+1 = 4.0063725
[timing] right/Al ensemble SCF = 944.0s
[timing] collect state = 0.0s
[timing] grad contraction = 4.5s
Npdft 666.000034059923
[timing] checkpoint save = 0.0s
step=   7 L=-12265.38432912 Ef=-12265.39112687 L1=9.80963338e-01 |grad|=1.86921e-02 t=1165.5s
[diagnostic] step=8 |b|=4.965013e-01 max|b|=7.906688e-02
[timing] build AO Vp from S3 = 1.6s
[diagnostic] |vpl|=5.278135e-01 max|vpl|=7.817988e-02
[diagnostic] |vpr|=6.594344e-01 max|vpr|=6.149351e-02
[diagnostic] |vpref|=7.661509e-01 max|vpref|=7.813717e-02
dm0 check [[[ 1.51511399e-09  2.24391602e-08  1.89789927e-07 ... -1.14718975e-07
    7.42476756e-07  6.64943181e-08]
  [ 2.24391602e-08  3.34444494e-07  2.75067383e-06 ... -1.77767069e-06
    1.10110565e-05  1.04757854e-06]
  [ 1.89789927e-07  2.75067383e-06  2.57237915e-05 ... -1.02769898e-05
    9.27868942e-05  4.99876289e-06]
  ...
  [-1.14718975e-07 -1.77767069e-06 -1.02769898e-05 ...  2.27166744e-04
    1.81897129e-06 -1.91352316e-04]
  [ 7.42476756e-07  1.10110565e-05  9.27868942e-05 ...  1.81897129e-06
    4.79980277e-04 -1.62432527e-06]
  [ 6.64943181e-08  1.04757854e-06  4.99876289e-06 ... -1.91352316e-04
   -1.62432527e-06  6.55604965e-04]]

 [[ 2.14412356e-09  3.18475848e-08  2.65523736e-07 ... -7.48705613e-08
    1.03578255e-06  2.38437860e-08]
  [ 3.18475848e-08  4.74248197e-07  3.91397265e-06 ... -9.93113146e-07
    1.53190770e-05  2.50155643e-07]
  [ 2.65523736e-07  3.91397265e-06  3.37625563e-05 ... -1.10142854e-05
    1.30901539e-04  4.52867998e-06]
  ...
  [-7.48705613e-08 -9.93113146e-07 -1.10142854e-05 ...  2.49604220e-04
    2.27939078e-06 -2.10130235e-04]
  [ 1.03578255e-06  1.53190770e-05  1.30901539e-04 ...  2.27939078e-06
    5.52938839e-04 -2.04467291e-06]
  [ 2.38437860e-08  2.50155643e-07  4.52867998e-06 ... -2.10130235e-04
   -2.04467291e-06  7.46013414e-04]]]
converged SCF energy = -150.226693714539  <S^2> = 2.0045398  2S+1 = 3.003025
dm0 check [[[ 1.14639704e-09  1.70868620e-08  1.38752864e-07 ... -8.06194819e-08
    6.25411557e-07  4.56925620e-08]
  [ 1.70868620e-08  2.56082651e-07  2.02950943e-06 ... -1.06182238e-06
    9.18273934e-06  7.18405989e-07]
  [ 1.38752864e-07  2.02950943e-06  1.80706598e-05 ... -1.26946790e-05
    8.12945738e-05  3.19890359e-06]
  ...
  [-8.06194819e-08 -1.06182238e-06 -1.26946790e-05 ...  2.39058933e-04
   -1.61653275e-06 -1.68275032e-04]
  [ 6.25411557e-07  9.18273934e-06  8.12945738e-05 ... -1.61653275e-06
    4.44994430e-04 -4.06021994e-06]
  [ 4.56925620e-08  7.18405989e-07  3.19890359e-06 ... -1.68275032e-04
   -4.06021994e-06  5.95721952e-04]]

 [[ 2.53031997e-08  3.85042754e-07  2.83122721e-06 ... -1.48564193e-07
    1.05902230e-07  7.43841170e-08]
  [ 3.85042754e-07  5.86066079e-06  4.30452600e-05 ... -2.17962406e-06
    1.18338844e-06  1.05281892e-06]
  [ 2.83122721e-06  4.30452600e-05  3.17986904e-04 ... -1.75087903e-05
    2.68740692e-05  9.39002489e-06]
  ...
  [-1.48564193e-07 -2.17962406e-06 -1.75087903e-05 ...  2.30571680e-04
    2.08936431e-07 -1.91671182e-04]
  [ 1.05902230e-07  1.18338844e-06  2.68740692e-05 ...  2.08936431e-07
    4.63237722e-04 -3.50219925e-06]
  [ 7.43841170e-08  1.05281892e-06  9.39002489e-06 ... -1.91671182e-04
   -3.50219925e-06  6.49568692e-04]]]
converged SCF energy = -150.244985829834  <S^2> = 0.92980241  2S+1 = 2.1723742
[timing] left/O ensemble SCF = 12.6s
dm0 check [[ 3.79535124e-01  6.12226394e-01 -1.25220704e-01 ...  1.59098599e-06
  -1.98934069e-07 -4.38910605e-06]
 [ 6.12226394e-01  1.01515550e+00 -3.34031046e-01 ...  4.99624076e-06
  -1.33455161e-06 -1.24162636e-05]
 [-1.25220704e-01 -3.34031046e-01  6.75212249e-01 ... -1.15427944e-05
   3.11488556e-06  2.99658991e-05]
 ...
 [ 1.59098599e-06  4.99624076e-06 -1.15427944e-05 ...  7.91696356e-07
  -2.73151105e-07  1.33043502e-07]
 [-1.98934069e-07 -1.33455161e-06  3.11488556e-06 ... -2.73151105e-07
   5.98534899e-07  7.90012049e-09]
 [-4.38910605e-06 -1.24162636e-05  2.99658991e-05 ...  1.33043502e-07
   7.90012049e-09  6.58519882e-07]]


******** <class 'pyscf.scf.addons.SmearingDFRKS'> ********
method = SmearingDFRKS
initial guess = minao
damping factor = 0.15
level_shift factor = 0.2
DIIS = <class 'pyscf.scf.diis.CDIIS'>
diis_start_cycle = 1
diis_space = 12
diis_damp = 0
SCF conv_tol = 5e-05
SCF conv_tol_grad = None
SCF max_cycles = 200
direct_scf = True
direct_scf_tol = 1e-13
chkfile to save SCF result = /tmp/tmpqg3icue5
max_memory 4000 MB (current use 87230 MB)
XC library pyscf.dft.libxc version 6.1.0
    S. Lehtola, C. Steigemann, M. J.T. Oliveira, and M. A.L. Marques.,  SoftwareX 7, 1–5 (2018)
XC functionals = pbe
    J. P. Perdew, K. Burke, and M. Ernzerhof.,  Phys. Rev. Lett. 77, 3865 (1996)
    J. P. Perdew, K. Burke, and M. Ernzerhof.,  Phys. Rev. Lett. 78, 1396 (1997)
    J. P. Perdew, K. Burke, and M. Ernzerhof.,  Phys. Rev. Lett. 77, 3865 (1996)
    J. P. Perdew, K. Burke, and M. Ernzerhof.,  Phys. Rev. Lett. 78, 1396 (1997)
small_rho_cutoff = 1e-06
Set gradient conv threshold to 0.00707107
    Total E(T) = -12114.7664154228  Free energy = -12115.7862641429  E0 = -12115.2763397829
init E= -12114.7664154228
    sigma = 0.02  Optimized mu = -0.0518863330172  entropy = 1.50524763012
    Total E(T) = -12114.7663945813  Free energy = -12114.7964995339  E0 = -12114.7814470576
cycle= 1 E= -12114.7663945813  delta_E= 2.08e-05  |g|= 0.0306  |ddm|= 22.4
    sigma = 0.02  Optimized mu = -0.0516934732443  entropy = 1.50680046985
    Total E(T) = -12114.7661290748  Free energy = -12114.7962650842  E0 = -12114.7811970795
cycle= 2 E= -12114.7661290748  delta_E= 0.000266  |g|= 0.104  |ddm|= 89.4
    sigma = 0.02  Optimized mu = -0.0518339426432  entropy = 1.50556181595
    Total E(T) = -12114.7662860092  Free energy = -12114.7963972455  E0 = -12114.7813416274
cycle= 3 E= -12114.7662860092  delta_E= -0.000157  |g|= 0.0569  |ddm|=   37
    sigma = 0.02  Optimized mu = -0.0518405082247  entropy = 1.50547700185
    Total E(T) = -12114.7663514329  Free energy = -12114.7964609729  E0 = -12114.7814062029
cycle= 4 E= -12114.7663514329  delta_E= -6.54e-05  |g|= 0.0399  |ddm|= 14.1
    sigma = 0.02  Optimized mu = -0.0518430596004  entropy = 1.50545682869
    Total E(T) = -12114.7663829992  Free energy = -12114.7964921358  E0 = -12114.7814375675
cycle= 5 E= -12114.7663829992  delta_E= -3.16e-05  |g|= 0.0288  |ddm|= 8.18
    sigma = 0.02  Optimized mu = -0.0518439895099  entropy = 1.50543870485
    Total E(T) = -12114.766398806  Free energy = -12114.7965075801  E0 = -12114.7814531931
cycle= 6 E= -12114.766398806  delta_E= -1.58e-05  |g|= 0.0213  |ddm|= 5.21
    sigma = 0.02  Optimized mu = -0.0518434711899  entropy = 1.50544061957
    Total E(T) = -12114.7664073168  Free energy = -12114.7965161292  E0 = -12114.781461723
cycle= 7 E= -12114.7664073168  delta_E= -8.51e-06  |g|= 0.0157  |ddm|= 3.44
    sigma = 0.02  Optimized mu = -0.0518479510493  entropy = 1.50541533616
    Total E(T) = -12114.7664119623  Free energy = -12114.7965202691  E0 = -12114.7814661157
cycle= 8 E= -12114.7664119623  delta_E= -4.65e-06  |g|= 0.0119  |ddm|= 2.58
    sigma = 0.02  Optimized mu = -0.0518445053465  entropy = 1.5054269839
    Total E(T) = -12114.7664144471  Free energy = -12114.7965229868  E0 = -12114.7814687169
cycle= 9 E= -12114.7664144471  delta_E= -2.48e-06  |g|= 0.00895  |ddm|= 1.64
    sigma = 0.02  Optimized mu = -0.0518457253139  entropy = 1.50542244761
    Total E(T) = -12114.7664158676  Free energy = -12114.7965243165  E0 = -12114.7814700921
cycle= 10 E= -12114.7664158676  delta_E= -1.42e-06  |g|= 0.00692  |ddm|= 1.39
    sigma = 0.02  Optimized mu = -0.151843187168  entropy = 50.9956733838
    Total E(T) = -12114.2418854273  Free energy = -12115.261798895  E0 = -12114.7518421611
Extra cycle  E= -12114.2418854273  delta_E= 0.525  |g|= 0.39  |ddm|= 4.11e+03
converged SCF energy = -12114.2418854273
dm0 check [[[ 1.89789179e-01  3.06171033e-01 -6.27461878e-02 ...  6.72391156e-07
   -1.09981981e-07 -2.15612248e-06]
  [ 3.06171033e-01  5.07731484e-01 -1.67374893e-01 ...  2.16716405e-06
   -6.96266602e-07 -6.10230769e-06]
  [-6.27461878e-02 -1.67374893e-01  3.38437763e-01 ... -4.97534867e-06
    1.63350873e-06  1.47035236e-05]
  ...
  [ 6.72391156e-07  2.16716405e-06 -4.97534867e-06 ...  4.20241738e-07
   -1.42356121e-07  6.92762981e-08]
  [-1.09981981e-07 -6.96266602e-07  1.63350873e-06 ... -1.42356121e-07
    3.03183483e-07  1.29107391e-08]
  [-2.15612248e-06 -6.10230769e-06  1.47035236e-05 ...  6.92762981e-08
    1.29107391e-08  3.29277772e-07]]

 [[ 1.89768477e-01  3.06114627e-01 -6.26181602e-02 ...  8.95179733e-07
   -8.17524678e-08 -2.03697897e-06]
  [ 3.06114627e-01  5.07580896e-01 -1.67037085e-01 ...  2.76626532e-06
   -6.17822250e-07 -5.78360066e-06]
  [-6.26181602e-02 -1.67037085e-01  3.37682739e-01 ... -6.40928615e-06
    1.42369837e-06  1.39566930e-05]
  ...
  [ 8.95179733e-07  2.76626532e-06 -6.40928615e-06 ...  4.05668992e-07
   -1.43817378e-07  7.19934304e-08]
  [-8.17524678e-08 -6.17822250e-07  1.42369837e-06 ... -1.43817378e-07
    3.04322894e-07  8.74043701e-09]
  [-2.03697897e-06 -5.78360066e-06  1.39566930e-05 ...  7.19934304e-08
    8.74043701e-09  3.17736970e-07]]]


******** <class 'pyscf.scf.addons.SmearingDFUKS'> ********
method = SmearingDFUKS
initial guess = minao
damping factor = 0.15
level_shift factor = 0.2
DIIS = <class 'pyscf.scf.diis.CDIIS'>
diis_start_cycle = 1
diis_space = 12
diis_damp = 0
SCF conv_tol = 5e-05
SCF conv_tol_grad = None
SCF max_cycles = 200
direct_scf = True
direct_scf_tol = 1e-13
chkfile to save SCF result = /tmp/tmpi_y3d5mj
max_memory 4000 MB (current use 87268 MB)
number electrons alpha = 325  beta = 323
XC library pyscf.dft.libxc version 6.1.0
    S. Lehtola, C. Steigemann, M. J.T. Oliveira, and M. A.L. Marques.,  SoftwareX 7, 1–5 (2018)
XC functionals = pbe
    J. P. Perdew, K. Burke, and M. Ernzerhof.,  Phys. Rev. Lett. 77, 3865 (1996)
    J. P. Perdew, K. Burke, and M. Ernzerhof.,  Phys. Rev. Lett. 78, 1396 (1997)
    J. P. Perdew, K. Burke, and M. Ernzerhof.,  Phys. Rev. Lett. 77, 3865 (1996)
    J. P. Perdew, K. Burke, and M. Ernzerhof.,  Phys. Rev. Lett. 78, 1396 (1997)
small_rho_cutoff = 1e-06
Set gradient conv threshold to 0.00707107
    Total E(T) = -12114.3228576615  Free energy = -12114.3869140678  E0 = -12114.3548858647
init E= -12114.3228576615
    sigma = 0.005  Optimized mu_alpha = -0.196980227072  entropy = 3.34732682252e-07
    sigma = 0.005  Optimized mu_beta  = -0.199538040314  entropy = 3.34732682252e-07
    Total E(T) = -12114.3228499013  Free energy = -12114.322849903  E0 = -12114.3228499022
cycle= 1 E= -12114.3228499013  delta_E= 7.76e-06  |g|= 0.0228  |ddm|= 20.3
    sigma = 0.005  Optimized mu_alpha = -0.197000498561  entropy = 3.36234690897e-07
    sigma = 0.005  Optimized mu_beta  = -0.199540758451  entropy = 3.36234690897e-07
    Total E(T) = -12114.3227814784  Free energy = -12114.3227814801  E0 = -12114.3227814793
cycle= 2 E= -12114.3227814784  delta_E= 6.84e-05  |g|= 0.0651  |ddm|= 47.6
    sigma = 0.005  Optimized mu_alpha = -0.197004898429  entropy = 3.35147451584e-07
    sigma = 0.005  Optimized mu_beta  = -0.199556032623  entropy = 3.35147451584e-07
    Total E(T) = -12114.3228289143  Free energy = -12114.322828916  E0 = -12114.3228289152
cycle= 3 E= -12114.3228289143  delta_E= -4.74e-05  |g|= 0.0309  |ddm|= 15.3
    sigma = 0.005  Optimized mu_alpha = -0.196999463506  entropy = 3.35095179664e-07
    sigma = 0.005  Optimized mu_beta  = -0.199551531434  entropy = 3.35095179664e-07
    Total E(T) = -12114.3228470048  Free energy = -12114.3228470064  E0 = -12114.3228470056
cycle= 4 E= -12114.3228470048  delta_E= -1.81e-05  |g|= 0.0194  |ddm|= 7.59
    sigma = 0.005  Optimized mu_alpha = -0.19699744813  entropy = 3.35056996378e-07
    sigma = 0.005  Optimized mu_beta  = -0.199550090485  entropy = 3.35056996378e-07
    Total E(T) = -12114.32285408  Free energy = -12114.3228540817  E0 = -12114.3228540809
cycle= 5 E= -12114.32285408  delta_E= -7.08e-06  |g|= 0.0125  |ddm|= 4.74
    sigma = 0.005  Optimized mu_alpha = -0.196995486111  entropy = 3.35065255699e-07
    sigma = 0.005  Optimized mu_beta  = -0.199548043298  entropy = 3.35065255699e-07
    Total E(T) = -12114.3228570586  Free energy = -12114.3228570603  E0 = -12114.3228570594
cycle= 6 E= -12114.3228570586  delta_E= -2.98e-06  |g|= 0.008  |ddm|= 2.86
    sigma = 0.005  Optimized mu_alpha = -0.196998313855  entropy = 3.35060473536e-07
    sigma = 0.005  Optimized mu_beta  = -0.19955072492  entropy = 3.35060473536e-07
    Total E(T) = -12114.3228583001  Free energy = -12114.3228583018  E0 = -12114.322858301
cycle= 7 E= -12114.3228583001  delta_E= -1.24e-06  |g|= 0.00534  |ddm|= 2.17
    sigma = 0.005  Optimized mu_alpha = -0.296551010815  entropy = 12.8133192064
    sigma = 0.005  Optimized mu_beta  = -0.299443739591  entropy = 12.8133192064
    Total E(T) = -12114.2881372448  Free energy = -12114.3522038408  E0 = -12114.3201705428
Extra cycle  E= -12114.2881372448  delta_E= 0.0347  |g|= 0.159  |ddm|=  895
converged SCF energy = -12114.2881372448  <S^2> = 3.7627589  2S+1 = 4.0063744
[timing] right/Al ensemble SCF = 1045.7s
[timing] collect state = 0.0s
[timing] grad contraction = 1.6s
Npdft 666.0000340640306
[timing] checkpoint save = 0.0s
step=   8 L=-12265.35962845 Ef=-12265.36658158 L1=9.77770787e-01 |grad|=1.86483e-02 t=1262.0s
[diagnostic] step=9 |b|=5.251439e-01 max|b|=7.906688e-02
[timing] build AO Vp from S3 = 1.6s
[diagnostic] |vpl|=5.389152e-01 max|vpl|=7.886538e-02
[diagnostic] |vpr|=7.219425e-01 max|vpr|=6.187147e-02
[diagnostic] |vpref|=8.227384e-01 max|vpref|=7.881911e-02
dm0 check [[[ 1.51511375e-09  2.24391589e-08  1.89789892e-07 ... -1.14719075e-07
    7.42477044e-07  6.64944109e-08]
  [ 2.24391589e-08  3.34444525e-07  2.75067336e-06 ... -1.77767242e-06
    1.10110595e-05  1.04758023e-06]
  [ 1.89789892e-07  2.75067336e-06  2.57237862e-05 ... -1.02770036e-05
    9.27869367e-05  4.99877526e-06]
  ...
  [-1.14719075e-07 -1.77767242e-06 -1.02770036e-05 ...  2.27166698e-04
    1.81897078e-06 -1.91352277e-04]
  [ 7.42477044e-07  1.10110595e-05  9.27869367e-05 ...  1.81897078e-06
    4.79980252e-04 -1.62432557e-06]
  [ 6.64944109e-08  1.04758023e-06  4.99877526e-06 ... -1.91352277e-04
   -1.62432557e-06  6.55604906e-04]]

 [[ 2.14412339e-09  3.18475823e-08  2.65523744e-07 ... -7.48707479e-08
    1.03578265e-06  2.38439469e-08]
  [ 3.18475823e-08  4.74248180e-07  3.91397253e-06 ... -9.93114410e-07
    1.53190780e-05  2.50156782e-07]
  [ 2.65523744e-07  3.91397253e-06  3.37625584e-05 ... -1.10142980e-05
    1.30901558e-04  4.52869062e-06]
  ...
  [-7.48707479e-08 -9.93114410e-07 -1.10142980e-05 ...  2.49604187e-04
    2.27939040e-06 -2.10130206e-04]
  [ 1.03578265e-06  1.53190780e-05  1.30901558e-04 ...  2.27939040e-06
    5.52938938e-04 -2.04467327e-06]
  [ 2.38439469e-08  2.50156782e-07  4.52869062e-06 ... -2.10130206e-04
   -2.04467327e-06  7.46013491e-04]]]
converged SCF energy = -150.226693714539  <S^2> = 2.0045398  2S+1 = 3.003025
dm0 check [[[ 1.14640467e-09  1.70869841e-08  1.38753588e-07 ... -8.06202918e-08
    6.25413415e-07  4.56929032e-08]
  [ 1.70869841e-08  2.56084631e-07  2.02952077e-06 ... -1.06182886e-06
    9.18276827e-06  7.18410480e-07]
  [ 1.38753588e-07  2.02952077e-06  1.80707297e-05 ... -1.26947211e-05
    8.12948143e-05  3.19892978e-06]
  ...
  [-8.06202918e-08 -1.06182886e-06 -1.26947211e-05 ...  2.39058474e-04
   -1.61663418e-06 -1.68274935e-04]
  [ 6.25413415e-07  9.18276827e-06  8.12948143e-05 ... -1.61663418e-06
    4.44994774e-04 -4.06031902e-06]
  [ 4.56929032e-08  7.18410480e-07  3.19892978e-06 ... -1.68274935e-04
   -4.06031902e-06  5.95722200e-04]]

 [[ 2.53037141e-08  3.85050587e-07  2.83128421e-06 ... -1.48565680e-07
    1.05891621e-07  7.43867409e-08]
  [ 3.85050587e-07  5.86078011e-06  4.30461274e-05 ... -2.17964126e-06
    1.18322490e-06  1.05285374e-06]
  [ 2.83128421e-06  4.30461274e-05  3.17993217e-04 ... -1.75089342e-05
    2.68729352e-05  9.39029027e-06]
  ...
  [-1.48565680e-07 -2.17964126e-06 -1.75089342e-05 ...  2.30571529e-04
    2.08909183e-07 -1.91671081e-04]
  [ 1.05891621e-07  1.18322490e-06  2.68729352e-05 ...  2.08909183e-07
    4.63237979e-04 -3.50223640e-06]
  [ 7.43867409e-08  1.05285374e-06  9.39029027e-06 ... -1.91671081e-04
   -3.50223640e-06  6.49568651e-04]]]
converged SCF energy = -150.244985829835  <S^2> = 0.92979868  2S+1 = 2.1723708
[timing] left/O ensemble SCF = 15.8s
dm0 check [[ 3.79534707e-01  6.12226084e-01 -1.25220105e-01 ...  1.62792409e-06
  -1.69110367e-07 -4.49998926e-06]
 [ 6.12226084e-01  1.01515547e+00 -3.34029629e-01 ...  5.09596446e-06
  -1.25415488e-06 -1.27154134e-05]
 [-1.25220105e-01 -3.34029629e-01  6.75208826e-01 ... -1.17851036e-05
   2.92054482e-06  3.06909086e-05]
 ...
 [ 1.62792409e-06  5.09596446e-06 -1.17851036e-05 ...  7.87658530e-07
  -2.73961558e-07  1.33886004e-07]
 [-1.69110367e-07 -1.25415488e-06  2.92054482e-06 ... -2.73961558e-07
   6.00994818e-07  2.92711786e-09]
 [-4.49998926e-06 -1.27154134e-05  3.06909086e-05 ...  1.33886004e-07
   2.92711786e-09  6.84627386e-07]]


******** <class 'pyscf.scf.addons.SmearingDFRKS'> ********
method = SmearingDFRKS
initial guess = minao
damping factor = 0.15
level_shift factor = 0.2
DIIS = <class 'pyscf.scf.diis.CDIIS'>
diis_start_cycle = 1
diis_space = 12
diis_damp = 0
SCF conv_tol = 5e-05
SCF conv_tol_grad = None
SCF max_cycles = 200
direct_scf = True
direct_scf_tol = 1e-13
chkfile to save SCF result = /tmp/tmpqg3icue5
max_memory 4000 MB (current use 87155 MB)
XC library pyscf.dft.libxc version 6.1.0
    S. Lehtola, C. Steigemann, M. J.T. Oliveira, and M. A.L. Marques.,  SoftwareX 7, 1–5 (2018)
XC functionals = pbe
    J. P. Perdew, K. Burke, and M. Ernzerhof.,  Phys. Rev. Lett. 77, 3865 (1996)
    J. P. Perdew, K. Burke, and M. Ernzerhof.,  Phys. Rev. Lett. 78, 1396 (1997)
    J. P. Perdew, K. Burke, and M. Ernzerhof.,  Phys. Rev. Lett. 77, 3865 (1996)
    J. P. Perdew, K. Burke, and M. Ernzerhof.,  Phys. Rev. Lett. 78, 1396 (1997)
small_rho_cutoff = 1e-06
Set gradient conv threshold to 0.00707107
    Total E(T) = -12114.4177810576  Free energy = -12115.4376945253  E0 = -12114.9277377914
init E= -12114.4177810576
    sigma = 0.02  Optimized mu = -0.0516130629923  entropy = 1.50838963793
    Total E(T) = -12114.4177122289  Free energy = -12114.4478800216  E0 = -12114.4327961252
cycle= 1 E= -12114.4177122289  delta_E= 6.88e-05  |g|= 0.0639  |ddm|= 54.7
    sigma = 0.02  Optimized mu = -0.0524639155521  entropy = 1.5066438827
    Total E(T) = -12114.4165577993  Free energy = -12114.4466906769  E0 = -12114.4316242381
cycle= 2 E= -12114.4165577993  delta_E= 0.00115  |g|= 0.206  |ddm|=  214
    sigma = 0.02  Optimized mu = -0.0518378782361  entropy = 1.50716295412
    Total E(T) = -12114.4174314192  Free energy = -12114.4475746783  E0 = -12114.4325030488
cycle= 3 E= -12114.4174314192  delta_E= -0.000874  |g|= 0.0882  |ddm|=  102
    sigma = 0.02  Optimized mu = -0.0518010688993  entropy = 1.50739007996
    Total E(T) = -12114.417734788  Free energy = -12114.4478825896  E0 = -12114.4328086888
cycle= 4 E= -12114.417734788  delta_E= -0.000303  |g|= 0.0405  |ddm|= 40.7
    sigma = 0.02  Optimized mu = -0.0517948024456  entropy = 1.5074114242
    Total E(T) = -12114.4178082026  Free energy = -12114.4479564311  E0 = -12114.4328823169
cycle= 5 E= -12114.4178082026  delta_E= -7.34e-05  |g|= 0.0198  |ddm|= 21.2
    sigma = 0.02  Optimized mu = -0.0518445941303  entropy = 1.50705627864
    Total E(T) = -12114.4178293414  Free energy = -12114.4479704669  E0 = -12114.4328999041
cycle= 6 E= -12114.4178293414  delta_E= -2.11e-05  |g|= 0.00986  |ddm|= 21.5
    sigma = 0.02  Optimized mu = -0.0518592226283  entropy = 1.50704020041
    Total E(T) = -12114.4178339365  Free energy = -12114.4479747405  E0 = -12114.4329043385
cycle= 7 E= -12114.4178339365  delta_E= -4.6e-06  |g|= 0.00535  |ddm|= 10.9
    sigma = 0.02  Optimized mu = -0.151761531051  entropy = 51.0073407056
    Total E(T) = -12113.8920567729  Free energy = -12114.912203587  E0 = -12114.40213018
Extra cycle  E= -12113.8920567729  delta_E= 0.526  |g|= 0.409  |ddm|= 4.07e+03
converged SCF energy = -12113.8920567729
dm0 check [[[ 1.89788961e-01  3.06170849e-01 -6.27458199e-02 ...  6.89017979e-07
   -9.62518525e-08 -2.20771609e-06]
  [ 3.06170849e-01  5.07731390e-01 -1.67373999e-01 ...  2.21203134e-06
   -6.59274809e-07 -6.24142615e-06]
  [-6.27458199e-02 -1.67373999e-01  3.38435614e-01 ... -5.08418157e-06
    1.54427929e-06  1.50400092e-05]
  ...
  [ 6.89017979e-07  2.21203134e-06 -5.08418157e-06 ...  4.18113363e-07
   -1.42884788e-07  7.00694709e-08]
  [-9.62518525e-08 -6.59274809e-07  1.54427929e-06 ... -1.42884788e-07
    3.04302084e-07  1.07858806e-08]
  [-2.20771609e-06 -6.24142615e-06  1.50400092e-05 ...  7.00694709e-08
    1.07858806e-08  3.41421398e-07]]

 [[ 1.89768245e-01  3.06114406e-01 -6.26176994e-02 ...  9.10861341e-07
   -6.76968325e-08 -2.08858050e-06]
  [ 3.06114406e-01  5.07580703e-01 -1.67035937e-01 ...  2.80862226e-06
   -5.79920839e-07 -5.92285992e-06]
  [-6.26176994e-02 -1.67035937e-01  3.37679946e-01 ... -6.51239806e-06
    1.33196894e-06  1.42946406e-05]
  ...
  [ 9.10861341e-07  2.80862226e-06 -6.51239806e-06 ...  4.03593300e-07
   -1.44310468e-07  7.27600341e-08]
  [-6.76968325e-08 -5.79920839e-07  1.33196894e-06 ... -1.44310468e-07
    3.05506878e-07  6.48449435e-09]
  [-2.08858050e-06 -5.92285992e-06  1.42946406e-05 ...  7.27600341e-08
    6.48449435e-09  3.29759040e-07]]]


******** <class 'pyscf.scf.addons.SmearingDFUKS'> ********
method = SmearingDFUKS
initial guess = minao
damping factor = 0.15
level_shift factor = 0.2
DIIS = <class 'pyscf.scf.diis.CDIIS'>
diis_start_cycle = 1
diis_space = 12
diis_damp = 0
SCF conv_tol = 5e-05
SCF conv_tol_grad = None
SCF max_cycles = 200
direct_scf = True
direct_scf_tol = 1e-13
chkfile to save SCF result = /tmp/tmpi_y3d5mj
max_memory 4000 MB (current use 87118 MB)
number electrons alpha = 325  beta = 323
XC library pyscf.dft.libxc version 6.1.0
    S. Lehtola, C. Steigemann, M. J.T. Oliveira, and M. A.L. Marques.,  SoftwareX 7, 1–5 (2018)
XC functionals = pbe
    J. P. Perdew, K. Burke, and M. Ernzerhof.,  Phys. Rev. Lett. 77, 3865 (1996)
    J. P. Perdew, K. Burke, and M. Ernzerhof.,  Phys. Rev. Lett. 78, 1396 (1997)
    J. P. Perdew, K. Burke, and M. Ernzerhof.,  Phys. Rev. Lett. 77, 3865 (1996)
    J. P. Perdew, K. Burke, and M. Ernzerhof.,  Phys. Rev. Lett. 78, 1396 (1997)
small_rho_cutoff = 1e-06
Set gradient conv threshold to 0.00707107
    Total E(T) = -12113.9744040137  Free energy = -12114.0384706098  E0 = -12114.0064373118
init E= -12113.9744040137
    sigma = 0.005  Optimized mu_alpha = -0.196716617945  entropy = 3.38376685897e-07
    sigma = 0.005  Optimized mu_beta  = -0.199258651786  entropy = 3.38376685897e-07
    Total E(T) = -12113.9743974826  Free energy = -12113.9743974843  E0 = -12113.9743974835
cycle= 1 E= -12113.9743974826  delta_E= 6.53e-06  |g|= 0.0546  |ddm|= 39.1
    sigma = 0.005  Optimized mu_alpha = -0.197683610925  entropy = 3.34845580484e-07
    sigma = 0.005  Optimized mu_beta  = -0.20024651631  entropy = 3.34845580484e-07
    Total E(T) = -12113.9739593477  Free energy = -12113.9739593494  E0 = -12113.9739593485
cycle= 2 E= -12113.9739593477  delta_E= 0.000438  |g|= 0.159  |ddm|=  105
    sigma = 0.005  Optimized mu_alpha = -0.196915234555  entropy = 3.37656685465e-07
    sigma = 0.005  Optimized mu_beta  = -0.199456127699  entropy = 3.37656685465e-07
    Total E(T) = -12113.9743567138  Free energy = -12113.9743567155  E0 = -12113.9743567147
cycle= 3 E= -12113.9743567138  delta_E= -0.000397  |g|= 0.0507  |ddm|= 58.8
    sigma = 0.005  Optimized mu_alpha = -0.196871091587  entropy = 3.37245101356e-07
    sigma = 0.005  Optimized mu_beta  = -0.19941933072  entropy = 3.37245101356e-07
    Total E(T) = -12113.9744405403  Free energy = -12113.974440542  E0 = -12113.9744405412
cycle= 4 E= -12113.9744405403  delta_E= -8.38e-05  |g|= 0.017  |ddm|= 17.8
    sigma = 0.005  Optimized mu_alpha = -0.196937079014  entropy = 3.37095453385e-07
    sigma = 0.005  Optimized mu_beta  = -0.199481967447  entropy = 3.37095453385e-07
    Total E(T) = -12113.9744520499  Free energy = -12113.9744520516  E0 = -12113.9744520508
cycle= 5 E= -12113.9744520499  delta_E= -1.15e-05  |g|= 0.00534  |ddm|= 9.66
    sigma = 0.005  Optimized mu_alpha = -0.296533151  entropy = 12.8341221967
    sigma = 0.005  Optimized mu_beta  = -0.299416937412  entropy = 12.8341221967
    Total E(T) = -12113.9390496905  Free energy = -12114.0032203015  E0 = -12113.971134996
Extra cycle  E= -12113.9390496905  delta_E= 0.0354  |g|= 0.209  |ddm|=  908
converged SCF energy = -12113.9390496905  <S^2> = 6.0119529  2S+1 = 5.0047789
[timing] right/Al ensemble SCF = 795.7s
[timing] collect state = 0.0s
[timing] grad contraction = 1.5s
Npdft 666.0000340625778
[timing] checkpoint save = 0.0s
step=   9 L=-12265.36289766 Ef=-12265.36958630 L1=9.62048453e-01 |grad|=2.04784e-02 t=1013.5s
[diagnostic] step=10 |b|=4.968133e-01 max|b|=7.906688e-02
[timing] build AO Vp from S3 = 1.6s
[diagnostic] |vpl|=5.279329e-01 max|vpl|=7.818776e-02
[diagnostic] |vpr|=6.600457e-01 max|vpr|=6.149786e-02
[diagnostic] |vpref|=7.667030e-01 max|vpref|=7.814501e-02
dm0 check [[[ 1.51511399e-09  2.24391600e-08  1.89789926e-07 ... -1.14718968e-07
    7.42476732e-07  6.64943123e-08]
  [ 2.24391600e-08  3.34444487e-07  2.75067382e-06 ... -1.77767057e-06
    1.10110563e-05  1.04757843e-06]
  [ 1.89789926e-07  2.75067382e-06  2.57237916e-05 ... -1.02769888e-05
    9.27868910e-05  4.99876206e-06]
  ...
  [-1.14718968e-07 -1.77767057e-06 -1.02769888e-05 ...  2.27166748e-04
    1.81897131e-06 -1.91352319e-04]
  [ 7.42476732e-07  1.10110563e-05  9.27868910e-05 ...  1.81897131e-06
    4.79980281e-04 -1.62432524e-06]
  [ 6.64943123e-08  1.04757843e-06  4.99876206e-06 ... -1.91352319e-04
   -1.62432524e-06  6.55604971e-04]]

 [[ 2.14412354e-09  3.18475845e-08  2.65523732e-07 ... -7.48705480e-08
    1.03578254e-06  2.38437748e-08]
  [ 3.18475845e-08  4.74248192e-07  3.91397261e-06 ... -9.93113066e-07
    1.53190769e-05  2.50155574e-07]
  [ 2.65523732e-07  3.91397261e-06  3.37625557e-05 ... -1.10142845e-05
    1.30901537e-04  4.52867924e-06]
  ...
  [-7.48705480e-08 -9.93113066e-07 -1.10142845e-05 ...  2.49604223e-04
    2.27939079e-06 -2.10130237e-04]
  [ 1.03578254e-06  1.53190769e-05  1.30901537e-04 ...  2.27939079e-06
    5.52938834e-04 -2.04467287e-06]
  [ 2.38437748e-08  2.50155574e-07  4.52867924e-06 ... -2.10130237e-04
   -2.04467287e-06  7.46013411e-04]]]
converged SCF energy = -150.22669371454  <S^2> = 2.0045398  2S+1 = 3.003025
dm0 check [[[ 1.14640688e-09  1.70870171e-08  1.38753755e-07 ... -8.06196780e-08
    6.25413758e-07  4.56925708e-08]
  [ 1.70870171e-08  2.56085099e-07  2.02952346e-06 ... -1.06182488e-06
    9.18277271e-06  7.18406544e-07]
  [ 1.38753755e-07  2.02952346e-06  1.80707402e-05 ... -1.26947107e-05
    8.12948227e-05  3.19889317e-06]
  ...
  [-8.06196780e-08 -1.06182488e-06 -1.26947107e-05 ...  2.39058982e-04
   -1.61665419e-06 -1.68274902e-04]
  [ 6.25413758e-07  9.18277271e-06  8.12948227e-05 ... -1.61665419e-06
    4.44994666e-04 -4.06031186e-06]
  [ 4.56925708e-08  7.18406544e-07  3.19889317e-06 ... -1.68274902e-04
   -4.06031186e-06  5.95722174e-04]]

 [[ 2.53031397e-08  3.85041819e-07  2.83122102e-06 ... -1.48564539e-07
    1.05895255e-07  7.43873384e-08]
  [ 3.85041819e-07  5.86064622e-06  4.30451633e-05 ... -2.17962934e-06
    1.18328184e-06  1.05286793e-06]
  [ 2.83122102e-06  4.30451633e-05  3.17986273e-04 ... -1.75088244e-05
    2.68733069e-05  9.39038078e-06]
  ...
  [-1.48564539e-07 -2.17962934e-06 -1.75088244e-05 ...  2.30571566e-04
    2.08932905e-07 -1.91671105e-04]
  [ 1.05895255e-07  1.18328184e-06  2.68733069e-05 ...  2.08932905e-07
    4.63237695e-04 -3.50217821e-06]
  [ 7.43873384e-08  1.05286793e-06  9.39038078e-06 ... -1.91671105e-04
   -3.50217821e-06  6.49568282e-04]]]
converged SCF energy = -150.24498582983  <S^2> = 0.92979834  2S+1 = 2.1723704
[timing] left/O ensemble SCF = 11.7s
dm0 check [[ 3.79589789e-01  6.12254238e-01 -1.25280018e-01 ...  1.70722773e-06
  -9.93079578e-08 -4.52440319e-06]
 [ 6.12254238e-01  1.01510056e+00 -3.34119976e-01 ...  5.30589423e-06
  -1.06164740e-06 -1.27769959e-05]
 [-1.25280018e-01 -3.34119976e-01  6.75428810e-01 ... -1.22847168e-05
   2.44011502e-06  3.08345996e-05]
 ...
 [ 1.70722773e-06  5.30589423e-06 -1.22847168e-05 ...  7.79217969e-07
  -2.75442383e-07  1.21225567e-07]
 [-9.93079578e-08 -1.06164740e-06  2.44011502e-06 ... -2.75442383e-07
   6.03475487e-07 -7.12330057e-09]
 [-4.52440319e-06 -1.27769959e-05  3.08345996e-05 ...  1.21225567e-07
  -7.12330057e-09  6.86491118e-07]]


******** <class 'pyscf.scf.addons.SmearingDFRKS'> ********
method = SmearingDFRKS
initial guess = minao
damping factor = 0.15
level_shift factor = 0.2
DIIS = <class 'pyscf.scf.diis.CDIIS'>
diis_start_cycle = 1
diis_space = 12
diis_damp = 0
SCF conv_tol = 5e-05
SCF conv_tol_grad = None
SCF max_cycles = 200
direct_scf = True
direct_scf_tol = 1e-13
chkfile to save SCF result = /tmp/tmpqg3icue5
max_memory 4000 MB (current use 87081 MB)
XC library pyscf.dft.libxc version 6.1.0
    S. Lehtola, C. Steigemann, M. J.T. Oliveira, and M. A.L. Marques.,  SoftwareX 7, 1–5 (2018)
XC functionals = pbe
    J. P. Perdew, K. Burke, and M. Ernzerhof.,  Phys. Rev. Lett. 77, 3865 (1996)
    J. P. Perdew, K. Burke, and M. Ernzerhof.,  Phys. Rev. Lett. 78, 1396 (1997)
    J. P. Perdew, K. Burke, and M. Ernzerhof.,  Phys. Rev. Lett. 77, 3865 (1996)
    J. P. Perdew, K. Burke, and M. Ernzerhof.,  Phys. Rev. Lett. 78, 1396 (1997)
small_rho_cutoff = 1e-06
Set gradient conv threshold to 0.00707107
    Total E(T) = -12114.7623606424  Free energy = -12115.7825074565  E0 = -12115.2724340494
init E= -12114.7623606424
    sigma = 0.02  Optimized mu = -0.0520646735879  entropy = 1.50448184335
    Total E(T) = -12114.7623764013  Free energy = -12114.7924660381  E0 = -12114.7774212197
cycle= 1 E= -12114.7623764013  delta_E= -1.58e-05  |g|= 0.0277  |ddm|= 47.1
    sigma = 0.02  Optimized mu = -0.0513495864464  entropy = 1.50788492545
    Total E(T) = -12114.7621254511  Free energy = -12114.7922831496  E0 = -12114.7772043004
cycle= 2 E= -12114.7621254511  delta_E= 0.000251  |g|= 0.0771  |ddm|=  116
    sigma = 0.02  Optimized mu = -0.0519788999283  entropy = 1.50498533217
    Total E(T) = -12114.7623812952  Free energy = -12114.7924810018  E0 = -12114.7774311485
cycle= 3 E= -12114.7623812952  delta_E= -0.000256  |g|= 0.0154  |ddm|= 73.8
    sigma = 0.02  Optimized mu = -0.0519081981496  entropy = 1.50522572104
    Total E(T) = -12114.7624014441  Free energy = -12114.7925059585  E0 = -12114.7774537013
cycle= 4 E= -12114.7624014441  delta_E= -2.01e-05  |g|= 0.01  |ddm|= 16.5
    sigma = 0.02  Optimized mu = -0.051903232374  entropy = 1.50518633156
    Total E(T) = -12114.7624072545  Free energy = -12114.7925109811  E0 = -12114.7774591178
cycle= 5 E= -12114.7624072545  delta_E= -5.81e-06  |g|= 0.0033  |ddm|= 8.06
    sigma = 0.02  Optimized mu = -0.151808554428  entropy = 50.9994291089
    Total E(T) = -12114.2377506313  Free energy = -12115.2577392135  E0 = -12114.7477449224
Extra cycle  E= -12114.2377506313  delta_E= 0.525  |g|= 0.379  |ddm|= 4.11e+03
converged SCF energy = -12114.2377506313
dm0 check [[[ 1.89816483e-01  3.06184860e-01 -6.27757224e-02 ...  7.26653703e-07
   -6.37571758e-08 -2.21980610e-06]
  [ 3.06184860e-01  5.07703731e-01 -1.67418979e-01 ...  2.31154760e-06
   -5.69560743e-07 -6.27191766e-06]
  [-6.27757224e-02 -1.67418979e-01  3.38545646e-01 ... -5.32021787e-06
    1.32040723e-06  1.51111170e-05]
  ...
  [ 7.26653703e-07  2.31154760e-06 -5.32021787e-06 ...  4.13162807e-07
   -1.43938216e-07  6.38978380e-08]
  [-6.37571758e-08 -5.69560743e-07  1.32040723e-06 ... -1.43938216e-07
    3.05191363e-07  6.20233201e-09]
  [-2.21980610e-06 -6.27191766e-06  1.51111170e-05 ...  6.38978380e-08
    6.20233201e-09  3.42328943e-07]]

 [[ 1.89795713e-01  3.06128280e-01 -6.26472332e-02 ...  9.47374694e-07
   -3.72795186e-08 -2.10253708e-06]
  [ 3.06128280e-01  5.07552691e-01 -1.67079954e-01 ...  2.90514356e-06
   -4.95751543e-07 -5.95843305e-06]
  [-6.26472332e-02 -1.67079954e-01  3.37787407e-01 ... -6.74237174e-06
    1.12087395e-06  1.43780073e-05]
  ...
  [ 9.47374694e-07  2.90514356e-06 -6.74237174e-06 ...  3.98865777e-07
   -1.45233740e-07  6.66767261e-08]
  [-3.72795186e-08 -4.95751543e-07  1.12087395e-06 ... -1.45233740e-07
    3.06604769e-07  1.94948030e-09]
  [-2.10253708e-06 -5.95843305e-06  1.43780073e-05 ...  6.66767261e-08
    1.94948030e-09  3.30705867e-07]]]


******** <class 'pyscf.scf.addons.SmearingDFUKS'> ********
method = SmearingDFUKS
initial guess = minao
damping factor = 0.15
level_shift factor = 0.2
DIIS = <class 'pyscf.scf.diis.CDIIS'>
diis_start_cycle = 1
diis_space = 12
diis_damp = 0
SCF conv_tol = 5e-05
SCF conv_tol_grad = None
SCF max_cycles = 200
direct_scf = True
direct_scf_tol = 1e-13
chkfile to save SCF result = /tmp/tmpi_y3d5mj
max_memory 4000 MB (current use 87081 MB)
number electrons alpha = 325  beta = 323
XC library pyscf.dft.libxc version 6.1.0
    S. Lehtola, C. Steigemann, M. J.T. Oliveira, and M. A.L. Marques.,  SoftwareX 7, 1–5 (2018)
XC functionals = pbe
    J. P. Perdew, K. Burke, and M. Ernzerhof.,  Phys. Rev. Lett. 77, 3865 (1996)
    J. P. Perdew, K. Burke, and M. Ernzerhof.,  Phys. Rev. Lett. 78, 1396 (1997)
    J. P. Perdew, K. Burke, and M. Ernzerhof.,  Phys. Rev. Lett. 77, 3865 (1996)
    J. P. Perdew, K. Burke, and M. Ernzerhof.,  Phys. Rev. Lett. 78, 1396 (1997)
small_rho_cutoff = 1e-06
Set gradient conv threshold to 0.00707107
    Total E(T) = -12114.3188032509  Free energy = -12114.3829738619  E0 = -12114.3508885564
init E= -12114.3188032509
    sigma = 0.005  Optimized mu_alpha = -0.197239658497  entropy = 3.34201257423e-07
    sigma = 0.005  Optimized mu_beta  = -0.199794274089  entropy = 3.34201257423e-07
    Total E(T) = -12114.318815109  Free energy = -12114.3188151106  E0 = -12114.3188151098
cycle= 1 E= -12114.318815109  delta_E= -1.19e-05  |g|= 0.0446  |ddm|=   38
    sigma = 0.005  Optimized mu_alpha = -0.196547402304  entropy = 3.38086448054e-07
    sigma = 0.005  Optimized mu_beta  = -0.199082076326  entropy = 3.38086448054e-07
    Total E(T) = -12114.3185866817  Free energy = -12114.3185866834  E0 = -12114.3185866825
cycle= 2 E= -12114.3185866817  delta_E= 0.000228  |g|= 0.115  |ddm|= 75.9
    sigma = 0.005  Optimized mu_alpha = -0.197098776292  entropy = 3.3432691973e-07
    sigma = 0.005  Optimized mu_beta  = -0.199657040949  entropy = 3.3432691973e-07
    Total E(T) = -12114.318817344  Free energy = -12114.3188173457  E0 = -12114.3188173449
cycle= 3 E= -12114.318817344  delta_E= -0.000231  |g|= 0.027  |ddm|= 52.9
    sigma = 0.005  Optimized mu_alpha = -0.197075415245  entropy = 3.34991833996e-07
    sigma = 0.005  Optimized mu_beta  = -0.199626153644  entropy = 3.34991833996e-07
    Total E(T) = -12114.3188470227  Free energy = -12114.3188470244  E0 = -12114.3188470236
cycle= 4 E= -12114.3188470227  delta_E= -2.97e-05  |g|= 0.0122  |ddm|= 18.2
    sigma = 0.005  Optimized mu_alpha = -0.19706500209  entropy = 3.34974981482e-07
    sigma = 0.005  Optimized mu_beta  = -0.199616818344  entropy = 3.34974981482e-07
    Total E(T) = -12114.3188495676  Free energy = -12114.3188495692  E0 = -12114.3188495684
cycle= 5 E= -12114.3188495676  delta_E= -2.54e-06  |g|= 0.00743  |ddm|= 6.34
    sigma = 0.005  Optimized mu_alpha = -0.197011135386  entropy = 3.35030440842e-07
    sigma = 0.005  Optimized mu_beta  = -0.199563562783  entropy = 3.35030440842e-07
    Total E(T) = -12114.3188503925  Free energy = -12114.3188503941  E0 = -12114.3188503933
cycle= 6 E= -12114.3188503925  delta_E= -8.25e-07  |g|= 0.00364  |ddm|= 5.11
    sigma = 0.005  Optimized mu_alpha = -0.296504218096  entropy = 12.8185490064
    sigma = 0.005  Optimized mu_beta  = -0.299394036695  entropy = 12.8185490064
    Total E(T) = -12114.2837307776  Free energy = -12114.3478235226  E0 = -12114.3157771501
Extra cycle  E= -12114.2837307776  delta_E= 0.0351  |g|= 0.189  |ddm|=  894
converged SCF energy = -12114.2837307776  <S^2> = 3.7627595  2S+1 = 4.0063747
[timing] right/Al ensemble SCF = 804.5s
[timing] collect state = 0.0s
[timing] grad contraction = 1.6s
Npdft 666.0000340553584
[timing] checkpoint save = 0.0s
step=  10 L=-12265.35952652 Ef=-12265.36646220 L1=9.75681308e-01 |grad|=1.86412e-02 t=1017.8s
[diagnostic] step=11 |b|=5.011791e-01 max|b|=7.906688e-02
[timing] build AO Vp from S3 = 1.6s
[diagnostic] |vpl|=5.301824e-01 max|vpl|=7.838897e-02
[diagnostic] |vpr|=6.647004e-01 max|vpr|=6.161200e-02
[diagnostic] |vpref|=7.714404e-01 max|vpref|=7.834587e-02
dm0 check [[[ 1.51511375e-09  2.24391589e-08  1.89789891e-07 ... -1.14719081e-07
    7.42477062e-07  6.64944161e-08]
  [ 2.24391589e-08  3.34444528e-07  2.75067334e-06 ... -1.77767252e-06
    1.10110597e-05  1.04758033e-06]
  [ 1.89789891e-07  2.75067334e-06  2.57237859e-05 ... -1.02770044e-05
    9.27869394e-05  4.99877599e-06]
  ...
  [-1.14719081e-07 -1.77767252e-06 -1.02770044e-05 ...  2.27166695e-04
    1.81897075e-06 -1.91352275e-04]
  [ 7.42477062e-07  1.10110597e-05  9.27869394e-05 ...  1.81897075e-06
    4.79980250e-04 -1.62432560e-06]
  [ 6.64944161e-08  1.04758033e-06  4.99877599e-06 ... -1.91352275e-04
   -1.62432560e-06  6.55604901e-04]]

 [[ 2.14412339e-09  3.18475823e-08  2.65523746e-07 ... -7.48707590e-08
    1.03578265e-06  2.38439564e-08]
  [ 3.18475823e-08  4.74248181e-07  3.91397254e-06 ... -9.93114483e-07
    1.53190780e-05  2.50156848e-07]
  [ 2.65523746e-07  3.91397254e-06  3.37625586e-05 ... -1.10142987e-05
    1.30901559e-04  4.52869125e-06]
  ...
  [-7.48707590e-08 -9.93114483e-07 -1.10142987e-05 ...  2.49604184e-04
    2.27939039e-06 -2.10130204e-04]
  [ 1.03578265e-06  1.53190780e-05  1.30901559e-04 ...  2.27939039e-06
    5.52938943e-04 -2.04467330e-06]
  [ 2.38439564e-08  2.50156848e-07  4.52869125e-06 ... -2.10130204e-04
   -2.04467330e-06  7.46013495e-04]]]
converged SCF energy = -150.22669371454  <S^2> = 2.0045398  2S+1 = 3.003025
dm0 check [[[ 1.14641432e-09  1.70871270e-08  1.38754498e-07 ... -8.06213907e-08
    6.25415496e-07  4.56932750e-08]
  [ 1.70871270e-08  2.56086838e-07  2.02953305e-06 ... -1.06183377e-06
    9.18279268e-06  7.18418058e-07]
  [ 1.38754498e-07  2.02953305e-06  1.80708109e-05 ... -1.26947899e-05
    8.12950555e-05  3.19896830e-06]
  ...
  [-8.06213907e-08 -1.06183377e-06 -1.26947899e-05 ...  2.39058167e-04
   -1.61674475e-06 -1.68274711e-04]
  [ 6.25415496e-07  9.18279268e-06  8.12950555e-05 ... -1.61674475e-06
    4.44994585e-04 -4.06038938e-06]
  [ 4.56932750e-08  7.18418058e-07  3.19896830e-06 ... -1.68274711e-04
   -4.06038938e-06  5.95721788e-04]]

 [[ 2.53029630e-08  3.85039161e-07  2.83120217e-06 ... -1.48565745e-07
    1.05897670e-07  7.43893411e-08]
  [ 3.85039161e-07  5.86060637e-06  4.30448777e-05 ... -2.17963598e-06
    1.18331044e-06  1.05288665e-06]
  [ 2.83120217e-06  4.30448777e-05  3.17984248e-04 ... -1.75089152e-05
    2.68735812e-05  9.39054829e-06]
  ...
  [-1.48565745e-07 -2.17963598e-06 -1.75089152e-05 ...  2.30571304e-04
    2.08893263e-07 -1.91670881e-04]
  [ 1.05897670e-07  1.18331044e-06  2.68735812e-05 ...  2.08893263e-07
    4.63237948e-04 -3.50219014e-06]
  [ 7.43893411e-08  1.05288665e-06  9.39054829e-06 ... -1.91670881e-04
   -3.50219014e-06  6.49568369e-04]]]
converged SCF energy = -150.244985829828  <S^2> = 0.92980164  2S+1 = 2.1723735
[timing] left/O ensemble SCF = 11.5s
dm0 check [[ 3.79535352e-01  6.12226393e-01 -1.25220812e-01 ...  1.63036678e-06
  -1.68134841e-07 -4.50064303e-06]
 [ 6.12226393e-01  1.01515474e+00 -3.34030646e-01 ...  5.10249453e-06
  -1.25145893e-06 -1.27171274e-05]
 [-1.25220812e-01 -3.34030646e-01  6.75211411e-01 ... -1.18007521e-05
   2.91369895e-06  3.06950937e-05]
 ...
 [ 1.63036678e-06  5.10249453e-06 -1.18007521e-05 ...  7.87573881e-07
  -2.74018161e-07  1.33900841e-07]
 [-1.68134841e-07 -1.25145893e-06  2.91369895e-06 ... -2.74018161e-07
   6.01056540e-07  2.65559092e-09]
 [-4.50064303e-06 -1.27171274e-05  3.06950937e-05 ...  1.33900841e-07
   2.65559092e-09  6.84387837e-07]]


******** <class 'pyscf.scf.addons.SmearingDFRKS'> ********
method = SmearingDFRKS
initial guess = minao
damping factor = 0.15
level_shift factor = 0.2
DIIS = <class 'pyscf.scf.diis.CDIIS'>
diis_start_cycle = 1
diis_space = 12
diis_damp = 0
SCF conv_tol = 5e-05
SCF conv_tol_grad = None
SCF max_cycles = 200
direct_scf = True
direct_scf_tol = 1e-13
chkfile to save SCF result = /tmp/tmpqg3icue5
max_memory 4000 MB (current use 87119 MB)
XC library pyscf.dft.libxc version 6.1.0
    S. Lehtola, C. Steigemann, M. J.T. Oliveira, and M. A.L. Marques.,  SoftwareX 7, 1–5 (2018)
XC functionals = pbe
    J. P. Perdew, K. Burke, and M. Ernzerhof.,  Phys. Rev. Lett. 77, 3865 (1996)
    J. P. Perdew, K. Burke, and M. Ernzerhof.,  Phys. Rev. Lett. 78, 1396 (1997)
    J. P. Perdew, K. Burke, and M. Ernzerhof.,  Phys. Rev. Lett. 77, 3865 (1996)
    J. P. Perdew, K. Burke, and M. Ernzerhof.,  Phys. Rev. Lett. 78, 1396 (1997)
small_rho_cutoff = 1e-06
Set gradient conv threshold to 0.00707107
    Total E(T) = -12114.742087007  Free energy = -12115.7620755892  E0 = -12115.2520812981
init E= -12114.742087007
    sigma = 0.02  Optimized mu = -0.0518146539569  entropy = 1.50570402568
