pyscf max mem 1050853
SLURM_CPUS_PER_TASK = 64
OMP_NUM_THREADS = 64
MKL_NUM_THREADS = 64
OPENBLAS_NUM_THREADS = 64
PySCF lib.num_threads() = 64
left ensemble electron number ([9, 9], [7, 8])
right ensemble electron number ([325, 325], [325, 323])
[setup] build_system t=1.7s
building grid (level 3)...
[setup] grid t=4.8s
computing S3 tensors (DF)...
S3 shapes: left=(116, 116, 1336) right=(1528, 1528, 1336) ref=(1544, 1544, 1336) t=773.7s
[warm-start] loaded pdft_optimizer7.pkl
[warm-start] rdft1.D ← pickle dm_ig1
[warm-start] rdft2.D ← pickle dm_ig2
[init] b0 from optimizer checkpoint, npbs=1336
[warm-start] Lagrangian x0 ready, |b0| = 2.37035e+00
[setup] warm-start t=0.2s
starting phase 1: damped ascent
[phase1] damped ascent: 5 steps, alpha=1.0, max_step=1.0
[phase1] step 1 SCF: dm0 from dm_ig1/dm_ig2 on rdft1/rdft2
dm0 check None
converged SCF energy = -150.226693714538  <S^2> = 2.0045399  2S+1 = 3.003025
dm0 check None
converged SCF energy = -150.244985829667  <S^2> = 0.9297856  2S+1 = 2.1723587
[timing] left/O ensemble SCF = 240.5s
dm0 check [[ 3.79533141e-01  6.12214459e-01 -1.25198314e-01 ...  2.36675567e-05
   1.43608443e-05 -4.79382000e-05]
 [ 6.12214459e-01  1.01512195e+00 -3.33986070e-01 ...  6.45343863e-05
   3.79234882e-05 -1.29866768e-04]
 [-1.25198314e-01 -3.33986070e-01  6.75132748e-01 ... -1.55678373e-04
  -9.18467135e-05  3.14296377e-04]
 ...
 [ 2.36675567e-05  6.45343863e-05 -1.55678373e-04 ...  1.13772621e-05
   5.91150059e-06 -2.41545943e-05]
 [ 1.43608443e-05  3.79234882e-05 -9.18467135e-05 ...  5.91150059e-06
   4.68811347e-06 -1.44731043e-05]
 [-4.79382000e-05 -1.29866768e-04  3.14296377e-04 ... -2.41545943e-05
  -1.44731043e-05  5.96083241e-05]]


******** <class 'pyscf.scf.addons.SmearingDFRKS'> ********
method = SmearingDFRKS
initial guess = minao
damping factor = 0.15
level_shift factor = 0.2
DIIS = <class 'pyscf.scf.diis.CDIIS'>
diis_start_cycle = 1
diis_space = 12
diis_damp = 0
SCF conv_tol = 5e-05
SCF conv_tol_grad = None
SCF max_cycles = 200
direct_scf = True
direct_scf_tol = 1e-13
chkfile to save SCF result = /tmp/tmpnx8_b0uf
max_memory 4000 MB (current use 85915 MB)
XC library pyscf.dft.libxc version 6.1.0
    S. Lehtola, C. Steigemann, M. J.T. Oliveira, and M. A.L. Marques.,  SoftwareX 7, 1–5 (2018)
XC functionals = pbe
    J. P. Perdew, K. Burke, and M. Ernzerhof.,  Phys. Rev. Lett. 77, 3865 (1996)
    J. P. Perdew, K. Burke, and M. Ernzerhof.,  Phys. Rev. Lett. 78, 1396 (1997)
    J. P. Perdew, K. Burke, and M. Ernzerhof.,  Phys. Rev. Lett. 77, 3865 (1996)
    J. P. Perdew, K. Burke, and M. Ernzerhof.,  Phys. Rev. Lett. 78, 1396 (1997)
small_rho_cutoff = 1e-06
Set gradient conv threshold to 0.00707107
init E= -12114.5991737866
    sigma = 0.02  Optimized mu = -0.0528363335317  entropy = 1.53440728722
    Total E(T) = -12114.599163942  Free energy = -12114.6298520877  E0 = -12114.6145080149
cycle= 1 E= -12114.599163942  delta_E= 9.84e-06  |g|= 0.0204  |ddm|= 20.8
    sigma = 0.02  Optimized mu = -0.0529312954799  entropy = 1.53526549778
    Total E(T) = -12114.5990355038  Free energy = -12114.6297408138  E0 = -12114.6143881588
cycle= 2 E= -12114.5990355038  delta_E= 0.000128  |g|= 0.0695  |ddm|=   74
    sigma = 0.02  Optimized mu = -0.0528582410905  entropy = 1.53459944244
    Total E(T) = -12114.5991169294  Free energy = -12114.6298089182  E0 = -12114.6144629238
cycle= 3 E= -12114.5991169294  delta_E= -8.14e-05  |g|= 0.0355  |ddm|= 27.8
    sigma = 0.02  Optimized mu = -0.0528579803682  entropy = 1.53456421682
    Total E(T) = -12114.5991483782  Free energy = -12114.6298396625  E0 = -12114.6144940203
cycle= 4 E= -12114.5991483782  delta_E= -3.14e-05  |g|= 0.0239  |ddm|= 11.8
    sigma = 0.02  Optimized mu = -0.0528576872584  entropy = 1.5345585751
    Total E(T) = -12114.5991624625  Free energy = -12114.629853634  E0 = -12114.6145080482
cycle= 5 E= -12114.5991624625  delta_E= -1.41e-05  |g|= 0.0163  |ddm|= 6.94
    sigma = 0.02  Optimized mu = -0.0528585931898  entropy = 1.53454645721
    Total E(T) = -12114.5991689703  Free energy = -12114.6298598994  E0 = -12114.6145144349
cycle= 6 E= -12114.5991689703  delta_E= -6.51e-06  |g|= 0.0117  |ddm|= 4.56
    sigma = 0.02  Optimized mu = -0.052857374977  entropy = 1.53455123045
    Total E(T) = -12114.5991721608  Free energy = -12114.6298631854  E0 = -12114.6145176731
cycle= 7 E= -12114.5991721608  delta_E= -3.19e-06  |g|= 0.00821  |ddm|= 3.05
    sigma = 0.02  Optimized mu = -0.0528586489426  entropy = 1.53454362278
    Total E(T) = -12114.5991738111  Free energy = -12114.6298646836  E0 = -12114.6145192473
cycle= 8 E= -12114.5991738111  delta_E= -1.65e-06  |g|= 0.00572  |ddm|= 2.28
    sigma = 0.02  Optimized mu = -0.152945557561  entropy = 51.6547174336
    Total E(T) = -12114.065193328  Free energy = -12115.0982876767  E0 = -12114.5817405023
Extra cycle  E= -12114.065193328  delta_E= 0.534  |g|= 0.419  |ddm|= 4.36e+03
converged SCF energy = -12114.065193328
dm0 check [[[ 1.89788446e-01  3.06165785e-01 -6.27366147e-02 ...  9.22893951e-06
    5.62422901e-06 -2.10278077e-05]
  [ 3.06165785e-01  5.07716664e-01 -1.67356766e-01 ...  2.52348275e-05
    1.47582670e-05 -5.69753715e-05]
  [-6.27366147e-02 -1.67356766e-01  3.38407936e-01 ... -6.07451793e-05
   -3.56889634e-05  1.37650447e-04]
  ...
  [ 9.22893951e-06  2.52348275e-05 -6.07451793e-05 ...  3.29130091e-06
    1.55618245e-06 -7.83424837e-06]
  [ 5.62422901e-06  1.47582670e-05 -3.56889634e-05 ...  1.55618245e-06
    1.51698599e-06 -4.73005500e-06]
  [-2.10278077e-05 -5.69753715e-05  1.37650447e-04 ... -7.83424837e-06
   -4.73005500e-06  2.29530753e-05]]

 [[ 1.89767557e-01  3.06108879e-01 -6.26074606e-02 ...  1.02129207e-05
    6.44190799e-06 -2.24874309e-05]
  [ 3.06108879e-01  5.07564727e-01 -1.67015907e-01 ...  2.79044164e-05
    1.69786542e-05 -6.09568351e-05]
  [-6.26074606e-02 -1.67015907e-01  3.37646019e-01 ... -6.73542105e-05
   -4.12025586e-05  1.47708828e-04]
  ...
  [ 1.02129207e-05  2.79044164e-05 -6.73542105e-05 ...  3.57713593e-06
    1.76321500e-06 -8.48790304e-06]
  [ 6.44190799e-06  1.69786542e-05 -4.12025586e-05 ...  1.76321500e-06
    1.67620857e-06 -5.22890509e-06]
  [-2.24874309e-05 -6.09568351e-05  1.47708828e-04 ... -8.48790304e-06
   -5.22890509e-06  2.43739308e-05]]]


******** <class 'pyscf.scf.addons.SmearingDFUKS'> ********
method = SmearingDFUKS
initial guess = minao
damping factor = 0.15
level_shift factor = 0.2
DIIS = <class 'pyscf.scf.diis.CDIIS'>
diis_start_cycle = 1
diis_space = 12
diis_damp = 0
SCF conv_tol = 5e-05
SCF conv_tol_grad = None
SCF max_cycles = 200
direct_scf = True
direct_scf_tol = 1e-13
chkfile to save SCF result = /tmp/tmph1vfanl1
max_memory 4000 MB (current use 86532 MB)
number electrons alpha = 325  beta = 323
XC library pyscf.dft.libxc version 6.1.0
    S. Lehtola, C. Steigemann, M. J.T. Oliveira, and M. A.L. Marques.,  SoftwareX 7, 1–5 (2018)
XC functionals = pbe
    J. P. Perdew, K. Burke, and M. Ernzerhof.,  Phys. Rev. Lett. 77, 3865 (1996)
    J. P. Perdew, K. Burke, and M. Ernzerhof.,  Phys. Rev. Lett. 78, 1396 (1997)
    J. P. Perdew, K. Burke, and M. Ernzerhof.,  Phys. Rev. Lett. 77, 3865 (1996)
    J. P. Perdew, K. Burke, and M. Ernzerhof.,  Phys. Rev. Lett. 78, 1396 (1997)
small_rho_cutoff = 1e-06
Set gradient conv threshold to 0.00707107
init E= -12114.1556234336
    sigma = 0.005  Optimized mu_alpha = -0.197462948139  entropy = 3.44653049927e-07
    sigma = 0.005  Optimized mu_beta  = -0.199990894918  entropy = 3.44653049927e-07
    Total E(T) = -12114.1556173282  Free energy = -12114.15561733  E0 = -12114.1556173291
cycle= 1 E= -12114.1556173282  delta_E= 6.11e-06  |g|= 0.0202  |ddm|= 11.2
    sigma = 0.005  Optimized mu_alpha = -0.197296176361  entropy = 3.44435643868e-07
    sigma = 0.005  Optimized mu_beta  = -0.199837013478  entropy = 3.44435643868e-07
    Total E(T) = -12114.1555630261  Free energy = -12114.1555630278  E0 = -12114.1555630269
cycle= 2 E= -12114.1555630261  delta_E= 5.43e-05  |g|= 0.0594  |ddm|= 33.9
    sigma = 0.005  Optimized mu_alpha = -0.197414911756  entropy = 3.44457688344e-07
    sigma = 0.005  Optimized mu_beta  = -0.199947907213  entropy = 3.44457688344e-07
    Total E(T) = -12114.1555999481  Free energy = -12114.1555999499  E0 = -12114.155599949
cycle= 3 E= -12114.1555999481  delta_E= -3.69e-05  |g|= 0.0284  |ddm|= 11.4
    sigma = 0.005  Optimized mu_alpha = -0.197418113093  entropy = 3.44519014592e-07
    sigma = 0.005  Optimized mu_beta  = -0.19994987232  entropy = 3.44519014592e-07
    Total E(T) = -12114.1556145467  Free energy = -12114.1556145484  E0 = -12114.1556145475
cycle= 4 E= -12114.1556145467  delta_E= -1.46e-05  |g|= 0.0178  |ddm|= 5.63
    sigma = 0.005  Optimized mu_alpha = -0.197420834416  entropy = 3.44517743434e-07
    sigma = 0.005  Optimized mu_beta  = -0.199952359798  entropy = 3.44517743434e-07
    Total E(T) = -12114.155620421  Free energy = -12114.1556204228  E0 = -12114.1556204219
cycle= 5 E= -12114.155620421  delta_E= -5.87e-06  |g|= 0.0114  |ddm|= 3.33
    sigma = 0.005  Optimized mu_alpha = -0.197416619732  entropy = 3.44527144733e-07
    sigma = 0.005  Optimized mu_beta  = -0.19994818573  entropy = 3.44527144733e-07
    Total E(T) = -12114.1556228914  Free energy = -12114.1556228931  E0 = -12114.1556228923
cycle= 6 E= -12114.1556228914  delta_E= -2.47e-06  |g|= 0.00734  |ddm|= 2.37
    sigma = 0.005  Optimized mu_alpha = -0.197417121411  entropy = 3.44495014642e-07
    sigma = 0.005  Optimized mu_beta  = -0.199949055702  entropy = 3.44495014642e-07
    Total E(T) = -12114.1556239409  Free energy = -12114.1556239426  E0 = -12114.1556239418
cycle= 7 E= -12114.1556239409  delta_E= -1.05e-06  |g|= 0.00489  |ddm|= 1.63
    sigma = 0.005  Optimized mu_alpha = -0.297027302634  entropy = 12.8622572027
    sigma = 0.005  Optimized mu_beta  = -0.299907609516  entropy = 12.8622572027
    Total E(T) = -12114.1205287231  Free energy = -12114.1848400091  E0 = -12114.1526843661
Extra cycle  E= -12114.1205287231  delta_E= 0.0351  |g|= 0.211  |ddm|=  935
converged SCF energy = -12114.1205287231  <S^2> = 2.0138688  2S+1 = 3.0092317
[timing] right/Al ensemble SCF = 1002.2s
[timing] collect state = 0.0s
[timing] checkpoint save = 0.0s
[phase1] step=1/5 L=-12262.47007006 Ef=-12262.48397707 |grad|=1.22648e-02 |db|=1.22648e-02 t=1248.0s
dm0 check [[[ 1.51510539e-09  2.24390407e-08  1.89788584e-07 ... -1.14716793e-07
    7.42480591e-07  6.64925537e-08]
  [ 2.24390407e-08  3.34442860e-07  2.75065447e-06 ... -1.77763476e-06
    1.10111116e-05  1.04754946e-06]
  [ 1.89788584e-07  2.75065447e-06  2.57236015e-05 ... -1.02767709e-05
    9.27874012e-05  4.99858660e-06]
  ...
  [-1.14716793e-07 -1.77763476e-06 -1.02767709e-05 ...  2.27166818e-04
    1.81897022e-06 -1.91352427e-04]
  [ 7.42480591e-07  1.10111116e-05  9.27874012e-05 ...  1.81897022e-06
    4.79983561e-04 -1.62425374e-06]
  [ 6.64925537e-08  1.04754946e-06  4.99858660e-06 ... -1.91352427e-04
   -1.62425374e-06  6.55608417e-04]]

 [[ 2.14412926e-09  3.18476687e-08  2.65524476e-07 ... -7.48678675e-08
    1.03578378e-06  2.38417798e-08]
  [ 3.18476687e-08  4.74249422e-07  3.91398393e-06 ... -9.93071944e-07
    1.53190952e-05  2.50124817e-07]
  [ 2.65524476e-07  3.91398393e-06  3.37626381e-05 ... -1.10139777e-05
    1.30901684e-04  4.52845690e-06]
  ...
  [-7.48678675e-08 -9.93071944e-07 -1.10139777e-05 ...  2.49604988e-04
    2.27945400e-06 -2.10130920e-04]
  [ 1.03578378e-06  1.53190952e-05  1.30901684e-04 ...  2.27945400e-06
    5.52938192e-04 -2.04465529e-06]
  [ 2.38417798e-08  2.50124817e-07  4.52845690e-06 ... -2.10130920e-04
   -2.04465529e-06  7.46013266e-04]]]
converged SCF energy = -150.226693714539  <S^2> = 2.0045398  2S+1 = 3.003025
dm0 check [[[ 1.14663927e-09  1.70906963e-08  1.38764383e-07 ... -8.06351991e-08
    6.25424907e-07  4.57094748e-08]
  [ 1.70906963e-08  2.56142401e-07  2.02970512e-06 ... -1.06203847e-06
    9.18297648e-06  7.18610581e-07]
  [ 1.38764383e-07  2.02970512e-06  1.80711277e-05 ... -1.26954868e-05
    8.12953223e-05  3.19992558e-06]
  ...
  [-8.06351991e-08 -1.06203847e-06 -1.26954868e-05 ...  2.39056590e-04
   -1.61628521e-06 -1.68273569e-04]
  [ 6.25424907e-07  9.18297648e-06  8.12953223e-05 ... -1.61628521e-06
    4.44991768e-04 -4.05797459e-06]
  [ 4.57094748e-08  7.18610581e-07  3.19992558e-06 ... -1.68273569e-04
   -4.05797459e-06  5.95720304e-04]]

 [[ 2.52991917e-08  3.84988468e-07  2.83081237e-06 ... -1.48521070e-07
    1.05980492e-07  7.43608024e-08]
  [ 3.84988468e-07  5.85993600e-06  4.30397100e-05 ... -2.17883477e-06
    1.18474495e-06  1.05238318e-06]
  [ 2.83081237e-06  4.30397100e-05  3.17944269e-04 ... -1.75046016e-05
    2.68826267e-05  9.38690533e-06]
  ...
  [-1.48521070e-07 -2.17883477e-06 -1.75046016e-05 ...  2.30576224e-04
    2.09094786e-07 -1.91668407e-04]
  [ 1.05980492e-07  1.18474495e-06  2.68826267e-05 ...  2.09094786e-07
    4.63234853e-04 -3.50197083e-06]
  [ 7.43608024e-08  1.05238318e-06  9.38690533e-06 ... -1.91668407e-04
   -3.50197083e-06  6.49562330e-04]]]
converged SCF energy = -150.244985829812  <S^2> = 0.92979458  2S+1 = 2.172367
[timing] left/O ensemble SCF = 14.4s
dm0 check [[ 3.79533134e-01  6.12214443e-01 -1.25198281e-01 ...  2.36664794e-05
   1.43605438e-05 -4.79455823e-05]
 [ 6.12214443e-01  1.01512191e+00 -3.33985993e-01 ...  6.45314923e-05
   3.79226870e-05 -1.29886699e-04]
 [-1.25198281e-01 -3.33985993e-01  6.75132621e-01 ... -1.55671372e-04
  -9.18448094e-05  3.14344685e-04]
 ...
 [ 2.36664794e-05  6.45314923e-05 -1.55671372e-04 ...  1.13458865e-05
   5.89522768e-06 -2.41026341e-05]
 [ 1.43605438e-05  3.79226870e-05 -9.18448094e-05 ...  5.89522768e-06
   4.67982969e-06 -1.44459322e-05]
 [-4.79455823e-05 -1.29886699e-04  3.14344685e-04 ... -2.41026341e-05
  -1.44459322e-05  5.95279405e-05]]


******** <class 'pyscf.scf.addons.SmearingDFRKS'> ********
method = SmearingDFRKS
initial guess = minao
damping factor = 0.15
level_shift factor = 0.2
DIIS = <class 'pyscf.scf.diis.CDIIS'>
diis_start_cycle = 1
diis_space = 12
diis_damp = 0
SCF conv_tol = 5e-05
SCF conv_tol_grad = None
SCF max_cycles = 200
direct_scf = True
direct_scf_tol = 1e-13
chkfile to save SCF result = /tmp/tmpnx8_b0uf
max_memory 4000 MB (current use 86757 MB)
XC library pyscf.dft.libxc version 6.1.0
    S. Lehtola, C. Steigemann, M. J.T. Oliveira, and M. A.L. Marques.,  SoftwareX 7, 1–5 (2018)
XC functionals = pbe
    J. P. Perdew, K. Burke, and M. Ernzerhof.,  Phys. Rev. Lett. 77, 3865 (1996)
    J. P. Perdew, K. Burke, and M. Ernzerhof.,  Phys. Rev. Lett. 78, 1396 (1997)
    J. P. Perdew, K. Burke, and M. Ernzerhof.,  Phys. Rev. Lett. 77, 3865 (1996)
    J. P. Perdew, K. Burke, and M. Ernzerhof.,  Phys. Rev. Lett. 78, 1396 (1997)
small_rho_cutoff = 1e-06
Set gradient conv threshold to 0.00707107
    Total E(T) = -12114.6162474286  Free energy = -12115.6493417772  E0 = -12115.1327946029
init E= -12114.6162474286
    sigma = 0.02  Optimized mu = -0.052844158292  entropy = 1.53405032186
    Total E(T) = -12114.6162354371  Free energy = -12114.6469164435  E0 = -12114.6315759403
cycle= 1 E= -12114.6162354371  delta_E= 1.2e-05  |g|= 0.0245  |ddm|= 25.5
    sigma = 0.02  Optimized mu = -0.0529558879899  entropy = 1.53510591864
    Total E(T) = -12114.616055367  Free energy = -12114.6467574854  E0 = -12114.6314064262
cycle= 2 E= -12114.616055367  delta_E= 0.00018  |g|= 0.0828  |ddm|= 86.5
    sigma = 0.02  Optimized mu = -0.052858457563  entropy = 1.53431287659
    Total E(T) = -12114.6161689251  Free energy = -12114.6468551826  E0 = -12114.6315120539
cycle= 3 E= -12114.6161689251  delta_E= -0.000114  |g|= 0.0426  |ddm|= 34.3
    sigma = 0.02  Optimized mu = -0.0528583689291  entropy = 1.53425978178
    Total E(T) = -12114.6162137422  Free energy = -12114.6468989378  E0 = -12114.63155634
cycle= 4 E= -12114.6162137422  delta_E= -4.48e-05  |g|= 0.0285  |ddm|= 14.3
    sigma = 0.02  Optimized mu = -0.052857378232  entropy = 1.53425303833
    Total E(T) = -12114.6162338787  Free energy = -12114.6469189395  E0 = -12114.6315764091
cycle= 5 E= -12114.6162338787  delta_E= -2.01e-05  |g|= 0.0192  |ddm|= 8.71
    sigma = 0.02  Optimized mu = -0.0528595856276  entropy = 1.53422476379
    Total E(T) = -12114.6162431427  Free energy = -12114.646927638  E0 = -12114.6315853903
cycle= 6 E= -12114.6162431427  delta_E= -9.26e-06  |g|= 0.0134  |ddm|= 5.74
    sigma = 0.02  Optimized mu = -0.0528544079568  entropy = 1.53424444483
    Total E(T) = -12114.616247482  Free energy = -12114.6469323709  E0 = -12114.6315899264
cycle= 7 E= -12114.616247482  delta_E= -4.34e-06  |g|= 0.00933  |ddm|= 3.87
    sigma = 0.02  Optimized mu = -0.0528569895812  entropy = 1.5342287201
    Total E(T) = -12114.6162497479  Free energy = -12114.6469343223  E0 = -12114.6315920351
cycle= 8 E= -12114.6162497479  delta_E= -2.27e-06  |g|= 0.00617  |ddm|= 2.79
    sigma = 0.02  Optimized mu = -0.152935967783  entropy = 51.650814211
    Total E(T) = -12114.0822981626  Free energy = -12115.1153144468  E0 = -12114.5988063047
Extra cycle  E= -12114.0822981626  delta_E= 0.534  |g|= 0.419  |ddm|= 4.36e+03
converged SCF energy = -12114.0822981626
dm0 check [[[ 1.89788437e-01  3.06165762e-01 -6.27365667e-02 ...  9.22380967e-06
    5.62211495e-06 -2.10250959e-05]
  [ 3.06165762e-01  5.07716601e-01 -1.67356641e-01 ...  2.52210020e-05
    1.47525738e-05 -5.69680725e-05]
  [-6.27365667e-02 -1.67356641e-01  3.38407689e-01 ... -6.07117742e-05
   -3.56752456e-05  1.37632884e-04]
  ...
  [ 9.22380967e-06  2.52210020e-05 -6.07117742e-05 ...  3.28149690e-06
    1.55122354e-06 -7.81633083e-06]
  [ 5.62211495e-06  1.47525738e-05 -3.56752456e-05 ...  1.55122354e-06
    1.51461394e-06 -4.72105889e-06]
  [-2.10250959e-05 -5.69680725e-05  1.37632884e-04 ... -7.81633083e-06
   -4.72105889e-06  2.29239628e-05]]

 [[ 1.89767548e-01  3.06108855e-01 -6.26074094e-02 ...  1.01993976e-05
    6.43489280e-06 -2.24720089e-05]
  [ 3.06108855e-01  5.07564664e-01 -1.67015771e-01 ...  2.78679401e-05
    1.69597325e-05 -6.09152346e-05]
  [-6.26074094e-02 -1.67015771e-01  3.37645718e-01 ... -6.72658410e-05
   -4.11567255e-05  1.47608032e-04]
  ...
  [ 1.01993976e-05  2.78679401e-05 -6.72658410e-05 ...  3.56049433e-06
    1.75437233e-06 -8.45671747e-06]
  [ 6.43489280e-06  1.69597325e-05 -4.11567255e-05 ...  1.75437233e-06
    1.67152547e-06 -5.21224044e-06]
  [-2.24720089e-05 -6.09152346e-05  1.47608032e-04 ... -8.45671747e-06
   -5.21224044e-06  2.43195412e-05]]]


******** <class 'pyscf.scf.addons.SmearingDFUKS'> ********
method = SmearingDFUKS
initial guess = minao
damping factor = 0.15
level_shift factor = 0.2
DIIS = <class 'pyscf.scf.diis.CDIIS'>
diis_start_cycle = 1
diis_space = 12
diis_damp = 0
SCF conv_tol = 5e-05
SCF conv_tol_grad = None
SCF max_cycles = 200
direct_scf = True
direct_scf_tol = 1e-13
chkfile to save SCF result = /tmp/tmph1vfanl1
max_memory 4000 MB (current use 86963 MB)
number electrons alpha = 325  beta = 323
XC library pyscf.dft.libxc version 6.1.0
    S. Lehtola, C. Steigemann, M. J.T. Oliveira, and M. A.L. Marques.,  SoftwareX 7, 1–5 (2018)
XC functionals = pbe
    J. P. Perdew, K. Burke, and M. Ernzerhof.,  Phys. Rev. Lett. 77, 3865 (1996)
    J. P. Perdew, K. Burke, and M. Ernzerhof.,  Phys. Rev. Lett. 78, 1396 (1997)
    J. P. Perdew, K. Burke, and M. Ernzerhof.,  Phys. Rev. Lett. 77, 3865 (1996)
    J. P. Perdew, K. Burke, and M. Ernzerhof.,  Phys. Rev. Lett. 78, 1396 (1997)
small_rho_cutoff = 1e-06
Set gradient conv threshold to 0.00707107
    Total E(T) = -12114.1726840274  Free energy = -12114.2369953134  E0 = -12114.2048396704
init E= -12114.1726840274
    sigma = 0.005  Optimized mu_alpha = -0.197488715814  entropy = 3.44685537309e-07
    sigma = 0.005  Optimized mu_beta  = -0.200015517851  entropy = 3.44685537309e-07
    Total E(T) = -12114.17267866  Free energy = -12114.1726786618  E0 = -12114.1726786609
cycle= 1 E= -12114.17267866  delta_E= 5.37e-06  |g|= 0.0204  |ddm|= 12.4
    sigma = 0.005  Optimized mu_alpha = -0.197304267359  entropy = 3.44409468464e-07
    sigma = 0.005  Optimized mu_beta  = -0.199844782817  entropy = 3.44409468464e-07
    Total E(T) = -12114.1726250969  Free energy = -12114.1726250986  E0 = -12114.1726250978
cycle= 2 E= -12114.1726250969  delta_E= 5.36e-05  |g|= 0.0594  |ddm|= 32.8
    sigma = 0.005  Optimized mu_alpha = -0.197421073809  entropy = 3.44432695287e-07
    sigma = 0.005  Optimized mu_beta  = -0.19995362197  entropy = 3.44432695287e-07
    Total E(T) = -12114.1726615431  Free energy = -12114.1726615448  E0 = -12114.1726615439
cycle= 3 E= -12114.1726615431  delta_E= -3.64e-05  |g|= 0.0284  |ddm|= 11.3
    sigma = 0.005  Optimized mu_alpha = -0.197427114364  entropy = 3.44510024868e-07
    sigma = 0.005  Optimized mu_beta  = -0.199958009194  entropy = 3.44510024868e-07
    Total E(T) = -12114.1726763899  Free energy = -12114.1726763916  E0 = -12114.1726763908
cycle= 4 E= -12114.1726763899  delta_E= -1.48e-05  |g|= 0.0175  |ddm|= 5.75
    sigma = 0.005  Optimized mu_alpha = -0.197432726244  entropy = 3.44495884086e-07
    sigma = 0.005  Optimized mu_beta  = -0.199963407039  entropy = 3.44495884086e-07
    Total E(T) = -12114.1726823324  Free energy = -12114.1726823341  E0 = -12114.1726823332
cycle= 5 E= -12114.1726823324  delta_E= -5.94e-06  |g|= 0.0108  |ddm|= 3.32
    sigma = 0.005  Optimized mu_alpha = -0.197424996504  entropy = 3.44511472498e-07
    sigma = 0.005  Optimized mu_beta  = -0.199955784187  entropy = 3.44511472498e-07
    Total E(T) = -12114.1726846984  Free energy = -12114.1726847001  E0 = -12114.1726846993
cycle= 6 E= -12114.1726846984  delta_E= -2.37e-06  |g|= 0.00682  |ddm|= 2.78
    sigma = 0.005  Optimized mu_alpha = -0.297050956389  entropy = 12.8631845764
    sigma = 0.005  Optimized mu_beta  = -0.299930625703  entropy = 12.8631845764
    Total E(T) = -12114.1373985416  Free energy = -12114.2017144645  E0 = -12114.1695565031
Extra cycle  E= -12114.1373985416  delta_E= 0.0353  |g|= 0.23  |ddm|=  933
converged SCF energy = -12114.1373985416  <S^2> = 2.0138711  2S+1 = 3.0092332
[timing] right/Al ensemble SCF = 928.9s
[timing] collect state = 0.0s
[timing] checkpoint save = 0.0s
[phase1] step=2/5 L=-12262.53957072 Ef=-12262.55393838 |grad|=1.20997e-02 |db|=1.20997e-02 t=948.6s
dm0 check [[[ 1.51511142e-09  2.24391254e-08  1.89789561e-07 ... -1.14719027e-07
    7.42476491e-07  6.64943648e-08]
  [ 2.24391254e-08  3.34443992e-07  2.75066910e-06 ... -1.77767180e-06
    1.10110522e-05  1.04757955e-06]
  [ 1.89789561e-07  2.75066910e-06  2.57237476e-05 ... -1.02769946e-05
    9.27868755e-05  4.99876704e-06]
  ...
  [-1.14719027e-07 -1.77767180e-06 -1.02769946e-05 ...  2.27166708e-04
    1.81896838e-06 -1.91352285e-04]
  [ 7.42476491e-07  1.10110522e-05  9.27868755e-05 ...  1.81896838e-06
    4.79980334e-04 -1.62432356e-06]
  [ 6.64943648e-08  1.04757955e-06  4.99876704e-06 ... -1.91352285e-04
   -1.62432356e-06  6.55604999e-04]]

 [[ 2.14412007e-09  3.18475347e-08  2.65523309e-07 ... -7.48705567e-08
    1.03578174e-06  2.38437832e-08]
  [ 3.18475347e-08  4.74247460e-07  3.91396668e-06 ... -9.93113700e-07
    1.53190651e-05  2.50156053e-07]
  [ 2.65523309e-07  3.91396668e-06  3.37625059e-05 ... -1.10142815e-05
    1.30901449e-04  4.52867683e-06]
  ...
  [-7.48705567e-08 -9.93113700e-07 -1.10142815e-05 ...  2.49604219e-04
    2.27938802e-06 -2.10130234e-04]
  [ 1.03578174e-06  1.53190651e-05  1.30901449e-04 ...  2.27938802e-06
    5.52938805e-04 -2.04467203e-06]
  [ 2.38437832e-08  2.50156053e-07  4.52867683e-06 ... -2.10130234e-04
   -2.04467203e-06  7.46013382e-04]]]
converged SCF energy = -150.22669371454  <S^2> = 2.0045398  2S+1 = 3.003025
dm0 check [[[ 1.14644043e-09  1.70875533e-08  1.38757202e-07 ... -8.06195898e-08
    6.25424546e-07  4.56943851e-08]
  [ 1.70875533e-08  2.56093598e-07  2.02957957e-06 ... -1.06182913e-06
    9.18294702e-06  7.18429121e-07]
  [ 1.38757202e-07  2.02957957e-06  1.80710819e-05 ... -1.26945917e-05
    8.12960528e-05  3.19915114e-06]
  ...
  [-8.06195898e-08 -1.06182913e-06 -1.26945917e-05 ...  2.39058219e-04
   -1.61590734e-06 -1.68277561e-04]
  [ 6.25424546e-07  9.18294702e-06  8.12960528e-05 ... -1.61590734e-06
    4.44997716e-04 -4.05929866e-06]
  [ 4.56943851e-08  7.18429121e-07  3.19915114e-06 ... -1.68277561e-04
   -4.05929866e-06  5.95725214e-04]]

 [[ 2.53036790e-08  3.85050753e-07  2.83126579e-06 ... -1.48564615e-07
    1.05907478e-07  7.43836337e-08]
  [ 3.85050753e-07  5.86079318e-06  4.30459256e-05 ... -2.17962739e-06
    1.18345893e-06  1.05280689e-06]
  [ 2.83126579e-06  4.30459256e-05  3.17989580e-04 ... -1.75086853e-05
    2.68751830e-05  9.38988857e-06]
  ...
  [-1.48564615e-07 -2.17962739e-06 -1.75086853e-05 ...  2.30571795e-04
    2.09025570e-07 -1.91673883e-04]
  [ 1.05907478e-07  1.18345893e-06  2.68751830e-05 ...  2.09025570e-07
    4.63241178e-04 -3.50232730e-06]
  [ 7.43836337e-08  1.05280689e-06  9.38988857e-06 ... -1.91673883e-04
   -3.50232730e-06  6.49569815e-04]]]
converged SCF energy = -150.24498582983  <S^2> = 0.92979806  2S+1 = 2.1723702
[timing] left/O ensemble SCF = 11.9s
dm0 check [[ 3.79533689e-01  6.12214875e-01 -1.25199266e-01 ...  2.36487857e-05
   1.44748386e-05 -4.79886301e-05]
 [ 6.12214875e-01  1.01512233e+00 -3.33989472e-01 ...  6.44840400e-05
   3.82309813e-05 -1.30003207e-04]
 [-1.25199266e-01 -3.33989472e-01  6.75142125e-01 ... -1.55558456e-04
  -9.25923311e-05  3.14631422e-04]
 ...
 [ 2.36487857e-05  6.44840400e-05 -1.55558456e-04 ...  1.12468075e-05
   5.90245885e-06 -2.39774254e-05]
 [ 1.44748386e-05  3.82309813e-05 -9.25923311e-05 ...  5.90245885e-06
   4.72812001e-06 -1.45145025e-05]
 [-4.79886301e-05 -1.30003207e-04  3.14631422e-04 ... -2.39774254e-05
  -1.45145025e-05  5.95043806e-05]]


******** <class 'pyscf.scf.addons.SmearingDFRKS'> ********
method = SmearingDFRKS
initial guess = minao
damping factor = 0.15
level_shift factor = 0.2
DIIS = <class 'pyscf.scf.diis.CDIIS'>
diis_start_cycle = 1
diis_space = 12
diis_damp = 0
SCF conv_tol = 5e-05
SCF conv_tol_grad = None
SCF max_cycles = 200
direct_scf = True
direct_scf_tol = 1e-13
chkfile to save SCF result = /tmp/tmpnx8_b0uf
max_memory 4000 MB (current use 87019 MB)
XC library pyscf.dft.libxc version 6.1.0
    S. Lehtola, C. Steigemann, M. J.T. Oliveira, and M. A.L. Marques.,  SoftwareX 7, 1–5 (2018)
XC functionals = pbe
    J. P. Perdew, K. Burke, and M. Ernzerhof.,  Phys. Rev. Lett. 77, 3865 (1996)
    J. P. Perdew, K. Burke, and M. Ernzerhof.,  Phys. Rev. Lett. 78, 1396 (1997)
    J. P. Perdew, K. Burke, and M. Ernzerhof.,  Phys. Rev. Lett. 77, 3865 (1996)
    J. P. Perdew, K. Burke, and M. Ernzerhof.,  Phys. Rev. Lett. 78, 1396 (1997)
small_rho_cutoff = 1e-06
Set gradient conv threshold to 0.00707107
    Total E(T) = -12114.6331308509  Free energy = -12115.6661471352  E0 = -12115.1496389931
init E= -12114.6331308509
    sigma = 0.02  Optimized mu = -0.0528351576557  entropy = 1.53378458963
    Total E(T) = -12114.6331155718  Free energy = -12114.6637912635  E0 = -12114.6484534177
cycle= 1 E= -12114.6331155718  delta_E= 1.53e-05  |g|= 0.0269  |ddm|=   29
    sigma = 0.02  Optimized mu = -0.0529791921716  entropy = 1.5348336103
    Total E(T) = -12114.6328973632  Free energy = -12114.6635940354  E0 = -12114.6482456993
cycle= 2 E= -12114.6328973632  delta_E= 0.000218  |g|= 0.0914  |ddm|= 97.8
    sigma = 0.02  Optimized mu = -0.052857664207  entropy = 1.53403217531
    Total E(T) = -12114.6330348867  Free energy = -12114.6637155302  E0 = -12114.6483752085
cycle= 3 E= -12114.6330348867  delta_E= -0.000138  |g|= 0.0473  |ddm|= 38.1
    sigma = 0.02  Optimized mu = -0.0528569475893  entropy = 1.53397953071
    Total E(T) = -12114.633089102  Free energy = -12114.6637686926  E0 = -12114.6484288973
cycle= 4 E= -12114.633089102  delta_E= -5.42e-05  |g|= 0.0316  |ddm|= 16.1
    sigma = 0.02  Optimized mu = -0.0528557828027  entropy = 1.53397117679
    Total E(T) = -12114.6331133768  Free energy = -12114.6637928003  E0 = -12114.6484530885
cycle= 5 E= -12114.6331133768  delta_E= -2.43e-05  |g|= 0.0215  |ddm|= 9.83
    sigma = 0.02  Optimized mu = -0.0528586160206  entropy = 1.53393881665
    Total E(T) = -12114.6331247923  Free energy = -12114.6638035686  E0 = -12114.6484641805
cycle= 6 E= -12114.6331247923  delta_E= -1.14e-05  |g|= 0.0148  |ddm|= 6.04
    sigma = 0.02  Optimized mu = -0.0528514003038  entropy = 1.53396535965
    Total E(T) = -12114.6331301267  Free energy = -12114.6638094339  E0 = -12114.6484697803
cycle= 7 E= -12114.6331301267  delta_E= -5.33e-06  |g|= 0.0103  |ddm|= 4.32
    sigma = 0.02  Optimized mu = -0.0528549336329  entropy = 1.53394516831
    Total E(T) = -12114.6331328895  Free energy = -12114.6638117929  E0 = -12114.6484723412
cycle= 8 E= -12114.6331328895  delta_E= -2.76e-06  |g|= 0.00678  |ddm|= 3.23
    sigma = 0.02  Optimized mu = -0.152929177865  entropy = 51.6467325991
    Total E(T) = -12114.0992849515  Free energy = -12115.1322196035  E0 = -12114.6157522775
Extra cycle  E= -12114.0992849515  delta_E= 0.534  |g|= 0.419  |ddm|= 4.36e+03
converged SCF energy = -12114.0992849515
dm0 check [[[ 1.89788719e-01  3.06165987e-01 -6.27370818e-02 ...  9.21740825e-06
    5.66684343e-06 -2.10441220e-05]
  [ 3.06165987e-01  5.07716834e-01 -1.67358442e-01 ...  2.52038564e-05
    1.48731761e-05 -5.70195257e-05]
  [-6.27370818e-02 -1.67358442e-01  3.38412600e-01 ... -6.06711658e-05
   -3.59673585e-05  1.37759275e-04]
  ...
  [ 9.21740825e-06  2.52038564e-05 -6.06711658e-05 ...  3.25575094e-06
    1.55491384e-06 -7.78304779e-06]
  [ 5.66684343e-06  1.48731761e-05 -3.59673585e-05 ...  1.55491384e-06
    1.53065935e-06 -4.74847641e-06]
  [-2.10441220e-05 -5.70195257e-05  1.37759275e-04 ... -7.78304779e-06
   -4.74847641e-06  2.29439721e-05]]

 [[ 1.89767816e-01  3.06109047e-01 -6.26078431e-02 ...  1.01890428e-05
    6.48494396e-06 -2.24778656e-05]
  [ 3.06109047e-01  5.07564811e-01 -1.67017354e-01 ...  2.78401434e-05
    1.70948042e-05 -6.09312542e-05]
  [-6.26078431e-02 -1.67017354e-01  3.37650087e-01 ... -6.71995132e-05
   -4.14848713e-05  1.47649243e-04]
  ...
  [ 1.01890428e-05  2.78401434e-05 -6.71995132e-05 ...  3.52979947e-06
    1.75692746e-06 -8.41456749e-06]
  [ 6.48494396e-06  1.70948042e-05 -4.14848713e-05 ...  1.75692746e-06
    1.68827866e-06 -5.23875375e-06]
  [-2.24778656e-05 -6.09312542e-05  1.47649243e-04 ... -8.41456749e-06
   -5.23875375e-06  2.43222985e-05]]]


******** <class 'pyscf.scf.addons.SmearingDFUKS'> ********
method = SmearingDFUKS
initial guess = minao
damping factor = 0.15
level_shift factor = 0.2
DIIS = <class 'pyscf.scf.diis.CDIIS'>
diis_start_cycle = 1
diis_space = 12
diis_damp = 0
SCF conv_tol = 5e-05
SCF conv_tol_grad = None
SCF max_cycles = 200
direct_scf = True
direct_scf_tol = 1e-13
chkfile to save SCF result = /tmp/tmph1vfanl1
max_memory 4000 MB (current use 87075 MB)
number electrons alpha = 325  beta = 323
XC library pyscf.dft.libxc version 6.1.0
    S. Lehtola, C. Steigemann, M. J.T. Oliveira, and M. A.L. Marques.,  SoftwareX 7, 1–5 (2018)
XC functionals = pbe
    J. P. Perdew, K. Burke, and M. Ernzerhof.,  Phys. Rev. Lett. 77, 3865 (1996)
    J. P. Perdew, K. Burke, and M. Ernzerhof.,  Phys. Rev. Lett. 78, 1396 (1997)
    J. P. Perdew, K. Burke, and M. Ernzerhof.,  Phys. Rev. Lett. 77, 3865 (1996)
    J. P. Perdew, K. Burke, and M. Ernzerhof.,  Phys. Rev. Lett. 78, 1396 (1997)
small_rho_cutoff = 1e-06
Set gradient conv threshold to 0.00707107
    Total E(T) = -12114.1895512902  Free energy = -12114.2538672131  E0 = -12114.2217092517
init E= -12114.1895512902
    sigma = 0.005  Optimized mu_alpha = -0.197512539752  entropy = 3.44669477185e-07
    sigma = 0.005  Optimized mu_beta  = -0.200038119212  entropy = 3.44669477185e-07
    Total E(T) = -12114.1895401135  Free energy = -12114.1895401153  E0 = -12114.1895401144
cycle= 1 E= -12114.1895401135  delta_E= 1.12e-05  |g|= 0.0284  |ddm|= 16.4
    sigma = 0.005  Optimized mu_alpha = -0.197259088229  entropy = 3.44589354636e-07
    sigma = 0.005  Optimized mu_beta  = -0.199801162063  entropy = 3.44589354636e-07
    Total E(T) = -12114.1894337294  Free energy = -12114.1894337311  E0 = -12114.1894337303
cycle= 2 E= -12114.1894337294  delta_E= 0.000106  |g|= 0.0841  |ddm|= 45.1
    sigma = 0.005  Optimized mu_alpha = -0.197426497487  entropy = 3.44413229739e-07
    sigma = 0.005  Optimized mu_beta  = -0.199958634115  entropy = 3.44413229739e-07
    Total E(T) = -12114.1895050572  Free energy = -12114.1895050589  E0 = -12114.189505058
cycle= 3 E= -12114.1895050572  delta_E= -7.13e-05  |g|= 0.0407  |ddm|=   16
    sigma = 0.005  Optimized mu_alpha = -0.197434038403  entropy = 3.44508135941e-07
    sigma = 0.005  Optimized mu_beta  = -0.199964132673  entropy = 3.44508135941e-07
    Total E(T) = -12114.1895343081  Free energy = -12114.1895343099  E0 = -12114.189534309
cycle= 4 E= -12114.1895343081  delta_E= -2.93e-05  |g|= 0.0254  |ddm|= 7.78
    sigma = 0.005  Optimized mu_alpha = -0.197440833785  entropy = 3.44485304959e-07
    sigma = 0.005  Optimized mu_beta  = -0.199970723125  entropy = 3.44485304959e-07
    Total E(T) = -12114.1895461758  Free energy = -12114.1895461775  E0 = -12114.1895461766
cycle= 5 E= -12114.1895461758  delta_E= -1.19e-05  |g|= 0.0159  |ddm|= 4.54
    sigma = 0.005  Optimized mu_alpha = -0.197431064118  entropy = 3.44504891677e-07
    sigma = 0.005  Optimized mu_beta  = -0.199961099736  entropy = 3.44504891677e-07
    Total E(T) = -12114.1895509616  Free energy = -12114.1895509633  E0 = -12114.1895509624
cycle= 6 E= -12114.1895509616  delta_E= -4.79e-06  |g|= 0.0102  |ddm|= 3.64
    sigma = 0.005  Optimized mu_alpha = -0.197430435363  entropy = 3.44449602945e-07
    sigma = 0.005  Optimized mu_beta  = -0.199961114014  entropy = 3.44449602945e-07
    Total E(T) = -12114.189552894  Free energy = -12114.1895528957  E0 = -12114.1895528948
cycle= 7 E= -12114.189552894  delta_E= -1.93e-06  |g|= 0.00677  |ddm|= 2.42
    sigma = 0.005  Optimized mu_alpha = -0.297055577689  entropy = 12.8622819486
    sigma = 0.005  Optimized mu_beta  = -0.29993528105  entropy = 12.8622819486
    Total E(T) = -12114.1542851329  Free energy = -12114.2185965426  E0 = -12114.1864408378
Extra cycle  E= -12114.1542851329  delta_E= 0.0353  |g|= 0.231  |ddm|=  934
converged SCF energy = -12114.1542851329  <S^2> = 2.0138769  2S+1 = 3.0092371
[timing] right/Al ensemble SCF = 995.6s
[timing] collect state = 0.0s
[timing] checkpoint save = 0.0s
[phase1] step=3/5 L=-12262.60721966 Ef=-12262.62203807 |grad|=1.19439e-02 |db|=1.19439e-02 t=1012.8s
dm0 check [[[ 1.51511507e-09  2.24391764e-08  1.89790082e-07 ... -1.14718990e-07
    7.42477045e-07  6.64943306e-08]
  [ 2.24391764e-08  3.34444763e-07  2.75067587e-06 ... -1.77767125e-06
    1.10110602e-05  1.04757907e-06]
  [ 1.89790082e-07  2.75067587e-06  2.57238102e-05 ... -1.02769953e-05
    9.27869282e-05  4.99876750e-06]
  ...
  [-1.14718990e-07 -1.77767125e-06 -1.02769953e-05 ...  2.27166703e-04
    1.81897159e-06 -1.91352281e-04]
  [ 7.42477045e-07  1.10110602e-05  9.27869282e-05 ...  1.81897159e-06
    4.79980205e-04 -1.62432622e-06]
  [ 6.64943306e-08  1.04757907e-06  4.99876750e-06 ... -1.91352281e-04
   -1.62432622e-06  6.55604862e-04]]

 [[ 2.14412506e-09  3.18476057e-08  2.65523940e-07 ... -7.48707043e-08
    1.03578288e-06  2.38439018e-08]
  [ 3.18476057e-08  4.74248514e-07  3.91397520e-06 ... -9.93113263e-07
    1.53190814e-05  2.50155752e-07]
  [ 2.65523940e-07  3.91397520e-06  3.37625800e-05 ... -1.10142938e-05
    1.30901577e-04  4.52868661e-06]
  ...
  [-7.48707043e-08 -9.93113263e-07 -1.10142938e-05 ...  2.49604179e-04
    2.27939104e-06 -2.10130198e-04]
  [ 1.03578288e-06  1.53190814e-05  1.30901577e-04 ...  2.27939104e-06
    5.52938810e-04 -2.04467526e-06]
  [ 2.38439018e-08  2.50155752e-07  4.52868661e-06 ... -2.10130198e-04
   -2.04467526e-06  7.46013355e-04]]]
converged SCF energy = -150.22669371454  <S^2> = 2.0045398  2S+1 = 3.003025
dm0 check [[[ 1.14640389e-09  1.70870133e-08  1.38753939e-07 ... -8.06188010e-08
    6.25415508e-07  4.56897409e-08]
  [ 1.70870133e-08  2.56085856e-07  2.02952809e-06 ... -1.06182303e-06
    9.18280262e-06  7.18371405e-07]
  [ 1.38753939e-07  2.02952809e-06  1.80707535e-05 ... -1.26946238e-05
    8.12949622e-05  3.19865437e-06]
  ...
  [-8.06188010e-08 -1.06182303e-06 -1.26946238e-05 ...  2.39058491e-04
   -1.61625119e-06 -1.68274807e-04]
  [ 6.25415508e-07  9.18280262e-06  8.12949622e-05 ... -1.61625119e-06
    4.44994840e-04 -4.05993503e-06]
  [ 4.56897409e-08  7.18371405e-07  3.19865437e-06 ... -1.68274807e-04
   -4.05993503e-06  5.95722512e-04]]

 [[ 2.53036577e-08  3.85049032e-07  2.83126422e-06 ... -1.48564942e-07
    1.05891592e-07  7.43764911e-08]
  [ 3.85049032e-07  5.86074589e-06  4.30457436e-05 ... -2.17965303e-06
    1.18317950e-06  1.05272041e-06]
  [ 2.83126422e-06  4.30457436e-05  3.17989433e-04 ... -1.75089510e-05
    2.68727894e-05  9.38929285e-06]
  ...
  [-1.48564942e-07 -2.17965303e-06 -1.75089510e-05 ...  2.30571546e-04
    2.08965288e-07 -1.91670976e-04]
  [ 1.05891592e-07  1.18317950e-06  2.68727894e-05 ...  2.08965288e-07
    4.63237986e-04 -3.50230113e-06]
  [ 7.43764911e-08  1.05272041e-06  9.38929285e-06 ... -1.91670976e-04
   -3.50230113e-06  6.49568405e-04]]]
converged SCF energy = -150.244985829834  <S^2> = 0.92979734  2S+1 = 2.1723695
[timing] left/O ensemble SCF = 13.4s
dm0 check [[ 3.79533614e-01  6.12214980e-01 -1.25199591e-01 ...  2.36343624e-05
   1.45887874e-05 -4.80382162e-05]
 [ 6.12214980e-01  1.01512334e+00 -3.33991891e-01 ...  6.44455031e-05
   3.85383412e-05 -1.30137511e-04]
 [-1.25199591e-01 -3.33991891e-01  6.75149105e-01 ... -1.55466856e-04
  -9.33371965e-05  3.14960541e-04]
 ...
 [ 2.36343624e-05  6.44455031e-05 -1.55466856e-04 ...  1.11474270e-05
   5.90791346e-06 -2.38525700e-05]
 [ 1.45887874e-05  3.85383412e-05 -9.33371965e-05 ...  5.90791346e-06
   4.77520721e-06 -1.45805194e-05]
 [-4.80382162e-05 -1.30137511e-04  3.14960541e-04 ... -2.38525700e-05
  -1.45805194e-05  5.94833904e-05]]


******** <class 'pyscf.scf.addons.SmearingDFRKS'> ********
method = SmearingDFRKS
initial guess = minao
damping factor = 0.15
level_shift factor = 0.2
DIIS = <class 'pyscf.scf.diis.CDIIS'>
diis_start_cycle = 1
diis_space = 12
diis_damp = 0
SCF conv_tol = 5e-05
SCF conv_tol_grad = None
SCF max_cycles = 200
direct_scf = True
direct_scf_tol = 1e-13
chkfile to save SCF result = /tmp/tmpnx8_b0uf
max_memory 4000 MB (current use 87150 MB)
XC library pyscf.dft.libxc version 6.1.0
    S. Lehtola, C. Steigemann, M. J.T. Oliveira, and M. A.L. Marques.,  SoftwareX 7, 1–5 (2018)
XC functionals = pbe
    J. P. Perdew, K. Burke, and M. Ernzerhof.,  Phys. Rev. Lett. 77, 3865 (1996)
    J. P. Perdew, K. Burke, and M. Ernzerhof.,  Phys. Rev. Lett. 78, 1396 (1997)
    J. P. Perdew, K. Burke, and M. Ernzerhof.,  Phys. Rev. Lett. 77, 3865 (1996)
    J. P. Perdew, K. Burke, and M. Ernzerhof.,  Phys. Rev. Lett. 78, 1396 (1997)
small_rho_cutoff = 1e-06
Set gradient conv threshold to 0.00707107
    Total E(T) = -12114.6486180597  Free energy = -12115.6815527117  E0 = -12115.1650853857
init E= -12114.6486180597
    sigma = 0.02  Optimized mu = -0.0528291643657  entropy = 1.53352711879
    Total E(T) = -12114.6485986972  Free energy = -12114.6792692396  E0 = -12114.6639339684
cycle= 1 E= -12114.6485986972  delta_E= 1.94e-05  |g|= 0.0298  |ddm|= 31.9
    sigma = 0.02  Optimized mu = -0.0529910079635  entropy = 1.53468280076
    Total E(T) = -12114.6483322094  Free energy = -12114.6790258654  E0 = -12114.6636790374
cycle= 2 E= -12114.6483322094  delta_E= 0.000266  |g|= 0.101  |ddm|=  108
    sigma = 0.02  Optimized mu = -0.0528571847592  entropy = 1.53377547917
    Total E(T) = -12114.6484997982  Free energy = -12114.6791753078  E0 = -12114.663837553
cycle= 3 E= -12114.6484997982  delta_E= -0.000168  |g|= 0.0523  |ddm|= 41.8
    sigma = 0.02  Optimized mu = -0.0528561961257  entropy = 1.53372127972
    Total E(T) = -12114.6485657734  Free energy = -12114.679240199  E0 = -12114.6639029862
cycle= 4 E= -12114.6485657734  delta_E= -6.6e-05  |g|= 0.0352  |ddm|= 17.8
    sigma = 0.02  Optimized mu = -0.0528550916766  entropy = 1.53371200189
    Total E(T) = -12114.648595409  Free energy = -12114.679269649  E0 = -12114.663932529
cycle= 5 E= -12114.648595409  delta_E= -2.96e-05  |g|= 0.0241  |ddm|= 10.7
    sigma = 0.02  Optimized mu = -0.0528579346786  entropy = 1.53367920074
    Total E(T) = -12114.6486094386  Free energy = -12114.6792830226  E0 = -12114.6639462306
cycle= 6 E= -12114.6486094386  delta_E= -1.4e-05  |g|= 0.0167  |ddm|= 6.49
    sigma = 0.02  Optimized mu = -0.0528507506931  entropy = 1.53370539274
    Total E(T) = -12114.6486160973  Free energy = -12114.6792902051  E0 = -12114.6639531512
cycle= 7 E= -12114.6486160973  delta_E= -6.66e-06  |g|= 0.0117  |ddm|= 4.68
    sigma = 0.02  Optimized mu = -0.052854428339  entropy = 1.53368473821
    Total E(T) = -12114.6486195472  Free energy = -12114.679293242  E0 = -12114.6639563946
cycle= 8 E= -12114.6486195472  delta_E= -3.45e-06  |g|= 0.00779  |ddm|= 3.48
    sigma = 0.02  Optimized mu = -0.0528494942589  entropy = 1.53370399378
    Total E(T) = -12114.6486210976  Free energy = -12114.6792951775  E0 = -12114.6639581376
cycle= 9 E= -12114.6486210976  delta_E= -1.55e-06  |g|= 0.00542  |ddm|= 2.69
    sigma = 0.02  Optimized mu = -0.152946874783  entropy = 51.6430188659
    Total E(T) = -12114.1150277942  Free energy = -12115.1478881715  E0 = -12114.6314579829
Extra cycle  E= -12114.1150277942  delta_E= 0.534  |g|= 0.417  |ddm|= 4.36e+03
converged SCF energy = -12114.1150277942
dm0 check [[[ 1.89788681e-01  3.06166037e-01 -6.27372380e-02 ...  9.20400369e-06
    5.70777575e-06 -2.10567774e-05]
  [ 3.06166037e-01  5.07717325e-01 -1.67359632e-01 ...  2.51678753e-05
    1.49835432e-05 -5.70538782e-05]
  [-6.27372380e-02 -1.67359632e-01  3.38416046e-01 ... -6.05849632e-05
   -3.62346044e-05  1.37844055e-04]
  ...
  [ 9.20400369e-06  2.51678753e-05 -6.05849632e-05 ...  3.22252093e-06
    1.55443736e-06 -7.73600297e-06]
  [ 5.70777575e-06  1.49835432e-05 -3.62346044e-05 ...  1.55443736e-06
    1.54470036e-06 -4.76842510e-06]
  [-2.10567774e-05 -5.70538782e-05  1.37844055e-04 ... -7.73600297e-06
   -4.76842510e-06  2.29419785e-05]]

 [[ 1.89767765e-01  3.06109063e-01 -6.26079159e-02 ...  1.01687923e-05
    6.52918793e-06 -2.24730042e-05]
  [ 3.06109063e-01  5.07565216e-01 -1.67018318e-01 ...  2.77856965e-05
    1.72142086e-05 -6.09184296e-05]
  [-6.26079159e-02 -1.67018318e-01  3.37652956e-01 ... -6.70685178e-05
   -4.17748981e-05  1.47620205e-04]
  ...
  [ 1.01687923e-05  2.77856965e-05 -6.70685178e-05 ...  3.49013363e-06
    1.75423941e-06 -8.35578288e-06]
  [ 6.52918793e-06  1.72142086e-05 -4.17748981e-05 ...  1.75423941e-06
    1.70227108e-06 -5.25555556e-06]
  [-2.24730042e-05 -6.09184296e-05  1.47620205e-04 ... -8.35578288e-06
   -5.25555556e-06  2.42973400e-05]]]


******** <class 'pyscf.scf.addons.SmearingDFUKS'> ********
method = SmearingDFUKS
initial guess = minao
damping factor = 0.15
level_shift factor = 0.2
DIIS = <class 'pyscf.scf.diis.CDIIS'>
diis_start_cycle = 1
diis_space = 12
diis_damp = 0
SCF conv_tol = 5e-05
SCF conv_tol_grad = None
SCF max_cycles = 200
direct_scf = True
direct_scf_tol = 1e-13
chkfile to save SCF result = /tmp/tmph1vfanl1
max_memory 4000 MB (current use 87150 MB)
number electrons alpha = 325  beta = 323
XC library pyscf.dft.libxc version 6.1.0
    S. Lehtola, C. Steigemann, M. J.T. Oliveira, and M. A.L. Marques.,  SoftwareX 7, 1–5 (2018)
XC functionals = pbe
    J. P. Perdew, K. Burke, and M. Ernzerhof.,  Phys. Rev. Lett. 77, 3865 (1996)
    J. P. Perdew, K. Burke, and M. Ernzerhof.,  Phys. Rev. Lett. 78, 1396 (1997)
    J. P. Perdew, K. Burke, and M. Ernzerhof.,  Phys. Rev. Lett. 77, 3865 (1996)
    J. P. Perdew, K. Burke, and M. Ernzerhof.,  Phys. Rev. Lett. 78, 1396 (1997)
small_rho_cutoff = 1e-06
Set gradient conv threshold to 0.00707107
    Total E(T) = -12114.2050228754  Free energy = -12114.2693342852  E0 = -12114.2371785803
init E= -12114.2050228754
    sigma = 0.005  Optimized mu_alpha = -0.197516633034  entropy = 3.44638088757e-07
    sigma = 0.005  Optimized mu_beta  = -0.200041937135  entropy = 3.44638088757e-07
    Total E(T) = -12114.205012355  Free energy = -12114.2050123567  E0 = -12114.2050123558
cycle= 1 E= -12114.205012355  delta_E= 1.05e-05  |g|= 0.0281  |ddm|=   15
    sigma = 0.005  Optimized mu_alpha = -0.197272026733  entropy = 3.44589503604e-07
    sigma = 0.005  Optimized mu_beta  = -0.199812911971  entropy = 3.44589503604e-07
    Total E(T) = -12114.2049084271  Free energy = -12114.2049084288  E0 = -12114.2049084279
cycle= 2 E= -12114.2049084271  delta_E= 0.000104  |g|= 0.0846  |ddm|= 43.9
    sigma = 0.005  Optimized mu_alpha = -0.197429287763  entropy = 3.44382433122e-07
    sigma = 0.005  Optimized mu_beta  = -0.199961118687  entropy = 3.44382433122e-07
    Total E(T) = -12114.2049765573  Free energy = -12114.2049765591  E0 = -12114.2049765582
cycle= 3 E= -12114.2049765573  delta_E= -6.81e-05  |g|= 0.0417  |ddm|= 16.2
    sigma = 0.005  Optimized mu_alpha = -0.197438458436  entropy = 3.44473288401e-07
    sigma = 0.005  Optimized mu_beta  = -0.199968256669  entropy = 3.44473288401e-07
    Total E(T) = -12114.2050052175  Free energy = -12114.2050052192  E0 = -12114.2050052184
cycle= 4 E= -12114.2050052175  delta_E= -2.87e-05  |g|= 0.0263  |ddm|= 7.35
    sigma = 0.005  Optimized mu_alpha = -0.197445278177  entropy = 3.44457723962e-07
    sigma = 0.005  Optimized mu_beta  = -0.19997477579  entropy = 3.44457723962e-07
    Total E(T) = -12114.2050171463  Free energy = -12114.2050171481  E0 = -12114.2050171472
cycle= 5 E= -12114.2050171463  delta_E= -1.19e-05  |g|= 0.0166  |ddm|= 4.25
    sigma = 0.005  Optimized mu_alpha = -0.197436572661  entropy = 3.4447454268e-07
    sigma = 0.005  Optimized mu_beta  = -0.199966264135  entropy = 3.4447454268e-07
    Total E(T) = -12114.2050220155  Free energy = -12114.2050220172  E0 = -12114.2050220163
cycle= 6 E= -12114.2050220155  delta_E= -4.87e-06  |g|= 0.0109  |ddm|= 3.45
    sigma = 0.005  Optimized mu_alpha = -0.197436755792  entropy = 3.44422314768e-07
    sigma = 0.005  Optimized mu_beta  = -0.199966999471  entropy = 3.44422314768e-07
    Total E(T) = -12114.2050240371  Free energy = -12114.2050240388  E0 = -12114.2050240379
cycle= 7 E= -12114.2050240371  delta_E= -2.02e-06  |g|= 0.00731  |ddm|= 2.26
    sigma = 0.005  Optimized mu_alpha = -0.197433805161  entropy = 3.44438355931e-07
    sigma = 0.005  Optimized mu_beta  = -0.199963923434  entropy = 3.44438355931e-07
    Total E(T) = -12114.20502497  Free energy = -12114.2050249717  E0 = -12114.2050249709
cycle= 8 E= -12114.20502497  delta_E= -9.33e-07  |g|= 0.00468  |ddm|= 1.29
    sigma = 0.005  Optimized mu_alpha = -0.297048461284  entropy = 12.8591060675
    sigma = 0.005  Optimized mu_beta  = -0.299929113181  entropy = 12.8591060675
    Total E(T) = -12114.1700248935  Free energy = -12114.2343204238  E0 = -12114.2021726587
Extra cycle  E= -12114.1700248935  delta_E= 0.035  |g|= 0.209  |ddm|=  934
converged SCF energy = -12114.1700248935  <S^2> = 2.0138824  2S+1 = 3.0092407
[timing] right/Al ensemble SCF = 1096.1s
[timing] collect state = 0.0s
[timing] checkpoint save = 0.0s
[phase1] step=4/5 L=-12262.67311697 Ef=-12262.68834445 |grad|=1.18007e-02 |db|=1.18007e-02 t=1114.8s
dm0 check [[[ 1.51511345e-09  2.24391537e-08  1.89789845e-07 ... -1.14719041e-07
    7.42476856e-07  6.64943793e-08]
  [ 2.24391537e-08  3.34444425e-07  2.75067274e-06 ... -1.77767171e-06
    1.10110573e-05  1.04757954e-06]
  [ 1.89789845e-07  2.75067274e-06  2.57237806e-05 ... -1.02769975e-05
    9.27869110e-05  4.99876992e-06]
  ...
  [-1.14719041e-07 -1.77767171e-06 -1.02769975e-05 ...  2.27166714e-04
    1.81897069e-06 -1.91352291e-04]
  [ 7.42476856e-07  1.10110573e-05  9.27869110e-05 ...  1.81897069e-06
    4.79980266e-04 -1.62432538e-06]
  [ 6.64943793e-08  1.04757954e-06  4.99876992e-06 ... -1.91352291e-04
   -1.62432538e-06  6.55604932e-04]]

 [[ 2.14412288e-09  3.18475751e-08  2.65523668e-07 ... -7.48706513e-08
    1.03578247e-06  2.38438681e-08]
  [ 3.18475751e-08  4.74248065e-07  3.91397161e-06 ... -9.93113945e-07
    1.53190755e-05  2.50156401e-07]
  [ 2.65523668e-07  3.91397161e-06  3.37625491e-05 ... -1.10142914e-05
    1.30901535e-04  4.52868544e-06]
  ...
  [-7.48706513e-08 -9.93113945e-07 -1.10142914e-05 ...  2.49604200e-04
    2.27939015e-06 -2.10130218e-04]
  [ 1.03578247e-06  1.53190755e-05  1.30901535e-04 ...  2.27939015e-06
    5.52938890e-04 -2.04467291e-06]
  [ 2.38438681e-08  2.50156401e-07  4.52868544e-06 ... -2.10130218e-04
   -2.04467291e-06  7.46013452e-04]]]
converged SCF energy = -150.22669371454  <S^2> = 2.0045398  2S+1 = 3.003025
dm0 check [[[ 1.14641745e-09  1.70871841e-08  1.38754813e-07 ... -8.06196941e-08
    6.25417120e-07  4.56926965e-08]
  [ 1.70871841e-08  2.56087717e-07  2.02954043e-06 ... -1.06182579e-06
    9.18282741e-06  7.18406974e-07]
  [ 1.38754813e-07  2.02954043e-06  1.80708466e-05 ... -1.26946806e-05
    8.12951703e-05  3.19891372e-06]
  ...
  [-8.06196941e-08 -1.06182579e-06 -1.26946806e-05 ...  2.39058742e-04
   -1.61627706e-06 -1.68275179e-04]
  [ 6.25417120e-07  9.18282741e-06  8.12951703e-05 ... -1.61627706e-06
    4.44995293e-04 -4.05994829e-06]
  [ 4.56926965e-08  7.18406974e-07  3.19891372e-06 ... -1.68275179e-04
   -4.05994829e-06  5.95722691e-04]]

 [[ 2.53030872e-08  3.85041148e-07  2.83121281e-06 ... -1.48564709e-07
    1.05890539e-07  7.43821276e-08]
  [ 3.85041148e-07  5.86063793e-06  4.30450523e-05 ... -2.17963110e-06
    1.18320858e-06  1.05278733e-06]
  [ 2.83121281e-06  4.30450523e-05  3.17985100e-04 ... -1.75088049e-05
    2.68728932e-05  9.38978175e-06]
  ...
  [-1.48564709e-07 -2.17963110e-06 -1.75088049e-05 ...  2.30571482e-04
    2.08982238e-07 -1.91671362e-04]
  [ 1.05890539e-07  1.18320858e-06  2.68728932e-05 ...  2.08982238e-07
    4.63238233e-04 -3.50223686e-06]
  [ 7.43821276e-08  1.05278733e-06  9.38978175e-06 ... -1.91671362e-04
   -3.50223686e-06  6.49568189e-04]]]
converged SCF energy = -150.244985829831  <S^2> = 0.92979752  2S+1 = 2.1723697
[timing] left/O ensemble SCF = 11.7s
dm0 check [[ 3.79534107e-01  6.12215418e-01 -1.25200615e-01 ...  2.36229832e-05
   1.47010895e-05 -4.80899865e-05]
 [ 6.12215418e-01  1.01512393e+00 -3.33995486e-01 ...  6.44150787e-05
   3.88412719e-05 -1.30277572e-04]
 [-1.25200615e-01 -3.33995486e-01  6.75158913e-01 ... -1.55395167e-04
  -9.40717183e-05  3.15304302e-04]
 ...
 [ 2.36229832e-05  6.44150787e-05 -1.55395167e-04 ...  1.10540465e-05
   5.91503527e-06 -2.37383255e-05]
 [ 1.47010895e-05  3.88412719e-05 -9.40717183e-05 ...  5.91503527e-06
   4.82263772e-06 -1.46493754e-05]
 [-4.80899865e-05 -1.30277572e-04  3.15304302e-04 ... -2.37383255e-05
  -1.46493754e-05  5.94794994e-05]]


******** <class 'pyscf.scf.addons.SmearingDFRKS'> ********
method = SmearingDFRKS
initial guess = minao
damping factor = 0.15
level_shift factor = 0.2
DIIS = <class 'pyscf.scf.diis.CDIIS'>
diis_start_cycle = 1
diis_space = 12
diis_damp = 0
SCF conv_tol = 5e-05
SCF conv_tol_grad = None
SCF max_cycles = 200
direct_scf = True
direct_scf_tol = 1e-13
chkfile to save SCF result = /tmp/tmpnx8_b0uf
max_memory 4000 MB (current use 87281 MB)
XC library pyscf.dft.libxc version 6.1.0
    S. Lehtola, C. Steigemann, M. J.T. Oliveira, and M. A.L. Marques.,  SoftwareX 7, 1–5 (2018)
XC functionals = pbe
    J. P. Perdew, K. Burke, and M. Ernzerhof.,  Phys. Rev. Lett. 77, 3865 (1996)
    J. P. Perdew, K. Burke, and M. Ernzerhof.,  Phys. Rev. Lett. 78, 1396 (1997)
    J. P. Perdew, K. Burke, and M. Ernzerhof.,  Phys. Rev. Lett. 77, 3865 (1996)
    J. P. Perdew, K. Burke, and M. Ernzerhof.,  Phys. Rev. Lett. 78, 1396 (1997)
small_rho_cutoff = 1e-06
Set gradient conv threshold to 0.00707107
    Total E(T) = -12114.6650965682  Free energy = -12115.6979569455  E0 = -12115.1815267568
init E= -12114.6650965682
    sigma = 0.02  Optimized mu = -0.0528473884738  entropy = 1.53325780054
    Total E(T) = -12114.6650860991  Free energy = -12114.6957512551  E0 = -12114.6804186771
cycle= 1 E= -12114.6650860991  delta_E= 1.05e-05  |g|= 0.0232  |ddm|= 23.8
    sigma = 0.02  Optimized mu = -0.0529218102994  entropy = 1.53430508755
    Total E(T) = -12114.6649276386  Free energy = -12114.6956137404  E0 = -12114.6802706895
cycle= 2 E= -12114.6649276386  delta_E= 0.000158  |g|= 0.0788  |ddm|= 81.2
    sigma = 0.02  Optimized mu = -0.0528539974112  entropy = 1.53353827851
    Total E(T) = -12114.6650263035  Free energy = -12114.6956970691  E0 = -12114.6803616863
cycle= 3 E= -12114.6650263035  delta_E= -9.87e-05  |g|= 0.041  |ddm|= 31.8
    sigma = 0.02  Optimized mu = -0.0528543201317  entropy = 1.53348246289
    Total E(T) = -12114.6650657186  Free energy = -12114.6957353679  E0 = -12114.6804005432
cycle= 4 E= -12114.6650657186  delta_E= -3.94e-05  |g|= 0.0276  |ddm|= 13.1
    sigma = 0.02  Optimized mu = -0.0528538964663  entropy = 1.53347189451
    Total E(T) = -12114.6650836786  Free energy = -12114.6957531165  E0 = -12114.6804183975
cycle= 5 E= -12114.6650836786  delta_E= -1.8e-05  |g|= 0.0187  |ddm|=  8.1
    sigma = 0.02  Optimized mu = -0.0528553141551  entropy = 1.533445672
    Total E(T) = -12114.6650920586  Free energy = -12114.6957609721  E0 = -12114.6804265153
cycle= 6 E= -12114.6650920586  delta_E= -8.38e-06  |g|= 0.0132  |ddm|=  5.3
    sigma = 0.02  Optimized mu = -0.0528517833254  entropy = 1.53345953167
    Total E(T) = -12114.6650960164  Free energy = -12114.6957652071  E0 = -12114.6804306117
cycle= 7 E= -12114.6650960164  delta_E= -3.96e-06  |g|= 0.00922  |ddm|=  3.6
    sigma = 0.02  Optimized mu = -0.0528535888353  entropy = 1.53344668909
    Total E(T) = -12114.6650980849  Free energy = -12114.6957670187  E0 = -12114.6804325518
cycle= 8 E= -12114.6650980849  delta_E= -2.07e-06  |g|= 0.00623  |ddm|= 2.64
    sigma = 0.02  Optimized mu = -0.152939225192  entropy = 51.6401516994
    Total E(T) = -12114.1314796621  Free energy = -12115.1642826961  E0 = -12114.6478811791
Extra cycle  E= -12114.1314796621  delta_E= 0.534  |g|= 0.418  |ddm|= 4.36e+03
converged SCF energy = -12114.1314796621
dm0 check [[[ 1.89788925e-01  3.06166247e-01 -6.27377342e-02 ...  9.19317304e-06
    5.74908396e-06 -2.10732390e-05]
  [ 3.06166247e-01  5.07717599e-01 -1.67361388e-01 ...  2.51387935e-05
    1.50949344e-05 -5.70984398e-05]
  [-6.27377342e-02 -1.67361388e-01  3.38420877e-01 ... -6.05155442e-05
   -3.65044850e-05  1.37953863e-04]
  ...
  [ 9.19317304e-06  2.51387935e-05 -6.05155442e-05 ...  3.19127073e-06
    1.55439516e-06 -7.69255110e-06]
  [ 5.74908396e-06  1.50949344e-05 -3.65044850e-05 ...  1.55439516e-06
    1.55872750e-06 -4.78904803e-06]
  [-2.10732390e-05 -5.70984398e-05  1.37953863e-04 ... -7.69255110e-06
   -4.78904803e-06  2.29454214e-05]]

 [[ 1.89768005e-01  3.06109266e-01 -6.26083907e-02 ...  1.01506680e-05
    6.57342782e-06 -2.24721290e-05]
  [ 3.06109266e-01  5.07565472e-01 -1.67020017e-01 ...  2.77369442e-05
    1.73336119e-05 -6.09163031e-05]
  [-6.26083907e-02 -1.67020017e-01  3.37657614e-01 ... -6.69514553e-05
   -4.20651075e-05  1.47617485e-04]
  ...
  [ 1.01506680e-05  2.77369442e-05 -6.69514553e-05 ...  3.45203387e-06
    1.75167198e-06 -8.29968248e-06]
  [ 6.57342782e-06  1.73336119e-05 -4.20651075e-05 ...  1.75167198e-06
    1.71601138e-06 -5.27235900e-06]
  [-2.24721290e-05 -6.09163031e-05  1.47617485e-04 ... -8.29968248e-06
   -5.27235900e-06  2.42760477e-05]]]


******** <class 'pyscf.scf.addons.SmearingDFUKS'> ********
method = SmearingDFUKS
initial guess = minao
damping factor = 0.15
level_shift factor = 0.2
DIIS = <class 'pyscf.scf.diis.CDIIS'>
diis_start_cycle = 1
diis_space = 12
diis_damp = 0
SCF conv_tol = 5e-05
SCF conv_tol_grad = None
SCF max_cycles = 200
direct_scf = True
direct_scf_tol = 1e-13
chkfile to save SCF result = /tmp/tmph1vfanl1
max_memory 4000 MB (current use 87281 MB)
number electrons alpha = 325  beta = 323
XC library pyscf.dft.libxc version 6.1.0
    S. Lehtola, C. Steigemann, M. J.T. Oliveira, and M. A.L. Marques.,  SoftwareX 7, 1–5 (2018)
XC functionals = pbe
    J. P. Perdew, K. Burke, and M. Ernzerhof.,  Phys. Rev. Lett. 77, 3865 (1996)
    J. P. Perdew, K. Burke, and M. Ernzerhof.,  Phys. Rev. Lett. 78, 1396 (1997)
    J. P. Perdew, K. Burke, and M. Ernzerhof.,  Phys. Rev. Lett. 77, 3865 (1996)
    J. P. Perdew, K. Burke, and M. Ernzerhof.,  Phys. Rev. Lett. 78, 1396 (1997)
small_rho_cutoff = 1e-06
Set gradient conv threshold to 0.00707107
    Total E(T) = -12114.2214859137  Free energy = -12114.285781444  E0 = -12114.2536336789
init E= -12114.2214859137
    sigma = 0.005  Optimized mu_alpha = -0.197508266049  entropy = 3.44481205339e-07
    sigma = 0.005  Optimized mu_beta  = -0.200035219832  entropy = 3.44481205339e-07
    Total E(T) = -12114.2214807944  Free energy = -12114.2214807962  E0 = -12114.2214807953
cycle= 1 E= -12114.2214807944  delta_E= 5.12e-06  |g|= 0.0203  |ddm|= 10.2
    sigma = 0.005  Optimized mu_alpha = -0.197303820082  entropy = 3.44621905935e-07
    sigma = 0.005  Optimized mu_beta  = -0.199839775164  entropy = 3.44621905935e-07
    Total E(T) = -12114.2214262597  Free energy = -12114.2214262614  E0 = -12114.2214262605
cycle= 2 E= -12114.2214262597  delta_E= 5.45e-05  |g|= 0.0618  |ddm|= 30.7
    sigma = 0.005  Optimized mu_alpha = -0.197435702892  entropy = 3.4437224548e-07
    sigma = 0.005  Optimized mu_beta  = -0.199966634034  entropy = 3.4437224548e-07
    Total E(T) = -12114.2214617464  Free energy = -12114.2214617481  E0 = -12114.2214617473
cycle= 3 E= -12114.2214617464  delta_E= -3.55e-05  |g|= 0.0307  |ddm|= 11.8
    sigma = 0.005  Optimized mu_alpha = -0.197442814221  entropy = 3.44431811909e-07
    sigma = 0.005  Optimized mu_beta  = -0.199972348295  entropy = 3.44431811909e-07
    Total E(T) = -12114.221476826  Free energy = -12114.2214768278  E0 = -12114.2214768269
cycle= 4 E= -12114.221476826  delta_E= -1.51e-05  |g|= 0.0193  |ddm|= 5.12
    sigma = 0.005  Optimized mu_alpha = -0.197449246432  entropy = 3.44408549351e-07
    sigma = 0.005  Optimized mu_beta  = -0.199978675118  entropy = 3.44408549351e-07
    Total E(T) = -12114.2214831315  Free energy = -12114.2214831332  E0 = -12114.2214831323
cycle= 5 E= -12114.2214831315  delta_E= -6.31e-06  |g|= 0.0123  |ddm|= 2.88
    sigma = 0.005  Optimized mu_alpha = -0.197442148407  entropy = 3.44431659615e-07
    sigma = 0.005  Optimized mu_beta  = -0.199971614249  entropy = 3.44431659615e-07
    Total E(T) = -12114.221485772  Free energy = -12114.2214857738  E0 = -12114.2214857729
cycle= 6 E= -12114.221485772  delta_E= -2.64e-06  |g|= 0.00788  |ddm|= 2.28
    sigma = 0.005  Optimized mu_alpha = -0.197441473205  entropy = 3.44392048067e-07
    sigma = 0.005  Optimized mu_beta  = -0.199971377393  entropy = 3.44392048067e-07
    Total E(T) = -12114.2214868532  Free energy = -12114.2214868549  E0 = -12114.2214868541
cycle= 7 E= -12114.2214868532  delta_E= -1.08e-06  |g|= 0.00534  |ddm|= 1.65
    sigma = 0.005  Optimized mu_alpha = -0.297055473025  entropy = 12.858660631
    sigma = 0.005  Optimized mu_beta  = -0.299936105519  entropy = 12.858660631
    Total E(T) = -12114.1864498005  Free energy = -12114.2507431037  E0 = -12114.2185964521
Extra cycle  E= -12114.1864498005  delta_E= 0.035  |g|= 0.215  |ddm|=  934
converged SCF energy = -12114.1864498005  <S^2> = 2.0138862  2S+1 = 3.0092432
[timing] right/Al ensemble SCF = 992.6s
[timing] collect state = 0.0s
[timing] checkpoint save = 0.0s
[phase1] step=5/5 L=-12262.73685766 Ef=-12262.75247347 |grad|=1.16750e-02 |db|=1.16750e-02 t=1009.6s
[phase1] finished, |b| = 2.40148e+00 t=5333.9s
starting phase 2: L-BFGS-B optimization
starting phase 2: bounded L-BFGS-B outer loop
[phase2 outer 1] start |b|=2.401484e+00 max|b|=8.815997e-01 delta=5.472e-04
[diagnostic] step=1 |b|=2.401484e+00 max|b|=8.815997e-01
[timing] build AO Vp from S3 = 1.6s
[diagnostic] |vpl|=3.139367e+00 max|vpl|=5.469398e-01
[diagnostic] |vpr|=2.238101e+00 max|vpr|=4.783177e-01
[diagnostic] |vpref|=3.237473e+00 max|vpref|=5.462283e-01
dm0 check [[[ 1.51511415e-09  2.24391628e-08  1.89789947e-07 ... -1.14718984e-07
    7.42476838e-07  6.64943258e-08]
  [ 2.24391628e-08  3.34444541e-07  2.75067408e-06 ... -1.77767093e-06
    1.10110575e-05  1.04757877e-06]
  [ 1.89789947e-07  2.75067408e-06  2.57237936e-05 ... -1.02769919e-05
    9.27869045e-05  4.99876461e-06]
  ...
  [-1.14718984e-07 -1.77767093e-06 -1.02769919e-05 ...  2.27166733e-04
    1.81897134e-06 -1.91352306e-04]
  [ 7.42476838e-07  1.10110575e-05  9.27869045e-05 ...  1.81897134e-06
    4.79980259e-04 -1.62432546e-06]
  [ 6.64943258e-08  1.04757877e-06  4.99876461e-06 ... -1.91352306e-04
   -1.62432546e-06  6.55604939e-04]]

 [[ 2.14412378e-09  3.18475878e-08  2.65523769e-07 ... -7.48705966e-08
    1.03578261e-06  2.38438148e-08]
  [ 3.18475878e-08  4.74248243e-07  3.91397303e-06 ... -9.93113260e-07
    1.53190777e-05  2.50155737e-07]
  [ 2.65523769e-07  3.91397303e-06  3.37625602e-05 ... -1.10142876e-05
    1.30901546e-04  4.52868172e-06]
  ...
  [-7.48705966e-08 -9.93113260e-07 -1.10142876e-05 ...  2.49604209e-04
    2.27939089e-06 -2.10130225e-04]
  [ 1.03578261e-06  1.53190777e-05  1.30901546e-04 ...  2.27939089e-06
    5.52938841e-04 -2.04467317e-06]
  [ 2.38438148e-08  2.50155737e-07  4.52868172e-06 ... -2.10130225e-04
   -2.04467317e-06  7.46013408e-04]]]
converged SCF energy = -150.22669371454  <S^2> = 2.0045398  2S+1 = 3.003025
dm0 check [[[ 1.14640648e-09  1.70870363e-08  1.38753766e-07 ... -8.06181611e-08
    6.25414530e-07  4.56915041e-08]
  [ 1.70870363e-08  2.56085699e-07  2.02952709e-06 ... -1.06181952e-06
    9.18279720e-06  7.18389933e-07]
  [ 1.38753766e-07  2.02952709e-06  1.80707419e-05 ... -1.26946015e-05
    8.12948677e-05  3.19878429e-06]
  ...
  [-8.06181611e-08 -1.06181952e-06 -1.26946015e-05 ...  2.39058919e-04
   -1.61646206e-06 -1.68275036e-04]
  [ 6.25414530e-07  9.18279720e-06  8.12948677e-05 ... -1.61646206e-06
    4.44995046e-04 -4.06014496e-06]
  [ 4.56915041e-08  7.18389933e-07  3.19878429e-06 ... -1.68275036e-04
   -4.06014496e-06  5.95722908e-04]]

 [[ 2.53030893e-08  3.85040792e-07  2.83121159e-06 ... -1.48563626e-07
    1.05888903e-07  7.43804316e-08]
  [ 3.85040792e-07  5.86062650e-06  4.30449919e-05 ... -2.17962744e-06
    1.18318299e-06  1.05277454e-06]
  [ 2.83121159e-06  4.30449919e-05  3.17984803e-04 ... -1.75087729e-05
    2.68725759e-05  9.38968398e-06]
  ...
  [-1.48563626e-07 -2.17962744e-06 -1.75087729e-05 ...  2.30571627e-04
    2.08962395e-07 -1.91671233e-04]
  [ 1.05888903e-07  1.18318299e-06  2.68725759e-05 ...  2.08962395e-07
    4.63238037e-04 -3.50226009e-06]
  [ 7.43804316e-08  1.05277454e-06  9.38968398e-06 ... -1.91671233e-04
   -3.50226009e-06  6.49568165e-04]]]
converged SCF energy = -150.244985829816  <S^2> = 0.92980776  2S+1 = 2.1723791
[timing] left/O ensemble SCF = 11.2s
dm0 check [[ 3.79533819e-01  6.12215363e-01 -1.25200532e-01 ...  2.36313722e-05
   1.48223876e-05 -4.81658570e-05]
 [ 6.12215363e-01  1.01512493e+00 -3.33996976e-01 ...  6.44380516e-05
   3.91684390e-05 -1.30482755e-04]
 [-1.25200532e-01 -3.33996976e-01  6.75163425e-01 ... -1.55451967e-04
  -9.48641385e-05  3.15803942e-04]
 ...
 [ 2.36313722e-05  6.44380516e-05 -1.55451967e-04 ...  1.09866574e-05
   5.93447491e-06 -2.36672716e-05]
 [ 1.48223876e-05  3.91684390e-05 -9.48641385e-05 ...  5.93447491e-06
   4.87629767e-06 -1.47385638e-05]
 [-4.81658570e-05 -1.30482755e-04  3.15803942e-04 ... -2.36672716e-05
  -1.47385638e-05  5.95409691e-05]]


******** <class 'pyscf.scf.addons.SmearingDFRKS'> ********
method = SmearingDFRKS
initial guess = minao
damping factor = 0.15
level_shift factor = 0.2
DIIS = <class 'pyscf.scf.diis.CDIIS'>
diis_start_cycle = 1
diis_space = 12
diis_damp = 0
SCF conv_tol = 5e-05
SCF conv_tol_grad = None
SCF max_cycles = 200
direct_scf = True
direct_scf_tol = 1e-13
chkfile to save SCF result = /tmp/tmpnx8_b0uf
max_memory 4000 MB (current use 87188 MB)
XC library pyscf.dft.libxc version 6.1.0
    S. Lehtola, C. Steigemann, M. J.T. Oliveira, and M. A.L. Marques.,  SoftwareX 7, 1–5 (2018)
XC functionals = pbe
    J. P. Perdew, K. Burke, and M. Ernzerhof.,  Phys. Rev. Lett. 77, 3865 (1996)
    J. P. Perdew, K. Burke, and M. Ernzerhof.,  Phys. Rev. Lett. 78, 1396 (1997)
    J. P. Perdew, K. Burke, and M. Ernzerhof.,  Phys. Rev. Lett. 77, 3865 (1996)
    J. P. Perdew, K. Burke, and M. Ernzerhof.,  Phys. Rev. Lett. 78, 1396 (1997)
small_rho_cutoff = 1e-06
Set gradient conv threshold to 0.00707107
    Total E(T) = -12114.6796439015  Free energy = -12115.7124469355  E0 = -12115.1960454185
init E= -12114.6796439015
    sigma = 0.02  Optimized mu = -0.0528399435187  entropy = 1.53306703097
    Total E(T) = -12114.6796286614  Free energy = -12114.710290002  E0 = -12114.6949593317
cycle= 1 E= -12114.6796286614  delta_E= 1.52e-05  |g|= 0.0271  |ddm|= 27.6
    sigma = 0.02  Optimized mu = -0.0529475926511  entropy = 1.53414978028
    Total E(T) = -12114.6794133641  Free energy = -12114.7100963597  E0 = -12114.6947548619
cycle= 2 E= -12114.6794133641  delta_E= 0.000215  |g|= 0.0922  |ddm|= 95.6
    sigma = 0.02  Optimized mu = -0.0528550696298  entropy = 1.53331944315
    Total E(T) = -12114.6795463906  Free energy = -12114.7102127794  E0 = -12114.694879585
cycle= 3 E= -12114.6795463906  delta_E= -0.000133  |g|= 0.0485  |ddm|=   37
    sigma = 0.02  Optimized mu = -0.0528547377005  entropy = 1.53326692869
    Total E(T) = -12114.6795995081  Free energy = -12114.7102648467  E0 = -12114.6949321774
cycle= 4 E= -12114.6795995081  delta_E= -5.31e-05  |g|= 0.033  |ddm|= 15.5
    sigma = 0.02  Optimized mu = -0.0528542877168  entropy = 1.53325654165
    Total E(T) = -12114.6796239004  Free energy = -12114.7102890313  E0 = -12114.6949564658
cycle= 5 E= -12114.6796239004  delta_E= -2.44e-05  |g|= 0.0229  |ddm|= 9.35
    sigma = 0.02  Optimized mu = -0.0528562395538  entropy = 1.5332286643
    Total E(T) = -12114.6796357449  Free energy = -12114.7103003181  E0 = -12114.6949680315
cycle= 6 E= -12114.6796357449  delta_E= -1.18e-05  |g|= 0.0162  |ddm|= 5.64
    sigma = 0.02  Optimized mu = -0.0528512341032  entropy = 1.53324799041
    Total E(T) = -12114.6796415296  Free energy = -12114.7103064894  E0 = -12114.6949740095
cycle= 7 E= -12114.6796415296  delta_E= -5.78e-06  |g|= 0.0114  |ddm|= 4.08
    sigma = 0.02  Optimized mu = -0.0528544583585  entropy = 1.53322867996
    Total E(T) = -12114.6796445716  Free energy = -12114.7103091452  E0 = -12114.6949768584
cycle= 8 E= -12114.6796445716  delta_E= -3.04e-06  |g|= 0.00778  |ddm|= 3.25
    sigma = 0.02  Optimized mu = -0.0528489239907  entropy = 1.5332488635
    Total E(T) = -12114.6796460041  Free energy = -12114.7103109813  E0 = -12114.6949784927
cycle= 9 E= -12114.6796460041  delta_E= -1.43e-06  |g|= 0.00544  |ddm|=  2.3
    sigma = 0.02  Optimized mu = -0.152950667705  entropy = 51.6370335723
    Total E(T) = -12114.1462158154  Free energy = -12115.1789564868  E0 = -12114.6625861511
Extra cycle  E= -12114.1462158154  delta_E= 0.533  |g|= 0.417  |ddm|= 4.36e+03
converged SCF energy = -12114.1462158154
dm0 check [[[ 1.89788778e-01  3.06166212e-01 -6.27376682e-02 ...  9.19181736e-06
    5.79446896e-06 -2.11004158e-05]
  [ 3.06166212e-01  5.07718080e-01 -1.67362073e-01 ...  2.51352907e-05
    1.52172979e-05 -5.71719454e-05]
  [-6.27376682e-02 -1.67362073e-01  3.38422982e-01 ... -6.05076452e-05
   -3.68005322e-05  1.38132825e-04]
  ...
  [ 9.19181736e-06  2.51352907e-05 -6.05076452e-05 ...  3.16960172e-06
    1.55908062e-06 -7.66732339e-06]
  [ 5.79446896e-06  1.52172979e-05 -3.68005322e-05 ...  1.55908062e-06
    1.57512924e-06 -4.81862247e-06]
  [-2.11004158e-05 -5.71719454e-05  1.38132825e-04 ... -7.66732339e-06
   -4.81862247e-06  2.29795813e-05]]

 [[ 1.89767852e-01  3.06109217e-01 -6.26082897e-02 ...  1.01453899e-05
    6.62357227e-06 -2.24871367e-05]
  [ 3.06109217e-01  5.07565919e-01 -1.67020607e-01 ...  2.77228848e-05
    1.74689278e-05 -6.09570864e-05]
  [-6.26082897e-02 -1.67020607e-01  3.37659469e-01 ... -6.69181218e-05
   -4.23934973e-05  1.47717920e-04]
  ...
  [ 1.01453899e-05  2.77228848e-05 -6.69181218e-05 ...  3.42571809e-06
    1.75513763e-06 -8.26603426e-06]
  [ 6.62357227e-06  1.74689278e-05 -4.23934973e-05 ...  1.75513763e-06
    1.73293668e-06 -5.30071061e-06]
  [-2.24871367e-05 -6.09570864e-05  1.47717920e-04 ... -8.26603426e-06
   -5.30071061e-06  2.42936017e-05]]]


******** <class 'pyscf.scf.addons.SmearingDFUKS'> ********
method = SmearingDFUKS
initial guess = minao
damping factor = 0.15
level_shift factor = 0.2
DIIS = <class 'pyscf.scf.diis.CDIIS'>
diis_start_cycle = 1
diis_space = 12
diis_damp = 0
SCF conv_tol = 5e-05
SCF conv_tol_grad = None
SCF max_cycles = 200
direct_scf = True
direct_scf_tol = 1e-13
chkfile to save SCF result = /tmp/tmph1vfanl1
max_memory 4000 MB (current use 87188 MB)
number electrons alpha = 325  beta = 323
XC library pyscf.dft.libxc version 6.1.0
    S. Lehtola, C. Steigemann, M. J.T. Oliveira, and M. A.L. Marques.,  SoftwareX 7, 1–5 (2018)
XC functionals = pbe
    J. P. Perdew, K. Burke, and M. Ernzerhof.,  Phys. Rev. Lett. 77, 3865 (1996)
    J. P. Perdew, K. Burke, and M. Ernzerhof.,  Phys. Rev. Lett. 78, 1396 (1997)
    J. P. Perdew, K. Burke, and M. Ernzerhof.,  Phys. Rev. Lett. 77, 3865 (1996)
    J. P. Perdew, K. Burke, and M. Ernzerhof.,  Phys. Rev. Lett. 78, 1396 (1997)
small_rho_cutoff = 1e-06
Set gradient conv threshold to 0.00707107
    Total E(T) = -12114.2360173508  Free energy = -12114.3003106539  E0 = -12114.2681640024
init E= -12114.2360173508
    sigma = 0.005  Optimized mu_alpha = -0.197514513753  entropy = 3.44448007852e-07
    sigma = 0.005  Optimized mu_beta  = -0.200041262288  entropy = 3.44448007852e-07
    Total E(T) = -12114.2360109099  Free energy = -12114.2360109116  E0 = -12114.2360109108
cycle= 1 E= -12114.2360109099  delta_E= 6.44e-06  |g|= 0.0228  |ddm|= 10.8
    sigma = 0.005  Optimized mu_alpha = -0.197308531402  entropy = 3.44658149922e-07
    sigma = 0.005  Optimized mu_beta  = -0.199844228164  entropy = 3.44658149922e-07
    Total E(T) = -12114.2359413022  Free energy = -12114.2359413039  E0 = -12114.235941303
cycle= 2 E= -12114.2359413022  delta_E= 6.96e-05  |g|= 0.0713  |ddm|= 34.7
    sigma = 0.005  Optimized mu_alpha = -0.19743847064  entropy = 3.44351036384e-07
    sigma = 0.005  Optimized mu_beta  = -0.199969114262  entropy = 3.44351036384e-07
    Total E(T) = -12114.2359852254  Free energy = -12114.2359852272  E0 = -12114.2359852263
cycle= 3 E= -12114.2359852254  delta_E= -4.39e-05  |g|= 0.0363  |ddm|= 13.7
    sigma = 0.005  Optimized mu_alpha = -0.19744713822  entropy = 3.44405472432e-07
    sigma = 0.005  Optimized mu_beta  = -0.199976425038  entropy = 3.44405472432e-07
    Total E(T) = -12114.2360044357  Free energy = -12114.2360044375  E0 = -12114.2360044366
cycle= 4 E= -12114.2360044357  delta_E= -1.92e-05  |g|= 0.0233  |ddm|= 5.55
    sigma = 0.005  Optimized mu_alpha = -0.197453773035  entropy = 3.44384819948e-07
    sigma = 0.005  Optimized mu_beta  = -0.199982877901  entropy = 3.44384819948e-07
    Total E(T) = -12114.2360127376  Free energy = -12114.2360127393  E0 = -12114.2360127384
cycle= 5 E= -12114.2360127376  delta_E= -8.3e-06  |g|= 0.0152  |ddm|= 3.16
    sigma = 0.005  Optimized mu_alpha = -0.197447034396  entropy = 3.4440876053e-07
    sigma = 0.005  Optimized mu_beta  = -0.199976122023  entropy = 3.4440876053e-07
    Total E(T) = -12114.2360163199  Free energy = -12114.2360163217  E0 = -12114.2360163208
cycle= 6 E= -12114.2360163199  delta_E= -3.58e-06  |g|= 0.00998  |ddm|= 2.48
    sigma = 0.005  Optimized mu_alpha = -0.197447589079  entropy = 3.44365910454e-07
    sigma = 0.005  Optimized mu_beta  = -0.199977157673  entropy = 3.44365910454e-07
    Total E(T) = -12114.2360178645  Free energy = -12114.2360178662  E0 = -12114.2360178653
cycle= 7 E= -12114.2360178645  delta_E= -1.54e-06  |g|= 0.0068  |ddm|= 1.69
    sigma = 0.005  Optimized mu_alpha = -0.297068855545  entropy = 12.8588747241
    sigma = 0.005  Optimized mu_beta  = -0.299949265343  entropy = 12.8588747241
    Total E(T) = -12114.2008394654  Free energy = -12114.2651338391  E0 = -12114.2329866522
Extra cycle  E= -12114.2008394654  delta_E= 0.0352  |g|= 0.232  |ddm|=  934
converged SCF energy = -12114.2008394654  <S^2> = 2.013891  2S+1 = 3.0092464
[timing] right/Al ensemble SCF = 1044.3s
[timing] collect state = 0.0s
[timing] grad contraction = 1.5s
Npdft 666.0000343311478
[timing] checkpoint save = 0.0s
step=   1 L=-12262.79916729 Ef=-12262.81513989 L1=8.82790307e-01 |grad|=1.15602e-02 t=1257.9s
[diagnostic] step=2 |b|=2.402491e+00 max|b|=8.821469e-01
[timing] build AO Vp from S3 = 1.6s
[diagnostic] |vpl|=3.139173e+00 max|vpl|=5.459083e-01
[diagnostic] |vpr|=2.237854e+00 max|vpr|=4.777113e-01
[diagnostic] |vpref|=3.237088e+00 max|vpref|=5.451952e-01
dm0 check [[[ 1.51511371e-09  2.24391580e-08  1.89789887e-07 ... -1.14719069e-07
    7.42477006e-07  6.64944054e-08]
  [ 2.24391580e-08  3.34444508e-07  2.75067329e-06 ... -1.77767227e-06
    1.10110590e-05  1.04758010e-06]
  [ 1.89789887e-07  2.75067329e-06  2.57237857e-05 ... -1.02770025e-05
    9.27869319e-05  4.99877429e-06]
  ...
  [-1.14719069e-07 -1.77767227e-06 -1.02770025e-05 ...  2.27166703e-04
    1.81897077e-06 -1.91352282e-04]
  [ 7.42477006e-07  1.10110590e-05  9.27869319e-05 ...  1.81897077e-06
    4.79980259e-04 -1.62432551e-06]
  [ 6.64944054e-08  1.04758010e-06  4.99877429e-06 ... -1.91352282e-04
   -1.62432551e-06  6.55604917e-04]]

 [[ 2.14412331e-09  3.18475813e-08  2.65523732e-07 ... -7.48707309e-08
    1.03578263e-06  2.38439329e-08]
  [ 3.18475813e-08  4.74248164e-07  3.91397240e-06 ... -9.93114326e-07
    1.53190777e-05  2.50156711e-07]
  [ 2.65523732e-07  3.91397240e-06  3.37625569e-05 ... -1.10142968e-05
    1.30901555e-04  4.52868971e-06]
  ...
  [-7.48707309e-08 -9.93114326e-07 -1.10142968e-05 ...  2.49604192e-04
    2.27939038e-06 -2.10130211e-04]
  [ 1.03578263e-06  1.53190777e-05  1.30901555e-04 ...  2.27939038e-06
    5.52938935e-04 -2.04467318e-06]
  [ 2.38439329e-08  2.50156711e-07  4.52868971e-06 ... -2.10130211e-04
   -2.04467318e-06  7.46013492e-04]]]
converged SCF energy = -150.226693714539  <S^2> = 2.0045398  2S+1 = 3.003025
dm0 check [[[ 1.14641743e-09  1.70872016e-08  1.38754795e-07 ... -8.06220413e-08
    6.25416970e-07  4.56939038e-08]
  [ 1.70872016e-08  2.56088311e-07  2.02954148e-06 ... -1.06184704e-06
    9.18282865e-06  7.18422805e-07]
  [ 1.38754795e-07  2.02954148e-06  1.80708409e-05 ... -1.26948103e-05
    8.12953043e-05  3.19903514e-06]
  ...
  [-8.06220413e-08 -1.06184704e-06 -1.26948103e-05 ...  2.39057533e-04
   -1.61662264e-06 -1.68275226e-04]
  [ 6.25416970e-07  9.18282865e-06  8.12953043e-05 ... -1.61662264e-06
    4.44995820e-04 -4.06039411e-06]
  [ 4.56939038e-08  7.18422805e-07  3.19903514e-06 ... -1.68275226e-04
   -4.06039411e-06  5.95723545e-04]]

 [[ 2.53044811e-08  3.85062148e-07  2.83136626e-06 ... -1.48569177e-07
    1.05892141e-07  7.43850887e-08]
  [ 3.85062148e-07  5.86095441e-06  4.30473626e-05 ... -2.17968487e-06
    1.18322372e-06  1.05281906e-06]
  [ 2.83136626e-06  4.30473626e-05  3.18001967e-04 ... -1.75092932e-05
    2.68730217e-05  9.39007714e-06]
  ...
  [-1.48569177e-07 -2.17968487e-06 -1.75092932e-05 ...  2.30571790e-04
    2.08841135e-07 -1.91671315e-04]
  [ 1.05892141e-07  1.18322372e-06  2.68730217e-05 ...  2.08841135e-07
    4.63239567e-04 -3.50241763e-06]
  [ 7.43850887e-08  1.05281906e-06  9.39007714e-06 ... -1.91671315e-04
   -3.50241763e-06  6.49570878e-04]]]
converged SCF energy = -150.244985829827  <S^2> = 0.92979832  2S+1 = 2.1723704
[timing] left/O ensemble SCF = 16.9s
dm0 check [[ 3.79534639e-01  6.12215887e-01 -1.25201628e-01 ...  2.36417098e-05
   1.49427397e-05 -4.82435934e-05]
 [ 6.12215887e-01  1.01512488e+00 -3.34000259e-01 ...  6.44660813e-05
   3.94930621e-05 -1.30692673e-04]
 [-1.25201628e-01 -3.34000259e-01  6.75172204e-01 ... -1.55521454e-04
  -9.56510724e-05  3.16316238e-04]
 ...
 [ 2.36417098e-05  6.44660813e-05 -1.55521454e-04 ...  1.09236071e-05
   5.95537308e-06 -2.36044098e-05]
 [ 1.49427397e-05  3.94930621e-05 -9.56510724e-05 ...  5.95537308e-06
   4.93064813e-06 -1.48307040e-05]
 [-4.82435934e-05 -1.30692673e-04  3.16316238e-04 ... -2.36044098e-05
  -1.48307040e-05  5.96172957e-05]]


******** <class 'pyscf.scf.addons.SmearingDFRKS'> ********
method = SmearingDFRKS
initial guess = minao
damping factor = 0.15
level_shift factor = 0.2
DIIS = <class 'pyscf.scf.diis.CDIIS'>
diis_start_cycle = 1
diis_space = 12
diis_damp = 0
SCF conv_tol = 5e-05
SCF conv_tol_grad = None
SCF max_cycles = 200
direct_scf = True
direct_scf_tol = 1e-13
chkfile to save SCF result = /tmp/tmpnx8_b0uf
max_memory 4000 MB (current use 87113 MB)
XC library pyscf.dft.libxc version 6.1.0
    S. Lehtola, C. Steigemann, M. J.T. Oliveira, and M. A.L. Marques.,  SoftwareX 7, 1–5 (2018)
XC functionals = pbe
    J. P. Perdew, K. Burke, and M. Ernzerhof.,  Phys. Rev. Lett. 77, 3865 (1996)
    J. P. Perdew, K. Burke, and M. Ernzerhof.,  Phys. Rev. Lett. 78, 1396 (1997)
    J. P. Perdew, K. Burke, and M. Ernzerhof.,  Phys. Rev. Lett. 77, 3865 (1996)
    J. P. Perdew, K. Burke, and M. Ernzerhof.,  Phys. Rev. Lett. 78, 1396 (1997)
small_rho_cutoff = 1e-06
Set gradient conv threshold to 0.00707107
    Total E(T) = -12114.6941437702  Free energy = -12115.7268844417  E0 = -12115.210514106
init E= -12114.6941437702
    sigma = 0.02  Optimized mu = -0.0528521934799  entropy = 1.5329158961
    Total E(T) = -12114.6941326562  Free energy = -12114.7247909741  E0 = -12114.7094618152
cycle= 1 E= -12114.6941326562  delta_E= 1.11e-05  |g|= 0.0233  |ddm|= 23.7
    sigma = 0.02  Optimized mu = -0.0529103154221  entropy = 1.53391414182
    Total E(T) = -12114.6939739714  Free energy = -12114.7246522542  E0 = -12114.7093131128
cycle= 2 E= -12114.6939739714  delta_E= 0.000159  |g|= 0.0798  |ddm|= 81.5
    sigma = 0.02  Optimized mu = -0.0528562710238  entropy = 1.53316361985
    Total E(T) = -12114.6940711104  Free energy = -12114.7247343828  E0 = -12114.7094027466
cycle= 3 E= -12114.6940711104  delta_E= -9.71e-05  |g|= 0.0421  |ddm|= 31.2
    sigma = 0.02  Optimized mu = -0.0528567014184  entropy = 1.53311380573
    Total E(T) = -12114.6941101841  Free energy = -12114.7247724602  E0 = -12114.7094413222
cycle= 4 E= -12114.6941101841  delta_E= -3.91e-05  |g|= 0.0289  |ddm|= 12.9
    sigma = 0.02  Optimized mu = -0.0528568632616  entropy = 1.53310405173
    Total E(T) = -12114.6941283408  Free energy = -12114.7247904218  E0 = -12114.7094593813
cycle= 5 E= -12114.6941283408  delta_E= -1.82e-05  |g|= 0.0201  |ddm|= 7.81
    sigma = 0.02  Optimized mu = -0.0528578491353  entropy = 1.53308304112
    Total E(T) = -12114.6941371124  Free energy = -12114.7247987732  E0 = -12114.7094679428
cycle= 6 E= -12114.6941371124  delta_E= -8.77e-06  |g|= 0.0144  |ddm|=    5
    sigma = 0.02  Optimized mu = -0.0528561377106  entropy = 1.53309266282
    Total E(T) = -12114.6941414778  Free energy = -12114.7248033311  E0 = -12114.7094724044
cycle= 7 E= -12114.6941414778  delta_E= -4.37e-06  |g|= 0.0103  |ddm|= 3.44
    sigma = 0.02  Optimized mu = -0.0528566738918  entropy = 1.53308571425
    Total E(T) = -12114.6941437755  Free energy = -12114.7248054898  E0 = -12114.7094746326
cycle= 8 E= -12114.6941437755  delta_E= -2.3e-06  |g|= 0.00726  |ddm|= 2.68
    sigma = 0.02  Optimized mu = -0.0528523112463  entropy = 1.5331022033
    Total E(T) = -12114.6941448951  Free energy = -12114.7248069391  E0 = -12114.7094759171
cycle= 9 E= -12114.6941448951  delta_E= -1.12e-06  |g|= 0.00522  |ddm|= 1.75
    sigma = 0.02  Optimized mu = -0.152964526193  entropy = 51.6348897969
    Total E(T) = -12114.1608225707  Free energy = -12115.1935203666  E0 = -12114.6771714687
Extra cycle  E= -12114.1608225707  delta_E= 0.533  |g|= 0.416  |ddm|= 4.36e+03
converged SCF energy = -12114.1608225707
dm0 check [[[ 1.89789180e-01  3.06166452e-01 -6.27381587e-02 ...  9.19400832e-06
    5.84113841e-06 -2.11327424e-05]
  [ 3.06166452e-01  5.07717998e-01 -1.67363561e-01 ...  2.51412575e-05
    1.53431318e-05 -5.72591877e-05]
  [-6.27381587e-02 -1.67363561e-01  3.38426988e-01 ... -6.05227247e-05
   -3.71052216e-05  1.38345386e-04]
  ...
  [ 9.19400832e-06  2.51412575e-05 -6.05227247e-05 ...  3.15089838e-06
    1.56513218e-06 -7.64804236e-06]
  [ 5.84113841e-06  1.53431318e-05 -3.71052216e-05 ...  1.56513218e-06
    1.59230099e-06 -4.85105166e-06]
  [-2.11327424e-05 -5.72591877e-05  1.38345386e-04 ... -7.64804236e-06
   -4.85105166e-06  2.30247889e-05]]

 [[ 1.89768246e-01  3.06109438e-01 -6.26087309e-02 ...  1.01437923e-05
    6.67496332e-06 -2.25073507e-05]
  [ 3.06109438e-01  5.07565786e-01 -1.67021962e-01 ...  2.77186560e-05
    1.76076094e-05 -6.10117580e-05]
  [-6.26087309e-02 -1.67021962e-01  3.37663133e-01 ... -6.69087204e-05
   -4.27303174e-05  1.47852439e-04]
  ...
  [ 1.01437923e-05  2.77186560e-05 -6.69087204e-05 ...  3.40296645e-06
    1.76026641e-06 -8.23943631e-06]
  [ 6.67496332e-06  1.76076094e-05 -4.27303174e-05 ...  1.76026641e-06
    1.75078430e-06 -5.33244683e-06]
  [-2.25073507e-05 -6.10117580e-05  1.47852439e-04 ... -8.23943631e-06
   -5.33244683e-06  2.43242118e-05]]]


******** <class 'pyscf.scf.addons.SmearingDFUKS'> ********
method = SmearingDFUKS
initial guess = minao
damping factor = 0.15
level_shift factor = 0.2
DIIS = <class 'pyscf.scf.diis.CDIIS'>
diis_start_cycle = 1
diis_space = 12
diis_damp = 0
SCF conv_tol = 5e-05
SCF conv_tol_grad = None
SCF max_cycles = 200
direct_scf = True
direct_scf_tol = 1e-13
chkfile to save SCF result = /tmp/tmph1vfanl1
max_memory 4000 MB (current use 87076 MB)
number electrons alpha = 325  beta = 323
XC library pyscf.dft.libxc version 6.1.0
    S. Lehtola, C. Steigemann, M. J.T. Oliveira, and M. A.L. Marques.,  SoftwareX 7, 1–5 (2018)
XC functionals = pbe
    J. P. Perdew, K. Burke, and M. Ernzerhof.,  Phys. Rev. Lett. 77, 3865 (1996)
    J. P. Perdew, K. Burke, and M. Ernzerhof.,  Phys. Rev. Lett. 78, 1396 (1997)
    J. P. Perdew, K. Burke, and M. Ernzerhof.,  Phys. Rev. Lett. 77, 3865 (1996)
    J. P. Perdew, K. Burke, and M. Ernzerhof.,  Phys. Rev. Lett. 78, 1396 (1997)
small_rho_cutoff = 1e-06
Set gradient conv threshold to 0.00707107
    Total E(T) = -12114.2504965661  Free energy = -12114.3147909398  E0 = -12114.2826437529
init E= -12114.2504965661
    sigma = 0.005  Optimized mu_alpha = -0.197527426378  entropy = 3.44436892306e-07
    sigma = 0.005  Optimized mu_beta  = -0.200053655997  entropy = 3.44436892306e-07
    Total E(T) = -12114.250486044  Free energy = -12114.2504860458  E0 = -12114.2504860449
cycle= 1 E= -12114.250486044  delta_E= 1.05e-05  |g|= 0.029  |ddm|= 12.7
    sigma = 0.005  Optimized mu_alpha = -0.197293747982  entropy = 3.44841256488e-07
    sigma = 0.005  Optimized mu_beta  = -0.199829980184  entropy = 3.44841256488e-07
    Total E(T) = -12114.2503733832  Free energy = -12114.250373385  E0 = -12114.2503733841
cycle= 2 E= -12114.2503733832  delta_E= 0.000113  |g|= 0.0923  |ddm|=   44
    sigma = 0.005  Optimized mu_alpha = -0.197442107909  entropy = 3.44326991121e-07
    sigma = 0.005  Optimized mu_beta  = -0.199972673743  entropy = 3.44326991121e-07
    Total E(T) = -12114.2504422745  Free energy = -12114.2504422762  E0 = -12114.2504422754
cycle= 3 E= -12114.2504422745  delta_E= -6.89e-05  |g|= 0.0482  |ddm|= 17.9
    sigma = 0.005  Optimized mu_alpha = -0.197451804108  entropy = 3.44381090291e-07
    sigma = 0.005  Optimized mu_beta  = -0.19998097104  entropy = 3.44381090291e-07
    Total E(T) = -12114.2504729322  Free energy = -12114.2504729339  E0 = -12114.250472933
cycle= 4 E= -12114.2504729322  delta_E= -3.07e-05  |g|= 0.0318  |ddm|= 6.98
    sigma = 0.005  Optimized mu_alpha = -0.197459118864  entropy = 3.44364635206e-07
    sigma = 0.005  Optimized mu_beta  = -0.199988027554  entropy = 3.44364635206e-07
    Total E(T) = -12114.2504865931  Free energy = -12114.2504865948  E0 = -12114.2504865939
cycle= 5 E= -12114.2504865931  delta_E= -1.37e-05  |g|= 0.0215  |ddm|= 3.95
    sigma = 0.005  Optimized mu_alpha = -0.197453590389  entropy = 3.44388952998e-07
    sigma = 0.005  Optimized mu_beta  = -0.199982398389  entropy = 3.44388952998e-07
    Total E(T) = -12114.2504928788  Free energy = -12114.2504928805  E0 = -12114.2504928796
cycle= 6 E= -12114.2504928788  delta_E= -6.29e-06  |g|= 0.0145  |ddm|= 2.81
    sigma = 0.005  Optimized mu_alpha = -0.197455399842  entropy = 3.44344565687e-07
    sigma = 0.005  Optimized mu_beta  = -0.199984645406  entropy = 3.44344565687e-07
    Total E(T) = -12114.2504957381  Free energy = -12114.2504957398  E0 = -12114.2504957389
cycle= 7 E= -12114.2504957381  delta_E= -2.86e-06  |g|= 0.0102  |ddm|= 1.95
    sigma = 0.005  Optimized mu_alpha = -0.197453853919  entropy = 3.44348024254e-07
    sigma = 0.005  Optimized mu_beta  = -0.199983045645  entropy = 3.44348024254e-07
    Total E(T) = -12114.2504971317  Free energy = -12114.2504971335  E0 = -12114.2504971326
cycle= 8 E= -12114.2504971317  delta_E= -1.39e-06  |g|= 0.00694  |ddm|= 1.17
    sigma = 0.005  Optimized mu_alpha = -0.297071649015  entropy = 12.8584423842
    sigma = 0.005  Optimized mu_beta  = -0.299952099147  entropy = 12.8584423842
    Total E(T) = -12114.2152948392  Free energy = -12114.2795870511  E0 = -12114.2474409451
Extra cycle  E= -12114.2152948392  delta_E= 0.0352  |g|= 0.236  |ddm|=  935
converged SCF energy = -12114.2152948392  <S^2> = 2.0138894  2S+1 = 3.0092454
[timing] right/Al ensemble SCF = 1104.3s
[timing] collect state = 0.0s
[timing] grad contraction = 1.6s
Npdft 666.0000343351879
[timing] checkpoint save = 0.0s
step=   2 L=-12262.82348408 Ef=-12262.83965017 L1=8.79648425e-01 |grad|=1.14905e-02 t=1327.4s
[diagnostic] step=3 |b|=2.401484e+00 max|b|=8.815999e-01
[timing] build AO Vp from S3 = 1.7s
[diagnostic] |vpl|=3.139367e+00 max|vpl|=5.469395e-01
[diagnostic] |vpr|=2.238101e+00 max|vpr|=4.783175e-01
[diagnostic] |vpref|=3.237473e+00 max|vpref|=5.462280e-01
dm0 check [[[ 1.51511399e-09  2.24391602e-08  1.89789927e-07 ... -1.14718975e-07
    7.42476756e-07  6.64943181e-08]
  [ 2.24391602e-08  3.34444494e-07  2.75067383e-06 ... -1.77767069e-06
    1.10110565e-05  1.04757854e-06]
  [ 1.89789927e-07  2.75067383e-06  2.57237915e-05 ... -1.02769898e-05
    9.27868942e-05  4.99876289e-06]
  ...
  [-1.14718975e-07 -1.77767069e-06 -1.02769898e-05 ...  2.27166744e-04
    1.81897129e-06 -1.91352316e-04]
  [ 7.42476756e-07  1.10110565e-05  9.27868942e-05 ...  1.81897129e-06
    4.79980277e-04 -1.62432527e-06]
  [ 6.64943181e-08  1.04757854e-06  4.99876289e-06 ... -1.91352316e-04
   -1.62432527e-06  6.55604965e-04]]

 [[ 2.14412356e-09  3.18475848e-08  2.65523736e-07 ... -7.48705613e-08
    1.03578255e-06  2.38437860e-08]
  [ 3.18475848e-08  4.74248197e-07  3.91397265e-06 ... -9.93113146e-07
    1.53190770e-05  2.50155643e-07]
  [ 2.65523736e-07  3.91397265e-06  3.37625563e-05 ... -1.10142854e-05
    1.30901539e-04  4.52867998e-06]
  ...
  [-7.48705613e-08 -9.93113146e-07 -1.10142854e-05 ...  2.49604220e-04
    2.27939078e-06 -2.10130235e-04]
  [ 1.03578255e-06  1.53190770e-05  1.30901539e-04 ...  2.27939078e-06
    5.52938839e-04 -2.04467291e-06]
  [ 2.38437860e-08  2.50155643e-07  4.52867998e-06 ... -2.10130235e-04
   -2.04467291e-06  7.46013414e-04]]]
converged SCF energy = -150.226693714539  <S^2> = 2.0045398  2S+1 = 3.003025
dm0 check [[[ 1.14639704e-09  1.70868620e-08  1.38752864e-07 ... -8.06194819e-08
    6.25411557e-07  4.56925620e-08]
  [ 1.70868620e-08  2.56082651e-07  2.02950943e-06 ... -1.06182238e-06
    9.18273934e-06  7.18405989e-07]
  [ 1.38752864e-07  2.02950943e-06  1.80706598e-05 ... -1.26946790e-05
    8.12945738e-05  3.19890360e-06]
  ...
  [-8.06194819e-08 -1.06182238e-06 -1.26946790e-05 ...  2.39058933e-04
   -1.61653275e-06 -1.68275032e-04]
  [ 6.25411557e-07  9.18273934e-06  8.12945738e-05 ... -1.61653275e-06
    4.44994430e-04 -4.06021994e-06]
  [ 4.56925620e-08  7.18405989e-07  3.19890360e-06 ... -1.68275032e-04
   -4.06021994e-06  5.95721952e-04]]

 [[ 2.53031997e-08  3.85042754e-07  2.83122721e-06 ... -1.48564193e-07
    1.05902230e-07  7.43841170e-08]
  [ 3.85042754e-07  5.86066079e-06  4.30452600e-05 ... -2.17962406e-06
    1.18338844e-06  1.05281892e-06]
  [ 2.83122721e-06  4.30452600e-05  3.17986904e-04 ... -1.75087903e-05
    2.68740692e-05  9.39002488e-06]
  ...
  [-1.48564193e-07 -2.17962406e-06 -1.75087903e-05 ...  2.30571680e-04
    2.08936431e-07 -1.91671182e-04]
  [ 1.05902230e-07  1.18338844e-06  2.68740692e-05 ...  2.08936431e-07
    4.63237722e-04 -3.50219925e-06]
  [ 7.43841170e-08  1.05281892e-06  9.39002488e-06 ... -1.91671182e-04
   -3.50219925e-06  6.49568692e-04]]]
converged SCF energy = -150.244985829833  <S^2> = 0.92980241  2S+1 = 2.1723742
[timing] left/O ensemble SCF = 13.2s
dm0 check [[ 3.79534387e-01  6.12215864e-01 -1.25201638e-01 ...  2.36383518e-05
   1.49869858e-05 -4.82018320e-05]
 [ 6.12215864e-01  1.01512587e+00 -3.34001846e-01 ...  6.44573352e-05
   3.96124609e-05 -1.30580533e-04]
 [-1.25201638e-01 -3.34001846e-01  6.75176954e-01 ... -1.55501369e-04
  -9.59407625e-05  3.16047196e-04]
 ...
 [ 2.36383518e-05  6.44573352e-05 -1.55501369e-04 ...  1.08801068e-05
   5.95541806e-06 -2.35133273e-05]
 [ 1.49869858e-05  3.96124609e-05 -9.59407625e-05 ...  5.95541806e-06
   4.94953339e-06 -1.48365590e-05]
 [-4.82018320e-05 -1.30580533e-04  3.16047196e-04 ... -2.35133273e-05
  -1.48365590e-05  5.94334709e-05]]


******** <class 'pyscf.scf.addons.SmearingDFRKS'> ********
method = SmearingDFRKS
initial guess = minao
damping factor = 0.15
level_shift factor = 0.2
DIIS = <class 'pyscf.scf.diis.CDIIS'>
diis_start_cycle = 1
diis_space = 12
diis_damp = 0
SCF conv_tol = 5e-05
SCF conv_tol_grad = None
SCF max_cycles = 200
direct_scf = True
direct_scf_tol = 1e-13
chkfile to save SCF result = /tmp/tmpnx8_b0uf
max_memory 4000 MB (current use 86857 MB)
XC library pyscf.dft.libxc version 6.1.0
    S. Lehtola, C. Steigemann, M. J.T. Oliveira, and M. A.L. Marques.,  SoftwareX 7, 1–5 (2018)
XC functionals = pbe
    J. P. Perdew, K. Burke, and M. Ernzerhof.,  Phys. Rev. Lett. 77, 3865 (1996)
    J. P. Perdew, K. Burke, and M. Ernzerhof.,  Phys. Rev. Lett. 78, 1396 (1997)
    J. P. Perdew, K. Burke, and M. Ernzerhof.,  Phys. Rev. Lett. 77, 3865 (1996)
    J. P. Perdew, K. Burke, and M. Ernzerhof.,  Phys. Rev. Lett. 78, 1396 (1997)
small_rho_cutoff = 1e-06
Set gradient conv threshold to 0.00707107
    Total E(T) = -12114.6796508116  Free energy = -12115.7123486076  E0 = -12115.1959997096
init E= -12114.6796508116
    sigma = 0.02  Optimized mu = -0.0528296649484  entropy = 1.53315028371
    Total E(T) = -12114.6796390997  Free energy = -12114.7103021054  E0 = -12114.6949706026
cycle= 1 E= -12114.6796390997  delta_E= 1.17e-05  |g|= 0.023  |ddm|= 16.7
    sigma = 0.02  Optimized mu = -0.0528760974057  entropy = 1.53402418608
    Total E(T) = -12114.6794901613  Free energy = -12114.710170645  E0 = -12114.6948304032
cycle= 2 E= -12114.6794901613  delta_E= 0.000149  |g|= 0.0785  |ddm|= 72.3
    sigma = 0.02  Optimized mu = -0.052850313549  entropy = 1.53327154347
    Total E(T) = -12114.6795776994  Free energy = -12114.7102431303  E0 = -12114.6949104149
cycle= 3 E= -12114.6795776994  delta_E= -8.75e-05  |g|= 0.0428  |ddm|= 28.5
    sigma = 0.02  Optimized mu = -0.0528497267007  entropy = 1.53323586929
    Total E(T) = -12114.6796141062  Free energy = -12114.7102788236  E0 = -12114.6949464649
cycle= 4 E= -12114.6796141062  delta_E= -3.64e-05  |g|= 0.0303  |ddm|= 10.7
    sigma = 0.02  Optimized mu = -0.0528494698787  entropy = 1.53323440716
    Total E(T) = -12114.6796318052  Free energy = -12114.7102964933  E0 = -12114.6949641492
cycle= 5 E= -12114.6796318052  delta_E= -1.77e-05  |g|= 0.022  |ddm|= 6.31
    sigma = 0.02  Optimized mu = -0.0528496135732  entropy = 1.53322695085
    Total E(T) = -12114.679640776  Free energy = -12114.710305315  E0 = -12114.6949730455
cycle= 6 E= -12114.679640776  delta_E= -8.97e-06  |g|= 0.0165  |ddm|= 4.35
    sigma = 0.02  Optimized mu = -0.0528496401498  entropy = 1.53323294702
    Total E(T) = -12114.679645625  Free energy = -12114.7103102839  E0 = -12114.6949779544
cycle= 7 E= -12114.679645625  delta_E= -4.85e-06  |g|= 0.0124  |ddm|= 2.77
    sigma = 0.02  Optimized mu = -0.0528497128401  entropy = 1.5332336653
    Total E(T) = -12114.6796483582  Free energy = -12114.7103130315  E0 = -12114.6949806948
cycle= 8 E= -12114.6796483582  delta_E= -2.73e-06  |g|= 0.00934  |ddm|= 1.89
    sigma = 0.02  Optimized mu = -0.0528514055221  entropy = 1.53323058991
    Total E(T) = -12114.6796499006  Free energy = -12114.7103145124  E0 = -12114.6949822065
cycle= 9 E= -12114.6796499006  delta_E= -1.54e-06  |g|= 0.00714  |ddm|= 1.57
    sigma = 0.02  Optimized mu = -0.0528500384847  entropy = 1.53323950634
    Total E(T) = -12114.6796507791  Free energy = -12114.7103155693  E0 = -12114.6949831742
cycle= 10 E= -12114.6796507791  delta_E= -8.79e-07  |g|= 0.00547  |ddm|= 1.18
    sigma = 0.02  Optimized mu = -0.152958504551  entropy = 51.6378160275
    Total E(T) = -12114.1460814562  Free energy = -12115.1788377768  E0 = -12114.6624596165
Extra cycle  E= -12114.1460814562  delta_E= 0.534  |g|= 0.42  |ddm|= 4.36e+03
converged SCF energy = -12114.1460814562
dm0 check [[[ 1.89789053e-01  3.06166434e-01 -6.27381559e-02 ...  9.18951952e-06
    5.85888201e-06 -2.11125020e-05]
  [ 3.06166434e-01  5.07718470e-01 -1.67364333e-01 ...  2.51292924e-05
    1.53909882e-05 -5.72048415e-05]
  [-6.27381559e-02 -1.67364333e-01  3.38429343e-01 ... -6.04943355e-05
   -3.72212112e-05  1.38215208e-04]
  ...
  [ 9.18951952e-06  2.51292924e-05 -6.04943355e-05 ...  3.13595955e-06
    1.56480623e-06 -7.61491435e-06]
  [ 5.85888201e-06  1.53909882e-05 -3.72212112e-05 ...  1.56480623e-06
    1.59881493e-06 -4.85454981e-06]
  [-2.11125020e-05 -5.72048415e-05  1.38215208e-04 ... -7.61491435e-06
   -4.85454981e-06  2.29566134e-05]]

 [[ 1.89768112e-01  3.06109404e-01 -6.26086879e-02 ...  1.01337938e-05
    6.69054556e-06 -2.24718312e-05]
  [ 3.06109404e-01  5.07566218e-01 -1.67022625e-01 ...  2.76918337e-05
    1.76496846e-05 -6.09161730e-05]
  [-6.26086879e-02 -1.67022625e-01  3.37665201e-01 ... -6.68443188e-05
   -4.28326924e-05  1.47621957e-04]
  ...
  [ 1.01337938e-05  2.76918337e-05 -6.68443188e-05 ...  3.38382639e-06
    1.75791970e-06 -8.19733734e-06]
  [ 6.69054556e-06  1.76496846e-05 -4.28326924e-05 ...  1.75791970e-06
    1.75650679e-06 -5.33150976e-06]
  [-2.24718312e-05 -6.09161730e-05  1.47621957e-04 ... -8.19733734e-06
   -5.33150976e-06  2.42359930e-05]]]


******** <class 'pyscf.scf.addons.SmearingDFUKS'> ********
method = SmearingDFUKS
initial guess = minao
damping factor = 0.15
level_shift factor = 0.2
DIIS = <class 'pyscf.scf.diis.CDIIS'>
diis_start_cycle = 1
diis_space = 12
diis_damp = 0
SCF conv_tol = 5e-05
SCF conv_tol_grad = None
SCF max_cycles = 200
direct_scf = True
direct_scf_tol = 1e-13
chkfile to save SCF result = /tmp/tmph1vfanl1
max_memory 4000 MB (current use 86950 MB)
number electrons alpha = 325  beta = 323
XC library pyscf.dft.libxc version 6.1.0
    S. Lehtola, C. Steigemann, M. J.T. Oliveira, and M. A.L. Marques.,  SoftwareX 7, 1–5 (2018)
XC functionals = pbe
    J. P. Perdew, K. Burke, and M. Ernzerhof.,  Phys. Rev. Lett. 77, 3865 (1996)
    J. P. Perdew, K. Burke, and M. Ernzerhof.,  Phys. Rev. Lett. 78, 1396 (1997)
    J. P. Perdew, K. Burke, and M. Ernzerhof.,  Phys. Rev. Lett. 77, 3865 (1996)
    J. P. Perdew, K. Burke, and M. Ernzerhof.,  Phys. Rev. Lett. 78, 1396 (1997)
small_rho_cutoff = 1e-06
Set gradient conv threshold to 0.00707107
    Total E(T) = -12114.2360221238  Free energy = -12114.3003143357  E0 = -12114.2681682298
init E= -12114.2360221238
    sigma = 0.005  Optimized mu_alpha = -0.197485496805  entropy = 3.44443689254e-07
    sigma = 0.005  Optimized mu_beta  = -0.200012419405  entropy = 3.44443689254e-07
    Total E(T) = -12114.236012489  Free energy = -12114.2360124907  E0 = -12114.2360124898
cycle= 1 E= -12114.236012489  delta_E= 9.63e-06  |g|= 0.0279  |ddm|= 12.6
    sigma = 0.005  Optimized mu_alpha = -0.197300610738  entropy = 3.44752932549e-07
    sigma = 0.005  Optimized mu_beta  = -0.199837101864  entropy = 3.44752932549e-07
    Total E(T) = -12114.2359069649  Free energy = -12114.2359069666  E0 = -12114.2359069658
cycle= 2 E= -12114.2359069649  delta_E= 0.000106  |g|= 0.0899  |ddm|= 46.1
    sigma = 0.005  Optimized mu_alpha = -0.19743423374  entropy = 3.44310962154e-07
    sigma = 0.005  Optimized mu_beta  = -0.199965364977  entropy = 3.44310962154e-07
    Total E(T) = -12114.2359713837  Free energy = -12114.2359713854  E0 = -12114.2359713845
cycle= 3 E= -12114.2359713837  delta_E= -6.44e-05  |g|= 0.0471  |ddm|= 18.1
    sigma = 0.005  Optimized mu_alpha = -0.197439983033  entropy = 3.44362256663e-07
    sigma = 0.005  Optimized mu_beta  = -0.199970039068  entropy = 3.44362256663e-07
    Total E(T) = -12114.2359994312  Free energy = -12114.2359994329  E0 = -12114.235999432
cycle= 4 E= -12114.2359994312  delta_E= -2.8e-05  |g|= 0.0316  |ddm|= 7.61
    sigma = 0.005  Optimized mu_alpha = -0.197444957984  entropy = 3.44367108312e-07
    sigma = 0.005  Optimized mu_beta  = -0.199974600656  entropy = 3.44367108312e-07
    Total E(T) = -12114.2360119561  Free energy = -12114.2360119578  E0 = -12114.2360119569
cycle= 5 E= -12114.2360119561  delta_E= -1.25e-05  |g|= 0.0219  |ddm|= 4.28
    sigma = 0.005  Optimized mu_alpha = -0.197443058409  entropy = 3.44378916883e-07
    sigma = 0.005  Optimized mu_beta  = -0.199972626733  entropy = 3.44378916883e-07
    Total E(T) = -12114.2360179437  Free energy = -12114.2360179454  E0 = -12114.2360179446
cycle= 6 E= -12114.2360179437  delta_E= -5.99e-06  |g|= 0.015  |ddm|= 2.66
    sigma = 0.005  Optimized mu_alpha = -0.197444419548  entropy = 3.44353677359e-07
    sigma = 0.005  Optimized mu_beta  = -0.199974183012  entropy = 3.44353677359e-07
    Total E(T) = -12114.2360207153  Free energy = -12114.2360207171  E0 = -12114.2360207162
cycle= 7 E= -12114.2360207153  delta_E= -2.77e-06  |g|= 0.011  |ddm|= 1.93
    sigma = 0.005  Optimized mu_alpha = -0.197444830639  entropy = 3.44355997946e-07
    sigma = 0.005  Optimized mu_beta  = -0.199974509529  entropy = 3.44355997946e-07
    Total E(T) = -12114.2360221072  Free energy = -12114.2360221089  E0 = -12114.2360221081
cycle= 8 E= -12114.2360221072  delta_E= -1.39e-06  |g|= 0.00792  |ddm|=  1.3
    sigma = 0.005  Optimized mu_alpha = -0.197444419239  entropy = 3.44354555417e-07
    sigma = 0.005  Optimized mu_beta  = -0.199974205514  entropy = 3.44354555417e-07
    Total E(T) = -12114.2360228268  Free energy = -12114.2360228285  E0 = -12114.2360228277
cycle= 9 E= -12114.2360228268  delta_E= -7.2e-07  |g|= 0.00577  |ddm|= 0.857
    sigma = 0.005  Optimized mu_alpha = -0.297041804897  entropy = 12.8575652672
    sigma = 0.005  Optimized mu_beta  = -0.299922563644  entropy = 12.8575652672
    Total E(T) = -12114.2009246545  Free energy = -12114.2652124809  E0 = -12114.2330685677
Extra cycle  E= -12114.2009246545  delta_E= 0.0351  |g|= 0.224  |ddm|=  936
converged SCF energy = -12114.2009246545  <S^2> = 2.0138892  2S+1 = 3.0092453
[timing] right/Al ensemble SCF = 1205.6s
[timing] collect state = 0.0s
[timing] grad contraction = 4.7s
Npdft 666.0000343329416
[timing] checkpoint save = 0.0s
step=   3 L=-12262.79905842 Ef=-12262.81506257 L1=8.82727049e-01 |grad|=1.15509e-02 t=1425.2s
[diagnostic] step=4 |b|=2.401987e+00 max|b|=8.818734e-01
[timing] build AO Vp from S3 = 1.7s
[diagnostic] |vpl|=3.139262e+00 max|vpl|=5.464239e-01
[diagnostic] |vpr|=2.237973e+00 max|vpr|=4.780144e-01
[diagnostic] |vpref|=3.237273e+00 max|vpref|=5.457116e-01
dm0 check [[[ 1.51511375e-09  2.24391589e-08  1.89789892e-07 ... -1.14719075e-07
    7.42477043e-07  6.64944108e-08]
  [ 2.24391589e-08  3.34444525e-07  2.75067336e-06 ... -1.77767242e-06
    1.10110595e-05  1.04758023e-06]
  [ 1.89789892e-07  2.75067336e-06  2.57237862e-05 ... -1.02770036e-05
    9.27869367e-05  4.99877526e-06]
  ...
  [-1.14719075e-07 -1.77767242e-06 -1.02770036e-05 ...  2.27166698e-04
    1.81897078e-06 -1.91352277e-04]
  [ 7.42477043e-07  1.10110595e-05  9.27869367e-05 ...  1.81897078e-06
    4.79980252e-04 -1.62432557e-06]
  [ 6.64944108e-08  1.04758023e-06  4.99877526e-06 ... -1.91352277e-04
   -1.62432557e-06  6.55604906e-04]]

 [[ 2.14412339e-09  3.18475823e-08  2.65523744e-07 ... -7.48707479e-08
    1.03578265e-06  2.38439469e-08]
  [ 3.18475823e-08  4.74248180e-07  3.91397253e-06 ... -9.93114410e-07
    1.53190780e-05  2.50156782e-07]
  [ 2.65523744e-07  3.91397253e-06  3.37625584e-05 ... -1.10142980e-05
    1.30901558e-04  4.52869062e-06]
  ...
  [-7.48707479e-08 -9.93114410e-07 -1.10142980e-05 ...  2.49604187e-04
    2.27939040e-06 -2.10130206e-04]
  [ 1.03578265e-06  1.53190780e-05  1.30901558e-04 ...  2.27939040e-06
    5.52938938e-04 -2.04467327e-06]
  [ 2.38439469e-08  2.50156782e-07  4.52869062e-06 ... -2.10130206e-04
   -2.04467327e-06  7.46013491e-04]]]
converged SCF energy = -150.226693714539  <S^2> = 2.0045398  2S+1 = 3.003025
dm0 check [[[ 1.14640467e-09  1.70869841e-08  1.38753588e-07 ... -8.06202918e-08
    6.25413415e-07  4.56929032e-08]
  [ 1.70869841e-08  2.56084631e-07  2.02952077e-06 ... -1.06182886e-06
    9.18276827e-06  7.18410480e-07]
  [ 1.38753588e-07  2.02952077e-06  1.80707297e-05 ... -1.26947211e-05
    8.12948143e-05  3.19892978e-06]
  ...
  [-8.06202918e-08 -1.06182886e-06 -1.26947211e-05 ...  2.39058474e-04
   -1.61663418e-06 -1.68274935e-04]
  [ 6.25413415e-07  9.18276827e-06  8.12948143e-05 ... -1.61663418e-06
    4.44994774e-04 -4.06031902e-06]
  [ 4.56929032e-08  7.18410480e-07  3.19892978e-06 ... -1.68274935e-04
   -4.06031902e-06  5.95722200e-04]]

 [[ 2.53037141e-08  3.85050587e-07  2.83128421e-06 ... -1.48565680e-07
    1.05891621e-07  7.43867408e-08]
  [ 3.85050587e-07  5.86078011e-06  4.30461274e-05 ... -2.17964126e-06
    1.18322490e-06  1.05285374e-06]
  [ 2.83128421e-06  4.30461274e-05  3.17993218e-04 ... -1.75089342e-05
    2.68729352e-05  9.39029026e-06]
  ...
  [-1.48565680e-07 -2.17964126e-06 -1.75089342e-05 ...  2.30571529e-04
    2.08909183e-07 -1.91671081e-04]
  [ 1.05891621e-07  1.18322490e-06  2.68729352e-05 ...  2.08909183e-07
    4.63237979e-04 -3.50223640e-06]
  [ 7.43867408e-08  1.05285374e-06  9.39029026e-06 ... -1.91671081e-04
   -3.50223640e-06  6.49568651e-04]]]
converged SCF energy = -150.244985829835  <S^2> = 0.92979868  2S+1 = 2.1723708
[timing] left/O ensemble SCF = 16.0s
dm0 check [[ 3.79534638e-01  6.12215885e-01 -1.25201623e-01 ...  2.36356183e-05
   1.49388107e-05 -4.82411829e-05]
 [ 6.12215885e-01  1.01512488e+00 -3.34000251e-01 ...  6.44496607e-05
   3.94824725e-05 -1.30686178e-04]
 [-1.25201623e-01 -3.34000251e-01  6.75172198e-01 ... -1.55481695e-04
  -9.56254593e-05  3.16300463e-04]
 ...
 [ 2.36356183e-05  6.44496607e-05 -1.55481695e-04 ...  1.08944596e-05
   5.93962924e-06 -2.35546259e-05]
 [ 1.49388107e-05  3.94824725e-05 -9.56254593e-05 ...  5.93962924e-06
   4.92207479e-06 -1.48035406e-05]
 [-4.82411829e-05 -1.30686178e-04  3.16300463e-04 ... -2.35546259e-05
  -1.48035406e-05  5.95371649e-05]]


******** <class 'pyscf.scf.addons.SmearingDFRKS'> ********
method = SmearingDFRKS
initial guess = minao
damping factor = 0.15
level_shift factor = 0.2
DIIS = <class 'pyscf.scf.diis.CDIIS'>
diis_start_cycle = 1
diis_space = 12
diis_damp = 0
SCF conv_tol = 5e-05
SCF conv_tol_grad = None
SCF max_cycles = 200
direct_scf = True
direct_scf_tol = 1e-13
chkfile to save SCF result = /tmp/tmpnx8_b0uf
max_memory 4000 MB (current use 87137 MB)
XC library pyscf.dft.libxc version 6.1.0
    S. Lehtola, C. Steigemann, M. J.T. Oliveira, and M. A.L. Marques.,  SoftwareX 7, 1–5 (2018)
XC functionals = pbe
    J. P. Perdew, K. Burke, and M. Ernzerhof.,  Phys. Rev. Lett. 77, 3865 (1996)
    J. P. Perdew, K. Burke, and M. Ernzerhof.,  Phys. Rev. Lett. 78, 1396 (1997)
    J. P. Perdew, K. Burke, and M. Ernzerhof.,  Phys. Rev. Lett. 77, 3865 (1996)
    J. P. Perdew, K. Burke, and M. Ernzerhof.,  Phys. Rev. Lett. 78, 1396 (1997)
small_rho_cutoff = 1e-06
Set gradient conv threshold to 0.00707107
    Total E(T) = -12114.6868975448  Free energy = -12115.7196538654  E0 = -12115.2032757051
init E= -12114.6868975448
    sigma = 0.02  Optimized mu = -0.0528498401482  entropy = 1.53304563534
    Total E(T) = -12114.6868869858  Free energy = -12114.7175478985  E0 = -12114.7022174421
cycle= 1 E= -12114.6868869858  delta_E= 1.06e-05  |g|= 0.0227  |ddm|= 17.2
    sigma = 0.02  Optimized mu = -0.0528774672216  entropy = 1.53391991863
    Total E(T) = -12114.6867430633  Free energy = -12114.7174214617  E0 = -12114.7020822625
cycle= 2 E= -12114.6867430633  delta_E= 0.000144  |g|= 0.0772  |ddm|= 70.1
    sigma = 0.02  Optimized mu = -0.0528531541139  entropy = 1.53320400053
    Total E(T) = -12114.686827184  Free energy = -12114.717491264  E0 = -12114.702159224
cycle= 3 E= -12114.686827184  delta_E= -8.41e-05  |g|= 0.0423  |ddm|= 28.7
    sigma = 0.02  Optimized mu = -0.0528531741876  entropy = 1.53316594181
    Total E(T) = -12114.6868624049  Free energy = -12114.7175257238  E0 = -12114.7021940644
cycle= 4 E= -12114.6868624049  delta_E= -3.52e-05  |g|= 0.03  |ddm|= 10.8
    sigma = 0.02  Optimized mu = -0.052853087618  entropy = 1.53316314053
    Total E(T) = -12114.6868795474  Free energy = -12114.7175428102  E0 = -12114.7022111788
cycle= 5 E= -12114.6868795474  delta_E= -1.71e-05  |g|= 0.0218  |ddm|= 6.35
    sigma = 0.02  Optimized mu = -0.0528532867074  entropy = 1.53315623688
    Total E(T) = -12114.6868881946  Free energy = -12114.7175513193  E0 = -12114.7022197569
cycle= 6 E= -12114.6868881946  delta_E= -8.65e-06  |g|= 0.0164  |ddm|= 4.54
    sigma = 0.02  Optimized mu = -0.0528532400423  entropy = 1.53315982995
    Total E(T) = -12114.6868929014  Free energy = -12114.717556098  E0 = -12114.7022244997
cycle= 7 E= -12114.6868929014  delta_E= -4.71e-06  |g|= 0.0123  |ddm|=  2.8
    sigma = 0.02  Optimized mu = -0.0528518296244  entropy = 1.53316364342
    Total E(T) = -12114.6868955289  Free energy = -12114.7175588018  E0 = -12114.7022271653
cycle= 8 E= -12114.6868955289  delta_E= -2.63e-06  |g|= 0.00939  |ddm|= 1.92
    sigma = 0.02  Optimized mu = -0.0528537496572  entropy = 1.53315619423
    Total E(T) = -12114.6868970576  Free energy = -12114.7175601815  E0 = -12114.7022286195
cycle= 9 E= -12114.6868970576  delta_E= -1.53e-06  |g|= 0.00719  |ddm|= 1.45
    sigma = 0.02  Optimized mu = -0.05285170868  entropy = 1.53316683574
    Total E(T) = -12114.6868979082  Free energy = -12114.7175612449  E0 = -12114.7022295766
cycle= 10 E= -12114.6868979082  delta_E= -8.51e-07  |g|= 0.0056  |ddm|= 1.11
    sigma = 0.02  Optimized mu = -0.15296344498  entropy = 51.6367799382
    Total E(T) = -12114.1533471963  Free energy = -12115.1860827951  E0 = -12114.6697149957
Extra cycle  E= -12114.1533471963  delta_E= 0.534  |g|= 0.42  |ddm|= 4.36e+03
converged SCF energy = -12114.1533471963
dm0 check [[[ 1.89789178e-01  3.06166445e-01 -6.27381543e-02 ...  9.18998872e-06
    5.83968647e-06 -2.11326806e-05]
  [ 3.06166445e-01  5.07717979e-01 -1.67363554e-01 ...  2.51304297e-05
    1.53392273e-05 -5.72590413e-05]
  [-6.27381543e-02 -1.67363554e-01  3.38427042e-01 ... -6.04966025e-05
   -3.70958595e-05  1.38345188e-04]
  ...
  [ 9.18998872e-06  2.51304297e-05 -6.04966025e-05 ...  3.14068097e-06
    1.55968384e-06 -7.62896823e-06]
  [ 5.83968647e-06  1.53392273e-05 -3.70958595e-05 ...  1.55968384e-06
    1.58956937e-06 -4.84097671e-06]
  [-2.11326806e-05 -5.72590413e-05  1.38345188e-04 ... -7.62896823e-06
   -4.84097671e-06  2.29932931e-05]]

 [[ 1.89768247e-01  3.06109441e-01 -6.26087480e-02 ...  1.01286491e-05
    6.66702379e-06 -2.24898050e-05]
  [ 3.06109441e-01  5.07565796e-01 -1.67022009e-01 ...  2.76778061e-05
    1.75861930e-05 -6.09644182e-05]
  [-6.26087480e-02 -1.67022009e-01  3.37663282e-01 ... -6.68097324e-05
   -4.26784340e-05  1.47737660e-04]
  ...
  [ 1.01286491e-05  2.76778061e-05 -6.68097324e-05 ...  3.38662598e-06
    1.75110716e-06 -8.20808577e-06]
  [ 6.66702379e-06  1.75861930e-05 -4.26784340e-05 ...  1.75110716e-06
    1.74568964e-06 -5.31476506e-06]
  [-2.24898050e-05 -6.09644182e-05  1.47737660e-04 ... -8.20808577e-06
   -5.31476506e-06  2.42685833e-05]]]


******** <class 'pyscf.scf.addons.SmearingDFUKS'> ********
method = SmearingDFUKS
initial guess = minao
damping factor = 0.15
level_shift factor = 0.2
DIIS = <class 'pyscf.scf.diis.CDIIS'>
diis_start_cycle = 1
diis_space = 12
diis_damp = 0
SCF conv_tol = 5e-05
SCF conv_tol_grad = None
SCF max_cycles = 200
direct_scf = True
direct_scf_tol = 1e-13
chkfile to save SCF result = /tmp/tmph1vfanl1
max_memory 4000 MB (current use 87211 MB)
number electrons alpha = 325  beta = 323
XC library pyscf.dft.libxc version 6.1.0
    S. Lehtola, C. Steigemann, M. J.T. Oliveira, and M. A.L. Marques.,  SoftwareX 7, 1–5 (2018)
XC functionals = pbe
    J. P. Perdew, K. Burke, and M. Ernzerhof.,  Phys. Rev. Lett. 77, 3865 (1996)
    J. P. Perdew, K. Burke, and M. Ernzerhof.,  Phys. Rev. Lett. 78, 1396 (1997)
    J. P. Perdew, K. Burke, and M. Ernzerhof.,  Phys. Rev. Lett. 77, 3865 (1996)
    J. P. Perdew, K. Burke, and M. Ernzerhof.,  Phys. Rev. Lett. 78, 1396 (1997)
small_rho_cutoff = 1e-06
Set gradient conv threshold to 0.00707107
    Total E(T) = -12114.2432600738  Free energy = -12114.3075479001  E0 = -12114.2754039869
init E= -12114.2432600738
    sigma = 0.005  Optimized mu_alpha = -0.197488359196  entropy = 3.44491649784e-07
    sigma = 0.005  Optimized mu_beta  = -0.200015208153  entropy = 3.44491649784e-07
    Total E(T) = -12114.2432534211  Free energy = -12114.2432534228  E0 = -12114.2432534219
cycle= 1 E= -12114.2432534211  delta_E= 6.65e-06  |g|= 0.0239  |ddm|= 9.93
    sigma = 0.005  Optimized mu_alpha = -0.197360665264  entropy = 3.44524115601e-07
    sigma = 0.005  Optimized mu_beta  = -0.199895856614  entropy = 3.44524115601e-07
    Total E(T) = -12114.2431806261  Free energy = -12114.2431806278  E0 = -12114.2431806269
cycle= 2 E= -12114.2431806261  delta_E= 7.28e-05  |g|= 0.0766  |ddm|= 36.7
    sigma = 0.005  Optimized mu_alpha = -0.197440886753  entropy = 3.44304291597e-07
    sigma = 0.005  Optimized mu_beta  = -0.199971650131  entropy = 3.44304291597e-07
    Total E(T) = -12114.2432231503  Free energy = -12114.243223152  E0 = -12114.2432231512
cycle= 3 E= -12114.2432231503  delta_E= -4.25e-05  |g|= 0.0414  |ddm|= 14.7
    sigma = 0.005  Optimized mu_alpha = -0.197446349285  entropy = 3.44348052658e-07
    sigma = 0.005  Optimized mu_beta  = -0.199976166479  entropy = 3.44348052658e-07
    Total E(T) = -12114.2432427976  Free energy = -12114.2432427993  E0 = -12114.2432427984
cycle= 4 E= -12114.2432427976  delta_E= -1.96e-05  |g|= 0.0283  |ddm|= 5.67
    sigma = 0.005  Optimized mu_alpha = -0.197449219947  entropy = 3.4434963503e-07
    sigma = 0.005  Optimized mu_beta  = -0.19997880964  entropy = 3.4434963503e-07
    Total E(T) = -12114.2432519961  Free energy = -12114.2432519978  E0 = -12114.2432519969
cycle= 5 E= -12114.2432519961  delta_E= -9.2e-06  |g|= 0.0197  |ddm|= 3.32
    sigma = 0.005  Optimized mu_alpha = -0.197446684438  entropy = 3.44363822717e-07
    sigma = 0.005  Optimized mu_beta  = -0.199976173296  entropy = 3.44363822717e-07
    Total E(T) = -12114.243256373  Free energy = -12114.2432563747  E0 = -12114.2432563738
cycle= 6 E= -12114.243256373  delta_E= -4.38e-06  |g|= 0.0142  |ddm|= 2.38
    sigma = 0.005  Optimized mu_alpha = -0.197448406397  entropy = 3.44349369733e-07
    sigma = 0.005  Optimized mu_beta  = -0.199977977159  entropy = 3.44349369733e-07
    Total E(T) = -12114.2432585931  Free energy = -12114.2432585948  E0 = -12114.243258594
cycle= 7 E= -12114.2432585931  delta_E= -2.22e-06  |g|= 0.0103  |ddm|= 1.47
    sigma = 0.005  Optimized mu_alpha = -0.197447898786  entropy = 3.44353227149e-07
    sigma = 0.005  Optimized mu_beta  = -0.199977426272  entropy = 3.44353227149e-07
    Total E(T) = -12114.2432597493  Free energy = -12114.243259751  E0 = -12114.2432597501
cycle= 8 E= -12114.2432597493  delta_E= -1.16e-06  |g|= 0.00742  |ddm|= 1.02
    sigma = 0.005  Optimized mu_alpha = -0.197448918531  entropy = 3.44341883924e-07
    sigma = 0.005  Optimized mu_beta  = -0.199978534019  entropy = 3.44341883924e-07
    Total E(T) = -12114.2432603487  Free energy = -12114.2432603504  E0 = -12114.2432603495
cycle= 9 E= -12114.2432603487  delta_E= -5.99e-07  |g|= 0.00556  |ddm|= 0.725
    sigma = 0.005  Optimized mu_alpha = -0.297043634095  entropy = 12.856636973
    sigma = 0.005  Optimized mu_beta  = -0.299924712109  entropy = 12.856636973
    Total E(T) = -12114.2082219475  Free energy = -12114.2725051324  E0 = -12114.24036354
Extra cycle  E= -12114.2082219475  delta_E= 0.035  |g|= 0.22  |ddm|=  937
converged SCF energy = -12114.2082219475  <S^2> = 2.0138889  2S+1 = 3.009245
[timing] right/Al ensemble SCF = 1221.2s
[timing] collect state = 0.0s
[timing] grad contraction = 1.8s
Npdft 666.0000343353354
[timing] checkpoint save = 0.0s
step=   4 L=-12262.81118877 Ef=-12262.82727815 L1=8.81272395e-01 |grad|=1.15201e-02 t=1441.6s
[diagnostic] step=5 |b|=2.401485e+00 max|b|=8.816000e-01
[timing] build AO Vp from S3 = 1.6s
[diagnostic] |vpl|=3.139367e+00 max|vpl|=5.469393e-01
[diagnostic] |vpr|=2.238101e+00 max|vpr|=4.783174e-01
[diagnostic] |vpref|=3.237473e+00 max|vpref|=5.462279e-01
dm0 check [[[ 1.51511399e-09  2.24391600e-08  1.89789926e-07 ... -1.14718968e-07
    7.42476732e-07  6.64943123e-08]
  [ 2.24391600e-08  3.34444487e-07  2.75067382e-06 ... -1.77767057e-06
    1.10110563e-05  1.04757843e-06]
  [ 1.89789926e-07  2.75067382e-06  2.57237916e-05 ... -1.02769888e-05
    9.27868910e-05  4.99876206e-06]
  ...
  [-1.14718968e-07 -1.77767057e-06 -1.02769888e-05 ...  2.27166748e-04
    1.81897131e-06 -1.91352319e-04]
  [ 7.42476732e-07  1.10110563e-05  9.27868910e-05 ...  1.81897131e-06
    4.79980281e-04 -1.62432524e-06]
  [ 6.64943123e-08  1.04757843e-06  4.99876206e-06 ... -1.91352319e-04
   -1.62432524e-06  6.55604971e-04]]

 [[ 2.14412354e-09  3.18475845e-08  2.65523732e-07 ... -7.48705480e-08
    1.03578254e-06  2.38437748e-08]
  [ 3.18475845e-08  4.74248192e-07  3.91397261e-06 ... -9.93113066e-07
    1.53190769e-05  2.50155574e-07]
  [ 2.65523732e-07  3.91397261e-06  3.37625557e-05 ... -1.10142845e-05
    1.30901537e-04  4.52867924e-06]
  ...
  [-7.48705480e-08 -9.93113066e-07 -1.10142845e-05 ...  2.49604223e-04
    2.27939079e-06 -2.10130237e-04]
  [ 1.03578254e-06  1.53190769e-05  1.30901537e-04 ...  2.27939079e-06
    5.52938834e-04 -2.04467287e-06]
  [ 2.38437748e-08  2.50155574e-07  4.52867924e-06 ... -2.10130237e-04
   -2.04467287e-06  7.46013411e-04]]]
converged SCF energy = -150.22669371454  <S^2> = 2.0045398  2S+1 = 3.003025
dm0 check [[[ 1.14640688e-09  1.70870171e-08  1.38753755e-07 ... -8.06196780e-08
    6.25413758e-07  4.56925708e-08]
  [ 1.70870171e-08  2.56085099e-07  2.02952346e-06 ... -1.06182488e-06
    9.18277271e-06  7.18406544e-07]
  [ 1.38753755e-07  2.02952346e-06  1.80707402e-05 ... -1.26947107e-05
    8.12948227e-05  3.19889317e-06]
  ...
  [-8.06196780e-08 -1.06182488e-06 -1.26947107e-05 ...  2.39058982e-04
   -1.61665419e-06 -1.68274902e-04]
  [ 6.25413758e-07  9.18277271e-06  8.12948227e-05 ... -1.61665419e-06
    4.44994666e-04 -4.06031185e-06]
  [ 4.56925708e-08  7.18406544e-07  3.19889317e-06 ... -1.68274902e-04
   -4.06031185e-06  5.95722174e-04]]

 [[ 2.53031397e-08  3.85041819e-07  2.83122102e-06 ... -1.48564539e-07
    1.05895255e-07  7.43873383e-08]
  [ 3.85041819e-07  5.86064622e-06  4.30451633e-05 ... -2.17962934e-06
    1.18328184e-06  1.05286793e-06]
  [ 2.83122102e-06  4.30451633e-05  3.17986273e-04 ... -1.75088244e-05
    2.68733069e-05  9.39038077e-06]
  ...
  [-1.48564539e-07 -2.17962934e-06 -1.75088244e-05 ...  2.30571566e-04
    2.08932905e-07 -1.91671105e-04]
  [ 1.05895255e-07  1.18328184e-06  2.68733069e-05 ...  2.08932905e-07
    4.63237695e-04 -3.50217821e-06]
  [ 7.43873383e-08  1.05286793e-06  9.39038077e-06 ... -1.91671105e-04
   -3.50217821e-06  6.49568282e-04]]]
converged SCF energy = -150.24498582983  <S^2> = 0.92979834  2S+1 = 2.1723704
[timing] left/O ensemble SCF = 10.9s
dm0 check [[ 3.79534518e-01  6.12215887e-01 -1.25201666e-01 ...  2.36367793e-05
   1.49624582e-05 -4.82217565e-05]
 [ 6.12215887e-01  1.01512541e+00 -3.34001142e-01 ...  6.44529505e-05
   3.95462854e-05 -1.30634039e-04]
 [-1.25201666e-01 -3.34001142e-01  6.75174825e-01 ... -1.55490274e-04
  -9.57803002e-05  3.16175587e-04]
 ...
 [ 2.36367793e-05  6.44529505e-05 -1.55490274e-04 ...  1.08832142e-05
   5.94544278e-06 -2.35261969e-05]
 [ 1.49624582e-05  3.95462854e-05 -9.57803002e-05 ...  5.94544278e-06
   4.93463189e-06 -1.48158722e-05]
 [-4.82217565e-05 -1.30634039e-04  3.16175587e-04 ... -2.35261969e-05
  -1.48158722e-05  5.94709723e-05]]


******** <class 'pyscf.scf.addons.SmearingDFRKS'> ********
method = SmearingDFRKS
initial guess = minao
damping factor = 0.15
level_shift factor = 0.2
DIIS = <class 'pyscf.scf.diis.CDIIS'>
diis_start_cycle = 1
diis_space = 12
diis_damp = 0
SCF conv_tol = 5e-05
SCF conv_tol_grad = None
SCF max_cycles = 200
direct_scf = True
direct_scf_tol = 1e-13
chkfile to save SCF result = /tmp/tmpnx8_b0uf
max_memory 4000 MB (current use 87435 MB)
XC library pyscf.dft.libxc version 6.1.0
    S. Lehtola, C. Steigemann, M. J.T. Oliveira, and M. A.L. Marques.,  SoftwareX 7, 1–5 (2018)
XC functionals = pbe
    J. P. Perdew, K. Burke, and M. Ernzerhof.,  Phys. Rev. Lett. 77, 3865 (1996)
    J. P. Perdew, K. Burke, and M. Ernzerhof.,  Phys. Rev. Lett. 78, 1396 (1997)
    J. P. Perdew, K. Burke, and M. Ernzerhof.,  Phys. Rev. Lett. 77, 3865 (1996)
    J. P. Perdew, K. Burke, and M. Ernzerhof.,  Phys. Rev. Lett. 78, 1396 (1997)
small_rho_cutoff = 1e-06
Set gradient conv threshold to 0.00707107
    Total E(T) = -12114.679653157  Free energy = -12115.7123887557  E0 = -12115.1960209563
init E= -12114.679653157
    sigma = 0.02  Optimized mu = -0.0528366930044  entropy = 1.53316554439
    Total E(T) = -12114.6796412511  Free energy = -12114.710304562  E0 = -12114.6949729066
cycle= 1 E= -12114.6796412511  delta_E= 1.19e-05  |g|= 0.0236  |ddm|= 15.3
    sigma = 0.02  Optimized mu = -0.0528713112787  entropy = 1.5339774205
    Total E(T) = -12114.6794903713  Free energy = -12114.7101699198  E0 = -12114.6948301456
cycle= 2 E= -12114.6794903713  delta_E= 0.000151  |g|= 0.0797  |ddm|= 68.5
    sigma = 0.02  Optimized mu = -0.0528501540178  entropy = 1.53326014216
    Total E(T) = -12114.6795772055  Free energy = -12114.7102424083  E0 = -12114.6949098069
cycle= 3 E= -12114.6795772055  delta_E= -8.68e-05  |g|= 0.0441  |ddm|= 28.7
    sigma = 0.02  Optimized mu = -0.0528496108154  entropy = 1.53322771716
    Total E(T) = -12114.6796143844  Free energy = -12114.7102789387  E0 = -12114.6949466616
cycle= 4 E= -12114.6796143844  delta_E= -3.72e-05  |g|= 0.0313  |ddm|= 10.1
    sigma = 0.02  Optimized mu = -0.052849388515  entropy = 1.53322608598
    Total E(T) = -12114.679632723  Free energy = -12114.7102972447  E0 = -12114.6949649838
cycle= 5 E= -12114.679632723  delta_E= -1.83e-05  |g|= 0.023  |ddm|= 6.04
    sigma = 0.02  Optimized mu = -0.0528496166805  entropy = 1.53322567995
    Total E(T) = -12114.6796421088  Free energy = -12114.7103066224  E0 = -12114.6949743656
cycle= 6 E= -12114.6796421088  delta_E= -9.39e-06  |g|= 0.0173  |ddm|= 4.26
    sigma = 0.02  Optimized mu = -0.0528495615939  entropy = 1.53323068575
    Total E(T) = -12114.6796472993  Free energy = -12114.710311913  E0 = -12114.6949796062
cycle= 7 E= -12114.6796472993  delta_E= -5.19e-06  |g|= 0.0131  |ddm|= 2.61
    sigma = 0.02  Optimized mu = -0.0528495877844  entropy = 1.53322796095
    Total E(T) = -12114.679650296  Free energy = -12114.7103148552  E0 = -12114.6949825756
cycle= 8 E= -12114.679650296  delta_E= -3e-06  |g|= 0.01  |ddm|= 1.79
    sigma = 0.02  Optimized mu = -0.052850059096  entropy = 1.53323000209
    Total E(T) = -12114.6796519823  Free energy = -12114.7103165823  E0 = -12114.6949842823
cycle= 9 E= -12114.6796519823  delta_E= -1.69e-06  |g|= 0.00771  |ddm|= 1.52
    sigma = 0.02  Optimized mu = -0.052849627851  entropy = 1.53323531773
    Total E(T) = -12114.679652966  Free energy = -12114.7103176724  E0 = -12114.6949853192
cycle= 10 E= -12114.679652966  delta_E= -9.84e-07  |g|= 0.00601  |ddm|= 1.08
    sigma = 0.02  Optimized mu = -0.152961149664  entropy = 51.637917107
    Total E(T) = -12114.1460278044  Free energy = -12115.1787861465  E0 = -12114.6624069755
Extra cycle  E= -12114.1460278044  delta_E= 0.534  |g|= 0.421  |ddm|= 4.36e+03
converged SCF energy = -12114.1460278044
dm0 check [[[ 1.89789116e-01  3.06166441e-01 -6.27381617e-02 ...  9.19025613e-06
    5.84974331e-06 -2.11243281e-05]
  [ 3.06166441e-01  5.07718230e-01 -1.67363966e-01 ...  2.51312188e-05
    1.53663498e-05 -5.72366360e-05]
  [-6.27381617e-02 -1.67363966e-01  3.38428271e-01 ... -6.04987816e-05
   -3.71615736e-05  1.38291645e-04]
  ...
  [ 9.19025613e-06  2.51312188e-05 -6.04987816e-05 ...  3.13721406e-06
    1.56160890e-06 -7.61974412e-06]
  [ 5.84974331e-06  1.53663498e-05 -3.71615736e-05 ...  1.56160890e-06
    1.59382371e-06 -4.84646026e-06]
  [-2.11243281e-05 -5.72366360e-05  1.38291645e-04 ... -7.61974412e-06
   -4.84646026e-06  2.29709482e-05]]

 [[ 1.89768186e-01  3.06109441e-01 -6.26087616e-02 ...  1.01283528e-05
    6.67745333e-06 -2.24775307e-05]
  [ 3.06109441e-01  5.07566056e-01 -1.67022437e-01 ...  2.76770818e-05
    1.76143483e-05 -6.09314277e-05]
  [-6.26087616e-02 -1.67022437e-01  3.37664543e-01 ... -6.68082771e-05
   -4.27468690e-05  1.47658316e-04]
  ...
  [ 1.01283528e-05  2.76770818e-05 -6.68082771e-05 ...  3.38236030e-06
    1.75281137e-06 -8.19692298e-06]
  [ 6.67745333e-06  1.76143483e-05 -4.27468690e-05 ...  1.75281137e-06
    1.75006428e-06 -5.31966057e-06]
  [-2.24775307e-05 -6.09314277e-05  1.47658316e-04 ... -8.19692298e-06
   -5.31966057e-06  2.42411724e-05]]]


******** <class 'pyscf.scf.addons.SmearingDFUKS'> ********
method = SmearingDFUKS
initial guess = minao
damping factor = 0.15
level_shift factor = 0.2
DIIS = <class 'pyscf.scf.diis.CDIIS'>
diis_start_cycle = 1
diis_space = 12
diis_damp = 0
SCF conv_tol = 5e-05
SCF conv_tol_grad = None
SCF max_cycles = 200
direct_scf = True
direct_scf_tol = 1e-13
chkfile to save SCF result = /tmp/tmph1vfanl1
max_memory 4000 MB (current use 87435 MB)
number electrons alpha = 325  beta = 323
XC library pyscf.dft.libxc version 6.1.0
    S. Lehtola, C. Steigemann, M. J.T. Oliveira, and M. A.L. Marques.,  SoftwareX 7, 1–5 (2018)
XC functionals = pbe
    J. P. Perdew, K. Burke, and M. Ernzerhof.,  Phys. Rev. Lett. 77, 3865 (1996)
    J. P. Perdew, K. Burke, and M. Ernzerhof.,  Phys. Rev. Lett. 78, 1396 (1997)
    J. P. Perdew, K. Burke, and M. Ernzerhof.,  Phys. Rev. Lett. 77, 3865 (1996)
    J. P. Perdew, K. Burke, and M. Ernzerhof.,  Phys. Rev. Lett. 78, 1396 (1997)
small_rho_cutoff = 1e-06
Set gradient conv threshold to 0.00707107
    Total E(T) = -12114.2360251163  Free energy = -12114.3003083012  E0 = -12114.2681667087
init E= -12114.2360251163
    sigma = 0.005  Optimized mu_alpha = -0.197467502557  entropy = 3.44440398786e-07
    sigma = 0.005  Optimized mu_beta  = -0.199995336706  entropy = 3.44440398786e-07
    Total E(T) = -12114.2360195715  Free energy = -12114.2360195732  E0 = -12114.2360195723
cycle= 1 E= -12114.2360195715  delta_E= 5.54e-06  |g|= 0.0221  |ddm|= 9.05
    sigma = 0.005  Optimized mu_alpha = -0.197363888935  entropy = 3.44562440913e-07
    sigma = 0.005  Optimized mu_beta  = -0.199897871644  entropy = 3.44562440913e-07
    Total E(T) = -12114.2359578041  Free energy = -12114.2359578058  E0 = -12114.2359578049
cycle= 2 E= -12114.2359578041  delta_E= 6.18e-05  |g|= 0.0711  |ddm|= 34.5
    sigma = 0.005  Optimized mu_alpha = -0.197437395409  entropy = 3.44312350073e-07
    sigma = 0.005  Optimized mu_beta  = -0.199968220613  entropy = 3.44312350073e-07
    Total E(T) = -12114.2359935341  Free energy = -12114.2359935358  E0 = -12114.235993535
cycle= 3 E= -12114.2359935341  delta_E= -3.57e-05  |g|= 0.0388  |ddm|= 13.9
    sigma = 0.005  Optimized mu_alpha = -0.1974412004  entropy = 3.4434866759e-07
    sigma = 0.005  Optimized mu_beta  = -0.199971328062  entropy = 3.4434866759e-07
    Total E(T) = -12114.2360101146  Free energy = -12114.2360101163  E0 = -12114.2360101155
cycle= 4 E= -12114.2360101146  delta_E= -1.66e-05  |g|= 0.0267  |ddm|= 5.43
    sigma = 0.005  Optimized mu_alpha = -0.197443509633  entropy = 3.44350429265e-07
    sigma = 0.005  Optimized mu_beta  = -0.199973391172  entropy = 3.44350429265e-07
    Total E(T) = -12114.2360179478  Free energy = -12114.2360179495  E0 = -12114.2360179486
cycle= 5 E= -12114.2360179478  delta_E= -7.83e-06  |g|= 0.0188  |ddm|= 3.17
    sigma = 0.005  Optimized mu_alpha = -0.197441237788  entropy = 3.44366209733e-07
    sigma = 0.005  Optimized mu_beta  = -0.199970998666  entropy = 3.44366209733e-07
    Total E(T) = -12114.2360217513  Free energy = -12114.236021753  E0 = -12114.2360217521
cycle= 6 E= -12114.2360217513  delta_E= -3.8e-06  |g|= 0.0136  |ddm|= 2.18
    sigma = 0.005  Optimized mu_alpha = -0.197443462436  entropy = 3.44349914462e-07
    sigma = 0.005  Optimized mu_beta  = -0.199973305129  entropy = 3.44349914462e-07
    Total E(T) = -12114.2360237019  Free energy = -12114.2360237036  E0 = -12114.2360237028
cycle= 7 E= -12114.2360237019  delta_E= -1.95e-06  |g|= 0.0099  |ddm|= 1.38
    sigma = 0.005  Optimized mu_alpha = -0.197443710948  entropy = 3.44353909466e-07
    sigma = 0.005  Optimized mu_beta  = -0.199973465279  entropy = 3.44353909466e-07
    Total E(T) = -12114.2360247272  Free energy = -12114.2360247289  E0 = -12114.2360247281
cycle= 8 E= -12114.2360247272  delta_E= -1.03e-06  |g|= 0.00723  |ddm|= 0.971
    sigma = 0.005  Optimized mu_alpha = -0.197443978373  entropy = 3.44345899069e-07
    sigma = 0.005  Optimized mu_beta  = -0.199973854275  entropy = 3.44345899069e-07
    Total E(T) = -12114.2360252607  Free energy = -12114.2360252625  E0 = -12114.2360252616
cycle= 9 E= -12114.2360252607  delta_E= -5.34e-07  |g|= 0.00546  |ddm|= 0.677
    sigma = 0.005  Optimized mu_alpha = -0.297036005865  entropy = 12.8561650889
    sigma = 0.005  Optimized mu_beta  = -0.299917296933  entropy = 12.8561650889
    Total E(T) = -12114.2010080206  Free energy = -12114.265288846  E0 = -12114.2331484333
Extra cycle  E= -12114.2010080206  delta_E= 0.035  |g|= 0.218  |ddm|=  937
converged SCF energy = -12114.2010080206  <S^2> = 2.0138889  2S+1 = 3.009245
[timing] right/Al ensemble SCF = 1207.4s
[timing] collect state = 0.0s
[timing] grad contraction = 1.6s
Npdft 666.0000343343916
[timing] checkpoint save = 0.0s
step=   5 L=-12262.79902032 Ef=-12262.81502791 L1=8.82901313e-01 |grad|=1.15523e-02 t=1422.4s
[diagnostic] step=6 |b|=2.401485e+00 max|b|=8.816000e-01
[timing] build AO Vp from S3 = 1.7s
[diagnostic] |vpl|=3.139366e+00 max|vpl|=5.469391e-01
[diagnostic] |vpr|=2.238101e+00 max|vpr|=4.783173e-01
[diagnostic] |vpref|=3.237472e+00 max|vpref|=5.462277e-01
dm0 check [[[ 1.51511375e-09  2.24391589e-08  1.89789891e-07 ... -1.14719081e-07
    7.42477062e-07  6.64944161e-08]
  [ 2.24391589e-08  3.34444528e-07  2.75067334e-06 ... -1.77767252e-06
    1.10110597e-05  1.04758033e-06]
  [ 1.89789891e-07  2.75067334e-06  2.57237859e-05 ... -1.02770044e-05
    9.27869394e-05  4.99877599e-06]
  ...
  [-1.14719081e-07 -1.77767252e-06 -1.02770044e-05 ...  2.27166695e-04
    1.81897075e-06 -1.91352275e-04]
  [ 7.42477062e-07  1.10110597e-05  9.27869394e-05 ...  1.81897075e-06
    4.79980250e-04 -1.62432560e-06]
  [ 6.64944161e-08  1.04758033e-06  4.99877599e-06 ... -1.91352275e-04
   -1.62432560e-06  6.55604901e-04]]

 [[ 2.14412339e-09  3.18475823e-08  2.65523746e-07 ... -7.48707590e-08
    1.03578265e-06  2.38439564e-08]
  [ 3.18475823e-08  4.74248181e-07  3.91397254e-06 ... -9.93114483e-07
    1.53190780e-05  2.50156848e-07]
  [ 2.65523746e-07  3.91397254e-06  3.37625586e-05 ... -1.10142987e-05
    1.30901559e-04  4.52869125e-06]
  ...
  [-7.48707590e-08 -9.93114483e-07 -1.10142987e-05 ...  2.49604184e-04
    2.27939039e-06 -2.10130204e-04]
  [ 1.03578265e-06  1.53190780e-05  1.30901559e-04 ...  2.27939039e-06
    5.52938943e-04 -2.04467330e-06]
  [ 2.38439564e-08  2.50156848e-07  4.52869125e-06 ... -2.10130204e-04
   -2.04467330e-06  7.46013495e-04]]]
converged SCF energy = -150.22669371454  <S^2> = 2.0045398  2S+1 = 3.003025
dm0 check [[[ 1.14641432e-09  1.70871270e-08  1.38754498e-07 ... -8.06213907e-08
    6.25415496e-07  4.56932750e-08]
  [ 1.70871270e-08  2.56086838e-07  2.02953305e-06 ... -1.06183377e-06
    9.18279268e-06  7.18418058e-07]
  [ 1.38754498e-07  2.02953305e-06  1.80708109e-05 ... -1.26947899e-05
    8.12950555e-05  3.19896830e-06]
  ...
  [-8.06213907e-08 -1.06183377e-06 -1.26947899e-05 ...  2.39058167e-04
   -1.61674475e-06 -1.68274711e-04]
  [ 6.25415496e-07  9.18279268e-06  8.12950555e-05 ... -1.61674475e-06
    4.44994585e-04 -4.06038938e-06]
  [ 4.56932750e-08  7.18418058e-07  3.19896830e-06 ... -1.68274711e-04
   -4.06038938e-06  5.95721788e-04]]

 [[ 2.53029630e-08  3.85039161e-07  2.83120217e-06 ... -1.48565745e-07
    1.05897670e-07  7.43893411e-08]
  [ 3.85039161e-07  5.86060637e-06  4.30448777e-05 ... -2.17963598e-06
    1.18331044e-06  1.05288665e-06]
  [ 2.83120217e-06  4.30448777e-05  3.17984248e-04 ... -1.75089152e-05
    2.68735812e-05  9.39054829e-06]
  ...
  [-1.48565745e-07 -2.17963598e-06 -1.75089152e-05 ...  2.30571304e-04
    2.08893263e-07 -1.91670881e-04]
  [ 1.05897670e-07  1.18331044e-06  2.68735812e-05 ...  2.08893263e-07
    4.63237948e-04 -3.50219014e-06]
  [ 7.43893411e-08  1.05288665e-06  9.39054829e-06 ... -1.91670881e-04
   -3.50219014e-06  6.49568369e-04]]]
converged SCF energy = -150.244985829828  <S^2> = 0.92980164  2S+1 = 2.1723735
[timing] left/O ensemble SCF = 11.5s
dm0 check [[ 3.79534640e-01  6.12215892e-01 -1.25201637e-01 ...  2.36355920e-05
   1.49386790e-05 -4.82412772e-05]
 [ 6.12215892e-01  1.01512490e+00 -3.34000289e-01 ...  6.44495937e-05
   3.94821198e-05 -1.30686435e-04]
 [-1.25201637e-01 -3.34000289e-01  6.75172286e-01 ... -1.55481562e-04
  -9.56246212e-05  3.16301090e-04]
 ...
 [ 2.36355920e-05  6.44495937e-05 -1.55481562e-04 ...  1.08926129e-05
   5.93889874e-06 -2.35503921e-05]
 [ 1.49386790e-05  3.94821198e-05 -9.56246212e-05 ...  5.93889874e-06
   4.92177153e-06 -1.48015582e-05]
 [-4.82412772e-05 -1.30686435e-04  3.16301090e-04 ... -2.35503921e-05
  -1.48015582e-05  5.95283228e-05]]


******** <class 'pyscf.scf.addons.SmearingDFRKS'> ********
method = SmearingDFRKS
initial guess = minao
damping factor = 0.15
level_shift factor = 0.2
DIIS = <class 'pyscf.scf.diis.CDIIS'>
diis_start_cycle = 1
diis_space = 12
diis_damp = 0
SCF conv_tol = 5e-05
SCF conv_tol_grad = None
SCF max_cycles = 200
direct_scf = True
direct_scf_tol = 1e-13
chkfile to save SCF result = /tmp/tmpnx8_b0uf
max_memory 4000 MB (current use 87267 MB)
XC library pyscf.dft.libxc version 6.1.0
    S. Lehtola, C. Steigemann, M. J.T. Oliveira, and M. A.L. Marques.,  SoftwareX 7, 1–5 (2018)
XC functionals = pbe
    J. P. Perdew, K. Burke, and M. Ernzerhof.,  Phys. Rev. Lett. 77, 3865 (1996)
    J. P. Perdew, K. Burke, and M. Ernzerhof.,  Phys. Rev. Lett. 78, 1396 (1997)
    J. P. Perdew, K. Burke, and M. Ernzerhof.,  Phys. Rev. Lett. 77, 3865 (1996)
    J. P. Perdew, K. Burke, and M. Ernzerhof.,  Phys. Rev. Lett. 78, 1396 (1997)
small_rho_cutoff = 1e-06
Set gradient conv threshold to 0.00707107
    Total E(T) = -12114.6796551128  Free energy = -12115.712413455  E0 = -12115.1960342839
init E= -12114.6796551128
    sigma = 0.02  Optimized mu = -0.0528430135524  entropy = 1.53314656119
    Total E(T) = -12114.679641938  Free energy = -12114.7103048693  E0 = -12114.6949734037
cycle= 1 E= -12114.679641938  delta_E= 1.32e-05  |g|= 0.025  |ddm|= 16.6
    sigma = 0.02  Optimized mu = -0.0528692205298  entropy = 1.53405042027
    Total E(T) = -12114.67947145  Free energy = -12114.7101524584  E0 = -12114.6948119542
cycle= 2 E= -12114.67947145  delta_E= 0.00017  |g|= 0.0845  |ddm|= 72.7
    sigma = 0.02  Optimized mu = -0.0528502897362  entropy = 1.53326444015
    Total E(T) = -12114.6795696367  Free energy = -12114.7102349255  E0 = -12114.6949022811
cycle= 3 E= -12114.6795696367  delta_E= -9.82e-05  |g|= 0.0468  |ddm|= 30.7
    sigma = 0.02  Optimized mu = -0.052850014824  entropy = 1.53322805188
    Total E(T) = -12114.679611551  Free energy = -12114.710276112  E0 = -12114.6949438315
cycle= 4 E= -12114.679611551  delta_E= -4.19e-05  |g|= 0.0333  |ddm|= 10.9
    sigma = 0.02  Optimized mu = -0.0528498479136  entropy = 1.53322556879
    Total E(T) = -12114.6796321992  Free energy = -12114.7102967106  E0 = -12114.6949644549
cycle= 5 E= -12114.6796321992  delta_E= -2.06e-05  |g|= 0.0244  |ddm|=  6.5
    sigma = 0.02  Optimized mu = -0.05285018191  entropy = 1.53322537582
    Total E(T) = -12114.6796427635  Free energy = -12114.7103072711  E0 = -12114.6949750173
cycle= 6 E= -12114.6796427635  delta_E= -1.06e-05  |g|= 0.0184  |ddm|= 4.52
    sigma = 0.02  Optimized mu = -0.0528499482748  entropy = 1.53322966266
    Total E(T) = -12114.6796486181  Free energy = -12114.7103132114  E0 = -12114.6949809147
cycle= 7 E= -12114.6796486181  delta_E= -5.85e-06  |g|= 0.014  |ddm|= 2.78
    sigma = 0.02  Optimized mu = -0.0528500082978  entropy = 1.53322587382
    Total E(T) = -12114.679651989  Free energy = -12114.7103165065  E0 = -12114.6949842477
cycle= 8 E= -12114.679651989  delta_E= -3.37e-06  |g|= 0.0107  |ddm|= 1.93
    sigma = 0.02  Optimized mu = -0.0528498996214  entropy = 1.53323008433
    Total E(T) = -12114.679653878  Free energy = -12114.7103184797  E0 = -12114.6949861788
cycle= 9 E= -12114.679653878  delta_E= -1.89e-06  |g|= 0.00825  |ddm|= 1.58
    sigma = 0.02  Optimized mu = -0.0528497319939  entropy = 1.53323275717
    Total E(T) = -12114.6796549982  Free energy = -12114.7103196534  E0 = -12114.6949873258
cycle= 10 E= -12114.6796549982  delta_E= -1.12e-06  |g|= 0.00643  |ddm|=  1.1
    sigma = 0.02  Optimized mu = -0.152961670295  entropy = 51.6377736966
    Total E(T) = -12114.1460234412  Free energy = -12115.1787789152  E0 = -12114.6624011782
Extra cycle  E= -12114.1460234412  delta_E= 0.534  |g|= 0.421  |ddm|= 4.36e+03
converged SCF energy = -12114.1460234412
dm0 check [[[ 1.89789177e-01  3.06166444e-01 -6.27381526e-02 ...  9.19075909e-06
    5.84011746e-06 -2.11339174e-05]
  [ 3.06166444e-01  5.07717979e-01 -1.67363553e-01 ...  2.51325086e-05
    1.53403915e-05 -5.72623817e-05]
  [-6.27381526e-02 -1.67363553e-01  3.38427047e-01 ... -6.05016367e-05
   -3.70986890e-05  1.38353298e-04]
  ...
  [ 9.19075909e-06  2.51325086e-05 -6.05016367e-05 ...  3.14055773e-06
    1.55959831e-06 -7.62857734e-06]
  [ 5.84011746e-06  1.53403915e-05 -3.70986890e-05 ...  1.55959831e-06
    1.58949387e-06 -4.84068091e-06]
  [-2.11339174e-05 -5.72623817e-05  1.38353298e-04 ... -7.62857734e-06
   -4.84068091e-06  2.29922531e-05]]

 [[ 1.89768254e-01  3.06109462e-01 -6.26087954e-02 ...  1.01268771e-05
    6.66626389e-06 -2.24873860e-05]
  [ 3.06109462e-01  5.07565852e-01 -1.67022139e-01 ...  2.76730246e-05
    1.75841423e-05 -6.09578887e-05]
  [-6.26087954e-02 -1.67022139e-01  3.37663594e-01 ... -6.67981319e-05
   -4.26734543e-05  1.47721791e-04]
  ...
  [ 1.01268771e-05  2.76730246e-05 -6.67981319e-05 ...  3.38536644e-06
    1.75033017e-06 -8.20535306e-06]
  [ 6.66626389e-06  1.75841423e-05 -4.26734543e-05 ...  1.75033017e-06
    1.74519938e-06 -5.31310290e-06]
  [-2.24873860e-05 -6.09578887e-05  1.47721791e-04 ... -8.20535306e-06
   -5.31310290e-06  2.42629267e-05]]]


******** <class 'pyscf.scf.addons.SmearingDFUKS'> ********
method = SmearingDFUKS
initial guess = minao
damping factor = 0.15
level_shift factor = 0.2
DIIS = <class 'pyscf.scf.diis.CDIIS'>
diis_start_cycle = 1
diis_space = 12
diis_damp = 0
SCF conv_tol = 5e-05
SCF conv_tol_grad = None
SCF max_cycles = 200
direct_scf = True
direct_scf_tol = 1e-13
chkfile to save SCF result = /tmp/tmph1vfanl1
max_memory 4000 MB (current use 87268 MB)
number electrons alpha = 325  beta = 323
XC library pyscf.dft.libxc version 6.1.0
    S. Lehtola, C. Steigemann, M. J.T. Oliveira, and M. A.L. Marques.,  SoftwareX 7, 1–5 (2018)
XC functionals = pbe
    J. P. Perdew, K. Burke, and M. Ernzerhof.,  Phys. Rev. Lett. 77, 3865 (1996)
    J. P. Perdew, K. Burke, and M. Ernzerhof.,  Phys. Rev. Lett. 78, 1396 (1997)
    J. P. Perdew, K. Burke, and M. Ernzerhof.,  Phys. Rev. Lett. 77, 3865 (1996)
    J. P. Perdew, K. Burke, and M. Ernzerhof.,  Phys. Rev. Lett. 78, 1396 (1997)
small_rho_cutoff = 1e-06
Set gradient conv threshold to 0.00707107
    Total E(T) = -12114.2360274053  Free energy = -12114.3003082307  E0 = -12114.268167818
init E= -12114.2360274053
    sigma = 0.005  Optimized mu_alpha = -0.197470628929  entropy = 3.44436480763e-07
    sigma = 0.005  Optimized mu_beta  = -0.199998715347  entropy = 3.44436480763e-07
    Total E(T) = -12114.2360219115  Free energy = -12114.2360219132  E0 = -12114.2360219124
cycle= 1 E= -12114.2360219115  delta_E= 5.49e-06  |g|= 0.0221  |ddm|= 8.82
    sigma = 0.005  Optimized mu_alpha = -0.197370235959  entropy = 3.44581383354e-07
    sigma = 0.005  Optimized mu_beta  = -0.199903676271  entropy = 3.44581383354e-07
    Total E(T) = -12114.23596106  Free energy = -12114.2359610617  E0 = -12114.2359610608
cycle= 2 E= -12114.23596106  delta_E= 6.09e-05  |g|= 0.071  |ddm|= 34.1
    sigma = 0.005  Optimized mu_alpha = -0.197438153023  entropy = 3.44316943223e-07
    sigma = 0.005  Optimized mu_beta  = -0.199968832846  entropy = 3.44316943223e-07
    Total E(T) = -12114.2359957941  Free energy = -12114.2359957958  E0 = -12114.235995795
cycle= 3 E= -12114.2359957941  delta_E= -3.47e-05  |g|= 0.0391  |ddm|= 13.7
    sigma = 0.005  Optimized mu_alpha = -0.197441756982  entropy = 3.44348212662e-07
    sigma = 0.005  Optimized mu_beta  = -0.199971790489  entropy = 3.44348212662e-07
    Total E(T) = -12114.2360121267  Free energy = -12114.2360121285  E0 = -12114.2360121276
cycle= 4 E= -12114.2360121267  delta_E= -1.63e-05  |g|= 0.0271  |ddm|= 5.26
    sigma = 0.005  Optimized mu_alpha = -0.19744367855  entropy = 3.44348073506e-07
    sigma = 0.005  Optimized mu_beta  = -0.199973602075  entropy = 3.44348073506e-07
    Total E(T) = -12114.2360199297  Free energy = -12114.2360199314  E0 = -12114.2360199306
cycle= 5 E= -12114.2360199297  delta_E= -7.8e-06  |g|= 0.0193  |ddm|= 3.08
    sigma = 0.005  Optimized mu_alpha = -0.197441969946  entropy = 3.4436102511e-07
    sigma = 0.005  Optimized mu_beta  = -0.199971749032  entropy = 3.4436102511e-07
    Total E(T) = -12114.2360237504  Free energy = -12114.2360237521  E0 = -12114.2360237512
cycle= 6 E= -12114.2360237504  delta_E= -3.82e-06  |g|= 0.0141  |ddm|= 2.14
    sigma = 0.005  Optimized mu_alpha = -0.197443402596  entropy = 3.44349259576e-07
    sigma = 0.005  Optimized mu_beta  = -0.199973236092  entropy = 3.44349259576e-07
    Total E(T) = -12114.2360257489  Free energy = -12114.2360257506  E0 = -12114.2360257497
cycle= 7 E= -12114.2360257489  delta_E= -2e-06  |g|= 0.0103  |ddm|= 1.34
    sigma = 0.005  Optimized mu_alpha = -0.197443850379  entropy = 3.44350006485e-07
    sigma = 0.005  Optimized mu_beta  = -0.199973652154  entropy = 3.44350006485e-07
    Total E(T) = -12114.2360268162  Free energy = -12114.2360268179  E0 = -12114.2360268171
cycle= 8 E= -12114.2360268162  delta_E= -1.07e-06  |g|= 0.00767  |ddm|= 0.92
    sigma = 0.005  Optimized mu_alpha = -0.197443152621  entropy = 3.44347679831e-07
    sigma = 0.005  Optimized mu_beta  = -0.199973004513  entropy = 3.44347679831e-07
    Total E(T) = -12114.2360273846  Free energy = -12114.2360273863  E0 = -12114.2360273855
cycle= 9 E= -12114.2360273846  delta_E= -5.68e-07  |g|= 0.00578  |ddm|= 0.687
    sigma = 0.005  Optimized mu_alpha = -0.297038749336  entropy = 12.8559314368
    sigma = 0.005  Optimized mu_beta  = -0.299920154854  entropy = 12.8559314368
    Total E(T) = -12114.2009991121  Free energy = -12114.2652787692  E0 = -12114.2331389406
Extra cycle  E= -12114.2009991121  delta_E= 0.035  |g|= 0.221  |ddm|=  937
converged SCF energy = -12114.2009991121  <S^2> = 2.0138889  2S+1 = 3.009245
[timing] right/Al ensemble SCF = 1237.7s
[timing] collect state = 0.0s
[timing] grad contraction = 1.6s
Npdft 666.000034335109
[timing] checkpoint save = 0.0s
step=   6 L=-12262.79901693 Ef=-12262.81502542 L1=8.83008391e-01 |grad|=1.15542e-02 t=1451.9s
[diagnostic] step=7 |b|=2.401735e+00 max|b|=8.817367e-01
[timing] build AO Vp from S3 = 1.6s
[diagnostic] |vpl|=3.139313e+00 max|vpl|=5.466815e-01
[diagnostic] |vpr|=2.238036e+00 max|vpr|=4.781659e-01
[diagnostic] |vpref|=3.237371e+00 max|vpref|=5.459697e-01
dm0 check [[[ 1.51511400e-09  2.24391600e-08  1.89789928e-07 ... -1.14718962e-07
    7.42476714e-07  6.64943065e-08]
  [ 2.24391600e-08  3.34444485e-07  2.75067385e-06 ... -1.77767047e-06
    1.10110561e-05  1.04757833e-06]
  [ 1.89789928e-07  2.75067385e-06  2.57237919e-05 ... -1.02769880e-05
    9.27868883e-05  4.99876130e-06]
  ...
  [-1.14718962e-07 -1.77767047e-06 -1.02769880e-05 ...  2.27166751e-04
    1.81897134e-06 -1.91352321e-04]
  [ 7.42476714e-07  1.10110561e-05  9.27868883e-05 ...  1.81897134e-06
    4.79980282e-04 -1.62432522e-06]
  [ 6.64943065e-08  1.04757833e-06  4.99876130e-06 ... -1.91352321e-04
   -1.62432522e-06  6.55604975e-04]]

 [[ 2.14412354e-09  3.18475846e-08  2.65523731e-07 ... -7.48705364e-08
    1.03578253e-06  2.38437649e-08]
  [ 3.18475846e-08  4.74248192e-07  3.91397261e-06 ... -9.93112989e-07
    1.53190768e-05  2.50155505e-07]
  [ 2.65523731e-07  3.91397261e-06  3.37625555e-05 ... -1.10142837e-05
    1.30901536e-04  4.52867858e-06]
  ...
  [-7.48705364e-08 -9.93112989e-07 -1.10142837e-05 ...  2.49604225e-04
    2.27939081e-06 -2.10130239e-04]
  [ 1.03578253e-06  1.53190768e-05  1.30901536e-04 ...  2.27939081e-06
    5.52938828e-04 -2.04467284e-06]
  [ 2.38437649e-08  2.50155505e-07  4.52867858e-06 ... -2.10130239e-04
   -2.04467284e-06  7.46013406e-04]]]
converged SCF energy = -150.22669371454  <S^2> = 2.0045398  2S+1 = 3.003025
dm0 check [[[ 1.14639726e-09  1.70869080e-08  1.38752841e-07 ... -8.06177044e-08
    6.25412352e-07  4.56920641e-08]
  [ 1.70869080e-08  2.56083819e-07  2.02951598e-06 ... -1.06181930e-06
    9.18277785e-06  7.18392876e-07]
  [ 1.38752841e-07  2.02951598e-06  1.80706665e-05 ... -1.26945619e-05
    8.12947008e-05  3.19879667e-06]
  ...
  [-8.06177044e-08 -1.06181930e-06 -1.26945619e-05 ...  2.39058832e-04
   -1.61678662e-06 -1.68275217e-04]
  [ 6.25412352e-07  9.18277785e-06  8.12947008e-05 ... -1.61678662e-06
    4.44995569e-04 -4.06043562e-06]
  [ 4.56920641e-08  7.18392876e-07  3.19879667e-06 ... -1.68275217e-04
   -4.06043562e-06  5.95723763e-04]]

 [[ 2.53036435e-08  3.85049381e-07  2.83127545e-06 ... -1.48564547e-07
    1.05880637e-07  7.43886179e-08]
  [ 3.85049381e-07  5.86075943e-06  4.30459828e-05 ... -2.17963725e-06
    1.18308178e-06  1.05289582e-06]
  [ 2.83127545e-06  4.30459828e-05  3.17992172e-04 ... -1.75088542e-05
    2.68717506e-05  9.39057060e-06]
  ...
  [-1.48564547e-07 -2.17963725e-06 -1.75088542e-05 ...  2.30571805e-04
    2.08918227e-07 -1.91671418e-04]
  [ 1.05880637e-07  1.18308178e-06  2.68717506e-05 ...  2.08918227e-07
    4.63238520e-04 -3.50223257e-06]
  [ 7.43886179e-08  1.05289582e-06  9.39057060e-06 ... -1.91671418e-04
   -3.50223257e-06  6.49568712e-04]]]
converged SCF energy = -150.244985829823  <S^2> = 0.92979692  2S+1 = 2.1723691
[timing] left/O ensemble SCF = 13.6s
dm0 check [[ 3.79534643e-01  6.12215899e-01 -1.25201658e-01 ...  2.36358195e-05
   1.49387469e-05 -4.82410900e-05]
 [ 6.12215899e-01  1.01512492e+00 -3.34000343e-01 ...  6.44502092e-05
   3.94823043e-05 -1.30685933e-04]
 [-1.25201658e-01 -3.34000343e-01  6.75172422e-01 ... -1.55483081e-04
  -9.56250858e-05  3.16299929e-04]
 ...
 [ 2.36358195e-05  6.44502092e-05 -1.55483081e-04 ...  1.08942684e-05
   5.93995475e-06 -2.35526156e-05]
 [ 1.49387469e-05  3.94823043e-05 -9.56250858e-05 ...  5.93995475e-06
   4.92241022e-06 -1.48029642e-05]
 [-4.82410900e-05 -1.30685933e-04  3.16299929e-04 ... -2.35526156e-05
  -1.48029642e-05  5.95307784e-05]]


******** <class 'pyscf.scf.addons.SmearingDFRKS'> ********
method = SmearingDFRKS
initial guess = minao
damping factor = 0.15
level_shift factor = 0.2
DIIS = <class 'pyscf.scf.diis.CDIIS'>
diis_start_cycle = 1
diis_space = 12
diis_damp = 0
SCF conv_tol = 5e-05
SCF conv_tol_grad = None
SCF max_cycles = 200
direct_scf = True
direct_scf_tol = 1e-13
chkfile to save SCF result = /tmp/tmpnx8_b0uf
max_memory 4000 MB (current use 87380 MB)
XC library pyscf.dft.libxc version 6.1.0
    S. Lehtola, C. Steigemann, M. J.T. Oliveira, and M. A.L. Marques.,  SoftwareX 7, 1–5 (2018)
XC functionals = pbe
    J. P. Perdew, K. Burke, and M. Ernzerhof.,  Phys. Rev. Lett. 77, 3865 (1996)
    J. P. Perdew, K. Burke, and M. Ernzerhof.,  Phys. Rev. Lett. 78, 1396 (1997)
    J. P. Perdew, K. Burke, and M. Ernzerhof.,  Phys. Rev. Lett. 77, 3865 (1996)
    J. P. Perdew, K. Burke, and M. Ernzerhof.,  Phys. Rev. Lett. 78, 1396 (1997)
small_rho_cutoff = 1e-06
Set gradient conv threshold to 0.00707107
    Total E(T) = -12114.6832762225  Free energy = -12115.7160316965  E0 = -12115.1996539595
init E= -12114.6832762225
    sigma = 0.02  Optimized mu = -0.052848073017  entropy = 1.53309018172
    Total E(T) = -12114.6832613811  Free energy = -12114.7139231847  E0 = -12114.6985922829
cycle= 1 E= -12114.6832613811  delta_E= 1.48e-05  |g|= 0.0266  |ddm|= 18.3
    sigma = 0.02  Optimized mu = -0.0528693796258  entropy = 1.53410412859
    Total E(T) = -12114.6830672253  Free energy = -12114.7137493079  E0 = -12114.6984082666
cycle= 2 E= -12114.6830672253  delta_E= 0.000194  |g|= 0.09  |ddm|= 78.5
    sigma = 0.02  Optimized mu = -0.0528509494116  entropy = 1.53323686763
    Total E(T) = -12114.6831792388  Free energy = -12114.7138439762  E0 = -12114.6985116075
cycle= 3 E= -12114.6831792388  delta_E= -0.000112  |g|= 0.0498  |ddm|=   33
    sigma = 0.02  Optimized mu = -0.0528510632462  entropy = 1.53319433979
    Total E(T) = -12114.6832269142  Free energy = -12114.713890801  E0 = -12114.6985588576
cycle= 4 E= -12114.6832269142  delta_E= -4.77e-05  |g|= 0.0355  |ddm|= 11.9
    sigma = 0.02  Optimized mu = -0.0528509736931  entropy = 1.53319062022
    Total E(T) = -12114.6832503655  Free energy = -12114.7139141779  E0 = -12114.6985822717
cycle= 5 E= -12114.6832503655  delta_E= -2.35e-05  |g|= 0.026  |ddm|= 7.05
    sigma = 0.02  Optimized mu = -0.0528515639234  entropy = 1.53318870333
    Total E(T) = -12114.6832623461  Free energy = -12114.7139261202  E0 = -12114.6985942332
cycle= 6 E= -12114.6832623461  delta_E= -1.2e-05  |g|= 0.0196  |ddm|= 4.92
    sigma = 0.02  Optimized mu = -0.052851172012  entropy = 1.53319280917
    Total E(T) = -12114.6832689838  Free energy = -12114.71393284  E0 = -12114.6986009119
cycle= 7 E= -12114.6832689838  delta_E= -6.64e-06  |g|= 0.0149  |ddm|=    3
    sigma = 0.02  Optimized mu = -0.0528513126065  entropy = 1.53318735031
    Total E(T) = -12114.6832727861  Free energy = -12114.7139365331  E0 = -12114.6986046596
cycle= 8 E= -12114.6832727861  delta_E= -3.8e-06  |g|= 0.0113  |ddm|= 2.12
    sigma = 0.02  Optimized mu = -0.0528508207908  entropy = 1.53319302656
    Total E(T) = -12114.6832749129  Free energy = -12114.7139387735  E0 = -12114.6986068432
cycle= 9 E= -12114.6832749129  delta_E= -2.13e-06  |g|= 0.00877  |ddm|= 1.69
    sigma = 0.02  Optimized mu = -0.0528506518149  entropy = 1.53319467701
    Total E(T) = -12114.6832761839  Free energy = -12114.7139400775  E0 = -12114.6986081307
cycle= 10 E= -12114.6832761839  delta_E= -1.27e-06  |g|= 0.00684  |ddm|= 1.16
    sigma = 0.02  Optimized mu = -0.15296299937  entropy = 51.6370833222
    Total E(T) = -12114.1496530307  Free energy = -12115.1823946972  E0 = -12114.666023864
Extra cycle  E= -12114.1496530307  delta_E= 0.534  |g|= 0.421  |ddm|= 4.36e+03
converged SCF energy = -12114.1496530307
dm0 check [[[ 1.89789180e-01  3.06166449e-01 -6.27381685e-02 ...  9.19160960e-06
    5.84049746e-06 -2.11348869e-05]
  [ 3.06166449e-01  5.07717991e-01 -1.67363594e-01 ...  2.51348026e-05
    1.53414171e-05 -5.72649987e-05]
  [-6.27381685e-02 -1.67363594e-01  3.38427161e-01 ... -6.05071978e-05
   -3.71011811e-05  1.38359665e-04]
  ...
  [ 9.19160960e-06  2.51348026e-05 -6.05071978e-05 ...  3.14120817e-06
    1.55995453e-06 -7.62975164e-06]
  [ 5.84049746e-06  1.53414171e-05 -3.71011811e-05 ...  1.55995453e-06
    1.58967309e-06 -4.84130062e-06]
  [-2.11348869e-05 -5.72649987e-05  1.38359665e-04 ... -7.62975164e-06
   -4.84130062e-06  2.29941127e-05]]

 [[ 1.89768258e-01  3.06109472e-01 -6.26088243e-02 ...  1.01270645e-05
    6.66639812e-06 -2.24873241e-05]
  [ 3.06109472e-01  5.07565879e-01 -1.67022215e-01 ...  2.76735302e-05
    1.75845045e-05 -6.09577216e-05]
  [-6.26088243e-02 -1.67022215e-01  3.37663788e-01 ... -6.67993647e-05
   -4.26743367e-05  1.47721400e-04]
  ...
  [ 1.01270645e-05  2.76735302e-05 -6.67993647e-05 ...  3.38602377e-06
    1.75067871e-06 -8.20650592e-06]
  [ 6.66639812e-06  1.75845045e-05 -4.26743367e-05 ...  1.75067871e-06
    1.74537991e-06 -5.31372678e-06]
  [-2.24873241e-05 -6.09577216e-05  1.47721400e-04 ... -8.20650592e-06
   -5.31372678e-06  2.42647134e-05]]]


******** <class 'pyscf.scf.addons.SmearingDFUKS'> ********
method = SmearingDFUKS
initial guess = minao
damping factor = 0.15
level_shift factor = 0.2
DIIS = <class 'pyscf.scf.diis.CDIIS'>
diis_start_cycle = 1
diis_space = 12
diis_damp = 0
SCF conv_tol = 5e-05
SCF conv_tol_grad = None
SCF max_cycles = 200
direct_scf = True
direct_scf_tol = 1e-13
chkfile to save SCF result = /tmp/tmph1vfanl1
max_memory 4000 MB (current use 87379 MB)
number electrons alpha = 325  beta = 323
XC library pyscf.dft.libxc version 6.1.0
    S. Lehtola, C. Steigemann, M. J.T. Oliveira, and M. A.L. Marques.,  SoftwareX 7, 1–5 (2018)
XC functionals = pbe
    J. P. Perdew, K. Burke, and M. Ernzerhof.,  Phys. Rev. Lett. 77, 3865 (1996)
    J. P. Perdew, K. Burke, and M. Ernzerhof.,  Phys. Rev. Lett. 78, 1396 (1997)
    J. P. Perdew, K. Burke, and M. Ernzerhof.,  Phys. Rev. Lett. 77, 3865 (1996)
    J. P. Perdew, K. Burke, and M. Ernzerhof.,  Phys. Rev. Lett. 78, 1396 (1997)
small_rho_cutoff = 1e-06
Set gradient conv threshold to 0.00707107
    Total E(T) = -12114.2396438568  Free energy = -12114.303923514  E0 = -12114.2717836854
init E= -12114.2396438568
    sigma = 0.005  Optimized mu_alpha = -0.197478878427  entropy = 3.44412753066e-07
    sigma = 0.005  Optimized mu_beta  = -0.200007130452  entropy = 3.44412753066e-07
    Total E(T) = -12114.2396377122  Free energy = -12114.2396377139  E0 = -12114.2396377131
cycle= 1 E= -12114.2396377122  delta_E= 6.14e-06  |g|= 0.0235  |ddm|= 8.84
    sigma = 0.005  Optimized mu_alpha = -0.197363658155  entropy = 3.44676703055e-07
    sigma = 0.005  Optimized mu_beta  = -0.199896564167  entropy = 3.44676703055e-07
    Total E(T) = -12114.2395695669  Free energy = -12114.2395695686  E0 = -12114.2395695677
cycle= 2 E= -12114.2395695669  delta_E= 6.81e-05  |g|= 0.0753  |ddm|= 34.9
    sigma = 0.005  Optimized mu_alpha = -0.197439633117  entropy = 3.44323034191e-07
    sigma = 0.005  Optimized mu_beta  = -0.199970088737  entropy = 3.44323034191e-07
    Total E(T) = -12114.2396081069  Free energy = -12114.2396081086  E0 = -12114.2396081077
cycle= 3 E= -12114.2396081069  delta_E= -3.85e-05  |g|= 0.0417  |ddm|= 14.3
    sigma = 0.005  Optimized mu_alpha = -0.197443696387  entropy = 3.44351049213e-07
    sigma = 0.005  Optimized mu_beta  = -0.199973539687  entropy = 3.44351049213e-07
    Total E(T) = -12114.2396264513  Free energy = -12114.239626453  E0 = -12114.2396264522
cycle= 4 E= -12114.2396264513  delta_E= -1.83e-05  |g|= 0.029  |ddm|= 5.35
    sigma = 0.005  Optimized mu_alpha = -0.19744578064  entropy = 3.44347363265e-07
    sigma = 0.005  Optimized mu_beta  = -0.199975533127  entropy = 3.44347363265e-07
    Total E(T) = -12114.2396352826  Free energy = -12114.2396352843  E0 = -12114.2396352835
cycle= 5 E= -12114.2396352826  delta_E= -8.83e-06  |g|= 0.0207  |ddm|= 3.14
    sigma = 0.005  Optimized mu_alpha = -0.197444167791  entropy = 3.44358660578e-07
    sigma = 0.005  Optimized mu_beta  = -0.199973809286  entropy = 3.44358660578e-07
    Total E(T) = -12114.2396396279  Free energy = -12114.2396396296  E0 = -12114.2396396287
cycle= 6 E= -12114.2396396279  delta_E= -4.35e-06  |g|= 0.0152  |ddm|= 2.18
    sigma = 0.005  Optimized mu_alpha = -0.19744545646  entropy = 3.44345508493e-07
    sigma = 0.005  Optimized mu_beta  = -0.19997518805  entropy = 3.44345508493e-07
    Total E(T) = -12114.2396419124  Free energy = -12114.2396419141  E0 = -12114.2396419133
cycle= 7 E= -12114.2396419124  delta_E= -2.28e-06  |g|= 0.0112  |ddm|= 1.36
    sigma = 0.005  Optimized mu_alpha = -0.197446046066  entropy = 3.44344587522e-07
    sigma = 0.005  Optimized mu_beta  = -0.199975730991  entropy = 3.44344587522e-07
    Total E(T) = -12114.2396431389  Free energy = -12114.2396431406  E0 = -12114.2396431398
cycle= 8 E= -12114.2396431389  delta_E= -1.23e-06  |g|= 0.00832  |ddm|= 0.92
    sigma = 0.005  Optimized mu_alpha = -0.197444987161  entropy = 3.4434459844e-07
    sigma = 0.005  Optimized mu_beta  = -0.199974735781  entropy = 3.4434459844e-07
    Total E(T) = -12114.2396438097  Free energy = -12114.2396438115  E0 = -12114.2396438106
cycle= 9 E= -12114.2396438097  delta_E= -6.71e-07  |g|= 0.00622  |ddm|= 0.708
    sigma = 0.005  Optimized mu_alpha = -0.297044358374  entropy = 12.8557354404
    sigma = 0.005  Optimized mu_beta  = -0.299925852239  entropy = 12.8557354404
    Total E(T) = -12114.2045891902  Free energy = -12114.2688678674  E0 = -12114.2367285288
Extra cycle  E= -12114.2045891902  delta_E= 0.0351  |g|= 0.226  |ddm|=  937
converged SCF energy = -12114.2045891902  <S^2> = 2.013889  2S+1 = 3.0092451
[timing] right/Al ensemble SCF = 1208.0s
[timing] collect state = 0.0s
[timing] grad contraction = 1.6s
Npdft 666.0000343368622
[timing] checkpoint save = 0.0s
step=   7 L=-12262.80507169 Ef=-12262.82112760 L1=8.82314142e-01 |grad|=1.15389e-02 t=1424.9s
[diagnostic] step=8 |b|=2.401485e+00 max|b|=8.816001e-01
[timing] build AO Vp from S3 = 1.6s
[diagnostic] |vpl|=3.139366e+00 max|vpl|=5.469391e-01
[diagnostic] |vpr|=2.238101e+00 max|vpr|=4.783173e-01
[diagnostic] |vpref|=3.237472e+00 max|vpref|=5.462276e-01
dm0 check [[[ 1.51511373e-09  2.24391588e-08  1.89789889e-07 ... -1.14719087e-07
    7.42477080e-07  6.64944215e-08]
  [ 2.24391588e-08  3.34444531e-07  2.75067332e-06 ... -1.77767263e-06
    1.10110598e-05  1.04758043e-06]
  [ 1.89789889e-07  2.75067332e-06  2.57237856e-05 ... -1.02770053e-05
    9.27869420e-05  4.99877673e-06]
  ...
  [-1.14719087e-07 -1.77767263e-06 -1.02770053e-05 ...  2.27166692e-04
    1.81897072e-06 -1.91352272e-04]
  [ 7.42477080e-07  1.10110598e-05  9.27869420e-05 ...  1.81897072e-06
    4.79980248e-04 -1.62432562e-06]
  [ 6.64944215e-08  1.04758043e-06  4.99877673e-06 ... -1.91352272e-04
   -1.62432562e-06  6.55604898e-04]]

 [[ 2.14412339e-09  3.18475822e-08  2.65523747e-07 ... -7.48707702e-08
    1.03578266e-06  2.38439660e-08]
  [ 3.18475822e-08  4.74248180e-07  3.91397253e-06 ... -9.93114559e-07
    1.53190781e-05  2.50156915e-07]
  [ 2.65523747e-07  3.91397253e-06  3.37625588e-05 ... -1.10142995e-05
    1.30901560e-04  4.52869189e-06]
  ...
  [-7.48707702e-08 -9.93114559e-07 -1.10142995e-05 ...  2.49604182e-04
    2.27939037e-06 -2.10130203e-04]
  [ 1.03578266e-06  1.53190781e-05  1.30901560e-04 ...  2.27939037e-06
    5.52938949e-04 -2.04467332e-06]
  [ 2.38439660e-08  2.50156915e-07  4.52869189e-06 ... -2.10130203e-04
   -2.04467332e-06  7.46013500e-04]]]
converged SCF energy = -150.22669371454  <S^2> = 2.0045398  2S+1 = 3.003025
dm0 check [[[ 1.14642738e-09  1.70873234e-08  1.38755604e-07 ... -8.06200604e-08
    6.25417954e-07  4.56923531e-08]
  [ 1.70873234e-08  2.56089735e-07  2.02955002e-06 ... -1.06182576e-06
    9.18282712e-06  7.18407030e-07]
  [ 1.38755604e-07  2.02955002e-06  1.80709048e-05 ... -1.26947524e-05
    8.12952277e-05  3.19886191e-06]
  ...
  [-8.06200604e-08 -1.06182576e-06 -1.26947524e-05 ...  2.39058811e-04
   -1.61674013e-06 -1.68274287e-04]
  [ 6.25417954e-07  9.18282712e-06  8.12952277e-05 ... -1.61674013e-06
    4.44994205e-04 -4.06031368e-06]
  [ 4.56923531e-08  7.18407030e-07  3.19886191e-06 ... -1.68274287e-04
   -4.06031368e-06  5.95721300e-04]]

 [[ 2.53026335e-08  3.85034116e-07  2.83116622e-06 ... -1.48563835e-07
    1.05882946e-07  7.43908617e-08]
  [ 3.85034116e-07  5.86052907e-06  4.30443283e-05 ... -2.17961996e-06
    1.18308600e-06  1.05292216e-06]
  [ 2.83116622e-06  4.30443283e-05  3.17980346e-04 ... -1.75087383e-05
    2.68719306e-05  9.39076673e-06]
  ...
  [-1.48563835e-07 -2.17961996e-06 -1.75087383e-05 ...  2.30570920e-04
    2.08965021e-07 -1.91670557e-04]
  [ 1.05882946e-07  1.18308600e-06  2.68719306e-05 ...  2.08965021e-07
    4.63236743e-04 -3.50208275e-06]
  [ 7.43908617e-08  1.05292216e-06  9.39076673e-06 ... -1.91670557e-04
   -3.50208275e-06  6.49566066e-04]]]
converged SCF energy = -150.244985829837  <S^2> = 0.92979914  2S+1 = 2.1723712
[timing] left/O ensemble SCF = 15.1s
dm0 check [[ 3.79534581e-01  6.12215895e-01 -1.25201664e-01 ...  2.36355761e-05
   1.49502529e-05 -4.82305900e-05]
 [ 6.12215895e-01  1.01512517e+00 -3.34000748e-01 ...  6.44496297e-05
   3.95133524e-05 -1.30657738e-04]
 [-1.25201664e-01 -3.34000748e-01  6.75173625e-01 ... -1.55481961e-04
  -9.57004152e-05  3.16232306e-04]
 ...
 [ 2.36355761e-05  6.44496297e-05 -1.55481961e-04 ...  1.08875569e-05
   5.94240389e-06 -2.35364356e-05]
 [ 1.49502529e-05  3.95133524e-05 -9.57004152e-05 ...  5.94240389e-06
   4.92854886e-06 -1.48083043e-05]
 [-4.82305900e-05 -1.30657738e-04  3.16232306e-04 ... -2.35364356e-05
  -1.48083043e-05  5.94945063e-05]]


******** <class 'pyscf.scf.addons.SmearingDFRKS'> ********
method = SmearingDFRKS
initial guess = minao
damping factor = 0.15
level_shift factor = 0.2
DIIS = <class 'pyscf.scf.diis.CDIIS'>
diis_start_cycle = 1
diis_space = 12
diis_damp = 0
SCF conv_tol = 5e-05
SCF conv_tol_grad = None
SCF max_cycles = 200
direct_scf = True
direct_scf_tol = 1e-13
chkfile to save SCF result = /tmp/tmpnx8_b0uf
max_memory 4000 MB (current use 87118 MB)
XC library pyscf.dft.libxc version 6.1.0
    S. Lehtola, C. Steigemann, M. J.T. Oliveira, and M. A.L. Marques.,  SoftwareX 7, 1–5 (2018)
XC functionals = pbe
    J. P. Perdew, K. Burke, and M. Ernzerhof.,  Phys. Rev. Lett. 77, 3865 (1996)
    J. P. Perdew, K. Burke, and M. Ernzerhof.,  Phys. Rev. Lett. 78, 1396 (1997)
    J. P. Perdew, K. Burke, and M. Ernzerhof.,  Phys. Rev. Lett. 77, 3865 (1996)
    J. P. Perdew, K. Burke, and M. Ernzerhof.,  Phys. Rev. Lett. 78, 1396 (1997)
small_rho_cutoff = 1e-06
Set gradient conv threshold to 0.00707107
    Total E(T) = -12114.6796560007  Free energy = -12115.7123976672  E0 = -12115.196026834
init E= -12114.6796560007
    sigma = 0.02  Optimized mu = -0.0528404474793  entropy = 1.53314589651
    Total E(T) = -12114.6796385092  Free energy = -12114.7103014271  E0 = -12114.6949699682
cycle= 1 E= -12114.6796385092  delta_E= 1.75e-05  |g|= 0.0286  |ddm|= 18.7
    sigma = 0.02  Optimized mu = -0.0528689463859  entropy = 1.53421443043
    Total E(T) = -12114.67941609  Free energy = -12114.7101003786  E0 = -12114.6947582343
cycle= 2 E= -12114.67941609  delta_E= 0.000222  |g|= 0.0965  |ddm|= 82.8
    sigma = 0.02  Optimized mu = -0.0528495289912  entropy = 1.53326739071
    Total E(T) = -12114.6795438563  Free energy = -12114.7102092041  E0 = -12114.6948765302
cycle= 3 E= -12114.6795438563  delta_E= -0.000128  |g|= 0.0536  |ddm|=   35
    sigma = 0.02  Optimized mu = -0.052849324665  entropy = 1.53322446535
    Total E(T) = -12114.6795986495  Free energy = -12114.7102631388  E0 = -12114.6949308941
cycle= 4 E= -12114.6795986495  delta_E= -5.48e-05  |g|= 0.0382  |ddm|= 12.3
    sigma = 0.02  Optimized mu = -0.0528491523085  entropy = 1.53322094022
    Total E(T) = -12114.6796256954  Free energy = -12114.7102901142  E0 = -12114.6949579048
cycle= 5 E= -12114.6796256954  delta_E= -2.7e-05  |g|= 0.028  |ddm|= 7.36
    sigma = 0.02  Optimized mu = -0.0528497385221  entropy = 1.53322171947
    Total E(T) = -12114.6796395537  Free energy = -12114.7103039881  E0 = -12114.6949717709
cycle= 6 E= -12114.6796395537  delta_E= -1.39e-05  |g|= 0.0212  |ddm|=  5.1
    sigma = 0.02  Optimized mu = -0.0528492623328  entropy = 1.53322623843
    Total E(T) = -12114.6796472593  Free energy = -12114.710311784  E0 = -12114.6949795216
cycle= 7 E= -12114.6796472593  delta_E= -7.71e-06  |g|= 0.0161  |ddm|=  3.1
    sigma = 0.02  Optimized mu = -0.0528501046065  entropy = 1.53321900954
    Total E(T) = -12114.6796516988  Free energy = -12114.710316079  E0 = -12114.6949838889
cycle= 8 E= -12114.6796516988  delta_E= -4.44e-06  |g|= 0.0122  |ddm|= 2.23
    sigma = 0.02  Optimized mu = -0.0528488149744  entropy = 1.53322955839
    Total E(T) = -12114.679654186  Free energy = -12114.7103187772  E0 = -12114.6949864816
cycle= 9 E= -12114.679654186  delta_E= -2.49e-06  |g|= 0.00946  |ddm|= 1.76
    sigma = 0.02  Optimized mu = -0.0528497823807  entropy = 1.53322786974
    Total E(T) = -12114.6796556728  Free energy = -12114.7103202302  E0 = -12114.6949879515
cycle= 10 E= -12114.6796556728  delta_E= -1.49e-06  |g|= 0.00738  |ddm|= 1.25
    sigma = 0.02  Optimized mu = -0.0528494264763  entropy = 1.53322847065
    Total E(T) = -12114.6796565668  Free energy = -12114.7103211362  E0 = -12114.6949888515
cycle= 11 E= -12114.6796565668  delta_E= -8.94e-07  |g|= 0.00581  |ddm|= 1.04
    sigma = 0.02  Optimized mu = -0.152963364403  entropy = 51.6380567093
    Total E(T) = -12114.1460128107  Free energy = -12115.1787739448  E0 = -12114.6623933777
Extra cycle  E= -12114.1460128107  delta_E= 0.534  |g|= 0.421  |ddm|= 4.37e+03
converged SCF energy = -12114.1460128107
dm0 check [[[ 1.89789149e-01  3.06166449e-01 -6.27381783e-02 ...  9.19175297e-06
    5.84543633e-06 -2.11307848e-05]
  [ 3.06166449e-01  5.07718121e-01 -1.67363815e-01 ...  2.51352231e-05
    1.53547367e-05 -5.72539946e-05]
  [-6.27381783e-02 -1.67363815e-01  3.38427812e-01 ... -6.05083497e-05
   -3.71334529e-05  1.38333365e-04]
  ...
  [ 9.19175297e-06  2.51352231e-05 -6.05083497e-05 ...  3.13909476e-06
    1.56073521e-06 -7.62444585e-06]
  [ 5.84543633e-06  1.53547367e-05 -3.71334529e-05 ...  1.56073521e-06
    1.59171535e-06 -4.84370823e-06]
  [-2.11307848e-05 -5.72539946e-05  1.38333365e-04 ... -7.62444585e-06
   -4.84370823e-06  2.29817804e-05]]

 [[ 1.89768228e-01  3.06109472e-01 -6.26088328e-02 ...  1.01263587e-05
    6.67123679e-06 -2.24802343e-05]
  [ 3.06109472e-01  5.07566009e-01 -1.67022432e-01 ...  2.76716627e-05
    1.75975668e-05 -6.09386535e-05]
  [-6.26088328e-02 -1.67022432e-01  3.37664426e-01 ... -6.67949856e-05
   -4.27060896e-05  1.47675476e-04]
  ...
  [ 1.01263587e-05  2.76716627e-05 -6.67949856e-05 ...  3.38363081e-06
    1.75140347e-06 -8.20046877e-06]
  [ 6.67123679e-06  1.75975668e-05 -4.27060896e-05 ...  1.75140347e-06
    1.74751240e-06 -5.31596583e-06]
  [-2.24802343e-05 -6.09386535e-05  1.47675476e-04 ... -8.20046877e-06
   -5.31596583e-06  2.42503219e-05]]]


******** <class 'pyscf.scf.addons.SmearingDFUKS'> ********
method = SmearingDFUKS
initial guess = minao
damping factor = 0.15
level_shift factor = 0.2
DIIS = <class 'pyscf.scf.diis.CDIIS'>
diis_start_cycle = 1
diis_space = 12
diis_damp = 0
SCF conv_tol = 5e-05
SCF conv_tol_grad = None
SCF max_cycles = 200
direct_scf = True
direct_scf_tol = 1e-13
chkfile to save SCF result = /tmp/tmph1vfanl1
max_memory 4000 MB (current use 87118 MB)
number electrons alpha = 325  beta = 323
XC library pyscf.dft.libxc version 6.1.0
    S. Lehtola, C. Steigemann, M. J.T. Oliveira, and M. A.L. Marques.,  SoftwareX 7, 1–5 (2018)
XC functionals = pbe
    J. P. Perdew, K. Burke, and M. Ernzerhof.,  Phys. Rev. Lett. 77, 3865 (1996)
    J. P. Perdew, K. Burke, and M. Ernzerhof.,  Phys. Rev. Lett. 78, 1396 (1997)
    J. P. Perdew, K. Burke, and M. Ernzerhof.,  Phys. Rev. Lett. 77, 3865 (1996)
    J. P. Perdew, K. Burke, and M. Ernzerhof.,  Phys. Rev. Lett. 78, 1396 (1997)
small_rho_cutoff = 1e-06
Set gradient conv threshold to 0.00707107
    Total E(T) = -12114.2360283821  Free energy = -12114.3003070593  E0 = -12114.2681677207
init E= -12114.2360283821
    sigma = 0.005  Optimized mu_alpha = -0.197473307175  entropy = 3.44388293618e-07
    sigma = 0.005  Optimized mu_beta  = -0.200001944804  entropy = 3.44388293618e-07
    Total E(T) = -12114.2360214367  Free energy = -12114.2360214384  E0 = -12114.2360214375
cycle= 1 E= -12114.2360214367  delta_E= 6.95e-06  |g|= 0.025  |ddm|= 9.54
    sigma = 0.005  Optimized mu_alpha = -0.19735225971  entropy = 3.44775909127e-07
    sigma = 0.005  Optimized mu_beta  = -0.199884921014  entropy = 3.44775909127e-07
    Total E(T) = -12114.2359440842  Free energy = -12114.235944086  E0 = -12114.2359440851
cycle= 2 E= -12114.2359440842  delta_E= 7.74e-05  |g|= 0.0803  |ddm|= 37.7
    sigma = 0.005  Optimized mu_alpha = -0.197437029573  entropy = 3.4432866981e-07
    sigma = 0.005  Optimized mu_beta  = -0.199967522684  entropy = 3.4432866981e-07
    Total E(T) = -12114.2359879747  Free energy = -12114.2359879764  E0 = -12114.2359879755
cycle= 3 E= -12114.2359879747  delta_E= -4.39e-05  |g|= 0.0444  |ddm|= 15.4
    sigma = 0.005  Optimized mu_alpha = -0.197440798561  entropy = 3.44355607642e-07
    sigma = 0.005  Optimized mu_beta  = -0.199970731062  entropy = 3.44355607642e-07
    Total E(T) = -12114.2360087165  Free energy = -12114.2360087183  E0 = -12114.2360087174
cycle= 4 E= -12114.2360087165  delta_E= -2.07e-05  |g|= 0.0309  |ddm|= 5.89
    sigma = 0.005  Optimized mu_alpha = -0.197443100253  entropy = 3.44350830792e-07
    sigma = 0.005  Optimized mu_beta  = -0.199972949372  entropy = 3.44350830792e-07
    Total E(T) = -12114.2360186736  Free energy = -12114.2360186753  E0 = -12114.2360186744
cycle= 5 E= -12114.2360186736  delta_E= -9.96e-06  |g|= 0.0221  |ddm|= 3.43
    sigma = 0.005  Optimized mu_alpha = -0.19744099909  entropy = 3.44364199416e-07
    sigma = 0.005  Optimized mu_beta  = -0.19997074372  entropy = 3.44364199416e-07
    Total E(T) = -12114.2360236058  Free energy = -12114.2360236075  E0 = -12114.2360236067
cycle= 6 E= -12114.2360236058  delta_E= -4.93e-06  |g|= 0.0161  |ddm|= 2.32
    sigma = 0.005  Optimized mu_alpha = -0.197443288688  entropy = 3.44345041053e-07
    sigma = 0.005  Optimized mu_beta  = -0.199973137417  entropy = 3.44345041053e-07
    Total E(T) = -12114.236026178  Free energy = -12114.2360261798  E0 = -12114.2360261789
cycle= 7 E= -12114.236026178  delta_E= -2.57e-06  |g|= 0.0119  |ddm|= 1.48
    sigma = 0.005  Optimized mu_alpha = -0.19744371691  entropy = 3.44347049128e-07
    sigma = 0.005  Optimized mu_beta  = -0.199973507058  entropy = 3.44347049128e-07
    Total E(T) = -12114.2360275608  Free energy = -12114.2360275625  E0 = -12114.2360275617
cycle= 8 E= -12114.2360275608  delta_E= -1.38e-06  |g|= 0.0088  |ddm|=    1
    sigma = 0.005  Optimized mu_alpha = -0.197442636762  entropy = 3.44346300518e-07
    sigma = 0.005  Optimized mu_beta  = -0.199972464073  entropy = 3.44346300518e-07
    Total E(T) = -12114.2360283075  Free energy = -12114.2360283092  E0 = -12114.2360283083
cycle= 9 E= -12114.2360283075  delta_E= -7.47e-07  |g|= 0.00659  |ddm|= 0.744
    sigma = 0.005  Optimized mu_alpha = -0.297043307659  entropy = 12.8558226401
    sigma = 0.005  Optimized mu_beta  = -0.299924800698  entropy = 12.8558226401
    Total E(T) = -12114.2009303134  Free energy = -12114.2652094266  E0 = -12114.23306987
Extra cycle  E= -12114.2009303134  delta_E= 0.0351  |g|= 0.231  |ddm|=  937
converged SCF energy = -12114.2009303134  <S^2> = 2.0138888  2S+1 = 3.009245
[timing] right/Al ensemble SCF = 1262.0s
[timing] collect state = 0.0s
[timing] grad contraction = 4.7s
Npdft 666.0000343358387
[timing] checkpoint save = 0.0s
step=   8 L=-12262.79900103 Ef=-12262.81500785 L1=8.83251471e-01 |grad|=1.15583e-02 t=1483.1s
[diagnostic] step=9 |b|=2.401485e+00 max|b|=8.816001e-01
[timing] build AO Vp from S3 = 1.6s
[diagnostic] |vpl|=3.139366e+00 max|vpl|=5.469390e-01
[diagnostic] |vpr|=2.238101e+00 max|vpr|=4.783172e-01
[diagnostic] |vpref|=3.237472e+00 max|vpref|=5.462275e-01
dm0 check [[[ 1.51511401e-09  2.24391601e-08  1.89789930e-07 ... -1.14718956e-07
    7.42476695e-07  6.64943007e-08]
  [ 2.24391601e-08  3.34444483e-07  2.75067387e-06 ... -1.77767036e-06
    1.10110559e-05  1.04757822e-06]
  [ 1.89789930e-07  2.75067387e-06  2.57237922e-05 ... -1.02769871e-05
    9.27868856e-05  4.99876052e-06]
  ...
  [-1.14718956e-07 -1.77767036e-06 -1.02769871e-05 ...  2.27166754e-04
    1.81897137e-06 -1.91352324e-04]
  [ 7.42476695e-07  1.10110559e-05  9.27868856e-05 ...  1.81897137e-06
    4.79980284e-04 -1.62432520e-06]
  [ 6.64943007e-08  1.04757822e-06  4.99876052e-06 ... -1.91352324e-04
   -1.62432520e-06  6.55604979e-04]]

 [[ 2.14412355e-09  3.18475847e-08  2.65523730e-07 ... -7.48705247e-08
    1.03578253e-06  2.38437548e-08]
  [ 3.18475847e-08  4.74248193e-07  3.91397262e-06 ... -9.93112911e-07
    1.53190767e-05  2.50155434e-07]
  [ 2.65523730e-07  3.91397262e-06  3.37625554e-05 ... -1.10142829e-05
    1.30901535e-04  4.52867792e-06]
  ...
  [-7.48705247e-08 -9.93112911e-07 -1.10142829e-05 ...  2.49604227e-04
    2.27939083e-06 -2.10130241e-04]
  [ 1.03578253e-06  1.53190767e-05  1.30901535e-04 ...  2.27939083e-06
    5.52938822e-04 -2.04467282e-06]
  [ 2.38437548e-08  2.50155434e-07  4.52867792e-06 ... -2.10130241e-04
   -2.04467282e-06  7.46013402e-04]]]
converged SCF energy = -150.226693714539  <S^2> = 2.0045398  2S+1 = 3.003025
dm0 check [[[ 1.14641627e-09  1.70871746e-08  1.38754608e-07 ... -8.06197132e-08
    6.25416109e-07  4.56926710e-08]
  [ 1.70871746e-08  2.56087684e-07  2.02953840e-06 ... -1.06182855e-06
    9.18281425e-06  7.18406800e-07]
  [ 1.38754608e-07  2.02953840e-06  1.80708207e-05 ... -1.26947160e-05
    8.12951101e-05  3.19887686e-06]
  ...
  [-8.06197132e-08 -1.06182855e-06 -1.26947160e-05 ...  2.39058770e-04
   -1.61681245e-06 -1.68274863e-04]
  [ 6.25416109e-07  9.18281425e-06  8.12951101e-05 ... -1.61681245e-06
    4.44995110e-04 -4.06044127e-06]
  [ 4.56926710e-08  7.18406800e-07  3.19887686e-06 ... -1.68274863e-04
   -4.06044127e-06  5.95722807e-04]]

 [[ 2.53031137e-08  3.85041394e-07  2.83121794e-06 ... -1.48565198e-07
    1.05888596e-07  7.43917462e-08]
  [ 3.85041394e-07  5.86063926e-06  4.30451136e-05 ... -2.17963924e-06
    1.18318431e-06  1.05293498e-06]
  [ 2.83121794e-06  4.30451136e-05  3.17985916e-04 ... -1.75088872e-05
    2.68725962e-05  9.39087142e-06]
  ...
  [-1.48565198e-07 -2.17963924e-06 -1.75088872e-05 ...  2.30571500e-04
    2.08916656e-07 -1.91671095e-04]
  [ 1.05888596e-07  1.18318431e-06  2.68725962e-05 ...  2.08916656e-07
    4.63238038e-04 -3.50216830e-06]
  [ 7.43917462e-08  1.05293498e-06  9.39087142e-06 ... -1.91671095e-04
   -3.50216830e-06  6.49568257e-04]]]
converged SCF energy = -150.244985829838  <S^2> = 0.92979847  2S+1 = 2.1723706
[timing] left/O ensemble SCF = 11.2s
dm0 check [[ 3.79534648e-01  6.12215912e-01 -1.25201687e-01 ...  2.36334187e-05
   1.49375511e-05 -4.82376620e-05]
 [ 6.12215912e-01  1.01512495e+00 -3.34000423e-01 ...  6.44437325e-05
   3.94790790e-05 -1.30676685e-04]
 [-1.25201687e-01 -3.34000423e-01  6.75172615e-01 ... -1.55467394e-04
  -9.56172795e-05  3.16277531e-04]
 ...
 [ 2.36334187e-05  6.44437325e-05 -1.55467394e-04 ...  1.08920089e-05
   5.93915275e-06 -2.35478256e-05]
 [ 1.49375511e-05  3.94790790e-05 -9.56172795e-05 ...  5.93915275e-06
   4.92219877e-06 -1.48010606e-05]
 [-4.82376620e-05 -1.30676685e-04  3.16277531e-04 ... -2.35478256e-05
  -1.48010606e-05  5.95214686e-05]]


******** <class 'pyscf.scf.addons.SmearingDFRKS'> ********
method = SmearingDFRKS
initial guess = minao
damping factor = 0.15
level_shift factor = 0.2
DIIS = <class 'pyscf.scf.diis.CDIIS'>
diis_start_cycle = 1
diis_space = 12
diis_damp = 0
SCF conv_tol = 5e-05
SCF conv_tol_grad = None
SCF max_cycles = 200
direct_scf = True
direct_scf_tol = 1e-13
chkfile to save SCF result = /tmp/tmpnx8_b0uf
max_memory 4000 MB (current use 87230 MB)
XC library pyscf.dft.libxc version 6.1.0
    S. Lehtola, C. Steigemann, M. J.T. Oliveira, and M. A.L. Marques.,  SoftwareX 7, 1–5 (2018)
XC functionals = pbe
    J. P. Perdew, K. Burke, and M. Ernzerhof.,  Phys. Rev. Lett. 77, 3865 (1996)
    J. P. Perdew, K. Burke, and M. Ernzerhof.,  Phys. Rev. Lett. 78, 1396 (1997)
    J. P. Perdew, K. Burke, and M. Ernzerhof.,  Phys. Rev. Lett. 77, 3865 (1996)
    J. P. Perdew, K. Burke, and M. Ernzerhof.,  Phys. Rev. Lett. 78, 1396 (1997)
small_rho_cutoff = 1e-06
Set gradient conv threshold to 0.00707107
    Total E(T) = -12114.6796576418  Free energy = -12115.712418776  E0 = -12115.1960382089
init E= -12114.6796576418
    sigma = 0.02  Optimized mu = -0.0528450139959  entropy = 1.53314440561
    Total E(T) = -12114.6796454533  Free energy = -12114.7103083414  E0 = -12114.6949768973
cycle= 1 E= -12114.6796454533  delta_E= 1.22e-05  |g|= 0.0241  |ddm|=   16
    sigma = 0.02  Optimized mu = -0.0528630819773  entropy = 1.53398911607
    Total E(T) = -12114.6794880454  Free energy = -12114.7101678277  E0 = -12114.6948279365
cycle= 2 E= -12114.6794880454  delta_E= 0.000157  |g|= 0.0812  |ddm|= 70.2
    sigma = 0.02  Optimized mu = -0.0528494895209  entropy = 1.53325891155
    Total E(T) = -12114.6795786011  Free energy = -12114.7102437793  E0 = -12114.6949111902
cycle= 3 E= -12114.6795786011  delta_E= -9.06e-05  |g|= 0.045  |ddm|= 29.6
    sigma = 0.02  Optimized mu = -0.0528494353832  entropy = 1.53322440904
    Total E(T) = -12114.679617363  Free energy = -12114.7102818511  E0 = -12114.694949607
cycle= 4 E= -12114.679617363  delta_E= -3.88e-05  |g|= 0.032  |ddm|= 10.5
    sigma = 0.02  Optimized mu = -0.0528493114982  entropy = 1.53322145502
    Total E(T) = -12114.6796364839  Free energy = -12114.710300913  E0 = -12114.6949686984
cycle= 5 E= -12114.6796364839  delta_E= -1.91e-05  |g|= 0.0235  |ddm|= 6.26
    sigma = 0.02  Optimized mu = -0.0528498743947  entropy = 1.53322275794
    Total E(T) = -12114.6796462519  Free energy = -12114.710310707  E0 = -12114.6949784794
cycle= 6 E= -12114.6796462519  delta_E= -9.77e-06  |g|= 0.0177  |ddm|=  4.4
    sigma = 0.02  Optimized mu = -0.0528493464086  entropy = 1.53322572894
    Total E(T) = -12114.6796516819  Free energy = -12114.7103161965  E0 = -12114.6949839392
cycle= 7 E= -12114.6796516819  delta_E= -5.43e-06  |g|= 0.0134  |ddm|= 2.65
    sigma = 0.02  Optimized mu = -0.0528505047706  entropy = 1.5332197375
    Total E(T) = -12114.679654783  Free energy = -12114.7103191777  E0 = -12114.6949869803
cycle= 8 E= -12114.679654783  delta_E= -3.1e-06  |g|= 0.0102  |ddm|= 1.95
    sigma = 0.02  Optimized mu = -0.0528485779951  entropy = 1.5332291145
    Total E(T) = -12114.6796565168  Free energy = -12114.7103210991  E0 = -12114.694988808
cycle= 9 E= -12114.6796565168  delta_E= -1.73e-06  |g|= 0.00788  |ddm|= 1.48
    sigma = 0.02  Optimized mu = -0.0528493329351  entropy = 1.53322873418
    Total E(T) = -12114.6796575421  Free energy = -12114.7103221168  E0 = -12114.6949898295
cycle= 10 E= -12114.6796575421  delta_E= -1.03e-06  |g|= 0.00616  |ddm|= 1.05
    sigma = 0.02  Optimized mu = -0.152964243351  entropy = 51.6378353595
    Total E(T) = -12114.1460340061  Free energy = -12115.1787907133  E0 = -12114.6624123597
Extra cycle  E= -12114.1460340061  delta_E= 0.534  |g|= 0.421  |ddm|= 4.37e+03
converged SCF energy = -12114.1460340061
dm0 check [[[ 1.89789179e-01  3.06166448e-01 -6.27381640e-02 ...  9.19254831e-06
    5.84088541e-06 -2.11364407e-05]
  [ 3.06166448e-01  5.07717987e-01 -1.67363583e-01 ...  2.51373338e-05
    1.53424635e-05 -5.72691881e-05]
  [-6.27381640e-02 -1.67363583e-01  3.38427134e-01 ... -6.05133107e-05
   -3.71037109e-05  1.38369778e-04]
  ...
  [ 9.19254831e-06  2.51373338e-05 -6.05133107e-05 ...  3.14078322e-06
    1.55975874e-06 -7.62894305e-06]
  [ 5.84088541e-06  1.53424635e-05 -3.71037109e-05 ...  1.55975874e-06
    1.58958621e-06 -4.84090815e-06]
  [-2.11364407e-05 -5.72691881e-05  1.38369778e-04 ... -7.62894305e-06
   -4.84090815e-06  2.29927243e-05]]

 [[ 1.89768261e-01  3.06109479e-01 -6.26088393e-02 ...  1.01254591e-05
    6.66553234e-06 -2.24847537e-05]
  [ 3.06109479e-01  5.07565898e-01 -1.67022255e-01 ...  2.76691960e-05
    1.75821664e-05 -6.09507782e-05]
  [-6.26088393e-02 -1.67022255e-01  3.37663878e-01 ... -6.67888315e-05
   -4.26686475e-05  1.47704485e-04]
  ...
  [ 1.01254591e-05  2.76691960e-05 -6.67888315e-05 ...  3.38518379e-06
    1.75019749e-06 -8.20480917e-06]
  [ 6.66553234e-06  1.75821664e-05 -4.26686475e-05 ...  1.75019749e-06
    1.74511616e-06 -5.31278286e-06]
  [-2.24847537e-05 -6.09507782e-05  1.47704485e-04 ... -8.20480917e-06
   -5.31278286e-06  2.42615453e-05]]]


******** <class 'pyscf.scf.addons.SmearingDFUKS'> ********
method = SmearingDFUKS
initial guess = minao
damping factor = 0.15
level_shift factor = 0.2
DIIS = <class 'pyscf.scf.diis.CDIIS'>
diis_start_cycle = 1
diis_space = 12
diis_damp = 0
SCF conv_tol = 5e-05
SCF conv_tol_grad = None
SCF max_cycles = 200
direct_scf = True
direct_scf_tol = 1e-13
chkfile to save SCF result = /tmp/tmph1vfanl1
max_memory 4000 MB (current use 87230 MB)
number electrons alpha = 325  beta = 323
XC library pyscf.dft.libxc version 6.1.0
    S. Lehtola, C. Steigemann, M. J.T. Oliveira, and M. A.L. Marques.,  SoftwareX 7, 1–5 (2018)
XC functionals = pbe
    J. P. Perdew, K. Burke, and M. Ernzerhof.,  Phys. Rev. Lett. 77, 3865 (1996)
    J. P. Perdew, K. Burke, and M. Ernzerhof.,  Phys. Rev. Lett. 78, 1396 (1997)
    J. P. Perdew, K. Burke, and M. Ernzerhof.,  Phys. Rev. Lett. 77, 3865 (1996)
    J. P. Perdew, K. Burke, and M. Ernzerhof.,  Phys. Rev. Lett. 78, 1396 (1997)
small_rho_cutoff = 1e-06
Set gradient conv threshold to 0.00707107
    Total E(T) = -12114.236029381  Free energy = -12114.3003084942  E0 = -12114.2681689376
init E= -12114.236029381
    sigma = 0.005  Optimized mu_alpha = -0.197477772594  entropy = 3.44398335046e-07
    sigma = 0.005  Optimized mu_beta  = -0.20000639733  entropy = 3.44398335046e-07
    Total E(T) = -12114.2360214592  Free energy = -12114.236021461  E0 = -12114.2360214601
cycle= 1 E= -12114.2360214592  delta_E= 7.92e-06  |g|= 0.0267  |ddm|= 10.1
    sigma = 0.005  Optimized mu_alpha = -0.197348070056  entropy = 3.44821872233e-07
    sigma = 0.005  Optimized mu_beta  = -0.19988093098  entropy = 3.44821872233e-07
    Total E(T) = -12114.2359335551  Free energy = -12114.2359335568  E0 = -12114.2359335559
cycle= 2 E= -12114.2359335551  delta_E= 8.79e-05  |g|= 0.0856  |ddm|= 40.1
    sigma = 0.005  Optimized mu_alpha = -0.197436795831  entropy = 3.44329842242e-07
    sigma = 0.005  Optimized mu_beta  = -0.199967244278  entropy = 3.44329842242e-07
    Total E(T) = -12114.2359833168  Free energy = -12114.2359833185  E0 = -12114.2359833177
cycle= 3 E= -12114.2359833168  delta_E= -4.98e-05  |g|= 0.0475  |ddm|= 16.4
    sigma = 0.005  Optimized mu_alpha = -0.197440876435  entropy = 3.4435772792e-07
    sigma = 0.005  Optimized mu_beta  = -0.199970772368  entropy = 3.4435772792e-07
    Total E(T) = -12114.2360069015  Free energy = -12114.2360069032  E0 = -12114.2360069023
cycle= 4 E= -12114.2360069015  delta_E= -2.36e-05  |g|= 0.033  |ddm|= 6.21
    sigma = 0.005  Optimized mu_alpha = -0.197443272525  entropy = 3.44352109814e-07
    sigma = 0.005  Optimized mu_beta  = -0.199973087269  entropy = 3.44352109814e-07
    Total E(T) = -12114.2360182458  Free energy = -12114.2360182475  E0 = -12114.2360182467
cycle= 5 E= -12114.2360182458  delta_E= -1.13e-05  |g|= 0.0236  |ddm|= 3.62
    sigma = 0.005  Optimized mu_alpha = -0.197441197405  entropy = 3.4436501175e-07
    sigma = 0.005  Optimized mu_beta  = -0.199970893652  entropy = 3.4436501175e-07
    Total E(T) = -12114.2360238608  Free energy = -12114.2360238625  E0 = -12114.2360238617
cycle= 6 E= -12114.2360238608  delta_E= -5.61e-06  |g|= 0.0172  |ddm|= 2.47
    sigma = 0.005  Optimized mu_alpha = -0.19744325738  entropy = 3.44346639237e-07
    sigma = 0.005  Optimized mu_beta  = -0.199973077817  entropy = 3.44346639237e-07
    Total E(T) = -12114.2360268038  Free energy = -12114.2360268056  E0 = -12114.2360268047
cycle= 7 E= -12114.2360268038  delta_E= -2.94e-06  |g|= 0.0127  |ddm|= 1.56
    sigma = 0.005  Optimized mu_alpha = -0.197443790001  entropy = 3.44347707639e-07
    sigma = 0.005  Optimized mu_beta  = -0.199973541586  entropy = 3.44347707639e-07
    Total E(T) = -12114.2360283907  Free energy = -12114.2360283924  E0 = -12114.2360283916
cycle= 8 E= -12114.2360283907  delta_E= -1.59e-06  |g|= 0.00947  |ddm|= 1.06
    sigma = 0.005  Optimized mu_alpha = -0.19744261675  entropy = 3.44347201708e-07
    sigma = 0.005  Optimized mu_beta  = -0.199972449722  entropy = 3.44347201708e-07
    Total E(T) = -12114.2360292514  Free energy = -12114.2360292531  E0 = -12114.2360292522
cycle= 9 E= -12114.2360292514  delta_E= -8.61e-07  |g|= 0.00709  |ddm|= 0.798
    sigma = 0.005  Optimized mu_alpha = -0.197443893925  entropy = 3.44341489076e-07
    sigma = 0.005  Optimized mu_beta  = -0.199973697846  entropy = 3.44341489076e-07
    Total E(T) = -12114.2360297273  Free energy = -12114.2360297291  E0 = -12114.2360297282
cycle= 10 E= -12114.2360297273  delta_E= -4.76e-07  |g|= 0.00549  |ddm|= 0.61
    sigma = 0.005  Optimized mu_alpha = -0.297034770851  entropy = 12.8552830397
    sigma = 0.005  Optimized mu_beta  = -0.299916398392  entropy = 12.8552830397
    Total E(T) = -12114.2010490098  Free energy = -12114.265325425  E0 = -12114.2331872174
Extra cycle  E= -12114.2010490098  delta_E= 0.035  |g|= 0.217  |ddm|=  937
converged SCF energy = -12114.2010490098  <S^2> = 2.0138897  2S+1 = 3.0092456
[timing] right/Al ensemble SCF = 1296.3s
[timing] collect state = 0.0s
[timing] grad contraction = 1.6s
Npdft 666.000034336544
[timing] checkpoint save = 0.0s
step=   9 L=-12262.79903299 Ef=-12262.81504267 L1=8.83323853e-01 |grad|=1.15595e-02 t=1514.4s
[diagnostic] step=10 |b|=2.401485e+00 max|b|=8.816001e-01
[timing] build AO Vp from S3 = 1.6s
[diagnostic] |vpl|=3.139366e+00 max|vpl|=5.469391e-01
[diagnostic] |vpr|=2.238101e+00 max|vpr|=4.783173e-01
[diagnostic] |vpref|=3.237472e+00 max|vpref|=5.462276e-01
dm0 check [[[ 1.51511372e-09  2.24391588e-08  1.89789887e-07 ... -1.14719093e-07
    7.42477099e-07  6.64944273e-08]
  [ 2.24391588e-08  3.34444533e-07  2.75067329e-06 ... -1.77767274e-06
    1.10110600e-05  1.04758054e-06]
  [ 1.89789887e-07  2.75067329e-06  2.57237853e-05 ... -1.02770061e-05
    9.27869448e-05  4.99877751e-06]
  ...
  [-1.14719093e-07 -1.77767274e-06 -1.02770061e-05 ...  2.27166689e-04
    1.81897069e-06 -1.91352270e-04]
  [ 7.42477099e-07  1.10110600e-05  9.27869448e-05 ...  1.81897069e-06
    4.79980246e-04 -1.62432564e-06]
  [ 6.64944273e-08  1.04758054e-06  4.99877751e-06 ... -1.91352270e-04
   -1.62432564e-06  6.55604894e-04]]

 [[ 2.14412338e-09  3.18475820e-08  2.65523747e-07 ... -7.48707819e-08
    1.03578267e-06  2.38439761e-08]
  [ 3.18475820e-08  4.74248180e-07  3.91397253e-06 ... -9.93114638e-07
    1.53190782e-05  2.50156987e-07]
  [ 2.65523747e-07  3.91397253e-06  3.37625589e-05 ... -1.10143003e-05
    1.30901561e-04  4.52869255e-06]
  ...
  [-7.48707819e-08 -9.93114638e-07 -1.10143003e-05 ...  2.49604180e-04
    2.27939034e-06 -2.10130201e-04]
  [ 1.03578267e-06  1.53190782e-05  1.30901561e-04 ...  2.27939034e-06
    5.52938955e-04 -2.04467335e-06]
  [ 2.38439761e-08  2.50156987e-07  4.52869255e-06 ... -2.10130201e-04
   -2.04467335e-06  7.46013504e-04]]]
converged SCF energy = -150.226693714539  <S^2> = 2.0045398  2S+1 = 3.003025
dm0 check [[[ 1.14640950e-09  1.70870672e-08  1.38753998e-07 ... -8.06196923e-08
    6.25414528e-07  4.56927575e-08]
  [ 1.70870672e-08  2.56085999e-07  2.02952844e-06 ... -1.06182717e-06
    9.18278812e-06  7.18408366e-07]
  [ 1.38753998e-07  2.02952844e-06  1.80707657e-05 ... -1.26946916e-05
    8.12949394e-05  3.19889097e-06]
  ...
  [-8.06196923e-08 -1.06182717e-06 -1.26946916e-05 ...  2.39058491e-04
   -1.61684954e-06 -1.68274881e-04]
  [ 6.25414528e-07  9.18278812e-06  8.12949394e-05 ... -1.61684954e-06
    4.44994860e-04 -4.06046422e-06]
  [ 4.56927575e-08  7.18408366e-07  3.19889097e-06 ... -1.68274881e-04
   -4.06046422e-06  5.95722431e-04]]

 [[ 2.53030337e-08  3.85040165e-07  2.83120916e-06 ... -1.48564827e-07
    1.05892783e-07  7.43920858e-08]
  [ 3.85040165e-07  5.86062040e-06  4.30449785e-05 ... -2.17963273e-06
    1.18324637e-06  1.05293947e-06]
  [ 2.83120916e-06  4.30449785e-05  3.17984949e-04 ... -1.75088531e-05
    2.68730390e-05  9.39090727e-06]
  ...
  [-1.48564827e-07 -2.17963273e-06 -1.75088531e-05 ...  2.30571462e-04
    2.08900721e-07 -1.91671059e-04]
  [ 1.05892783e-07  1.18324637e-06  2.68730390e-05 ...  2.08900721e-07
    4.63238031e-04 -3.50215169e-06]
  [ 7.43920858e-08  1.05293947e-06  9.39090727e-06 ... -1.91671059e-04
   -3.50215169e-06  6.49568295e-04]]]
converged SCF energy = -150.244985829838  <S^2> = 0.92979912  2S+1 = 2.1723712
[timing] left/O ensemble SCF = 10.6s
dm0 check [[ 3.79534647e-01  6.12215910e-01 -1.25201681e-01 ...  2.36339299e-05
   1.49377745e-05 -4.82384209e-05]
 [ 6.12215910e-01  1.01512495e+00 -3.34000406e-01 ...  6.44451109e-05
   3.94796811e-05 -1.30678730e-04]
 [-1.25201681e-01 -3.34000406e-01  6.75172571e-01 ... -1.55470722e-04
  -9.56187288e-05  3.16282447e-04]
 ...
 [ 2.36339299e-05  6.44451109e-05 -1.55470722e-04 ...  1.08921640e-05
   5.93934392e-06 -2.35477803e-05]
 [ 1.49377745e-05  3.94796811e-05 -9.56187288e-05 ...  5.93934392e-06
   4.92236948e-06 -1.48011655e-05]
 [-4.82384209e-05 -1.30678730e-04  3.16282447e-04 ... -2.35477803e-05
  -1.48011655e-05  5.95209275e-05]]


******** <class 'pyscf.scf.addons.SmearingDFRKS'> ********
method = SmearingDFRKS
initial guess = minao
damping factor = 0.15
level_shift factor = 0.2
DIIS = <class 'pyscf.scf.diis.CDIIS'>
diis_start_cycle = 1
diis_space = 12
diis_damp = 0
SCF conv_tol = 5e-05
SCF conv_tol_grad = None
SCF max_cycles = 200
direct_scf = True
direct_scf_tol = 1e-13
chkfile to save SCF result = /tmp/tmpnx8_b0uf
max_memory 4000 MB (current use 87305 MB)
XC library pyscf.dft.libxc version 6.1.0
    S. Lehtola, C. Steigemann, M. J.T. Oliveira, and M. A.L. Marques.,  SoftwareX 7, 1–5 (2018)
XC functionals = pbe
    J. P. Perdew, K. Burke, and M. Ernzerhof.,  Phys. Rev. Lett. 77, 3865 (1996)
    J. P. Perdew, K. Burke, and M. Ernzerhof.,  Phys. Rev. Lett. 78, 1396 (1997)
    J. P. Perdew, K. Burke, and M. Ernzerhof.,  Phys. Rev. Lett. 77, 3865 (1996)
    J. P. Perdew, K. Burke, and M. Ernzerhof.,  Phys. Rev. Lett. 78, 1396 (1997)
small_rho_cutoff = 1e-06
Set gradient conv threshold to 0.00707107
    Total E(T) = -12114.6796564655  Free energy = -12115.7124131727  E0 = -12115.1960348191
init E= -12114.6796564655
    sigma = 0.02  Optimized mu = -0.0528459178463  entropy = 1.53313491644
    Total E(T) = -12114.679642606  Free energy = -12114.7103053044  E0 = -12114.6949739552
cycle= 1 E= -12114.679642606  delta_E= 1.39e-05  |g|= 0.0256  |ddm|= 17.1
    sigma = 0.02  Optimized mu = -0.0528607273246  entropy = 1.53407800836
    Total E(T) = -12114.6794637875  Free energy = -12114.7101453476  E0 = -12114.6948045676
cycle= 2 E= -12114.6794637875  delta_E= 0.000179  |g|= 0.0867  |ddm|= 74.9
    sigma = 0.02  Optimized mu = -0.0528490636057  entropy = 1.53326406933
    Total E(T) = -12114.6795667127  Free energy = -12114.7102319941  E0 = -12114.6948993534
cycle= 3 E= -12114.6795667127  delta_E= -0.000103  |g|= 0.048  |ddm|= 31.5
    sigma = 0.02  Optimized mu = -0.0528491979698  entropy = 1.53322515536
    Total E(T) = -12114.67961069  Free energy = -12114.7102751931  E0 = -12114.6949429416
cycle= 4 E= -12114.67961069  delta_E= -4.4e-05  |g|= 0.0341  |ddm|= 11.2
    sigma = 0.02  Optimized mu = -0.0528491195053  entropy = 1.53322156126
    Total E(T) = -12114.6796323686  Free energy = -12114.7102967998  E0 = -12114.6949645842
cycle= 5 E= -12114.6796323686  delta_E= -2.17e-05  |g|= 0.0251  |ddm|= 6.68
    sigma = 0.02  Optimized mu = -0.0528498294031  entropy = 1.53322191986
    Total E(T) = -12114.6796434486  Free energy = -12114.710307887  E0 = -12114.6949756678
cycle= 6 E= -12114.6796434486  delta_E= -1.11e-05  |g|= 0.0189  |ddm|= 4.66
    sigma = 0.02  Optimized mu = -0.0528491958574  entropy = 1.5332253955
    Total E(T) = -12114.6796496114  Free energy = -12114.7103141193  E0 = -12114.6949818654
cycle= 7 E= -12114.6796496114  delta_E= -6.16e-06  |g|= 0.0143  |ddm|= 2.82
    sigma = 0.02  Optimized mu = -0.0528505405193  entropy = 1.53321801176
    Total E(T) = -12114.6796531398  Free energy = -12114.7103175001  E0 = -12114.6949853199
cycle= 8 E= -12114.6796531398  delta_E= -3.53e-06  |g|= 0.0109  |ddm|= 2.06
    sigma = 0.02  Optimized mu = -0.0528484212423  entropy = 1.53322851382
    Total E(T) = -12114.6796551167  Free energy = -12114.710319687  E0 = -12114.6949874018
cycle= 9 E= -12114.6796551167  delta_E= -1.98e-06  |g|= 0.00843  |ddm|= 1.57
    sigma = 0.02  Optimized mu = -0.0528492670461  entropy = 1.53322769718
    Total E(T) = -12114.6796562916  Free energy = -12114.7103208455  E0 = -12114.6949885685
cycle= 10 E= -12114.6796562916  delta_E= -1.17e-06  |g|= 0.00659  |ddm|= 1.11
    sigma = 0.02  Optimized mu = -0.152964638547  entropy = 51.6375972466
    Total E(T) = -12114.1460425643  Free energy = -12115.1787945092  E0 = -12114.6624185367
Extra cycle  E= -12114.1460425643  delta_E= 0.534  |g|= 0.421  |ddm|= 4.37e+03
converged SCF energy = -12114.1460425643
dm0 check [[[ 1.89789180e-01  3.06166452e-01 -6.27381748e-02 ...  9.19341964e-06
    5.84136978e-06 -2.11378377e-05]
  [ 3.06166452e-01  5.07717999e-01 -1.67363614e-01 ...  2.51396859e-05
    1.53437717e-05 -5.72729619e-05]
  [-6.27381748e-02 -1.67363614e-01  3.38427213e-01 ... -6.05190235e-05
   -3.71068941e-05  1.38378967e-04]
  ...
  [ 9.19341964e-06  2.51396859e-05 -6.05190235e-05 ...  3.14107372e-06
    1.55989656e-06 -7.62941790e-06]
  [ 5.84136978e-06  1.53437717e-05 -3.71068941e-05 ...  1.55989656e-06
    1.58963551e-06 -4.84107587e-06]
  [-2.11378377e-05 -5.72729619e-05  1.38378967e-04 ... -7.62941790e-06
   -4.84107587e-06  2.29932744e-05]]

 [[ 1.89768264e-01  3.06109488e-01 -6.26088610e-02 ...  1.01254787e-05
    6.66566415e-06 -2.24848210e-05]
  [ 3.06109488e-01  5.07565923e-01 -1.67022315e-01 ...  2.76692503e-05
    1.75825229e-05 -6.09509618e-05]
  [-6.26088610e-02 -1.67022315e-01  3.37664023e-01 ... -6.67889769e-05
   -4.26695199e-05  1.47704950e-04]
  ...
  [ 1.01254787e-05  2.76692503e-05 -6.67889769e-05 ...  3.38545505e-06
    1.75030466e-06 -8.20520722e-06]
  [ 6.66566415e-06  1.75825229e-05 -4.26695199e-05 ...  1.75030466e-06
    1.74514879e-06 -5.31289962e-06]
  [-2.24848210e-05 -6.09509618e-05  1.47704950e-04 ... -8.20520722e-06
   -5.31289962e-06  2.42619094e-05]]]


******** <class 'pyscf.scf.addons.SmearingDFUKS'> ********
method = SmearingDFUKS
initial guess = minao
damping factor = 0.15
level_shift factor = 0.2
DIIS = <class 'pyscf.scf.diis.CDIIS'>
diis_start_cycle = 1
diis_space = 12
diis_damp = 0
SCF conv_tol = 5e-05
SCF conv_tol_grad = None
SCF max_cycles = 200
direct_scf = True
direct_scf_tol = 1e-13
chkfile to save SCF result = /tmp/tmph1vfanl1
max_memory 4000 MB (current use 87305 MB)
number electrons alpha = 325  beta = 323
XC library pyscf.dft.libxc version 6.1.0
    S. Lehtola, C. Steigemann, M. J.T. Oliveira, and M. A.L. Marques.,  SoftwareX 7, 1–5 (2018)
XC functionals = pbe
    J. P. Perdew, K. Burke, and M. Ernzerhof.,  Phys. Rev. Lett. 77, 3865 (1996)
    J. P. Perdew, K. Burke, and M. Ernzerhof.,  Phys. Rev. Lett. 78, 1396 (1997)
    J. P. Perdew, K. Burke, and M. Ernzerhof.,  Phys. Rev. Lett. 77, 3865 (1996)
    J. P. Perdew, K. Burke, and M. Ernzerhof.,  Phys. Rev. Lett. 78, 1396 (1997)
small_rho_cutoff = 1e-06
Set gradient conv threshold to 0.00707107
    Total E(T) = -12114.2360286522  Free energy = -12114.3003050674  E0 = -12114.2681668598
init E= -12114.2360286522
    sigma = 0.005  Optimized mu_alpha = -0.197468919448  entropy = 3.44388716266e-07
    sigma = 0.005  Optimized mu_beta  = -0.199997793867  entropy = 3.44388716266e-07
    Total E(T) = -12114.2360233891  Free energy = -12114.2360233908  E0 = -12114.2360233899
cycle= 1 E= -12114.2360233891  delta_E= 5.26e-06  |g|= 0.022  |ddm|= 8.31
    sigma = 0.005  Optimized mu_alpha = -0.197374933157  entropy = 3.4465358905e-07
    sigma = 0.005  Optimized mu_beta  = -0.199906940959  entropy = 3.4465358905e-07
    Total E(T) = -12114.2359647323  Free energy = -12114.2359647341  E0 = -12114.2359647332
cycle= 2 E= -12114.2359647323  delta_E= 5.87e-05  |g|= 0.0703  |ddm|= 33.1
    sigma = 0.005  Optimized mu_alpha = -0.197438326353  entropy = 3.4432974757e-07
    sigma = 0.005  Optimized mu_beta  = -0.199968655839  entropy = 3.4432974757e-07
    Total E(T) = -12114.2359976541  Free energy = -12114.2359976558  E0 = -12114.2359976549
cycle= 3 E= -12114.2359976541  delta_E= -3.29e-05  |g|= 0.0392  |ddm|= 13.5
    sigma = 0.005  Optimized mu_alpha = -0.197441477426  entropy = 3.44350410486e-07
    sigma = 0.005  Optimized mu_beta  = -0.199971367008  entropy = 3.44350410486e-07
    Total E(T) = -12114.2360134335  Free energy = -12114.2360134352  E0 = -12114.2360134344
cycle= 4 E= -12114.2360134335  delta_E= -1.58e-05  |g|= 0.0273  |ddm|= 5.06
    sigma = 0.005  Optimized mu_alpha = -0.197443169696  entropy = 3.44346711488e-07
    sigma = 0.005  Optimized mu_beta  = -0.199973013927  entropy = 3.44346711488e-07
    Total E(T) = -12114.2360210815  Free energy = -12114.2360210832  E0 = -12114.2360210823
cycle= 5 E= -12114.2360210815  delta_E= -7.65e-06  |g|= 0.0196  |ddm|= 2.97
    sigma = 0.005  Optimized mu_alpha = -0.197441833641  entropy = 3.44356145699e-07
    sigma = 0.005  Optimized mu_beta  = -0.199971606628  entropy = 3.44356145699e-07
    Total E(T) = -12114.2360248648  Free energy = -12114.2360248665  E0 = -12114.2360248657
cycle= 6 E= -12114.2360248648  delta_E= -3.78e-06  |g|= 0.0144  |ddm|= 2.06
    sigma = 0.005  Optimized mu_alpha = -0.197443153956  entropy = 3.44344001722e-07
    sigma = 0.005  Optimized mu_beta  = -0.19997298854  entropy = 3.44344001722e-07
    Total E(T) = -12114.2360268726  Free energy = -12114.2360268743  E0 = -12114.2360268735
cycle= 7 E= -12114.2360268726  delta_E= -2.01e-06  |g|= 0.0106  |ddm|= 1.29
    sigma = 0.005  Optimized mu_alpha = -0.197443689344  entropy = 3.44344368128e-07
    sigma = 0.005  Optimized mu_beta  = -0.199973456003  entropy = 3.44344368128e-07
    Total E(T) = -12114.2360279597  Free energy = -12114.2360279615  E0 = -12114.2360279606
cycle= 8 E= -12114.2360279597  delta_E= -1.09e-06  |g|= 0.00795  |ddm|= 0.863
    sigma = 0.005  Optimized mu_alpha = -0.197442725064  entropy = 3.44344627369e-07
    sigma = 0.005  Optimized mu_beta  = -0.19997256749  entropy = 3.44344627369e-07
    Total E(T) = -12114.2360285516  Free energy = -12114.2360285533  E0 = -12114.2360285524
cycle= 9 E= -12114.2360285516  delta_E= -5.92e-07  |g|= 0.00599  |ddm|= 0.682
    sigma = 0.005  Optimized mu_alpha = -0.297037603618  entropy = 12.8551892668
    sigma = 0.005  Optimized mu_beta  = -0.299919296716  entropy = 12.8551892668
    Total E(T) = -12114.2010103044  Free energy = -12114.2652862507  E0 = -12114.2331482775
Extra cycle  E= -12114.2010103044  delta_E= 0.035  |g|= 0.222  |ddm|=  937
converged SCF energy = -12114.2010103044  <S^2> = 2.0138896  2S+1 = 3.0092455
[timing] right/Al ensemble SCF = 1202.9s
[timing] collect state = 0.0s
[timing] grad contraction = 1.7s
Npdft 666.000034337284
[timing] checkpoint save = 0.0s
step=  10 L=-12262.79903596 Ef=-12262.81504878 L1=8.83408774e-01 |grad|=1.15607e-02 t=1417.5s
[diagnostic] step=11 |b|=2.402097e+00 max|b|=8.821469e-01
[timing] build AO Vp from S3 = 1.6s
[diagnostic] |vpl|=3.138913e+00 max|vpl|=5.458302e-01
[diagnostic] |vpr|=2.238818e+00 max|vpr|=4.776389e-01
[diagnostic] |vpref|=3.237554e+00 max|vpref|=5.451159e-01
dm0 check [[[ 1.51511402e-09  2.24391602e-08  1.89789932e-07 ... -1.14718949e-07
    7.42476676e-07  6.64942946e-08]
  [ 2.24391602e-08  3.34444480e-07  2.75067390e-06 ... -1.77767024e-06
    1.10110557e-05  1.04757811e-06]
  [ 1.89789932e-07  2.75067390e-06  2.57237925e-05 ... -1.02769862e-05
    9.27868828e-05  4.99875971e-06]
  ...
  [-1.14718949e-07 -1.77767024e-06 -1.02769862e-05 ...  2.27166757e-04
    1.81897141e-06 -1.91352326e-04]
  [ 7.42476676e-07  1.10110557e-05  9.27868828e-05 ...  1.81897141e-06
    4.79980286e-04 -1.62432518e-06]
  [ 6.64942946e-08  1.04757811e-06  4.99875971e-06 ... -1.91352326e-04
   -1.62432518e-06  6.55604983e-04]]

 [[ 2.14412355e-09  3.18475848e-08  2.65523729e-07 ... -7.48705123e-08
    1.03578252e-06  2.38437442e-08]
  [ 3.18475848e-08  4.74248193e-07  3.91397262e-06 ... -9.93112828e-07
    1.53190767e-05  2.50155360e-07]
  [ 2.65523729e-07  3.91397262e-06  3.37625552e-05 ... -1.10142821e-05
    1.30901534e-04  4.52867722e-06]
  ...
  [-7.48705123e-08 -9.93112828e-07 -1.10142821e-05 ...  2.49604229e-04
    2.27939085e-06 -2.10130242e-04]
  [ 1.03578252e-06  1.53190767e-05  1.30901534e-04 ...  2.27939085e-06
    5.52938815e-04 -2.04467279e-06]
  [ 2.38437442e-08  2.50155360e-07  4.52867722e-06 ... -2.10130242e-04
   -2.04467279e-06  7.46013397e-04]]]
converged SCF energy = -150.226693714539  <S^2> = 2.0045398  2S+1 = 3.003025
dm0 check [[[ 1.14641024e-09  1.70870792e-08  1.38754064e-07 ... -8.06198266e-08
    6.25414586e-07  4.56927794e-08]
  [ 1.70870792e-08  2.56086189e-07  2.02952959e-06 ... -1.06182794e-06
    9.18279031e-06  7.18408502e-07]
  [ 1.38754064e-07  2.02952959e-06  1.80707726e-05 ... -1.26946984e-05
    8.12949604e-05  3.19889201e-06]
  ...
  [-8.06198266e-08 -1.06182794e-06 -1.26946984e-05 ...  2.39058473e-04
   -1.61688238e-06 -1.68274911e-04]
  [ 6.25414586e-07  9.18279031e-06  8.12949604e-05 ... -1.61688238e-06
    4.44994935e-04 -4.06049348e-06]
  [ 4.56927794e-08  7.18408502e-07  3.19889201e-06 ... -1.68274911e-04
   -4.06049348e-06  5.95722523e-04]]

 [[ 2.53031342e-08  3.85041698e-07  2.83122026e-06 ... -1.48565081e-07
    1.05892012e-07  7.43928595e-08]
  [ 3.85041698e-07  5.86064379e-06  4.30451476e-05 ... -2.17963530e-06
    1.18323536e-06  1.05294996e-06]
  [ 2.83122026e-06  4.30451476e-05  3.17986172e-04 ... -1.75088770e-05
    2.68729610e-05  9.39098702e-06]
  ...
  [-1.48565081e-07 -2.17963530e-06 -1.75088770e-05 ...  2.30571501e-04
    2.08899297e-07 -1.91671094e-04]
  [ 1.05892012e-07  1.18323536e-06  2.68729610e-05 ...  2.08899297e-07
    4.63238099e-04 -3.50214714e-06]
  [ 7.43928595e-08  1.05294996e-06  9.39098702e-06 ... -1.91671094e-04
   -3.50214714e-06  6.49568416e-04]]]
converged SCF energy = -150.244985829833  <S^2> = 0.92979393  2S+1 = 2.1723664
[timing] left/O ensemble SCF = 11.8s
dm0 check [[ 3.79534647e-01  6.12215910e-01 -1.25201683e-01 ...  2.36342667e-05
   1.49379685e-05 -4.82389823e-05]
 [ 6.12215910e-01  1.01512495e+00 -3.34000411e-01 ...  6.44460202e-05
   3.94802049e-05 -1.30680245e-04]
 [-1.25201683e-01 -3.34000411e-01  6.75172582e-01 ... -1.55472933e-04
  -9.56200039e-05  3.16286131e-04]
 ...
 [ 2.36342667e-05  6.44460202e-05 -1.55472933e-04 ...  1.08921313e-05
   5.93947541e-06 -2.35474218e-05]
 [ 1.49379685e-05  3.94802049e-05 -9.56200039e-05 ...  5.93947541e-06
   4.92253351e-06 -1.48011854e-05]
 [-4.82389823e-05 -1.30680245e-04  3.16286131e-04 ... -2.35474218e-05
  -1.48011854e-05  5.95199098e-05]]


******** <class 'pyscf.scf.addons.SmearingDFRKS'> ********
method = SmearingDFRKS
initial guess = minao
damping factor = 0.15
level_shift factor = 0.2
DIIS = <class 'pyscf.scf.diis.CDIIS'>
diis_start_cycle = 1
diis_space = 12
diis_damp = 0
SCF conv_tol = 5e-05
SCF conv_tol_grad = None
SCF max_cycles = 200
direct_scf = True
direct_scf_tol = 1e-13
chkfile to save SCF result = /tmp/tmpnx8_b0uf
max_memory 4000 MB (current use 87174 MB)
XC library pyscf.dft.libxc version 6.1.0
    S. Lehtola, C. Steigemann, M. J.T. Oliveira, and M. A.L. Marques.,  SoftwareX 7, 1–5 (2018)
XC functionals = pbe
    J. P. Perdew, K. Burke, and M. Ernzerhof.,  Phys. Rev. Lett. 77, 3865 (1996)
    J. P. Perdew, K. Burke, and M. Ernzerhof.,  Phys. Rev. Lett. 78, 1396 (1997)
    J. P. Perdew, K. Burke, and M. Ernzerhof.,  Phys. Rev. Lett. 77, 3865 (1996)
    J. P. Perdew, K. Burke, and M. Ernzerhof.,  Phys. Rev. Lett. 78, 1396 (1997)
small_rho_cutoff = 1e-06
Set gradient conv threshold to 0.00707107
    Total E(T) = -12114.6809583546  Free energy = -12115.7137102995  E0 = -12115.1973343271
init E= -12114.6809583546
    sigma = 0.02  Optimized mu = -0.0529079630653  entropy = 1.53270801385
    Total E(T) = -12114.6809458347  Free energy = -12114.711599995  E0 = -12114.6962729149
cycle= 1 E= -12114.6809458347  delta_E= 1.25e-05  |g|= 0.0298  |ddm|= 40.4
    sigma = 0.02  Optimized mu = -0.0529483186165  entropy = 1.53374527943
    Total E(T) = -12114.6807013808  Free energy = -12114.7113762864  E0 = -12114.6960388336
cycle= 2 E= -12114.6807013808  delta_E= 0.000244  |g|= 0.101  |ddm|=  114
    sigma = 0.02  Optimized mu = -0.0528776719083  entropy = 1.53295040874
    Total E(T) = -12114.680860658  Free energy = -12114.7115196662  E0 = -12114.6961901621
cycle= 3 E= -12114.680860658  delta_E= -0.000159  |g|= 0.0503  |ddm|=   42
    sigma = 0.02  Optimized mu = -0.0528844346332  entropy = 1.53285807733
    Total E(T) = -12114.6809254441  Free energy = -12114.7115826056  E0 = -12114.6962540249
cycle= 4 E= -12114.6809254441  delta_E= -6.48e-05  |g|= 0.0308  |ddm|= 17.1
    sigma = 0.02  Optimized mu = -0.0528806502033  entropy = 1.53285380962
    Total E(T) = -12114.6809501274  Free energy = -12114.7116072036  E0 = -12114.6962786655
cycle= 5 E= -12114.6809501274  delta_E= -2.47e-05  |g|= 0.0201  |ddm|=   14
    sigma = 0.02  Optimized mu = -0.0528919323922  entropy = 1.53281455788
    Total E(T) = -12114.6809612874  Free energy = -12114.7116175785  E0 = -12114.6962894329
cycle= 6 E= -12114.6809612874  delta_E= -1.12e-05  |g|= 0.0122  |ddm|= 6.96
    sigma = 0.02  Optimized mu = -0.0528724632549  entropy = 1.53289862188
    Total E(T) = -12114.6809654892  Free energy = -12114.7116234616  E0 = -12114.6962944754
cycle= 7 E= -12114.6809654892  delta_E= -4.2e-06  |g|= 0.00763  |ddm|=  4.5
    sigma = 0.02  Optimized mu = -0.0528796991193  entropy = 1.53286144604
    Total E(T) = -12114.680967114  Free energy = -12114.711624343  E0 = -12114.6962957285
cycle= 8 E= -12114.680967114  delta_E= -1.62e-06  |g|= 0.00525  |ddm|= 3.75
    sigma = 0.02  Optimized mu = -0.152996169329  entropy = 51.6328498968
    Total E(T) = -12114.1474302792  Free energy = -12115.1800872772  E0 = -12114.6637587782
Extra cycle  E= -12114.1474302792  delta_E= 0.534  |g|= 0.421  |ddm|= 4.37e+03
converged SCF energy = -12114.1474302792
dm0 check [[[ 1.89789181e-01  3.06166452e-01 -6.27381778e-02 ...  9.19374067e-06
    5.84152621e-06 -2.11382630e-05]
  [ 3.06166452e-01  5.07717998e-01 -1.67363619e-01 ...  2.51405507e-05
    1.53441930e-05 -5.72741066e-05]
  [-6.27381778e-02 -1.67363619e-01  3.38427232e-01 ... -6.05211112e-05
   -3.71079096e-05  1.38381724e-04]
  ...
  [ 9.19374067e-06  2.51405507e-05 -6.05211112e-05 ...  3.14106413e-06
    1.55991187e-06 -7.62936609e-06]
  [ 5.84152621e-06  1.53441930e-05 -3.71079096e-05 ...  1.55991187e-06
    1.58965195e-06 -4.84108800e-06]
  [-2.11382630e-05 -5.72741066e-05  1.38381724e-04 ... -7.62936609e-06
   -4.84108800e-06  2.29931126e-05]]

 [[ 1.89768266e-01  3.06109492e-01 -6.26088725e-02 ...  1.01252530e-05
    6.66556958e-06 -2.24843981e-05]
  [ 3.06109492e-01  5.07565932e-01 -1.67022343e-01 ...  2.76686404e-05
    1.75822669e-05 -6.09498181e-05]
  [-6.26088725e-02 -1.67022343e-01  3.37664097e-01 ... -6.67874947e-05
   -4.26688948e-05  1.47702163e-04]
  ...
  [ 1.01252530e-05  2.76686404e-05 -6.67874947e-05 ...  3.38539575e-06
    1.75027146e-06 -8.20503964e-06]
  [ 6.66556958e-06  1.75822669e-05 -4.26688948e-05 ...  1.75027146e-06
    1.74513420e-06 -5.31283004e-06]
  [-2.24843981e-05 -6.09498181e-05  1.47702163e-04 ... -8.20503964e-06
   -5.31283004e-06  2.42615050e-05]]]


******** <class 'pyscf.scf.addons.SmearingDFUKS'> ********
method = SmearingDFUKS
initial guess = minao
damping factor = 0.15
level_shift factor = 0.2
DIIS = <class 'pyscf.scf.diis.CDIIS'>
diis_start_cycle = 1
diis_space = 12
diis_damp = 0
SCF conv_tol = 5e-05
SCF conv_tol_grad = None
SCF max_cycles = 200
direct_scf = True
direct_scf_tol = 1e-13
chkfile to save SCF result = /tmp/tmph1vfanl1
max_memory 4000 MB (current use 87174 MB)
number electrons alpha = 325  beta = 323
XC library pyscf.dft.libxc version 6.1.0
    S. Lehtola, C. Steigemann, M. J.T. Oliveira, and M. A.L. Marques.,  SoftwareX 7, 1–5 (2018)
XC functionals = pbe
    J. P. Perdew, K. Burke, and M. Ernzerhof.,  Phys. Rev. Lett. 77, 3865 (1996)
    J. P. Perdew, K. Burke, and M. Ernzerhof.,  Phys. Rev. Lett. 78, 1396 (1997)
    J. P. Perdew, K. Burke, and M. Ernzerhof.,  Phys. Rev. Lett. 77, 3865 (1996)
    J. P. Perdew, K. Burke, and M. Ernzerhof.,  Phys. Rev. Lett. 78, 1396 (1997)
small_rho_cutoff = 1e-06
Set gradient conv threshold to 0.00707107
    Total E(T) = -12114.2372443508  Free energy = -12114.3015202971  E0 = -12114.269382324
init E= -12114.2372443508
    sigma = 0.005  Optimized mu_alpha = -0.197544111597  entropy = 3.44418253394e-07
    sigma = 0.005  Optimized mu_beta  = -0.200071715113  entropy = 3.44418253394e-07
    Total E(T) = -12114.2372448654  Free energy = -12114.2372448672  E0 = -12114.2372448663
cycle= 1 E= -12114.2372448654  delta_E= -5.15e-07  |g|= 0.0227  |ddm|= 17.5
    sigma = 0.005  Optimized mu_alpha = -0.197462029248  entropy = 3.44404233e-07
    sigma = 0.005  Optimized mu_beta  = -0.19999586062  entropy = 3.44404233e-07
    Total E(T) = -12114.23719157  Free energy = -12114.2371915718  E0 = -12114.2371915709
cycle= 2 E= -12114.23719157  delta_E= 5.33e-05  |g|= 0.0677  |ddm|= 25.5
    sigma = 0.005  Optimized mu_alpha = -0.197477709913  entropy = 3.44284840373e-07
    sigma = 0.005  Optimized mu_beta  = -0.20000855451  entropy = 3.44284840373e-07
    Total E(T) = -12114.2372274944  Free energy = -12114.2372274962  E0 = -12114.2372274953
cycle= 3 E= -12114.2372274944  delta_E= -3.59e-05  |g|= 0.0321  |ddm|= 13.8
    sigma = 0.005  Optimized mu_alpha = -0.197496338096  entropy = 3.44246152187e-07
    sigma = 0.005  Optimized mu_beta  = -0.200026107877  entropy = 3.44246152187e-07
    Total E(T) = -12114.2372439993  Free energy = -12114.237244001  E0 = -12114.2372440001
cycle= 4 E= -12114.2372439993  delta_E= -1.65e-05  |g|= 0.0174  |ddm|= 9.08
    sigma = 0.005  Optimized mu_alpha = -0.197485676233  entropy = 3.44311792552e-07
    sigma = 0.005  Optimized mu_beta  = -0.200015087025  entropy = 3.44311792552e-07
    Total E(T) = -12114.2372492553  Free energy = -12114.237249257  E0 = -12114.2372492562
cycle= 5 E= -12114.2372492553  delta_E= -5.26e-06  |g|= 0.0103  |ddm|=  3.7
    sigma = 0.005  Optimized mu_alpha = -0.197497875153  entropy = 3.44236658035e-07
    sigma = 0.005  Optimized mu_beta  = -0.200027756462  entropy = 3.44236658035e-07
    Total E(T) = -12114.2372512583  Free energy = -12114.2372512601  E0 = -12114.2372512592
cycle= 6 E= -12114.2372512583  delta_E= -2e-06  |g|= 0.00536  |ddm|= 1.98
    sigma = 0.005  Optimized mu_alpha = -0.297041893516  entropy = 12.8537026314
    sigma = 0.005  Optimized mu_beta  = -0.299923940951  entropy = 12.8537026314
    Total E(T) = -12114.2021930747  Free energy = -12114.2664615879  E0 = -12114.2343273313
Extra cycle  E= -12114.2021930747  delta_E= 0.0351  |g|= 0.224  |ddm|=  940
converged SCF energy = -12114.2021930747  <S^2> = 2.0138822  2S+1 = 3.0092405
[timing] right/Al ensemble SCF = 931.6s
[timing] collect state = 0.0s
[timing] grad contraction = 1.5s
Npdft 666.0000343243493
[timing] checkpoint save = 0.0s
step=  11 L=-12262.82486122 Ef=-12262.84113801 L1=8.74228085e-01 |grad|=1.16380e-02 t=1145.6s
[diagnostic] step=12 |b|=2.401485e+00 max|b|=8.816003e-01
[timing] build AO Vp from S3 = 1.6s
[diagnostic] |vpl|=3.139366e+00 max|vpl|=5.469385e-01
[diagnostic] |vpr|=2.238101e+00 max|vpr|=4.783170e-01
[diagnostic] |vpref|=3.237472e+00 max|vpref|=5.462271e-01
dm0 check [[[ 1.51511371e-09  2.24391587e-08  1.89789885e-07 ... -1.14719100e-07
    7.42477119e-07  6.64944335e-08]
  [ 2.24391587e-08  3.34444535e-07  2.75067326e-06 ... -1.77767285e-06
    1.10110602e-05  1.04758065e-06]
  [ 1.89789885e-07  2.75067326e-06  2.57237850e-05 ... -1.02770071e-05
    9.27869477e-05  4.99877835e-06]
  ...
  [-1.14719100e-07 -1.77767285e-06 -1.02770071e-05 ...  2.27166686e-04
    1.81897066e-06 -1.91352267e-04]
  [ 7.42477119e-07  1.10110602e-05  9.27869477e-05 ...  1.81897066e-06
    4.79980244e-04 -1.62432566e-06]
  [ 6.64944335e-08  1.04758065e-06  4.99877835e-06 ... -1.91352267e-04
   -1.62432566e-06  6.55604889e-04]]

 [[ 2.14412337e-09  3.18475819e-08  2.65523748e-07 ... -7.48707945e-08
    1.03578267e-06  2.38439869e-08]
  [ 3.18475819e-08  4.74248179e-07  3.91397252e-06 ... -9.93114723e-07
    1.53190782e-05  2.50157063e-07]
  [ 2.65523748e-07  3.91397252e-06  3.37625591e-05 ... -1.10143011e-05
    1.30901563e-04  4.52869327e-06]
  ...
  [-7.48707945e-08 -9.93114723e-07 -1.10143011e-05 ...  2.49604178e-04
    2.27939032e-06 -2.10130199e-04]
  [ 1.03578267e-06  1.53190782e-05  1.30901563e-04 ...  2.27939032e-06
    5.52938961e-04 -2.04467337e-06]
  [ 2.38439869e-08  2.50157063e-07  4.52869327e-06 ... -2.10130199e-04
   -2.04467337e-06  7.46013509e-04]]]
converged SCF energy = -150.22669371454  <S^2> = 2.0045398  2S+1 = 3.003025
dm0 check [[[ 1.14641175e-09  1.70870852e-08  1.38754190e-07 ... -8.06195303e-08
    6.25414482e-07  4.56923927e-08]
  [ 1.70870852e-08  2.56086076e-07  2.02952891e-06 ... -1.06182174e-06
    9.18277775e-06  7.18406689e-07]
  [ 1.38754190e-07  2.02952891e-06  1.80707782e-05 ... -1.26946986e-05
    8.12948828e-05  3.19886534e-06]
  ...
  [-8.06195303e-08 -1.06182174e-06 -1.26946986e-05 ...  2.39058859e-04
   -1.61686895e-06 -1.68274611e-04]
  [ 6.25414482e-07  9.18277775e-06  8.12948828e-05 ... -1.61686895e-06
    4.44994181e-04 -4.06041998e-06]
  [ 4.56923927e-08  7.18406689e-07  3.19886534e-06 ... -1.68274611e-04
   -4.06041998e-06  5.95721441e-04]]

 [[ 2.53023118e-08  3.85029194e-07  2.83113043e-06 ... -1.48563130e-07
    1.05896718e-07  7.43929118e-08]
  [ 3.85029194e-07  5.86045370e-06  4.30437811e-05 ... -2.17960991e-06
    1.18330086e-06  1.05295435e-06]
  [ 2.83113043e-06  4.30437811e-05  3.17976360e-04 ... -1.75086755e-05
    2.68734244e-05  9.39100466e-06]
  ...
  [-1.48563130e-07 -2.17960991e-06 -1.75086755e-05 ...  2.30571234e-04
    2.08936335e-07 -1.91670829e-04]
  [ 1.05896718e-07  1.18330086e-06  2.68734244e-05 ...  2.08936335e-07
    4.63237147e-04 -3.50203553e-06]
  [ 7.43929118e-08  1.05295435e-06  9.39100466e-06 ... -1.91670829e-04
   -3.50203553e-06  6.49567061e-04]]]
converged SCF energy = -150.244985829837  <S^2> = 0.92979876  2S+1 = 2.1723708
[timing] left/O ensemble SCF = 14.4s
dm0 check [[ 3.79552974e-01  6.12225473e-01 -1.25221022e-01 ...  2.36168975e-05
   1.49737086e-05 -4.81792104e-05]
 [ 6.12225473e-01  1.01511091e+00 -3.34041564e-01 ...  6.43983852e-05
   3.95768663e-05 -1.30517474e-04]
 [-1.25221022e-01 -3.34041564e-01  6.75278750e-01 ... -1.55375401e-04
  -9.58682763e-05  3.15932657e-04]
 ...
 [ 2.36168975e-05  6.43983852e-05 -1.55375401e-04 ...  1.08358982e-05
   5.93158737e-06 -2.34316817e-05]
 [ 1.49737086e-05  3.95768663e-05 -9.58682763e-05 ...  5.93158737e-06
   4.93590527e-06 -1.47910145e-05]
 [-4.81792104e-05 -1.30517474e-04  3.15932657e-04 ... -2.34316817e-05
  -1.47910145e-05  5.92916152e-05]]


******** <class 'pyscf.scf.addons.SmearingDFRKS'> ********
method = SmearingDFRKS
initial guess = minao
damping factor = 0.15
level_shift factor = 0.2
DIIS = <class 'pyscf.scf.diis.CDIIS'>
diis_start_cycle = 1
diis_space = 12
diis_damp = 0
SCF conv_tol = 5e-05
SCF conv_tol_grad = None
SCF max_cycles = 200
direct_scf = True
direct_scf_tol = 1e-13
chkfile to save SCF result = /tmp/tmpnx8_b0uf
max_memory 4000 MB (current use 87081 MB)
XC library pyscf.dft.libxc version 6.1.0
    S. Lehtola, C. Steigemann, M. J.T. Oliveira, and M. A.L. Marques.,  SoftwareX 7, 1–5 (2018)
XC functionals = pbe
    J. P. Perdew, K. Burke, and M. Ernzerhof.,  Phys. Rev. Lett. 77, 3865 (1996)
    J. P. Perdew, K. Burke, and M. Ernzerhof.,  Phys. Rev. Lett. 78, 1396 (1997)
    J. P. Perdew, K. Burke, and M. Ernzerhof.,  Phys. Rev. Lett. 77, 3865 (1996)
    J. P. Perdew, K. Burke, and M. Ernzerhof.,  Phys. Rev. Lett. 78, 1396 (1997)
small_rho_cutoff = 1e-06
Set gradient conv threshold to 0.00707107
    Total E(T) = -12114.6796520722  Free energy = -12115.7123090701  E0 = -12115.1959805711
init E= -12114.6796520722
    sigma = 0.02  Optimized mu = -0.0528176573224  entropy = 1.53321060047
    Total E(T) = -12114.6796455409  Free energy = -12114.7103097529  E0 = -12114.6949776469
cycle= 1 E= -12114.6796455409  delta_E= 6.53e-06  |g|= 0.0221  |ddm|= 20.9
    sigma = 0.02  Optimized mu = -0.0528036672858  entropy = 1.5340380845
    Total E(T) = -12114.6795108306  Free energy = -12114.7101915923  E0 = -12114.6948512114
cycle= 2 E= -12114.6795108306  delta_E= 0.000135  |g|= 0.0741  |ddm|= 55.5
    sigma = 0.02  Optimized mu = -0.0528496003859  entropy = 1.53320012379
    Total E(T) = -12114.6795969948  Free energy = -12114.7102609973  E0 = -12114.6949289961
cycle= 3 E= -12114.6795969948  delta_E= -8.62e-05  |g|= 0.0379  |ddm|= 28.7
    sigma = 0.02  Optimized mu = -0.0528427287238  entropy = 1.5332202021
    Total E(T) = -12114.6796341162  Free energy = -12114.7102985202  E0 = -12114.6949663182
cycle= 4 E= -12114.6796341162  delta_E= -3.71e-05  |g|= 0.0229  |ddm|= 10.3
    sigma = 0.02  Optimized mu = -0.0528498819213  entropy = 1.53318507599
    Total E(T) = -12114.6796486091  Free energy = -12114.7103123107  E0 = -12114.6949804599
cycle= 5 E= -12114.6796486091  delta_E= -1.45e-05  |g|= 0.0148  |ddm|= 7.43
    sigma = 0.02  Optimized mu = -0.0528381547602  entropy = 1.53323289063
    Total E(T) = -12114.6796548084  Free energy = -12114.7103194662  E0 = -12114.6949871373
cycle= 6 E= -12114.6796548084  delta_E= -6.2e-06  |g|= 0.00883  |ddm|= 3.93
    sigma = 0.02  Optimized mu = -0.0528552235556  entropy = 1.53318433419
    Total E(T) = -12114.6796573828  Free energy = -12114.7103210695  E0 = -12114.6949892262
cycle= 7 E= -12114.6796573828  delta_E= -2.57e-06  |g|= 0.00559  |ddm|= 3.49
    sigma = 0.02  Optimized mu = -0.15296822503  entropy = 51.6377105496
    Total E(T) = -12114.1460707977  Free energy = -12115.1788250087  E0 = -12114.6624479032
Extra cycle  E= -12114.1460707977  delta_E= 0.534  |g|= 0.42  |ddm|= 4.37e+03
converged SCF energy = -12114.1460707977
dm0 check [[[ 1.89798333e-01  3.06171211e-01 -6.27477715e-02 ...  9.18740039e-06
    5.85800509e-06 -2.11144121e-05]
  [ 3.06171211e-01  5.07710925e-01 -1.67384004e-01 ...  2.51231274e-05
    1.53887879e-05 -5.72090776e-05]
  [-6.27477715e-02 -1.67384004e-01  3.38479836e-01 ... -6.04860795e-05
   -3.72217152e-05  1.38242639e-04]
  ...
  [ 9.18740039e-06  2.51231274e-05 -6.04860795e-05 ...  3.12640229e-06
    1.55953631e-06 -7.59507315e-06]
  [ 5.85800509e-06  1.53887879e-05 -3.72217152e-05 ...  1.55953631e-06
    1.59560954e-06 -4.84301048e-06]
  [-2.11144121e-05 -5.72090776e-05  1.38242639e-04 ... -7.59507315e-06
   -4.84301048e-06  2.29189665e-05]]

 [[ 1.89777389e-01  3.06114180e-01 -6.26182707e-02 ...  1.01185085e-05
    6.68175843e-06 -2.24508429e-05]
  [ 3.06114180e-01  5.07558680e-01 -1.67042214e-01 ...  2.76501006e-05
    1.76261059e-05 -6.08585701e-05]
  [-6.26182707e-02 -1.67042214e-01  3.37715273e-01 ... -6.67501744e-05
   -4.27816342e-05  1.47499215e-04]
  ...
  [ 1.01185085e-05  2.76501006e-05 -6.67501744e-05 ...  3.36963776e-06
    1.74965613e-06 -8.16796675e-06]
  [ 6.68175843e-06  1.76261059e-05 -4.27816342e-05 ...  1.74965613e-06
    1.75135896e-06 -5.31390081e-06]
  [-2.24508429e-05 -6.08585701e-05  1.47499215e-04 ... -8.16796675e-06
   -5.31390081e-06  2.41793670e-05]]]


******** <class 'pyscf.scf.addons.SmearingDFUKS'> ********
method = SmearingDFUKS
initial guess = minao
damping factor = 0.15
level_shift factor = 0.2
DIIS = <class 'pyscf.scf.diis.CDIIS'>
diis_start_cycle = 1
diis_space = 12
diis_damp = 0
SCF conv_tol = 5e-05
SCF conv_tol_grad = None
SCF max_cycles = 200
direct_scf = True
direct_scf_tol = 1e-13
chkfile to save SCF result = /tmp/tmph1vfanl1
max_memory 4000 MB (current use 87081 MB)
number electrons alpha = 325  beta = 323
XC library pyscf.dft.libxc version 6.1.0
    S. Lehtola, C. Steigemann, M. J.T. Oliveira, and M. A.L. Marques.,  SoftwareX 7, 1–5 (2018)
XC functionals = pbe
    J. P. Perdew, K. Burke, and M. Ernzerhof.,  Phys. Rev. Lett. 77, 3865 (1996)
    J. P. Perdew, K. Burke, and M. Ernzerhof.,  Phys. Rev. Lett. 78, 1396 (1997)
    J. P. Perdew, K. Burke, and M. Ernzerhof.,  Phys. Rev. Lett. 77, 3865 (1996)
    J. P. Perdew, K. Burke, and M. Ernzerhof.,  Phys. Rev. Lett. 78, 1396 (1997)
small_rho_cutoff = 1e-06
Set gradient conv threshold to 0.00707107
    Total E(T) = -12114.2360224353  Free energy = -12114.3002909484  E0 = -12114.2681566918
init E= -12114.2360224353
    sigma = 0.005  Optimized mu_alpha = -0.197403525635  entropy = 3.44349944418e-07
    sigma = 0.005  Optimized mu_beta  = -0.199934315744  entropy = 3.44349944418e-07
    Total E(T) = -12114.2360191325  Free energy = -12114.2360191342  E0 = -12114.2360191333
cycle= 1 E= -12114.2360191325  delta_E= 3.3e-06  |g|= 0.0278  |ddm|= 22.5
    sigma = 0.005  Optimized mu_alpha = -0.19741588782  entropy = 3.44619190462e-07
    sigma = 0.005  Optimized mu_beta  = -0.199947029304  entropy = 3.44619190462e-07
    Total E(T) = -12114.235918039  Free energy = -12114.2359180407  E0 = -12114.2359180398
cycle= 2 E= -12114.235918039  delta_E= 0.000101  |g|= 0.0917  |ddm|= 55.3
    sigma = 0.005  Optimized mu_alpha = -0.19744895595  entropy = 3.44334361092e-07
    sigma = 0.005  Optimized mu_beta  = -0.199978468577  entropy = 3.44334361092e-07
    Total E(T) = -12114.2359868151  Free energy = -12114.2359868168  E0 = -12114.2359868159
cycle= 3 E= -12114.2359868151  delta_E= -6.88e-05  |g|= 0.0439  |ddm|= 20.5
    sigma = 0.005  Optimized mu_alpha = -0.19743895104  entropy = 3.44412788038e-07
    sigma = 0.005  Optimized mu_beta  = -0.199968554057  entropy = 3.44412788038e-07
    Total E(T) = -12114.2360161097  Free energy = -12114.2360161114  E0 = -12114.2360161105
cycle= 4 E= -12114.2360161097  delta_E= -2.93e-05  |g|= 0.0233  |ddm|= 8.72
    sigma = 0.005  Optimized mu_alpha = -0.197443027266  entropy = 3.4431325584e-07
    sigma = 0.005  Optimized mu_beta  = -0.199973373856  entropy = 3.4431325584e-07
    Total E(T) = -12114.2360248745  Free energy = -12114.2360248763  E0 = -12114.2360248754
cycle= 5 E= -12114.2360248745  delta_E= -8.76e-06  |g|= 0.0147  |ddm|= 7.79
    sigma = 0.005  Optimized mu_alpha = -0.197435093011  entropy = 3.44380851383e-07
    sigma = 0.005  Optimized mu_beta  = -0.199964770689  entropy = 3.44380851383e-07
    Total E(T) = -12114.2360281341  Free energy = -12114.2360281358  E0 = -12114.236028135
cycle= 6 E= -12114.2360281341  delta_E= -3.26e-06  |g|= 0.0086  |ddm|= 4.04
    sigma = 0.005  Optimized mu_alpha = -0.197448050959  entropy = 3.44323614398e-07
    sigma = 0.005  Optimized mu_beta  = -0.199977926335  entropy = 3.44323614398e-07
    Total E(T) = -12114.2360293412  Free energy = -12114.236029343  E0 = -12114.2360293421
cycle= 7 E= -12114.2360293412  delta_E= -1.21e-06  |g|= 0.00475  |ddm|=  1.8
    sigma = 0.005  Optimized mu_alpha = -0.297009476543  entropy = 12.8535986206
    sigma = 0.005  Optimized mu_beta  = -0.299891551543  entropy = 12.8535986206
    Total E(T) = -12114.2010445092  Free energy = -12114.2653125023  E0 = -12114.2331785058
Extra cycle  E= -12114.2010445092  delta_E= 0.035  |g|= 0.216  |ddm|=  940
converged SCF energy = -12114.2010445092  <S^2> = 2.0138865  2S+1 = 3.0092434
[timing] right/Al ensemble SCF = 992.0s
[timing] collect state = 0.0s
[timing] grad contraction = 1.6s
Npdft 666.0000343344558
[timing] checkpoint save = 0.1s
step=  12 L=-12262.79907674 Ef=-12262.81510430 L1=8.83271341e-01 |grad|=1.15567e-02 t=1208.4s
[diagnostic] step=13 |b|=2.401485e+00 max|b|=8.816001e-01
[timing] build AO Vp from S3 = 1.7s
[diagnostic] |vpl|=3.139366e+00 max|vpl|=5.469391e-01
[diagnostic] |vpr|=2.238101e+00 max|vpr|=4.783173e-01
[diagnostic] |vpref|=3.237472e+00 max|vpref|=5.462276e-01
dm0 check [[[ 1.51511404e-09  2.24391602e-08  1.89789934e-07 ... -1.14718942e-07
    7.42476655e-07  6.64942881e-08]
  [ 2.24391602e-08  3.34444478e-07  2.75067393e-06 ... -1.77767012e-06
    1.10110555e-05  1.04757799e-06]
  [ 1.89789934e-07  2.75067393e-06  2.57237928e-05 ... -1.02769852e-05
    9.27868797e-05  4.99875884e-06]
  ...
  [-1.14718942e-07 -1.77767012e-06 -1.02769852e-05 ...  2.27166760e-04
    1.81897144e-06 -1.91352329e-04]
  [ 7.42476655e-07  1.10110555e-05  9.27868797e-05 ...  1.81897144e-06
    4.79980288e-04 -1.62432515e-06]
  [ 6.64942881e-08  1.04757799e-06  4.99875884e-06 ... -1.91352329e-04
   -1.62432515e-06  6.55604987e-04]]

 [[ 2.14412356e-09  3.18475850e-08  2.65523728e-07 ... -7.48704992e-08
    1.03578251e-06  2.38437329e-08]
  [ 3.18475850e-08  4.74248194e-07  3.91397263e-06 ... -9.93112739e-07
    1.53190766e-05  2.50155281e-07]
  [ 2.65523728e-07  3.91397263e-06  3.37625550e-05 ... -1.10142812e-05
    1.30901532e-04  4.52867647e-06]
  ...
  [-7.48704992e-08 -9.93112739e-07 -1.10142812e-05 ...  2.49604232e-04
    2.27939088e-06 -2.10130245e-04]
  [ 1.03578251e-06  1.53190766e-05  1.30901532e-04 ...  2.27939088e-06
    5.52938809e-04 -2.04467276e-06]
  [ 2.38437329e-08  2.50155281e-07  4.52867647e-06 ... -2.10130245e-04
   -2.04467276e-06  7.46013391e-04]]]
converged SCF energy = -150.226693714539  <S^2> = 2.0045398  2S+1 = 3.003025
dm0 check [[[ 1.14641023e-09  1.70870782e-08  1.38754053e-07 ... -8.06197550e-08
    6.25414557e-07  4.56927867e-08]
  [ 1.70870782e-08  2.56086162e-07  2.02952934e-06 ... -1.06182744e-06
    9.18278902e-06  7.18408623e-07]
  [ 1.38754053e-07  2.02952934e-06  1.80707706e-05 ... -1.26946953e-05
    8.12949544e-05  3.19889022e-06]
  ...
  [-8.06197550e-08 -1.06182744e-06 -1.26946953e-05 ...  2.39058503e-04
   -1.61689939e-06 -1.68274900e-04]
  [ 6.25414557e-07  9.18278902e-06  8.12949544e-05 ... -1.61689939e-06
    4.44994907e-04 -4.06050535e-06]
  [ 4.56927867e-08  7.18408623e-07  3.19889022e-06 ... -1.68274900e-04
   -4.06050535e-06  5.95722478e-04]]

 [[ 2.53030696e-08  3.85040721e-07  2.83121328e-06 ... -1.48564904e-07
    1.05892437e-07  7.43938900e-08]
  [ 3.85040721e-07  5.86062899e-06  4.30450421e-05 ... -2.17963319e-06
    1.18324188e-06  1.05296640e-06]
  [ 2.83121328e-06  4.30450421e-05  3.17985421e-04 ... -1.75088599e-05
    2.68730050e-05  9.39110412e-06]
  ...
  [-1.48564904e-07 -2.17963319e-06 -1.75088599e-05 ...  2.30571490e-04
    2.08898955e-07 -1.91671084e-04]
  [ 1.05892437e-07  1.18324188e-06  2.68730050e-05 ...  2.08898955e-07
    4.63238063e-04 -3.50213496e-06]
  [ 7.43938900e-08  1.05296640e-06  9.39110412e-06 ... -1.91671084e-04
   -3.50213496e-06  6.49568355e-04]]]
converged SCF energy = -150.244985829837  <S^2> = 0.92979854  2S+1 = 2.1723706
[timing] left/O ensemble SCF = 10.5s
dm0 check [[ 3.79534669e-01  6.12215946e-01 -1.25201775e-01 ...  2.36292263e-05
   1.49348491e-05 -4.82352457e-05]
 [ 6.12215946e-01  1.01512502e+00 -3.34000651e-01 ...  6.44324636e-05
   3.94718166e-05 -1.30670226e-04]
 [-1.25201775e-01 -3.34000651e-01  6.75173190e-01 ... -1.55440456e-04
  -9.55999263e-05  3.16262471e-04]
 ...
 [ 2.36292263e-05  6.44324636e-05 -1.55440456e-04 ...  1.08759909e-05
   5.93070751e-06 -2.35204418e-05]
 [ 1.49348491e-05  3.94718166e-05 -9.55999263e-05 ...  5.93070751e-06
   4.91781063e-06 -1.47865232e-05]
 [-4.82352457e-05 -1.30670226e-04  3.16262471e-04 ... -2.35204418e-05
  -1.47865232e-05  5.94781081e-05]]


******** <class 'pyscf.scf.addons.SmearingDFRKS'> ********
method = SmearingDFRKS
initial guess = minao
damping factor = 0.15
level_shift factor = 0.2
DIIS = <class 'pyscf.scf.diis.CDIIS'>
diis_start_cycle = 1
diis_space = 12
diis_damp = 0
SCF conv_tol = 5e-05
SCF conv_tol_grad = None
SCF max_cycles = 200
direct_scf = True
direct_scf_tol = 1e-13
chkfile to save SCF result = /tmp/tmpnx8_b0uf
max_memory 4000 MB (current use 87043 MB)
XC library pyscf.dft.libxc version 6.1.0
    S. Lehtola, C. Steigemann, M. J.T. Oliveira, and M. A.L. Marques.,  SoftwareX 7, 1–5 (2018)
XC functionals = pbe
    J. P. Perdew, K. Burke, and M. Ernzerhof.,  Phys. Rev. Lett. 77, 3865 (1996)
    J. P. Perdew, K. Burke, and M. Ernzerhof.,  Phys. Rev. Lett. 78, 1396 (1997)
    J. P. Perdew, K. Burke, and M. Ernzerhof.,  Phys. Rev. Lett. 77, 3865 (1996)
    J. P. Perdew, K. Burke, and M. Ernzerhof.,  Phys. Rev. Lett. 78, 1396 (1997)
small_rho_cutoff = 1e-06
Set gradient conv threshold to 0.00707107
    Total E(T) = -12114.6796567462  Free energy = -12115.7124109572  E0 = -12115.1960338517
init E= -12114.6796567462
    sigma = 0.02  Optimized mu = -0.0528494436424  entropy = 1.5331342864
    Total E(T) = -12114.6796416032  Free energy = -12114.710304289  E0 = -12114.6949729461
cycle= 1 E= -12114.6796416032  delta_E= 1.51e-05  |g|= 0.0257  |ddm|= 18.8
    sigma = 0.02  Optimized mu = -0.0528437023815  entropy = 1.53410518513
    Total E(T) = -12114.6794440607  Free energy = -12114.7101261644  E0 = -12114.6947851126
cycle= 2 E= -12114.6794440607  delta_E= 0.000198  |g|= 0.0893  |ddm|= 78.8
    sigma = 0.02  Optimized mu = -0.0528484243298  entropy = 1.53324070408
    Total E(T) = -12114.6795619942  Free energy = -12114.7102268082  E0 = -12114.6948944012
cycle= 3 E= -12114.6795619942  delta_E= -0.000118  |g|= 0.0482  |ddm|= 33.1
    sigma = 0.02  Optimized mu = -0.0528480870222  entropy = 1.5332116189
    Total E(T) = -12114.6796097905  Free energy = -12114.7102740229  E0 = -12114.6949419067
cycle= 4 E= -12114.6796097905  delta_E= -4.78e-05  |g|= 0.0341  |ddm|=   13
    sigma = 0.02  Optimized mu = -0.0528478821889  entropy = 1.53321152205
    Total E(T) = -12114.6796327488  Free energy = -12114.7102969792  E0 = -12114.694964864
cycle= 5 E= -12114.6796327488  delta_E= -2.3e-05  |g|= 0.0246  |ddm|= 7.13
    sigma = 0.02  Optimized mu = -0.0528483536122  entropy = 1.53322149198
    Total E(T) = -12114.6796442262  Free energy = -12114.7103086561  E0 = -12114.6949764412
cycle= 6 E= -12114.6796442262  delta_E= -1.15e-05  |g|= 0.0183  |ddm|= 4.11
    sigma = 0.02  Optimized mu = -0.0528482364587  entropy = 1.53322168818
    Total E(T) = -12114.6796504187  Free energy = -12114.7103148524  E0 = -12114.6949826355
cycle= 7 E= -12114.6796504187  delta_E= -6.19e-06  |g|= 0.0136  |ddm|= 2.77
    sigma = 0.02  Optimized mu = -0.0528502383882  entropy = 1.53321480945
    Total E(T) = -12114.6796537594  Free energy = -12114.7103180556  E0 = -12114.6949859075
cycle= 8 E= -12114.6796537594  delta_E= -3.34e-06  |g|= 0.0103  |ddm|= 2.16
    sigma = 0.02  Optimized mu = -0.0528480246335  entropy = 1.53322592432
    Total E(T) = -12114.6796555951  Free energy = -12114.7103201136  E0 = -12114.6949878544
cycle= 9 E= -12114.6796555951  delta_E= -1.84e-06  |g|= 0.00788  |ddm|=  1.5
    sigma = 0.02  Optimized mu = -0.0528493355547  entropy = 1.5332194029
    Total E(T) = -12114.679656648  Free energy = -12114.710321036  E0 = -12114.694988842
cycle= 10 E= -12114.679656648  delta_E= -1.05e-06  |g|= 0.00613  |ddm|= 1.13
    sigma = 0.02  Optimized mu = -0.152962132101  entropy = 51.6379773227
    Total E(T) = -12114.1459959581  Free energy = -12115.1787555046  E0 = -12114.6623757314
Extra cycle  E= -12114.1459959581  delta_E= 0.534  |g|= 0.422  |ddm|= 4.36e+03
converged SCF energy = -12114.1459959581
dm0 check [[[ 1.89789186e-01  3.06166458e-01 -6.27381813e-02 ...  9.19355473e-06
    5.84133305e-06 -2.11396081e-05]
  [ 3.06166458e-01  5.07718008e-01 -1.67363630e-01 ...  2.51400511e-05
    1.53436736e-05 -5.72777320e-05]
  [-6.27381813e-02 -1.67363630e-01  3.38427223e-01 ... -6.05198982e-05
   -3.71066562e-05  1.38390441e-04]
  ...
  [ 9.19355473e-06  2.51400511e-05 -6.05198982e-05 ...  3.13863325e-06
    1.55854151e-06 -7.62486375e-06]
  [ 5.84133305e-06  1.53436736e-05 -3.71066562e-05 ...  1.55854151e-06
    1.58888435e-06 -4.83848148e-06]
  [-2.11396081e-05 -5.72777320e-05  1.38390441e-04 ... -7.62486375e-06
   -4.83848148e-06  2.29856605e-05]]

 [[ 1.89768277e-01  3.06109515e-01 -6.26089165e-02 ...  1.01214269e-05
    6.66330256e-06 -2.24797330e-05]
  [ 3.06109515e-01  5.07565988e-01 -1.67022462e-01 ...  2.76583140e-05
    1.75761477e-05 -6.09372150e-05]
  [-6.26089165e-02 -1.67022462e-01  3.37664341e-01 ... -6.67624161e-05
   -4.26540279e-05  1.47671433e-04]
  ...
  [ 1.01214269e-05  2.76583140e-05 -6.67624161e-05 ...  3.38189851e-06
    1.74821451e-06 -8.19835168e-06]
  [ 6.66330256e-06  1.75761477e-05 -4.26540279e-05 ...  1.74821451e-06
    1.74390327e-06 -5.30877523e-06]
  [-2.24797330e-05 -6.09372150e-05  1.47671433e-04 ... -8.19835168e-06
   -5.30877523e-06  2.42496923e-05]]]


******** <class 'pyscf.scf.addons.SmearingDFUKS'> ********
method = SmearingDFUKS
initial guess = minao
damping factor = 0.15
level_shift factor = 0.2
DIIS = <class 'pyscf.scf.diis.CDIIS'>
diis_start_cycle = 1
diis_space = 12
diis_damp = 0
SCF conv_tol = 5e-05
SCF conv_tol_grad = None
SCF max_cycles = 200
direct_scf = True
direct_scf_tol = 1e-13
chkfile to save SCF result = /tmp/tmph1vfanl1
max_memory 4000 MB (current use 87118 MB)
number electrons alpha = 325  beta = 323
XC library pyscf.dft.libxc version 6.1.0
    S. Lehtola, C. Steigemann, M. J.T. Oliveira, and M. A.L. Marques.,  SoftwareX 7, 1–5 (2018)
XC functionals = pbe
    J. P. Perdew, K. Burke, and M. Ernzerhof.,  Phys. Rev. Lett. 77, 3865 (1996)
    J. P. Perdew, K. Burke, and M. Ernzerhof.,  Phys. Rev. Lett. 78, 1396 (1997)
    J. P. Perdew, K. Burke, and M. Ernzerhof.,  Phys. Rev. Lett. 77, 3865 (1996)
    J. P. Perdew, K. Burke, and M. Ernzerhof.,  Phys. Rev. Lett. 78, 1396 (1997)
small_rho_cutoff = 1e-06
Set gradient conv threshold to 0.00707107
    Total E(T) = -12114.2360287471  Free energy = -12114.3002967402  E0 = -12114.2681627436
init E= -12114.2360287471
    sigma = 0.005  Optimized mu_alpha = -0.19744230639  entropy = 3.44459822914e-07
    sigma = 0.005  Optimized mu_beta  = -0.199972077553  entropy = 3.44459822914e-07
    Total E(T) = -12114.2360235589  Free energy = -12114.2360235606  E0 = -12114.2360235598
cycle= 1 E= -12114.2360235589  delta_E= 5.19e-06  |g|= 0.0215  |ddm|= 10.2
    sigma = 0.005  Optimized mu_alpha = -0.19744328976  entropy = 3.44361938555e-07
    sigma = 0.005  Optimized mu_beta  = -0.199974879166  entropy = 3.44361938555e-07
    Total E(T) = -12114.2359646322  Free energy = -12114.2359646339  E0 = -12114.235964633
cycle= 2 E= -12114.2359646322  delta_E= 5.89e-05  |g|= 0.0707  |ddm|= 36.2
    sigma = 0.005  Optimized mu_alpha = -0.197444437791  entropy = 3.44316794652e-07
    sigma = 0.005  Optimized mu_beta  = -0.199974332728  entropy = 3.44316794652e-07
    Total E(T) = -12114.2359984783  Free energy = -12114.23599848  E0 = -12114.2359984792
cycle= 3 E= -12114.2359984783  delta_E= -3.38e-05  |g|= 0.0388  |ddm|= 13.7
    sigma = 0.005  Optimized mu_alpha = -0.197443761315  entropy = 3.44331394077e-07
    sigma = 0.005  Optimized mu_beta  = -0.19997362594  entropy = 3.44331394077e-07
    Total E(T) = -12114.2360141408  Free energy = -12114.2360141425  E0 = -12114.2360141417
cycle= 4 E= -12114.2360141408  delta_E= -1.57e-05  |g|= 0.027  |ddm|= 5.62
    sigma = 0.005  Optimized mu_alpha = -0.197443147261  entropy = 3.44337321546e-07
    sigma = 0.005  Optimized mu_beta  = -0.199973031114  entropy = 3.44337321546e-07
    Total E(T) = -12114.2360215827  Free energy = -12114.2360215844  E0 = -12114.2360215835
cycle= 5 E= -12114.2360215827  delta_E= -7.44e-06  |g|= 0.0192  |ddm|= 3.32
    sigma = 0.005  Optimized mu_alpha = -0.197443324986  entropy = 3.44337582997e-07
    sigma = 0.005  Optimized mu_beta  = -0.199973220262  entropy = 3.44337582997e-07
    Total E(T) = -12114.2360252527  Free energy = -12114.2360252544  E0 = -12114.2360252535
cycle= 6 E= -12114.2360252527  delta_E= -3.67e-06  |g|= 0.014  |ddm|= 2.03
    sigma = 0.005  Optimized mu_alpha = -0.19744276643  entropy = 3.44339746035e-07
    sigma = 0.005  Optimized mu_beta  = -0.19997266797  entropy = 3.44339746035e-07
    Total E(T) = -12114.2360271691  Free energy = -12114.2360271708  E0 = -12114.23602717
cycle= 7 E= -12114.2360271691  delta_E= -1.92e-06  |g|= 0.0101  |ddm|= 1.48
    sigma = 0.005  Optimized mu_alpha = -0.197444116226  entropy = 3.44339396287e-07
    sigma = 0.005  Optimized mu_beta  = -0.199973978888  entropy = 3.44339396287e-07
    Total E(T) = -12114.2360281718  Free energy = -12114.2360281735  E0 = -12114.2360281726
cycle= 8 E= -12114.2360281718  delta_E= -1e-06  |g|= 0.00748  |ddm|=    1
    sigma = 0.005  Optimized mu_alpha = -0.197442831254  entropy = 3.44340889004e-07
    sigma = 0.005  Optimized mu_beta  = -0.199972731031  entropy = 3.44340889004e-07
    Total E(T) = -12114.2360287013  Free energy = -12114.236028703  E0 = -12114.2360287022
cycle= 9 E= -12114.2360287013  delta_E= -5.3e-07  |g|= 0.00561  |ddm|= 0.697
    sigma = 0.005  Optimized mu_alpha = -0.297008542676  entropy = 12.8537693114
    sigma = 0.005  Optimized mu_beta  = -0.299890581548  entropy = 12.8537693114
    Total E(T) = -12114.2010048606  Free energy = -12114.2652737071  E0 = -12114.2331392839
Extra cycle  E= -12114.2010048606  delta_E= 0.035  |g|= 0.221  |ddm|=  939
converged SCF energy = -12114.2010048606  <S^2> = 2.0138866  2S+1 = 3.0092435
[timing] right/Al ensemble SCF = 1243.8s
[timing] collect state = 0.0s
[timing] grad contraction = 1.6s
Npdft 666.0000343360479
[timing] checkpoint save = 0.1s
step=  13 L=-12262.79899359 Ef=-12262.81500844 L1=8.83541628e-01 |grad|=1.15613e-02 t=1457.7s
[diagnostic] step=14 |b|=2.401485e+00 max|b|=8.816001e-01
[timing] build AO Vp from S3 = 1.6s
[diagnostic] |vpl|=3.139366e+00 max|vpl|=5.469391e-01
[diagnostic] |vpr|=2.238101e+00 max|vpr|=4.783173e-01
[diagnostic] |vpref|=3.237472e+00 max|vpref|=5.462276e-01
dm0 check [[[ 1.51511369e-09  2.24391586e-08  1.89789883e-07 ... -1.14719107e-07
    7.42477140e-07  6.64944402e-08]
  [ 2.24391586e-08  3.34444538e-07  2.75067323e-06 ... -1.77767298e-06
    1.10110605e-05  1.04758078e-06]
  [ 1.89789883e-07  2.75067323e-06  2.57237846e-05 ... -1.02770081e-05
    9.27869508e-05  4.99877925e-06]
  ...
  [-1.14719107e-07 -1.77767298e-06 -1.02770081e-05 ...  2.27166683e-04
    1.81897062e-06 -1.91352264e-04]
  [ 7.42477140e-07  1.10110605e-05  9.27869508e-05 ...  1.81897062e-06
    4.79980242e-04 -1.62432568e-06]
  [ 6.64944402e-08  1.04758078e-06  4.99877925e-06 ... -1.91352264e-04
   -1.62432568e-06  6.55604885e-04]]

 [[ 2.14412336e-09  3.18475818e-08  2.65523749e-07 ... -7.48708081e-08
    1.03578268e-06  2.38439987e-08]
  [ 3.18475818e-08  4.74248178e-07  3.91397252e-06 ... -9.93114815e-07
    1.53190783e-05  2.50157146e-07]
  [ 2.65523749e-07  3.91397252e-06  3.37625593e-05 ... -1.10143020e-05
    1.30901564e-04  4.52869405e-06]
  ...
  [-7.48708081e-08 -9.93114815e-07 -1.10143020e-05 ...  2.49604175e-04
    2.27939029e-06 -2.10130197e-04]
  [ 1.03578268e-06  1.53190783e-05  1.30901564e-04 ...  2.27939029e-06
    5.52938968e-04 -2.04467340e-06]
  [ 2.38439987e-08  2.50157146e-07  4.52869405e-06 ... -2.10130197e-04
   -2.04467340e-06  7.46013515e-04]]]
converged SCF energy = -150.22669371454  <S^2> = 2.0045398  2S+1 = 3.003025
dm0 check [[[ 1.14641022e-09  1.70870775e-08  1.38754054e-07 ... -8.06197335e-08
    6.25414528e-07  4.56927671e-08]
  [ 1.70870775e-08  2.56086144e-07  2.02952926e-06 ... -1.06182716e-06
    9.18278805e-06  7.18408692e-07]
  [ 1.38754054e-07  2.02952926e-06  1.80707706e-05 ... -1.26946947e-05
    8.12949525e-05  3.19888835e-06]
  ...
  [-8.06197335e-08 -1.06182716e-06 -1.26946947e-05 ...  2.39058520e-04
   -1.61693071e-06 -1.68274891e-04]
  [ 6.25414528e-07  9.18278805e-06  8.12949525e-05 ... -1.61693071e-06
    4.44994884e-04 -4.06052143e-06]
  [ 4.56927671e-08  7.18408692e-07  3.19888835e-06 ... -1.68274891e-04
   -4.06052143e-06  5.95722442e-04]]

 [[ 2.53030361e-08  3.85040209e-07  2.83120961e-06 ... -1.48564822e-07
    1.05892642e-07  7.43943495e-08]
  [ 3.85040209e-07  5.86062119e-06  4.30449860e-05 ... -2.17963218e-06
    1.18324479e-06  1.05297349e-06]
  [ 2.83120961e-06  4.30449860e-05  3.17985018e-04 ... -1.75088517e-05
    2.68730245e-05  9.39115547e-06]
  ...
  [-1.48564822e-07 -2.17963218e-06 -1.75088517e-05 ...  2.30571482e-04
    2.08898423e-07 -1.91671077e-04]
  [ 1.05892642e-07  1.18324479e-06  2.68730245e-05 ...  2.08898423e-07
    4.63238027e-04 -3.50211468e-06]
  [ 7.43943495e-08  1.05297349e-06  9.39115547e-06 ... -1.91671077e-04
   -3.50211468e-06  6.49568303e-04]]]
converged SCF energy = -150.244985829836  <S^2> = 0.92980127  2S+1 = 2.1723731
[timing] left/O ensemble SCF = 11.4s
dm0 check [[ 3.79534647e-01  6.12215911e-01 -1.25201681e-01 ...  2.36336659e-05
   1.49374939e-05 -4.82388457e-05]
 [ 6.12215911e-01  1.01512495e+00 -3.34000407e-01 ...  6.44444067e-05
   3.94789280e-05 -1.30679880e-04]
 [-1.25201681e-01 -3.34000407e-01  6.75172558e-01 ... -1.55469062e-04
  -9.56169263e-05  3.16285234e-04]
 ...
 [ 2.36336659e-05  6.44444067e-05 -1.55469062e-04 ...  1.08884611e-05
   5.93753810e-06 -2.35407350e-05]
 [ 1.49374939e-05  3.94789280e-05 -9.56169263e-05 ...  5.93753810e-06
   4.92149407e-06 -1.47975230e-05]
 [-4.82388457e-05 -1.30679880e-04  3.16285234e-04 ... -2.35407350e-05
  -1.47975230e-05  5.95086567e-05]]


******** <class 'pyscf.scf.addons.SmearingDFRKS'> ********
method = SmearingDFRKS
initial guess = minao
damping factor = 0.15
level_shift factor = 0.2
DIIS = <class 'pyscf.scf.diis.CDIIS'>
diis_start_cycle = 1
diis_space = 12
diis_damp = 0
SCF conv_tol = 5e-05
SCF conv_tol_grad = None
SCF max_cycles = 200
direct_scf = True
direct_scf_tol = 1e-13
chkfile to save SCF result = /tmp/tmpnx8_b0uf
max_memory 4000 MB (current use 87174 MB)
XC library pyscf.dft.libxc version 6.1.0
    S. Lehtola, C. Steigemann, M. J.T. Oliveira, and M. A.L. Marques.,  SoftwareX 7, 1–5 (2018)
XC functionals = pbe
    J. P. Perdew, K. Burke, and M. Ernzerhof.,  Phys. Rev. Lett. 77, 3865 (1996)
    J. P. Perdew, K. Burke, and M. Ernzerhof.,  Phys. Rev. Lett. 78, 1396 (1997)
    J. P. Perdew, K. Burke, and M. Ernzerhof.,  Phys. Rev. Lett. 77, 3865 (1996)
    J. P. Perdew, K. Burke, and M. Ernzerhof.,  Phys. Rev. Lett. 78, 1396 (1997)
small_rho_cutoff = 1e-06
Set gradient conv threshold to 0.00707107
    Total E(T) = -12114.6796566473  Free energy = -12115.7124161938  E0 = -12115.1960364205
init E= -12114.6796566473
    sigma = 0.02  Optimized mu = -0.0528436466172  entropy = 1.53314599825
    Total E(T) = -12114.6796419476  Free energy = -12114.7103048676  E0 = -12114.6949734076
cycle= 1 E= -12114.6796419476  delta_E= 1.47e-05  |g|= 0.026  |ddm|= 17.1
    sigma = 0.02  Optimized mu = -0.0528647158217  entropy = 1.53405659545
    Total E(T) = -12114.6794504748  Free energy = -12114.7101316067  E0 = -12114.6947910407
cycle= 2 E= -12114.6794504748  delta_E= 0.000191  |g|= 0.0889  |ddm|= 76.8
    sigma = 0.02  Optimized mu = -0.0528495675203  entropy = 1.53324812097
    Total E(T) = -12114.6795617231  Free energy = -12114.7102266856  E0 = -12114.6948942043
cycle= 3 E= -12114.6795617231  delta_E= -0.000111  |g|= 0.0489  |ddm|= 32.5
    sigma = 0.02  Optimized mu = -0.0528490764112  entropy = 1.53321678301
    Total E(T) = -12114.6796083567  Free energy = -12114.7102726923  E0 = -12114.6949405245
cycle= 4 E= -12114.6796083567  delta_E= -4.66e-05  |g|= 0.035  |ddm|=   12
    sigma = 0.02  Optimized mu = -0.0528489018027  entropy = 1.53321467403
    Total E(T) = -12114.6796311754  Free energy = -12114.7102954689  E0 = -12114.6949633222
cycle= 5 E= -12114.6796311754  delta_E= -2.28e-05  |g|= 0.0257  |ddm|= 6.95
    sigma = 0.02  Optimized mu = -0.0528491553877  entropy = 1.53321952404
    Total E(T) = -12114.6796429079  Free energy = -12114.7103072984  E0 = -12114.6949751031
cycle= 6 E= -12114.6796429079  delta_E= -1.17e-05  |g|= 0.0193  |ddm|=  4.4
    sigma = 0.02  Optimized mu = -0.0528487506467  entropy = 1.53322078598
    Total E(T) = -12114.6796493989  Free energy = -12114.7103138146  E0 = -12114.6949816067
cycle= 7 E= -12114.6796493989  delta_E= -6.49e-06  |g|= 0.0146  |ddm|= 2.85
    sigma = 0.02  Optimized mu = -0.0528506544032  entropy = 1.53321263579
    Total E(T) = -12114.6796530746  Free energy = -12114.7103173273  E0 = -12114.6949852009
cycle= 8 E= -12114.6796530746  delta_E= -3.68e-06  |g|= 0.0112  |ddm|= 2.03
    sigma = 0.02  Optimized mu = -0.0528486409171  entropy = 1.53322536788
    Total E(T) = -12114.6796551247  Free energy = -12114.710319632  E0 = -12114.6949873784
cycle= 9 E= -12114.6796551247  delta_E= -2.05e-06  |g|= 0.00864  |ddm|= 1.47
    sigma = 0.02  Optimized mu = -0.0528491145532  entropy = 1.53322351631
    Total E(T) = -12114.679656354  Free energy = -12114.7103208244  E0 = -12114.6949885892
cycle= 10 E= -12114.679656354  delta_E= -1.23e-06  |g|= 0.00673  |ddm|= 1.13
    sigma = 0.02  Optimized mu = -0.152959938946  entropy = 51.6379045356
    Total E(T) = -12114.1459615754  Free energy = -12115.1787196661  E0 = -12114.6623406208
Extra cycle  E= -12114.1459615754  delta_E= 0.534  |g|= 0.422  |ddm|= 4.36e+03
converged SCF energy = -12114.1459615754
dm0 check [[[ 1.89789182e-01  3.06166456e-01 -6.27381877e-02 ...  9.19479922e-06
    5.84231369e-06 -2.11405107e-05]
  [ 3.06166456e-01  5.07718009e-01 -1.67363646e-01 ...  2.51434063e-05
    1.53463177e-05 -5.72801697e-05]
  [-6.27381877e-02 -1.67363646e-01  3.38427301e-01 ... -6.05280255e-05
   -3.71130580e-05  1.38396403e-04]
  ...
  [ 9.19479922e-06  2.51434063e-05 -6.05280255e-05 ...  3.14058622e-06
    1.55965741e-06 -7.62837315e-06]
  [ 5.84231369e-06  1.53463177e-05 -3.71130580e-05 ...  1.55965741e-06
    1.58952436e-06 -4.84054977e-06]
  [-2.11405107e-05 -5.72801697e-05  1.38396403e-04 ... -7.62837315e-06
   -4.84054977e-06  2.29911837e-05]]

 [[ 1.89768271e-01  3.06109506e-01 -6.26089063e-02 ...  1.01241160e-05
    6.66524887e-06 -2.24831417e-05]
  [ 3.06109506e-01  5.07565969e-01 -1.67022434e-01 ...  2.76655730e-05
    1.75814024e-05 -6.09464269e-05]
  [-6.26089063e-02 -1.67022434e-01  3.37664319e-01 ... -6.67800635e-05
   -4.26668054e-05  1.47693928e-04]
  ...
  [ 1.01241160e-05  2.76655730e-05 -6.67800635e-05 ...  3.38442904e-06
    1.74968036e-06 -8.20299255e-06]
  [ 6.66524887e-06  1.75814024e-05 -4.26668054e-05 ...  1.74968036e-06
    1.74479012e-06 -5.31158248e-06]
  [-2.24831417e-05 -6.09464269e-05  1.47693928e-04 ... -8.20299255e-06
   -5.31158248e-06  2.42574014e-05]]]


******** <class 'pyscf.scf.addons.SmearingDFUKS'> ********
method = SmearingDFUKS
initial guess = minao
damping factor = 0.15
level_shift factor = 0.2
DIIS = <class 'pyscf.scf.diis.CDIIS'>
diis_start_cycle = 1
diis_space = 12
diis_damp = 0
SCF conv_tol = 5e-05
SCF conv_tol_grad = None
SCF max_cycles = 200
direct_scf = True
direct_scf_tol = 1e-13
chkfile to save SCF result = /tmp/tmph1vfanl1
max_memory 4000 MB (current use 87137 MB)
number electrons alpha = 325  beta = 323
XC library pyscf.dft.libxc version 6.1.0
    S. Lehtola, C. Steigemann, M. J.T. Oliveira, and M. A.L. Marques.,  SoftwareX 7, 1–5 (2018)
XC functionals = pbe
    J. P. Perdew, K. Burke, and M. Ernzerhof.,  Phys. Rev. Lett. 77, 3865 (1996)
    J. P. Perdew, K. Burke, and M. Ernzerhof.,  Phys. Rev. Lett. 78, 1396 (1997)
    J. P. Perdew, K. Burke, and M. Ernzerhof.,  Phys. Rev. Lett. 77, 3865 (1996)
    J. P. Perdew, K. Burke, and M. Ernzerhof.,  Phys. Rev. Lett. 78, 1396 (1997)
small_rho_cutoff = 1e-06
Set gradient conv threshold to 0.00707107
    Total E(T) = -12114.2360287015  Free energy = -12114.3002975481  E0 = -12114.2681631248
init E= -12114.2360287015
    sigma = 0.005  Optimized mu_alpha = -0.197441564882  entropy = 3.44455582354e-07
    sigma = 0.005  Optimized mu_beta  = -0.199971276164  entropy = 3.44455582354e-07
    Total E(T) = -12114.2360229104  Free energy = -12114.2360229121  E0 = -12114.2360229112
cycle= 1 E= -12114.2360229104  delta_E= 5.79e-06  |g|= 0.0231  |ddm|= 9.58
    sigma = 0.005  Optimized mu_alpha = -0.197444953645  entropy = 3.44423811294e-07
    sigma = 0.005  Optimized mu_beta  = -0.199976503235  entropy = 3.44423811294e-07
    Total E(T) = -12114.2359573281  Free energy = -12114.2359573299  E0 = -12114.235957329
cycle= 2 E= -12114.2359573281  delta_E= 6.56e-05  |g|= 0.0749  |ddm|=   37
    sigma = 0.005  Optimized mu_alpha = -0.197444348726  entropy = 3.44325246695e-07
    sigma = 0.005  Optimized mu_beta  = -0.19997424078  entropy = 3.44325246695e-07
    Total E(T) = -12114.235994109  Free energy = -12114.2359941107  E0 = -12114.2359941099
cycle= 3 E= -12114.235994109  delta_E= -3.68e-05  |g|= 0.0418  |ddm|= 14.4
    sigma = 0.005  Optimized mu_alpha = -0.197443924353  entropy = 3.4433495429e-07
    sigma = 0.005  Optimized mu_beta  = -0.199973824766  entropy = 3.4433495429e-07
    Total E(T) = -12114.2360115519  Free energy = -12114.2360115536  E0 = -12114.2360115528
cycle= 4 E= -12114.2360115519  delta_E= -1.74e-05  |g|= 0.0294  |ddm|= 5.66
    sigma = 0.005  Optimized mu_alpha = -0.197443638861  entropy = 3.44336595545e-07
    sigma = 0.005  Optimized mu_beta  = -0.199973537084  entropy = 3.44336595545e-07
    Total E(T) = -12114.2360200138  Free energy = -12114.2360200156  E0 = -12114.2360200147
cycle= 5 E= -12114.2360200138  delta_E= -8.46e-06  |g|= 0.0212  |ddm|= 3.31
    sigma = 0.005  Optimized mu_alpha = -0.197443511489  entropy = 3.44339565155e-07
    sigma = 0.005  Optimized mu_beta  = -0.19997340108  entropy = 3.44339565155e-07
    Total E(T) = -12114.2360242079  Free energy = -12114.2360242097  E0 = -12114.2360242088
cycle= 6 E= -12114.2360242079  delta_E= -4.19e-06  |g|= 0.0158  |ddm|= 2.31
    sigma = 0.005  Optimized mu_alpha = -0.197443494553  entropy = 3.44338780651e-07
    sigma = 0.005  Optimized mu_beta  = -0.199973415424  entropy = 3.44338780651e-07
    Total E(T) = -12114.2360264849  Free energy = -12114.2360264866  E0 = -12114.2360264858
cycle= 7 E= -12114.2360264849  delta_E= -2.28e-06  |g|= 0.0118  |ddm|= 1.46
    sigma = 0.005  Optimized mu_alpha = -0.197442960379  entropy = 3.44338220731e-07
    sigma = 0.005  Optimized mu_beta  = -0.199972895327  entropy = 3.44338220731e-07
    Total E(T) = -12114.2360277027  Free energy = -12114.2360277045  E0 = -12114.2360277036
cycle= 8 E= -12114.2360277027  delta_E= -1.22e-06  |g|= 0.00895  |ddm|=  1.1
    sigma = 0.005  Optimized mu_alpha = -0.197443897007  entropy = 3.44335170949e-07
    sigma = 0.005  Optimized mu_beta  = -0.199973800805  entropy = 3.44335170949e-07
    Total E(T) = -12114.2360283848  Free energy = -12114.2360283865  E0 = -12114.2360283856
cycle= 9 E= -12114.2360283848  delta_E= -6.82e-07  |g|= 0.00691  |ddm|= 0.663
    sigma = 0.005  Optimized mu_alpha = -0.29700806764  entropy = 12.853936401
    sigma = 0.005  Optimized mu_beta  = -0.299890088892  entropy = 12.853936401
    Total E(T) = -12114.2008689769  Free energy = -12114.2651386589  E0 = -12114.2330038179
Extra cycle  E= -12114.2008689769  delta_E= 0.0352  |g|= 0.238  |ddm|=  940
converged SCF energy = -12114.2008689769  <S^2> = 2.0138849  2S+1 = 3.0092424
[timing] right/Al ensemble SCF = 1236.5s
[timing] collect state = 0.0s
[timing] grad contraction = 1.7s
Npdft 666.0000343375766
[timing] checkpoint save = 1.1s
step=  14 L=-12262.79894876 Ef=-12262.81496630 L1=8.83632474e-01 |grad|=1.15631e-02 t=1453.7s
[diagnostic] step=15 |b|=2.401485e+00 max|b|=8.816002e-01
[timing] build AO Vp from S3 = 3.9s
[diagnostic] |vpl|=3.139366e+00 max|vpl|=5.469388e-01
[diagnostic] |vpr|=2.238101e+00 max|vpr|=4.783171e-01
[diagnostic] |vpref|=3.237472e+00 max|vpref|=5.462274e-01
dm0 check [[[ 1.51511405e-09  2.24391603e-08  1.89789936e-07 ... -1.14718934e-07
    7.42476633e-07  6.64942809e-08]
  [ 2.24391603e-08  3.34444475e-07  2.75067396e-06 ... -1.77766999e-06
    1.10110552e-05  1.04757786e-06]
  [ 1.89789936e-07  2.75067396e-06  2.57237932e-05 ... -1.02769842e-05
    9.27868764e-05  4.99875789e-06]
  ...
  [-1.14718934e-07 -1.77766999e-06 -1.02769842e-05 ...  2.27166763e-04
    1.81897148e-06 -1.91352332e-04]
  [ 7.42476633e-07  1.10110552e-05  9.27868764e-05 ...  1.81897148e-06
    4.79980290e-04 -1.62432513e-06]
  [ 6.64942809e-08  1.04757786e-06  4.99875789e-06 ... -1.91352332e-04
   -1.62432513e-06  6.55604992e-04]]

 [[ 2.14412357e-09  3.18475851e-08  2.65523727e-07 ... -7.48704848e-08
    1.03578251e-06  2.38437205e-08]
  [ 3.18475851e-08  4.74248195e-07  3.91397263e-06 ... -9.93112643e-07
    1.53190765e-05  2.50155194e-07]
  [ 2.65523727e-07  3.91397263e-06  3.37625548e-05 ... -1.10142803e-05
    1.30901531e-04  4.52867565e-06]
  ...
  [-7.48704848e-08 -9.93112643e-07 -1.10142803e-05 ...  2.49604234e-04
    2.27939090e-06 -2.10130247e-04]
  [ 1.03578251e-06  1.53190765e-05  1.30901531e-04 ...  2.27939090e-06
    5.52938801e-04 -2.04467273e-06]
  [ 2.38437205e-08  2.50155194e-07  4.52867565e-06 ... -2.10130247e-04
   -2.04467273e-06  7.46013385e-04]]]
converged SCF energy = -150.226693714539  <S^2> = 2.0045398  2S+1 = 3.003025
dm0 check [[[ 1.14640938e-09  1.70870737e-08  1.38753980e-07 ... -8.06198750e-08
    6.25414572e-07  4.56929832e-08]
  [ 1.70870737e-08  2.56086194e-07  2.02952952e-06 ... -1.06183044e-06
    9.18279419e-06  7.18409967e-07]
  [ 1.38753980e-07  2.02952952e-06  1.80707666e-05 ... -1.26946937e-05
    8.12949957e-05  3.19890282e-06]
  ...
  [-8.06198750e-08 -1.06183044e-06 -1.26946937e-05 ...  2.39058316e-04
   -1.61696703e-06 -1.68275055e-04]
  [ 6.25414572e-07  9.18279419e-06  8.12949957e-05 ... -1.61696703e-06
    4.44995294e-04 -4.06057877e-06]
  [ 4.56929832e-08  7.18409967e-07  3.19890282e-06 ... -1.68275055e-04
   -4.06057877e-06  5.95723024e-04]]

 [[ 2.53034640e-08  3.85046717e-07  2.83125637e-06 ... -1.48565827e-07
    1.05890350e-07  7.43950440e-08]
  [ 3.85046717e-07  5.86072012e-06  4.30456975e-05 ... -2.17964538e-06
    1.18321306e-06  1.05298232e-06]
  [ 2.83125637e-06  4.30456975e-05  3.17990129e-04 ... -1.75089565e-05
    2.68728001e-05  9.39122699e-06]
  ...
  [-1.48565827e-07 -2.17964538e-06 -1.75089565e-05 ...  2.30571628e-04
    2.08875497e-07 -1.91671222e-04]
  [ 1.05890350e-07  1.18321306e-06  2.68728001e-05 ...  2.08875497e-07
    4.63238545e-04 -3.50216187e-06]
  [ 7.43950440e-08  1.05298232e-06  9.39122699e-06 ... -1.91671222e-04
   -3.50216187e-06  6.49569041e-04]]]
converged SCF energy = -150.244985829838  <S^2> = 0.92979875  2S+1 = 2.1723708
[timing] left/O ensemble SCF = 13.9s
dm0 check [[ 3.79534647e-01  6.12215911e-01 -1.25201685e-01 ...  2.36349372e-05
   1.49383454e-05 -4.82401936e-05]
 [ 6.12215911e-01  1.01512495e+00 -3.34000415e-01 ...  6.44478323e-05
   3.94812235e-05 -1.30683514e-04]
 [-1.25201685e-01 -3.34000415e-01  6.75172590e-01 ... -1.55477343e-04
  -9.56224836e-05  3.16294048e-04]
 ...
 [ 2.36349372e-05  6.44478323e-05 -1.55477343e-04 ...  1.08906335e-05
   5.93893629e-06 -2.35439273e-05]
 [ 1.49383454e-05  3.94812235e-05 -9.56224836e-05 ...  5.93893629e-06
   4.92240028e-06 -1.47996215e-05]
 [-4.82401936e-05 -1.30683514e-04  3.16294048e-04 ... -2.35439273e-05
  -1.47996215e-05  5.95127131e-05]]


******** <class 'pyscf.scf.addons.SmearingDFRKS'> ********
method = SmearingDFRKS
initial guess = minao
damping factor = 0.15
level_shift factor = 0.2
DIIS = <class 'pyscf.scf.diis.CDIIS'>
diis_start_cycle = 1
diis_space = 12
diis_damp = 0
SCF conv_tol = 5e-05
SCF conv_tol_grad = None
SCF max_cycles = 200
direct_scf = True
direct_scf_tol = 1e-13
chkfile to save SCF result = /tmp/tmpnx8_b0uf
max_memory 4000 MB (current use 87212 MB)
XC library pyscf.dft.libxc version 6.1.0
    S. Lehtola, C. Steigemann, M. J.T. Oliveira, and M. A.L. Marques.,  SoftwareX 7, 1–5 (2018)
XC functionals = pbe
    J. P. Perdew, K. Burke, and M. Ernzerhof.,  Phys. Rev. Lett. 77, 3865 (1996)
    J. P. Perdew, K. Burke, and M. Ernzerhof.,  Phys. Rev. Lett. 78, 1396 (1997)
    J. P. Perdew, K. Burke, and M. Ernzerhof.,  Phys. Rev. Lett. 77, 3865 (1996)
    J. P. Perdew, K. Burke, and M. Ernzerhof.,  Phys. Rev. Lett. 78, 1396 (1997)
small_rho_cutoff = 1e-06
Set gradient conv threshold to 0.00707107
    Total E(T) = -12114.6796566717  Free energy = -12115.7124147624  E0 = -12115.1960357171
init E= -12114.6796566717
    sigma = 0.02  Optimized mu = -0.0528415739896  entropy = 1.53314584152
    Total E(T) = -12114.6796395598  Free energy = -12114.7103024766  E0 = -12114.6949710182
cycle= 1 E= -12114.6796395598  delta_E= 1.71e-05  |g|= 0.0282  |ddm|= 18.5
    sigma = 0.02  Optimized mu = -0.0528717329628  entropy = 1.53415171186
    Total E(T) = -12114.6794188677  Free energy = -12114.7101019019  E0 = -12114.6947603848
cycle= 2 E= -12114.6794188677  delta_E= 0.000221  |g|= 0.0958  |ddm|= 82.3
    sigma = 0.02  Optimized mu = -0.0528497979447  entropy = 1.53325466288
    Total E(T) = -12114.6795461682  Free energy = -12114.7102112614  E0 = -12114.6948787148
cycle= 3 E= -12114.6795461682  delta_E= -0.000127  |g|= 0.053  |ddm|= 34.9
    sigma = 0.02  Optimized mu = -0.0528493152707  entropy = 1.53321726513
    Total E(T) = -12114.6796002438  Free energy = -12114.7102645891  E0 = -12114.6949324164
cycle= 4 E= -12114.6796002438  delta_E= -5.41e-05  |g|= 0.0378  |ddm|= 12.6
    sigma = 0.02  Optimized mu = -0.0528491078456  entropy = 1.53321429542
    Total E(T) = -12114.6796268403  Free energy = -12114.7102911263  E0 = -12114.6949589833
cycle= 5 E= -12114.6796268403  delta_E= -2.66e-05  |g|= 0.0278  |ddm|=  7.4
    sigma = 0.02  Optimized mu = -0.0528494643237  entropy = 1.53321761988
    Total E(T) = -12114.6796405133  Free energy = -12114.7103048657  E0 = -12114.6949726895
cycle= 6 E= -12114.6796405133  delta_E= -1.37e-05  |g|= 0.021  |ddm|=  4.9
    sigma = 0.02  Optimized mu = -0.0528490210685  entropy = 1.53322016376
    Total E(T) = -12114.679648107  Free energy = -12114.7103125102  E0 = -12114.6949803086
cycle= 7 E= -12114.679648107  delta_E= -7.59e-06  |g|= 0.0159  |ddm|= 3.04
    sigma = 0.02  Optimized mu = -0.0528500403354  entropy = 1.53321348618
    Total E(T) = -12114.6796524517  Free energy = -12114.7103167214  E0 = -12114.6949845865
cycle= 8 E= -12114.6796524517  delta_E= -4.34e-06  |g|= 0.0121  |ddm|= 2.25
    sigma = 0.02  Optimized mu = -0.052848269243  entropy = 1.53322549357
    Total E(T) = -12114.6796548802  Free energy = -12114.7103193901  E0 = -12114.6949871352
cycle= 9 E= -12114.6796548802  delta_E= -2.43e-06  |g|= 0.00938  |ddm|= 1.66
    sigma = 0.02  Optimized mu = -0.0528493117003  entropy = 1.53322269912
    Total E(T) = -12114.6796563451  Free energy = -12114.710320799  E0 = -12114.694988572
cycle= 10 E= -12114.6796563451  delta_E= -1.46e-06  |g|= 0.00731  |ddm|= 1.22
    sigma = 0.02  Optimized mu = -0.0528492659094  entropy = 1.53322165896
    Total E(T) = -12114.6796572121  Free energy = -12114.7103216453  E0 = -12114.6949894287
cycle= 11 E= -12114.6796572121  delta_E= -8.67e-07  |g|= 0.00577  |ddm|=    1
    sigma = 0.02  Optimized mu = -0.15296159353  entropy = 51.6382073991
    Total E(T) = -12114.1459817773  Free energy = -12115.1787459253  E0 = -12114.6623638513
Extra cycle  E= -12114.1459817773  delta_E= 0.534  |g|= 0.422  |ddm|= 4.37e+03
converged SCF energy = -12114.1459817773
dm0 check [[[ 1.89789181e-01  3.06166453e-01 -6.27381812e-02 ...  9.19476246e-06
    5.84238382e-06 -2.11404986e-05]
  [ 3.06166453e-01  5.07717999e-01 -1.67363628e-01 ...  2.51433064e-05
    1.53465065e-05 -5.72801358e-05]
  [-6.27381812e-02 -1.67363628e-01  3.38427260e-01 ... -6.05277783e-05
   -3.71135128e-05  1.38396317e-04]
  ...
  [ 9.19476246e-06  2.51433064e-05 -6.05277783e-05 ...  3.14060807e-06
    1.55968578e-06 -7.62837752e-06]
  [ 5.84238382e-06  1.53465065e-05 -3.71135128e-05 ...  1.55968578e-06
    1.58954608e-06 -4.84059440e-06]
  [-2.11404986e-05 -5.72801358e-05  1.38396317e-04 ... -7.62837752e-06
   -4.84059440e-06  2.29910869e-05]]

 [[ 1.89768269e-01  3.06109500e-01 -6.26088925e-02 ...  1.01240931e-05
    6.66540712e-06 -2.24832168e-05]
  [ 3.06109500e-01  5.07565951e-01 -1.67022396e-01 ...  2.76655100e-05
    1.75818287e-05 -6.09466273e-05]
  [-6.26088925e-02 -1.67022396e-01  3.37664228e-01 ... -6.67799028e-05
   -4.26678344e-05  1.47694403e-04]
  ...
  [ 1.01240931e-05  2.76655100e-05 -6.67799028e-05 ...  3.38459012e-06
    1.74978337e-06 -8.20327368e-06]
  [ 6.66540712e-06  1.75818287e-05 -4.26678344e-05 ...  1.74978337e-06
    1.74486089e-06 -5.31180446e-06]
  [-2.24832168e-05 -6.09466273e-05  1.47694403e-04 ... -8.20327368e-06
   -5.31180446e-06  2.42578436e-05]]]


******** <class 'pyscf.scf.addons.SmearingDFUKS'> ********
method = SmearingDFUKS
initial guess = minao
damping factor = 0.15
level_shift factor = 0.2
DIIS = <class 'pyscf.scf.diis.CDIIS'>
diis_start_cycle = 1
diis_space = 12
diis_damp = 0
SCF conv_tol = 5e-05
SCF conv_tol_grad = None
SCF max_cycles = 200
direct_scf = True
direct_scf_tol = 1e-13
chkfile to save SCF result = /tmp/tmph1vfanl1
max_memory 4000 MB (current use 87267 MB)
number electrons alpha = 325  beta = 323
XC library pyscf.dft.libxc version 6.1.0
    S. Lehtola, C. Steigemann, M. J.T. Oliveira, and M. A.L. Marques.,  SoftwareX 7, 1–5 (2018)
XC functionals = pbe
    J. P. Perdew, K. Burke, and M. Ernzerhof.,  Phys. Rev. Lett. 77, 3865 (1996)
    J. P. Perdew, K. Burke, and M. Ernzerhof.,  Phys. Rev. Lett. 78, 1396 (1997)
    J. P. Perdew, K. Burke, and M. Ernzerhof.,  Phys. Rev. Lett. 77, 3865 (1996)
    J. P. Perdew, K. Burke, and M. Ernzerhof.,  Phys. Rev. Lett. 78, 1396 (1997)
small_rho_cutoff = 1e-06
Set gradient conv threshold to 0.00707107
    Total E(T) = -12114.2360286814  Free energy = -12114.3002983634  E0 = -12114.2681635224
init E= -12114.2360286814
    sigma = 0.005  Optimized mu_alpha = -0.19744121663  entropy = 3.44480481099e-07
    sigma = 0.005  Optimized mu_beta  = -0.199970917653  entropy = 3.44480481099e-07
    Total E(T) = -12114.236020446  Free energy = -12114.2360204478  E0 = -12114.2360204469
cycle= 1 E= -12114.236020446  delta_E= 8.24e-06  |g|= 0.0278  |ddm|= 10.5
    sigma = 0.005  Optimized mu_alpha = -0.197446747288  entropy = 3.4454025421e-07
    sigma = 0.005  Optimized mu_beta  = -0.199978558328  entropy = 3.4454025421e-07
    Total E(T) = -12114.2359275338  Free energy = -12114.2359275355  E0 = -12114.2359275347
cycle= 2 E= -12114.2359275338  delta_E= 9.29e-05  |g|= 0.0896  |ddm|= 42.4
    sigma = 0.005  Optimized mu_alpha = -0.197444321541  entropy = 3.44327892711e-07
    sigma = 0.005  Optimized mu_beta  = -0.199974233138  entropy = 3.44327892711e-07
    Total E(T) = -12114.2359788488  Free energy = -12114.2359788506  E0 = -12114.2359788497
cycle= 3 E= -12114.2359788488  delta_E= -5.13e-05  |g|= 0.0504  |ddm|=   17
    sigma = 0.005  Optimized mu_alpha = -0.197443967283  entropy = 3.44335695264e-07
    sigma = 0.005  Optimized mu_beta  = -0.199973914585  entropy = 3.44335695264e-07
    Total E(T) = -12114.2360036946  Free energy = -12114.2360036963  E0 = -12114.2360036955
cycle= 4 E= -12114.2360036946  delta_E= -2.48e-05  |g|= 0.0356  |ddm|= 6.38
    sigma = 0.005  Optimized mu_alpha = -0.197443762559  entropy = 3.44336301688e-07
    sigma = 0.005  Optimized mu_beta  = -0.199973695241  entropy = 3.44336301688e-07
    Total E(T) = -12114.2360158829  Free energy = -12114.2360158846  E0 = -12114.2360158837
cycle= 5 E= -12114.2360158829  delta_E= -1.22e-05  |g|= 0.0258  |ddm|= 3.78
    sigma = 0.005  Optimized mu_alpha = -0.197443606995  entropy = 3.44339739419e-07
    sigma = 0.005  Optimized mu_beta  = -0.199973493636  entropy = 3.44339739419e-07
    Total E(T) = -12114.236021963  Free energy = -12114.2360219647  E0 = -12114.2360219638
cycle= 6 E= -12114.236021963  delta_E= -6.08e-06  |g|= 0.0193  |ddm|=  2.7
    sigma = 0.005  Optimized mu_alpha = -0.197443601665  entropy = 3.44337397419e-07
    sigma = 0.005  Optimized mu_beta  = -0.199973530057  entropy = 3.44337397419e-07
    Total E(T) = -12114.2360252867  Free energy = -12114.2360252885  E0 = -12114.2360252876
cycle= 7 E= -12114.2360252867  delta_E= -3.32e-06  |g|= 0.0145  |ddm|= 1.66
    sigma = 0.005  Optimized mu_alpha = -0.197443018158  entropy = 3.44342643583e-07
    sigma = 0.005  Optimized mu_beta  = -0.199972878557  entropy = 3.44342643583e-07
    Total E(T) = -12114.2360271128  Free energy = -12114.2360271145  E0 = -12114.2360271137
cycle= 8 E= -12114.2360271128  delta_E= -1.83e-06  |g|= 0.0111  |ddm|= 1.15
    sigma = 0.005  Optimized mu_alpha = -0.197443881959  entropy = 3.4433418391e-07
    sigma = 0.005  Optimized mu_beta  = -0.199973788919  entropy = 3.4433418391e-07
    Total E(T) = -12114.2360281497  Free energy = -12114.2360281514  E0 = -12114.2360281506
cycle= 9 E= -12114.2360281497  delta_E= -1.04e-06  |g|= 0.00853  |ddm|= 0.829
    sigma = 0.005  Optimized mu_alpha = -0.197443019972  entropy = 3.44338412616e-07
    sigma = 0.005  Optimized mu_beta  = -0.199972923607  entropy = 3.44338412616e-07
    Total E(T) = -12114.2360287551  Free energy = -12114.2360287569  E0 = -12114.236028756
cycle= 10 E= -12114.2360287551  delta_E= -6.05e-07  |g|= 0.00665  |ddm|= 0.614
    sigma = 0.005  Optimized mu_alpha = -0.2970104565  entropy = 12.8537477244
    sigma = 0.005  Optimized mu_beta  = -0.299892569285  entropy = 12.8537477244
    Total E(T) = -12114.2009178305  Free energy = -12114.2651865691  E0 = -12114.2330521998
Extra cycle  E= -12114.2009178305  delta_E= 0.0351  |g|= 0.233  |ddm|=  940
converged SCF energy = -12114.2009178305  <S^2> = 2.0138858  2S+1 = 3.0092429
[timing] right/Al ensemble SCF = 1324.5s
[timing] collect state = 0.0s
[timing] grad contraction = 2.6s
Npdft 666.0000343377129
[timing] checkpoint save = 0.0s
step=  15 L=-12262.79897788 Ef=-12262.81498963 L1=8.83774625e-01 |grad|=1.15666e-02 t=1545.0s
[diagnostic] step=16 |b|=2.401485e+00 max|b|=8.816001e-01
[timing] build AO Vp from S3 = 1.6s
[diagnostic] |vpl|=3.139366e+00 max|vpl|=5.469391e-01
[diagnostic] |vpr|=2.238101e+00 max|vpr|=4.783173e-01
[diagnostic] |vpref|=3.237472e+00 max|vpref|=5.462276e-01
dm0 check [[[ 1.51511367e-09  2.24391586e-08  1.89789880e-07 ... -1.14719115e-07
    7.42477163e-07  6.64944475e-08]
  [ 2.24391586e-08  3.34444541e-07  2.75067319e-06 ... -1.77767312e-06
    1.10110607e-05  1.04758091e-06]
  [ 1.89789880e-07  2.75067319e-06  2.57237842e-05 ... -1.02770092e-05
    9.27869542e-05  4.99878024e-06]
  ...
  [-1.14719115e-07 -1.77767312e-06 -1.02770092e-05 ...  2.27166679e-04
    1.81897058e-06 -1.91352261e-04]
  [ 7.42477163e-07  1.10110607e-05  9.27869542e-05 ...  1.81897058e-06
    4.79980240e-04 -1.62432571e-06]
  [ 6.64944475e-08  1.04758091e-06  4.99878024e-06 ... -1.91352261e-04
   -1.62432571e-06  6.55604880e-04]]

 [[ 2.14412335e-09  3.18475816e-08  2.65523750e-07 ... -7.48708230e-08
    1.03578269e-06  2.38440115e-08]
  [ 3.18475816e-08  4.74248177e-07  3.91397251e-06 ... -9.93114915e-07
    1.53190784e-05  2.50157236e-07]
  [ 2.65523750e-07  3.91397251e-06  3.37625595e-05 ... -1.10143031e-05
    1.30901565e-04  4.52869490e-06]
  ...
  [-7.48708230e-08 -9.93114915e-07 -1.10143031e-05 ...  2.49604173e-04
    2.27939027e-06 -2.10130194e-04]
  [ 1.03578269e-06  1.53190784e-05  1.30901565e-04 ...  2.27939027e-06
    5.52938976e-04 -2.04467343e-06]
  [ 2.38440115e-08  2.50157236e-07  4.52869490e-06 ... -2.10130194e-04
   -2.04467343e-06  7.46013521e-04]]]
converged SCF energy = -150.226693714539  <S^2> = 2.0045398  2S+1 = 3.003025
dm0 check [[[ 1.14641018e-09  1.70870773e-08  1.38754051e-07 ... -8.06197551e-08
    6.25414516e-07  4.56928043e-08]
  [ 1.70870773e-08  2.56086145e-07  2.02952928e-06 ... -1.06182743e-06
    9.18278809e-06  7.18408998e-07]
  [ 1.38754051e-07  2.02952928e-06  1.80707707e-05 ... -1.26946953e-05
    8.12949562e-05  3.19888970e-06]
  ...
  [-8.06197551e-08 -1.06182743e-06 -1.26946953e-05 ...  2.39058504e-04
   -1.61694507e-06 -1.68274903e-04]
  [ 6.25414516e-07  9.18278809e-06  8.12949562e-05 ... -1.61694507e-06
    4.44994912e-04 -4.06053754e-06]
  [ 4.56928043e-08  7.18408998e-07  3.19888970e-06 ... -1.68274903e-04
   -4.06053754e-06  5.95722478e-04]]

 [[ 2.53030680e-08  3.85040696e-07  2.83121312e-06 ... -1.48564900e-07
    1.05892588e-07  7.43951769e-08]
  [ 3.85040696e-07  5.86062861e-06  4.30450396e-05 ... -2.17963315e-06
    1.18324416e-06  1.05298604e-06]
  [ 2.83121312e-06  4.30450396e-05  3.17985403e-04 ... -1.75088597e-05
    2.68730203e-05  9.39124695e-06]
  ...
  [-1.48564900e-07 -2.17963315e-06 -1.75088597e-05 ...  2.30571493e-04
    2.08895389e-07 -1.91671088e-04]
  [ 1.05892588e-07  1.18324416e-06  2.68730203e-05 ...  2.08895389e-07
    4.63238062e-04 -3.50211560e-06]
  [ 7.43951769e-08  1.05298604e-06  9.39124695e-06 ... -1.91671088e-04
   -3.50211560e-06  6.49568359e-04]]]
converged SCF energy = -150.244985829837  <S^2> = 0.92979869  2S+1 = 2.1723708
[timing] left/O ensemble SCF = 9.9s
dm0 check [[ 3.79534656e-01  6.12215924e-01 -1.25201717e-01 ...  2.36340500e-05
   1.49379583e-05 -4.82387115e-05]
 [ 6.12215924e-01  1.01512497e+00 -3.34000500e-01 ...  6.44454386e-05
   3.94801795e-05 -1.30679517e-04]
 [-1.25201717e-01 -3.34000500e-01  6.75172804e-01 ... -1.55471555e-04
  -9.56199631e-05  3.16284402e-04]
 ...
 [ 2.36340500e-05  6.44454386e-05 -1.55471555e-04 ...  1.08904628e-05
   5.93907754e-06 -2.35433418e-05]
 [ 1.49379583e-05  3.94801795e-05 -9.56199631e-05 ...  5.93907754e-06
   4.92260154e-06 -1.47997326e-05]
 [-4.82387115e-05 -1.30679517e-04  3.16284402e-04 ... -2.35433418e-05
  -1.47997326e-05  5.95112805e-05]]


******** <class 'pyscf.scf.addons.SmearingDFRKS'> ********
method = SmearingDFRKS
initial guess = minao
damping factor = 0.15
level_shift factor = 0.2
DIIS = <class 'pyscf.scf.diis.CDIIS'>
diis_start_cycle = 1
diis_space = 12
diis_damp = 0
SCF conv_tol = 5e-05
SCF conv_tol_grad = None
SCF max_cycles = 200
direct_scf = True
direct_scf_tol = 1e-13
chkfile to save SCF result = /tmp/tmpnx8_b0uf
max_memory 4000 MB (current use 87286 MB)
XC library pyscf.dft.libxc version 6.1.0
    S. Lehtola, C. Steigemann, M. J.T. Oliveira, and M. A.L. Marques.,  SoftwareX 7, 1–5 (2018)
XC functionals = pbe
    J. P. Perdew, K. Burke, and M. Ernzerhof.,  Phys. Rev. Lett. 77, 3865 (1996)
    J. P. Perdew, K. Burke, and M. Ernzerhof.,  Phys. Rev. Lett. 78, 1396 (1997)
    J. P. Perdew, K. Burke, and M. Ernzerhof.,  Phys. Rev. Lett. 77, 3865 (1996)
    J. P. Perdew, K. Burke, and M. Ernzerhof.,  Phys. Rev. Lett. 78, 1396 (1997)
small_rho_cutoff = 1e-06
Set gradient conv threshold to 0.00707107
    Total E(T) = -12114.6796568947  Free energy = -12115.7124210427  E0 = -12115.1960389687
init E= -12114.6796568947
    sigma = 0.02  Optimized mu = -0.0528431290355  entropy = 1.53314992983
    Total E(T) = -12114.679644667  Free energy = -12114.7103076656  E0 = -12114.6949761663
cycle= 1 E= -12114.679644667  delta_E= 1.22e-05  |g|= 0.024  |ddm|= 15.8
    sigma = 0.02  Optimized mu = -0.0528670022648  entropy = 1.53394840751
    Total E(T) = -12114.6794867318  Free energy = -12114.7101656999  E0 = -12114.6948262158
cycle= 2 E= -12114.6794867318  delta_E= 0.000158  |g|= 0.0812  |ddm|= 70.2
    sigma = 0.02  Optimized mu = -0.0528495240856  entropy = 1.53324836998
    Total E(T) = -12114.6795776955  Free energy = -12114.7102426629  E0 = -12114.6949101792
cycle= 3 E= -12114.6795776955  delta_E= -9.1e-05  |g|= 0.045  |ddm|= 29.6
    sigma = 0.02  Optimized mu = -0.0528491776001  entropy = 1.53321758223
    Total E(T) = -12114.6796165195  Free energy = -12114.7102808711  E0 = -12114.6949486953
cycle= 4 E= -12114.6796165195  delta_E= -3.88e-05  |g|= 0.032  |ddm|= 10.6
    sigma = 0.02  Optimized mu = -0.0528489979062  entropy = 1.53321509593
    Total E(T) = -12114.6796356486  Free energy = -12114.7102999505  E0 = -12114.6949677995
cycle= 5 E= -12114.6796356486  delta_E= -1.91e-05  |g|= 0.0235  |ddm|= 6.28
    sigma = 0.02  Optimized mu = -0.0528494135671  entropy = 1.53321820798
    Total E(T) = -12114.6796454368  Free energy = -12114.7103098009  E0 = -12114.6949776189
cycle= 6 E= -12114.6796454368  delta_E= -9.79e-06  |g|= 0.0177  |ddm|= 4.31
    sigma = 0.02  Optimized mu = -0.0528489803698  entropy = 1.5332198432
    Total E(T) = -12114.6796508808  Free energy = -12114.7103152777  E0 = -12114.6949830793
cycle= 7 E= -12114.6796508808  delta_E= -5.44e-06  |g|= 0.0134  |ddm|= 2.61
    sigma = 0.02  Optimized mu = -0.0528499691253  entropy = 1.5332166
    Total E(T) = -12114.6796539652  Free energy = -12114.7103182972  E0 = -12114.6949861312
cycle= 8 E= -12114.6796539652  delta_E= -3.08e-06  |g|= 0.0102  |ddm|= 1.96
    sigma = 0.02  Optimized mu = -0.0528482056523  entropy = 1.53322351025
    Total E(T) = -12114.6796557037  Free energy = -12114.7103201739  E0 = -12114.6949879388
cycle= 9 E= -12114.6796557037  delta_E= -1.74e-06  |g|= 0.00789  |ddm|= 1.44
    sigma = 0.02  Optimized mu = -0.0528490828324  entropy = 1.53322263199
    Total E(T) = -12114.6796567322  Free energy = -12114.7103211848  E0 = -12114.6949889585
cycle= 10 E= -12114.6796567322  delta_E= -1.03e-06  |g|= 0.00617  |ddm|= 1.03
    sigma = 0.02  Optimized mu = -0.152962304194  entropy = 51.6380457739
    Total E(T) = -12114.1459878847  Free energy = -12115.1787488002  E0 = -12114.6623683425
Extra cycle  E= -12114.1459878847  delta_E= 0.534  |g|= 0.422  |ddm|= 4.37e+03
converged SCF energy = -12114.1459878847
dm0 check [[[ 1.89789184e-01  3.06166456e-01 -6.27381876e-02 ...  9.19519203e-06
    5.84256191e-06 -2.11411794e-05]
  [ 3.06166456e-01  5.07718002e-01 -1.67363644e-01 ...  2.51444646e-05
    1.53469869e-05 -5.72819716e-05]
  [-6.27381876e-02 -1.67363644e-01  3.38427303e-01 ... -6.05305775e-05
   -3.71146751e-05  1.38400756e-04]
  ...
  [ 9.19519203e-06  2.51444646e-05 -6.05305775e-05 ...  3.14043871e-06
    1.55957628e-06 -7.62804110e-06]
  [ 5.84256191e-06  1.53469869e-05 -3.71146751e-05 ...  1.55957628e-06
    1.58948071e-06 -4.84034759e-06]
  [-2.11411794e-05 -5.72819716e-05  1.38400756e-04 ... -7.62804110e-06
   -4.84034759e-06  2.29904520e-05]]

 [[ 1.89768273e-01  3.06109506e-01 -6.26089085e-02 ...  1.01238736e-05
    6.66532030e-06 -2.24829556e-05]
  [ 3.06109506e-01  5.07565965e-01 -1.67022438e-01 ...  2.76649173e-05
    1.75815942e-05 -6.09459209e-05]
  [-6.26089085e-02 -1.67022438e-01  3.37664332e-01 ... -6.67784612e-05
   -4.26672626e-05  1.47692675e-04]
  ...
  [ 1.01238736e-05  2.76649173e-05 -6.67784612e-05 ...  3.38440493e-06
    1.74965435e-06 -8.20290457e-06]
  [ 6.66532030e-06  1.75815942e-05 -4.26672626e-05 ...  1.74965435e-06
    1.74478843e-06 -5.31154616e-06]
  [-2.24829556e-05 -6.09459209e-05  1.47692675e-04 ... -8.20290457e-06
   -5.31154616e-06  2.42572009e-05]]]


******** <class 'pyscf.scf.addons.SmearingDFUKS'> ********
method = SmearingDFUKS
initial guess = minao
damping factor = 0.15
level_shift factor = 0.2
DIIS = <class 'pyscf.scf.diis.CDIIS'>
diis_start_cycle = 1
diis_space = 12
diis_damp = 0
SCF conv_tol = 5e-05
SCF conv_tol_grad = None
SCF max_cycles = 200
direct_scf = True
direct_scf_tol = 1e-13
chkfile to save SCF result = /tmp/tmph1vfanl1
max_memory 4000 MB (current use 87286 MB)
number electrons alpha = 325  beta = 323
XC library pyscf.dft.libxc version 6.1.0
    S. Lehtola, C. Steigemann, M. J.T. Oliveira, and M. A.L. Marques.,  SoftwareX 7, 1–5 (2018)
XC functionals = pbe
    J. P. Perdew, K. Burke, and M. Ernzerhof.,  Phys. Rev. Lett. 77, 3865 (1996)
    J. P. Perdew, K. Burke, and M. Ernzerhof.,  Phys. Rev. Lett. 78, 1396 (1997)
    J. P. Perdew, K. Burke, and M. Ernzerhof.,  Phys. Rev. Lett. 77, 3865 (1996)
    J. P. Perdew, K. Burke, and M. Ernzerhof.,  Phys. Rev. Lett. 78, 1396 (1997)
small_rho_cutoff = 1e-06
Set gradient conv threshold to 0.00707107
    Total E(T) = -12114.2360284605  Free energy = -12114.3002971992  E0 = -12114.2681628299
init E= -12114.2360284605
    sigma = 0.005  Optimized mu_alpha = -0.197443529789  entropy = 3.44449608105e-07
    sigma = 0.005  Optimized mu_beta  = -0.199973392096  entropy = 3.44449608105e-07
    Total E(T) = -12114.2360210271  Free energy = -12114.2360210289  E0 = -12114.236021028
cycle= 1 E= -12114.2360210271  delta_E= 7.43e-06  |g|= 0.0266  |ddm|= 9.79
    sigma = 0.005  Optimized mu_alpha = -0.197439820297  entropy = 3.44575142013e-07
    sigma = 0.005  Optimized mu_beta  = -0.199971000299  entropy = 3.44575142013e-07
    Total E(T) = -12114.2359372801  Free energy = -12114.2359372818  E0 = -12114.2359372809
cycle= 2 E= -12114.2359372801  delta_E= 8.37e-05  |g|= 0.0853  |ddm|= 39.6
    sigma = 0.005  Optimized mu_alpha = -0.197443863573  entropy = 3.44334597179e-07
    sigma = 0.005  Optimized mu_beta  = -0.199973696605  entropy = 3.44334597179e-07
    Total E(T) = -12114.2359832758  Free energy = -12114.2359832775  E0 = -12114.2359832767
cycle= 3 E= -12114.2359832758  delta_E= -4.6e-05  |g|= 0.0481  |ddm|= 16.1
    sigma = 0.005  Optimized mu_alpha = -0.197443639585  entropy = 3.44339260263e-07
    sigma = 0.005  Optimized mu_beta  = -0.199973562377  entropy = 3.44339260263e-07
    Total E(T) = -12114.2360057631  Free energy = -12114.2360057648  E0 = -12114.236005764
cycle= 4 E= -12114.2360057631  delta_E= -2.25e-05  |g|= 0.034  |ddm|= 5.92
    sigma = 0.005  Optimized mu_alpha = -0.197443601468  entropy = 3.44338439125e-07
    sigma = 0.005  Optimized mu_beta  = -0.199973501267  entropy = 3.44338439125e-07
    Total E(T) = -12114.2360168414  Free energy = -12114.2360168432  E0 = -12114.2360168423
cycle= 5 E= -12114.2360168414  delta_E= -1.11e-05  |g|= 0.0246  |ddm|= 3.53
    sigma = 0.005  Optimized mu_alpha = -0.197443257355  entropy = 3.44340867018e-07
    sigma = 0.005  Optimized mu_beta  = -0.199973165212  entropy = 3.44340867018e-07
    Total E(T) = -12114.2360223648  Free energy = -12114.2360223665  E0 = -12114.2360223656
cycle= 6 E= -12114.2360223648  delta_E= -5.52e-06  |g|= 0.0184  |ddm|= 2.55
    sigma = 0.005  Optimized mu_alpha = -0.197443419622  entropy = 3.44337665714e-07
    sigma = 0.005  Optimized mu_beta  = -0.199973324491  entropy = 3.44337665714e-07
    Total E(T) = -12114.2360253884  Free energy = -12114.2360253901  E0 = -12114.2360253893
cycle= 7 E= -12114.2360253884  delta_E= -3.02e-06  |g|= 0.0139  |ddm|= 1.54
    sigma = 0.005  Optimized mu_alpha = -0.197443015328  entropy = 3.4434265219e-07
    sigma = 0.005  Optimized mu_beta  = -0.19997286056  entropy = 3.4434265219e-07
    Total E(T) = -12114.2360270632  Free energy = -12114.2360270649  E0 = -12114.2360270641
cycle= 8 E= -12114.2360270632  delta_E= -1.67e-06  |g|= 0.0105  |ddm|= 1.08
    sigma = 0.005  Optimized mu_alpha = -0.197443710108  entropy = 3.44334280834e-07
    sigma = 0.005  Optimized mu_beta  = -0.199973626612  entropy = 3.44334280834e-07
    Total E(T) = -12114.2360280092  Free energy = -12114.2360280109  E0 = -12114.23602801
cycle= 9 E= -12114.2360280092  delta_E= -9.46e-07  |g|= 0.00811  |ddm|= 0.787
    sigma = 0.005  Optimized mu_alpha = -0.197443135434  entropy = 3.44337585985e-07
    sigma = 0.005  Optimized mu_beta  = -0.199973026308  entropy = 3.44337585985e-07
    Total E(T) = -12114.2360285544  Free energy = -12114.2360285561  E0 = -12114.2360285553
cycle= 10 E= -12114.2360285544  delta_E= -5.45e-07  |g|= 0.00635  |ddm|= 0.578
    sigma = 0.005  Optimized mu_alpha = -0.297011930092  entropy = 12.8536436092
    sigma = 0.005  Optimized mu_beta  = -0.299894091546  entropy = 12.8536436092
    Total E(T) = -12114.2009636903  Free energy = -12114.2652319083  E0 = -12114.2330977993
Extra cycle  E= -12114.2009636903  delta_E= 0.0351  |g|= 0.228  |ddm|=  939
converged SCF energy = -12114.2009636903  <S^2> = 2.0138867  2S+1 = 3.0092436
[timing] right/Al ensemble SCF = 1263.3s
[timing] collect state = 0.1s
[timing] grad contraction = 1.6s
Npdft 666.0000343384967
[timing] checkpoint save = 0.0s
step=  16 L=-12262.79898211 Ef=-12262.81499705 L1=8.83834969e-01 |grad|=1.15676e-02 t=1476.7s
[diagnostic] step=17 |b|=2.401485e+00 max|b|=8.816001e-01
[timing] build AO Vp from S3 = 1.6s
[diagnostic] |vpl|=3.139366e+00 max|vpl|=5.469391e-01
[diagnostic] |vpr|=2.238101e+00 max|vpr|=4.783173e-01
[diagnostic] |vpref|=3.237472e+00 max|vpref|=5.462276e-01
dm0 check [[[ 1.51511407e-09  2.24391604e-08  1.89789939e-07 ... -1.14718926e-07
    7.42476608e-07  6.64942732e-08]
  [ 2.24391604e-08  3.34444472e-07  2.75067400e-06 ... -1.77766984e-06
    1.10110550e-05  1.04757772e-06]
  [ 1.89789939e-07  2.75067400e-06  2.57237936e-05 ... -1.02769830e-05
    9.27868729e-05  4.99875685e-06]
  ...
  [-1.14718926e-07 -1.77766984e-06 -1.02769830e-05 ...  2.27166767e-04
    1.81897152e-06 -1.91352335e-04]
  [ 7.42476608e-07  1.10110550e-05  9.27868729e-05 ...  1.81897152e-06
    4.79980292e-04 -1.62432510e-06]
  [ 6.64942732e-08  1.04757772e-06  4.99875685e-06 ... -1.91352335e-04
   -1.62432510e-06  6.55604997e-04]]

 [[ 2.14412358e-09  3.18475853e-08  2.65523726e-07 ... -7.48704692e-08
    1.03578250e-06  2.38437071e-08]
  [ 3.18475853e-08  4.74248195e-07  3.91397264e-06 ... -9.93112538e-07
    1.53190764e-05  2.50155100e-07]
  [ 2.65523726e-07  3.91397264e-06  3.37625546e-05 ... -1.10142792e-05
    1.30901529e-04  4.52867476e-06]
  ...
  [-7.48704692e-08 -9.93112538e-07 -1.10142792e-05 ...  2.49604237e-04
    2.27939093e-06 -2.10130249e-04]
  [ 1.03578250e-06  1.53190764e-05  1.30901529e-04 ...  2.27939093e-06
    5.52938793e-04 -2.04467270e-06]
  [ 2.38437071e-08  2.50155100e-07  4.52867476e-06 ... -2.10130249e-04
   -2.04467270e-06  7.46013379e-04]]]
converged SCF energy = -150.226693714539  <S^2> = 2.0045398  2S+1 = 3.003025
dm0 check [[[ 1.14641032e-09  1.70870795e-08  1.38754064e-07 ... -8.06197558e-08
    6.25414542e-07  4.56928093e-08]
  [ 1.70870795e-08  2.56086179e-07  2.02952949e-06 ... -1.06182745e-06
    9.18278846e-06  7.18409095e-07]
  [ 1.38754064e-07  2.02952949e-06  1.80707720e-05 ... -1.26946952e-05
    8.12949606e-05  3.19888936e-06]
  ...
  [-8.06197558e-08 -1.06182745e-06 -1.26946952e-05 ...  2.39058499e-04
   -1.61695813e-06 -1.68274901e-04]
  [ 6.25414542e-07  9.18278846e-06  8.12949606e-05 ... -1.61695813e-06
    4.44994915e-04 -4.06054622e-06]
  [ 4.56928093e-08  7.18409095e-07  3.19888936e-06 ... -1.68274901e-04
   -4.06054622e-06  5.95722479e-04]]

 [[ 2.53030561e-08  3.85040514e-07  2.83121181e-06 ... -1.48564893e-07
    1.05892561e-07  7.43954955e-08]
  [ 3.85040514e-07  5.86062583e-06  4.30450195e-05 ... -2.17963304e-06
    1.18324376e-06  1.05299090e-06]
  [ 2.83121181e-06  4.30450195e-05  3.17985260e-04 ... -1.75088589e-05
    2.68730171e-05  9.39128221e-06]
  ...
  [-1.48564893e-07 -2.17963304e-06 -1.75088589e-05 ...  2.30571489e-04
    2.08894065e-07 -1.91671086e-04]
  [ 1.05892561e-07  1.18324376e-06  2.68730171e-05 ...  2.08894065e-07
    4.63238064e-04 -3.50210959e-06]
  [ 7.43954955e-08  1.05299090e-06  9.39128221e-06 ... -1.91671086e-04
   -3.50210959e-06  6.49568350e-04]]]
converged SCF energy = -150.244985829837  <S^2> = 0.92979976  2S+1 = 2.1723718
[timing] left/O ensemble SCF = 11.7s
dm0 check [[ 3.79534651e-01  6.12215921e-01 -1.25201708e-01 ...  2.36348210e-05
   1.49383522e-05 -4.82400382e-05]
 [ 6.12215921e-01  1.01512498e+00 -3.34000478e-01 ...  6.44475185e-05
   3.94812418e-05 -1.30683095e-04]
 [-1.25201708e-01 -3.34000478e-01  6.75172745e-01 ... -1.55476580e-04
  -9.56225280e-05  3.16293039e-04]
 ...
 [ 2.36348210e-05  6.44475185e-05 -1.55476580e-04 ...  1.08900473e-05
   5.93893140e-06 -2.35424819e-05]
 [ 1.49383522e-05  3.94812418e-05 -9.56225280e-05 ...  5.93893140e-06
   4.92257571e-06 -1.47993507e-05]
 [-4.82400382e-05 -1.30683095e-04  3.16293039e-04 ... -2.35424819e-05
  -1.47993507e-05  5.95096658e-05]]


******** <class 'pyscf.scf.addons.SmearingDFRKS'> ********
method = SmearingDFRKS
initial guess = minao
damping factor = 0.15
level_shift factor = 0.2
DIIS = <class 'pyscf.scf.diis.CDIIS'>
diis_start_cycle = 1
diis_space = 12
diis_damp = 0
SCF conv_tol = 5e-05
SCF conv_tol_grad = None
SCF max_cycles = 200
direct_scf = True
direct_scf_tol = 1e-13
chkfile to save SCF result = /tmp/tmpnx8_b0uf
max_memory 4000 MB (current use 87324 MB)
XC library pyscf.dft.libxc version 6.1.0
    S. Lehtola, C. Steigemann, M. J.T. Oliveira, and M. A.L. Marques.,  SoftwareX 7, 1–5 (2018)
XC functionals = pbe
    J. P. Perdew, K. Burke, and M. Ernzerhof.,  Phys. Rev. Lett. 77, 3865 (1996)
    J. P. Perdew, K. Burke, and M. Ernzerhof.,  Phys. Rev. Lett. 78, 1396 (1997)
    J. P. Perdew, K. Burke, and M. Ernzerhof.,  Phys. Rev. Lett. 77, 3865 (1996)
    J. P. Perdew, K. Burke, and M. Ernzerhof.,  Phys. Rev. Lett. 78, 1396 (1997)
small_rho_cutoff = 1e-06
Set gradient conv threshold to 0.00707107
    Total E(T) = -12114.6796567317  Free energy = -12115.7124176471  E0 = -12115.1960371894
init E= -12114.6796567317
    sigma = 0.02  Optimized mu = -0.0528438528434  entropy = 1.5331427007
    Total E(T) = -12114.6796427207  Free energy = -12114.7103055747  E0 = -12114.6949741477
cycle= 1 E= -12114.6796427207  delta_E= 1.4e-05  |g|= 0.0257  |ddm|= 17.1
    sigma = 0.02  Optimized mu = -0.0528650195952  entropy = 1.53403764231
    Total E(T) = -12114.6794624395  Free energy = -12114.7101431924  E0 = -12114.6948028159
cycle= 2 E= -12114.6794624395  delta_E= 0.00018  |g|= 0.0869  |ddm|= 75.1
    sigma = 0.02  Optimized mu = -0.0528491371385  entropy = 1.5332539427
    Total E(T) = -12114.6795662342  Free energy = -12114.7102313131  E0 = -12114.6948987736
cycle= 3 E= -12114.6795662342  delta_E= -0.000104  |g|= 0.0481  |ddm|= 31.7
    sigma = 0.02  Optimized mu = -0.0528489830309  entropy = 1.53321847266
    Total E(T) = -12114.6796105608  Free energy = -12114.7102749302  E0 = -12114.6949427455
cycle= 4 E= -12114.6796105608  delta_E= -4.43e-05  |g|= 0.0343  |ddm|= 11.3
    sigma = 0.02  Optimized mu = -0.0528488347708  entropy = 1.53321524524
    Total E(T) = -12114.6796324064  Free energy = -12114.7102967113  E0 = -12114.6949645589
cycle= 5 E= -12114.6796324064  delta_E= -2.18e-05  |g|= 0.0251  |ddm|= 6.71
    sigma = 0.02  Optimized mu = -0.0528494372972  entropy = 1.53321776007
    Total E(T) = -12114.6796435728  Free energy = -12114.710307928  E0 = -12114.6949757504
cycle= 6 E= -12114.6796435728  delta_E= -1.12e-05  |g|= 0.019  |ddm|= 4.63
    sigma = 0.02  Optimized mu = -0.0528488739951  entropy = 1.5332195335
    Total E(T) = -12114.6796497897  Free energy = -12114.7103141804  E0 = -12114.694981985
cycle= 7 E= -12114.6796497897  delta_E= -6.22e-06  |g|= 0.0144  |ddm|= 2.81
    sigma = 0.02  Optimized mu = -0.0528500562373  entropy = 1.53321577959
    Total E(T) = -12114.6796533252  Free energy = -12114.7103176408  E0 = -12114.694985483
cycle= 8 E= -12114.6796533252  delta_E= -3.54e-06  |g|= 0.011  |ddm|= 2.07
    sigma = 0.02  Optimized mu = -0.0528480712829  entropy = 1.53322279621
    Total E(T) = -12114.6796553273  Free energy = -12114.7103197832  E0 = -12114.6949875552
cycle= 9 E= -12114.6796553273  delta_E= -2e-06  |g|= 0.00847  |ddm|= 1.54
    sigma = 0.02  Optimized mu = -0.0528490561069  entropy = 1.53322145227
    Total E(T) = -12114.6796565106  Free energy = -12114.7103209397  E0 = -12114.6949887252
cycle= 10 E= -12114.6796565106  delta_E= -1.18e-06  |g|= 0.00661  |ddm|=  1.1
    sigma = 0.02  Optimized mu = -0.152962628277  entropy = 51.6378824755
    Total E(T) = -12114.145979916  Free energy = -12115.1787375655  E0 = -12114.6623587408
Extra cycle  E= -12114.145979916  delta_E= 0.534  |g|= 0.422  |ddm|= 4.37e+03
converged SCF energy = -12114.145979916
dm0 check [[[ 1.89789182e-01  3.06166454e-01 -6.27381849e-02 ...  9.19554933e-06
    5.84269849e-06 -2.11417022e-05]
  [ 3.06166454e-01  5.07718004e-01 -1.67363639e-01 ...  2.51454288e-05
    1.53473555e-05 -5.72833831e-05]
  [-6.27381849e-02 -1.67363639e-01  3.38427288e-01 ... -6.05329116e-05
   -3.71155672e-05  1.38404174e-04]
  ...
  [ 9.19554933e-06  2.51454288e-05 -6.05329116e-05 ...  3.14040344e-06
    1.55955495e-06 -7.62796560e-06]
  [ 5.84269849e-06  1.53473555e-05 -3.71155672e-05 ...  1.55955495e-06
    1.58946563e-06 -4.84028302e-06]
  [-2.11417022e-05 -5.72833831e-05  1.38404174e-04 ... -7.62796560e-06
   -4.84028302e-06  2.29902946e-05]]

 [[ 1.89768272e-01  3.06109509e-01 -6.26089145e-02 ...  1.01236305e-05
    6.66518158e-06 -2.24825719e-05]
  [ 3.06109509e-01  5.07565977e-01 -1.67022456e-01 ...  2.76642614e-05
    1.75812195e-05 -6.09448846e-05]
  [-6.26089145e-02 -1.67022456e-01  3.37664371e-01 ... -6.67768667e-05
   -4.26663493e-05  1.47690144e-04]
  ...
  [ 1.01236305e-05  2.76642614e-05 -6.67768667e-05 ...  3.38431815e-06
    1.74958850e-06 -8.20271094e-06]
  [ 6.66518158e-06  1.75812195e-05 -4.26663493e-05 ...  1.74958850e-06
    1.74474515e-06 -5.31140264e-06]
  [-2.24825719e-05 -6.09448846e-05  1.47690144e-04 ... -8.20271094e-06
   -5.31140264e-06  2.42568085e-05]]]


******** <class 'pyscf.scf.addons.SmearingDFUKS'> ********
method = SmearingDFUKS
initial guess = minao
damping factor = 0.15
level_shift factor = 0.2
DIIS = <class 'pyscf.scf.diis.CDIIS'>
diis_start_cycle = 1
diis_space = 12
diis_damp = 0
SCF conv_tol = 5e-05
SCF conv_tol_grad = None
SCF max_cycles = 200
direct_scf = True
direct_scf_tol = 1e-13
chkfile to save SCF result = /tmp/tmph1vfanl1
max_memory 4000 MB (current use 87324 MB)
number electrons alpha = 325  beta = 323
XC library pyscf.dft.libxc version 6.1.0
    S. Lehtola, C. Steigemann, M. J.T. Oliveira, and M. A.L. Marques.,  SoftwareX 7, 1–5 (2018)
XC functionals = pbe
    J. P. Perdew, K. Burke, and M. Ernzerhof.,  Phys. Rev. Lett. 77, 3865 (1996)
    J. P. Perdew, K. Burke, and M. Ernzerhof.,  Phys. Rev. Lett. 78, 1396 (1997)
    J. P. Perdew, K. Burke, and M. Ernzerhof.,  Phys. Rev. Lett. 77, 3865 (1996)
    J. P. Perdew, K. Burke, and M. Ernzerhof.,  Phys. Rev. Lett. 78, 1396 (1997)
small_rho_cutoff = 1e-06
Set gradient conv threshold to 0.00707107
    Total E(T) = -12114.2360285538  Free energy = -12114.3002967718  E0 = -12114.2681626628
init E= -12114.2360285538
    sigma = 0.005  Optimized mu_alpha = -0.197444965096  entropy = 3.44426829633e-07
    sigma = 0.005  Optimized mu_beta  = -0.1999749552  entropy = 3.44426829633e-07
    Total E(T) = -12114.2360218155  Free energy = -12114.2360218172  E0 = -12114.2360218164
cycle= 1 E= -12114.2360218155  delta_E= 6.74e-06  |g|= 0.0253  |ddm|= 9.25
    sigma = 0.005  Optimized mu_alpha = -0.197436064169  entropy = 3.44580717717e-07
    sigma = 0.005  Optimized mu_beta  = -0.199966898394  entropy = 3.44580717717e-07
    Total E(T) = -12114.2359458465  Free energy = -12114.2359458482  E0 = -12114.2359458473
cycle= 2 E= -12114.2359458465  delta_E= 7.6e-05  |g|= 0.0812  |ddm|= 37.5
    sigma = 0.005  Optimized mu_alpha = -0.197443525288  entropy = 3.44338062548e-07
    sigma = 0.005  Optimized mu_beta  = -0.199973332211  entropy = 3.44338062548e-07
    Total E(T) = -12114.2359875246  Free energy = -12114.2359875263  E0 = -12114.2359875254
cycle= 3 E= -12114.2359875246  delta_E= -4.17e-05  |g|= 0.0458  |ddm|= 15.3
    sigma = 0.005  Optimized mu_alpha = -0.197443418241  entropy = 3.44340665156e-07
    sigma = 0.005  Optimized mu_beta  = -0.199973311544  entropy = 3.44340665156e-07
    Total E(T) = -12114.2360079254  Free energy = -12114.2360079271  E0 = -12114.2360079263
cycle= 4 E= -12114.2360079254  delta_E= -2.04e-05  |g|= 0.0324  |ddm|=  5.6
    sigma = 0.005  Optimized mu_alpha = -0.197443490127  entropy = 3.44339153007e-07
    sigma = 0.005  Optimized mu_beta  = -0.199973364885  entropy = 3.44339153007e-07
    Total E(T) = -12114.2360179874  Free energy = -12114.2360179891  E0 = -12114.2360179882
cycle= 5 E= -12114.2360179874  delta_E= -1.01e-05  |g|= 0.0235  |ddm|= 3.35
    sigma = 0.005  Optimized mu_alpha = -0.19744310744  entropy = 3.44340679774e-07
    sigma = 0.005  Optimized mu_beta  = -0.199973005724  entropy = 3.44340679774e-07
    Total E(T) = -12114.2360230105  Free energy = -12114.2360230122  E0 = -12114.2360230113
cycle= 6 E= -12114.2360230105  delta_E= -5.02e-06  |g|= 0.0176  |ddm|= 2.41
    sigma = 0.005  Optimized mu_alpha = -0.197443364621  entropy = 3.44337399049e-07
    sigma = 0.005  Optimized mu_beta  = -0.199973257767  entropy = 3.44337399049e-07
    Total E(T) = -12114.2360257632  Free energy = -12114.2360257649  E0 = -12114.236025764
cycle= 7 E= -12114.2360257632  delta_E= -2.75e-06  |g|= 0.0132  |ddm|= 1.44
    sigma = 0.005  Optimized mu_alpha = -0.197442873844  entropy = 3.44342235095e-07
    sigma = 0.005  Optimized mu_beta  = -0.199972743899  entropy = 3.44342235095e-07
    Total E(T) = -12114.2360272887  Free energy = -12114.2360272904  E0 = -12114.2360272895
cycle= 8 E= -12114.2360272887  delta_E= -1.53e-06  |g|= 0.01  |ddm|= 1.03
    sigma = 0.005  Optimized mu_alpha = -0.197443774882  entropy = 3.44333124075e-07
    sigma = 0.005  Optimized mu_beta  = -0.19997369578  entropy = 3.44333124075e-07
    Total E(T) = -12114.2360281479  Free energy = -12114.2360281496  E0 = -12114.2360281488
cycle= 9 E= -12114.2360281479  delta_E= -8.59e-07  |g|= 0.00773  |ddm|= 0.748
    sigma = 0.005  Optimized mu_alpha = -0.197443118759  entropy = 3.44337219456e-07
    sigma = 0.005  Optimized mu_beta  = -0.199973022132  entropy = 3.44337219456e-07
    Total E(T) = -12114.2360286435  Free energy = -12114.2360286453  E0 = -12114.2360286444
cycle= 10 E= -12114.2360286435  delta_E= -4.96e-07  |g|= 0.00605  |ddm|= 0.548
    sigma = 0.005  Optimized mu_alpha = -0.297012779901  entropy = 12.8536015415
    sigma = 0.005  Optimized mu_beta  = -0.299894957748  entropy = 12.8536015415
    Total E(T) = -12114.2010014956  Free energy = -12114.2652695033  E0 = -12114.2331354994
Extra cycle  E= -12114.2010014956  delta_E= 0.035  |g|= 0.224  |ddm|=  939
converged SCF energy = -12114.2010014956  <S^2> = 2.0138875  2S+1 = 3.0092441
[timing] right/Al ensemble SCF = 1272.8s
[timing] collect state = 0.0s
[timing] grad contraction = 1.5s
Npdft 666.0000343393386
[timing] checkpoint save = 0.0s
step=  17 L=-12262.79897885 Ef=-12262.81499722 L1=8.83907064e-01 |grad|=1.15685e-02 t=1486.8s
[diagnostic] step=18 |b|=2.401485e+00 max|b|=8.816001e-01
[timing] build AO Vp from S3 = 1.6s
[diagnostic] |vpl|=3.139366e+00 max|vpl|=5.469391e-01
[diagnostic] |vpr|=2.238101e+00 max|vpr|=4.783173e-01
[diagnostic] |vpref|=3.237472e+00 max|vpref|=5.462276e-01
dm0 check [[[ 1.51511366e-09  2.24391585e-08  1.89789878e-07 ... -1.14719124e-07
    7.42477189e-07  6.64944555e-08]
  [ 2.24391585e-08  3.34444544e-07  2.75067316e-06 ... -1.77767327e-06
    1.10110610e-05  1.04758106e-06]
  [ 1.89789878e-07  2.75067316e-06  2.57237837e-05 ... -1.02770104e-05
    9.27869580e-05  4.99878131e-06]
  ...
  [-1.14719124e-07 -1.77767327e-06 -1.02770104e-05 ...  2.27166675e-04
    1.81897054e-06 -1.91352258e-04]
  [ 7.42477189e-07  1.10110610e-05  9.27869580e-05 ...  1.81897054e-06
    4.79980238e-04 -1.62432573e-06]
  [ 6.64944555e-08  1.04758106e-06  4.99878131e-06 ... -1.91352258e-04
   -1.62432573e-06  6.55604875e-04]]

 [[ 2.14412334e-09  3.18475814e-08  2.65523751e-07 ... -7.48708393e-08
    1.03578270e-06  2.38440255e-08]
  [ 3.18475814e-08  4.74248177e-07  3.91397251e-06 ... -9.93115024e-07
    1.53190785e-05  2.50157334e-07]
  [ 2.65523751e-07  3.91397251e-06  3.37625597e-05 ... -1.10143042e-05
    1.30901567e-04  4.52869582e-06]
  ...
  [-7.48708393e-08 -9.93115024e-07 -1.10143042e-05 ...  2.49604170e-04
    2.27939024e-06 -2.10130192e-04]
  [ 1.03578270e-06  1.53190785e-05  1.30901567e-04 ...  2.27939024e-06
    5.52938984e-04 -2.04467346e-06]
  [ 2.38440255e-08  2.50157334e-07  4.52869582e-06 ... -2.10130192e-04
   -2.04467346e-06  7.46013527e-04]]]
converged SCF energy = -150.226693714539  <S^2> = 2.0045398  2S+1 = 3.003025
dm0 check [[[ 1.14640985e-09  1.70870760e-08  1.38754019e-07 ... -8.06197435e-08
    6.25414518e-07  4.56928642e-08]
  [ 1.70870760e-08  2.56086166e-07  2.02952941e-06 ... -1.06182839e-06
    9.18279030e-06  7.18409270e-07]
  [ 1.38754019e-07  2.02952941e-06  1.80707688e-05 ... -1.26946914e-05
    8.12949723e-05  3.19889176e-06]
  ...
  [-8.06197435e-08 -1.06182839e-06 -1.26946914e-05 ...  2.39058443e-04
   -1.61698493e-06 -1.68274966e-04]
  [ 6.25414518e-07  9.18279030e-06  8.12949723e-05 ... -1.61698493e-06
    4.44995073e-04 -4.06057380e-06]
  [ 4.56928642e-08  7.18409270e-07  3.19889176e-06 ... -1.68274966e-04
   -4.06057380e-06  5.95722709e-04]]

 [[ 2.53032252e-08  3.85043084e-07  2.83123027e-06 ... -1.48565223e-07
    1.05891443e-07  7.43958776e-08]
  [ 3.85043084e-07  5.86066488e-06  4.30453004e-05 ... -2.17963774e-06
    1.18322817e-06  1.05299645e-06]
  [ 2.83123027e-06  4.30453004e-05  3.17987277e-04 ... -1.75088947e-05
    2.68729037e-05  9.39132443e-06]
  ...
  [-1.48565223e-07 -2.17963774e-06 -1.75088947e-05 ...  2.30571548e-04
    2.08886314e-07 -1.91671144e-04]
  [ 1.05891443e-07  1.18322817e-06  2.68729037e-05 ...  2.08886314e-07
    4.63238247e-04 -3.50211876e-06]
  [ 7.43958776e-08  1.05299645e-06  9.39132443e-06 ... -1.91671144e-04
   -3.50211876e-06  6.49568607e-04]]]
converged SCF energy = -150.244985829811  <S^2> = 0.92978616  2S+1 = 2.1723592
[timing] left/O ensemble SCF = 11.8s
dm0 check [[ 3.79534652e-01  6.12215922e-01 -1.25201712e-01 ...  2.36350170e-05
   1.49384753e-05 -4.82404344e-05]
 [ 6.12215922e-01  1.01512498e+00 -3.34000489e-01 ...  6.44480483e-05
   3.94815747e-05 -1.30684165e-04]
 [-1.25201712e-01 -3.34000489e-01  6.75172772e-01 ... -1.55477875e-04
  -9.56233407e-05  3.16295650e-04]
 ...
 [ 2.36350170e-05  6.44480483e-05 -1.55477875e-04 ...  1.08898885e-05
   5.93894725e-06 -2.35419943e-05]
 [ 1.49384753e-05  3.94815747e-05 -9.56233407e-05 ...  5.93894725e-06
   4.92264551e-06 -1.47992253e-05]
 [-4.82404344e-05 -1.30684165e-04  3.16295650e-04 ... -2.35419943e-05
  -1.47992253e-05  5.95085543e-05]]


******** <class 'pyscf.scf.addons.SmearingDFRKS'> ********
method = SmearingDFRKS
initial guess = minao
damping factor = 0.15
level_shift factor = 0.2
DIIS = <class 'pyscf.scf.diis.CDIIS'>
diis_start_cycle = 1
diis_space = 12
diis_damp = 0
SCF conv_tol = 5e-05
SCF conv_tol_grad = None
SCF max_cycles = 200
direct_scf = True
direct_scf_tol = 1e-13
chkfile to save SCF result = /tmp/tmpnx8_b0uf
max_memory 4000 MB (current use 87174 MB)
XC library pyscf.dft.libxc version 6.1.0
    S. Lehtola, C. Steigemann, M. J.T. Oliveira, and M. A.L. Marques.,  SoftwareX 7, 1–5 (2018)
XC functionals = pbe
    J. P. Perdew, K. Burke, and M. Ernzerhof.,  Phys. Rev. Lett. 77, 3865 (1996)
    J. P. Perdew, K. Burke, and M. Ernzerhof.,  Phys. Rev. Lett. 78, 1396 (1997)
    J. P. Perdew, K. Burke, and M. Ernzerhof.,  Phys. Rev. Lett. 77, 3865 (1996)
    J. P. Perdew, K. Burke, and M. Ernzerhof.,  Phys. Rev. Lett. 78, 1396 (1997)
small_rho_cutoff = 1e-06
Set gradient conv threshold to 0.00707107
    Total E(T) = -12114.6796565104  Free energy = -12115.7124141599  E0 = -12115.1960353352
init E= -12114.6796565104
    sigma = 0.02  Optimized mu = -0.0528441770622  entropy = 1.53313740714
    Total E(T) = -12114.6796403836  Free energy = -12114.7103031317  E0 = -12114.6949717576
cycle= 1 E= -12114.6796403836  delta_E= 1.61e-05  |g|= 0.0275  |ddm|= 18.4
    sigma = 0.02  Optimized mu = -0.0528643175569  entropy = 1.53413093834
    Total E(T) = -12114.6794336374  Free energy = -12114.7101162562  E0 = -12114.6947749468
cycle= 2 E= -12114.6794336374  delta_E= 0.000207  |g|= 0.0929  |ddm|= 80.5
    sigma = 0.02  Optimized mu = -0.0528488764562  entropy = 1.53325821039
    Total E(T) = -12114.6795526048  Free energy = -12114.710217769  E0 = -12114.6948851869
cycle= 3 E= -12114.6795526048  delta_E= -0.000119  |g|= 0.0516  |ddm|= 33.9
    sigma = 0.02  Optimized mu = -0.0528488420251  entropy = 1.53321843504
    Total E(T) = -12114.6796034775  Free energy = -12114.7102678462  E0 = -12114.6949356618
cycle= 4 E= -12114.6796034775  delta_E= -5.09e-05  |g|= 0.0367  |ddm|= 12.1
    sigma = 0.02  Optimized mu = -0.0528487080039  entropy = 1.53321456092
    Total E(T) = -12114.6796285575  Free energy = -12114.7102928487  E0 = -12114.6949607031
cycle= 5 E= -12114.6796285575  delta_E= -2.51e-05  |g|= 0.027  |ddm|= 7.19
    sigma = 0.02  Optimized mu = -0.0528494443825  entropy = 1.53321688734
    Total E(T) = -12114.6796413741  Free energy = -12114.7103057118  E0 = -12114.694973543
cycle= 6 E= -12114.6796413741  delta_E= -1.28e-05  |g|= 0.0204  |ddm|= 4.97
    sigma = 0.02  Optimized mu = -0.0528487947379  entropy = 1.53321861191
    Total E(T) = -12114.679648512  Free energy = -12114.7103128843  E0 = -12114.6949806982
cycle= 7 E= -12114.679648512  delta_E= -7.14e-06  |g|= 0.0154  |ddm|= 3.01
    sigma = 0.02  Optimized mu = -0.0528500745129  entropy = 1.5332148861
    Total E(T) = -12114.6796525709  Free energy = -12114.7103168686  E0 = -12114.6949847198
cycle= 8 E= -12114.6796525709  delta_E= -4.06e-06  |g|= 0.0118  |ddm|=  2.2
    sigma = 0.02  Optimized mu = -0.052847992496  entropy = 1.53322159147
    Total E(T) = -12114.6796548767  Free energy = -12114.7103193085  E0 = -12114.6949870926
cycle= 9 E= -12114.6796548767  delta_E= -2.31e-06  |g|= 0.0091  |ddm|= 1.66
    sigma = 0.02  Optimized mu = -0.0528490716956  entropy = 1.53321994509
    Total E(T) = -12114.6796562383  Free energy = -12114.7103206372  E0 = -12114.6949884377
cycle= 10 E= -12114.6796562383  delta_E= -1.36e-06  |g|= 0.0071  |ddm|= 1.18
    sigma = 0.02  Optimized mu = -0.0528489904229  entropy = 1.53322373294
    Total E(T) = -12114.6796570295  Free energy = -12114.7103215041  E0 = -12114.6949892668
cycle= 11 E= -12114.6796570295  delta_E= -7.91e-07  |g|= 0.00562  |ddm|= 0.982
    sigma = 0.02  Optimized mu = -0.152963523542  entropy = 51.6379911722
    Total E(T) = -12114.1460396927  Free energy = -12115.1787995161  E0 = -12114.6624196044
Extra cycle  E= -12114.1460396927  delta_E= 0.534  |g|= 0.422  |ddm|= 4.37e+03
converged SCF energy = -12114.1460396927
dm0 check [[[ 1.89789182e-01  3.06166454e-01 -6.27381838e-02 ...  9.19591211e-06
    5.84286591e-06 -2.11422729e-05]
  [ 3.06166454e-01  5.07718003e-01 -1.67363636e-01 ...  2.51464076e-05
    1.53478073e-05 -5.72849232e-05]
  [-6.27381838e-02 -1.67363636e-01  3.38427281e-01 ... -6.05352830e-05
   -3.71166625e-05  1.38407909e-04]
  ...
  [ 9.19591211e-06  2.51464076e-05 -6.05352830e-05 ...  3.14040030e-06
    1.55956010e-06 -7.62795001e-06]
  [ 5.84286591e-06  1.53478073e-05 -3.71166625e-05 ...  1.55956010e-06
    1.58947153e-06 -4.84027612e-06]
  [-2.11422729e-05 -5.72849232e-05  1.38407909e-04 ... -7.62795001e-06
   -4.84027612e-06  2.29902475e-05]]

 [[ 1.89768273e-01  3.06109511e-01 -6.26089194e-02 ...  1.01235071e-05
    6.66512442e-06 -2.24823895e-05]
  [ 3.06109511e-01  5.07565983e-01 -1.67022469e-01 ...  2.76639284e-05
    1.75810651e-05 -6.09443921e-05]
  [-6.26089194e-02 -1.67022469e-01  3.37664402e-01 ... -6.67760602e-05
   -4.26659729e-05  1.47688945e-04]
  ...
  [ 1.01235071e-05  2.76639284e-05 -6.67760602e-05 ...  3.38427105e-06
    1.74955398e-06 -8.20259312e-06]
  [ 6.66512442e-06  1.75810651e-05 -4.26659729e-05 ...  1.74955398e-06
    1.74472501e-06 -5.31132417e-06]
  [-2.24823895e-05 -6.09443921e-05  1.47688945e-04 ... -8.20259312e-06
   -5.31132417e-06  2.42565486e-05]]]


******** <class 'pyscf.scf.addons.SmearingDFUKS'> ********
method = SmearingDFUKS
initial guess = minao
damping factor = 0.15
level_shift factor = 0.2
DIIS = <class 'pyscf.scf.diis.CDIIS'>
diis_start_cycle = 1
diis_space = 12
diis_damp = 0
SCF conv_tol = 5e-05
SCF conv_tol_grad = None
SCF max_cycles = 200
direct_scf = True
direct_scf_tol = 1e-13
chkfile to save SCF result = /tmp/tmph1vfanl1
max_memory 4000 MB (current use 87249 MB)
number electrons alpha = 325  beta = 323
XC library pyscf.dft.libxc version 6.1.0
    S. Lehtola, C. Steigemann, M. J.T. Oliveira, and M. A.L. Marques.,  SoftwareX 7, 1–5 (2018)
XC functionals = pbe
    J. P. Perdew, K. Burke, and M. Ernzerhof.,  Phys. Rev. Lett. 77, 3865 (1996)
    J. P. Perdew, K. Burke, and M. Ernzerhof.,  Phys. Rev. Lett. 78, 1396 (1997)
    J. P. Perdew, K. Burke, and M. Ernzerhof.,  Phys. Rev. Lett. 77, 3865 (1996)
    J. P. Perdew, K. Burke, and M. Ernzerhof.,  Phys. Rev. Lett. 78, 1396 (1997)
small_rho_cutoff = 1e-06
Set gradient conv threshold to 0.00707107
    Total E(T) = -12114.2360286438  Free energy = -12114.3002966515  E0 = -12114.2681626477
init E= -12114.2360286438
    sigma = 0.005  Optimized mu_alpha = -0.197445806861  entropy = 3.44411918875e-07
    sigma = 0.005  Optimized mu_beta  = -0.199975838218  entropy = 3.44411918875e-07
    Total E(T) = -12114.2360225188  Free energy = -12114.2360225205  E0 = -12114.2360225196
cycle= 1 E= -12114.2360225188  delta_E= 6.13e-06  |g|= 0.0241  |ddm|= 8.78
    sigma = 0.005  Optimized mu_alpha = -0.197434025604  entropy = 3.44570416771e-07
    sigma = 0.005  Optimized mu_beta  = -0.199964678789  entropy = 3.44570416771e-07
    Total E(T) = -12114.2359534169  Free energy = -12114.2359534186  E0 = -12114.2359534177
cycle= 2 E= -12114.2359534169  delta_E= 6.91e-05  |g|= 0.0775  |ddm|= 35.6
    sigma = 0.005  Optimized mu_alpha = -0.197443287982  entropy = 3.44339440249e-07
    sigma = 0.005  Optimized mu_beta  = -0.199973081  entropy = 3.44339440249e-07
    Total E(T) = -12114.235991321  Free energy = -12114.2359913228  E0 = -12114.2359913219
cycle= 3 E= -12114.235991321  delta_E= -3.79e-05  |g|= 0.0437  |ddm|= 14.6
    sigma = 0.005  Optimized mu_alpha = -0.197443277209  entropy = 3.44341103186e-07
    sigma = 0.005  Optimized mu_beta  = -0.199973185363  entropy = 3.44341103186e-07
    Total E(T) = -12114.236009873  Free energy = -12114.2360098747  E0 = -12114.2360098739
cycle= 4 E= -12114.236009873  delta_E= -1.86e-05  |g|= 0.0309  |ddm|= 5.33
    sigma = 0.005  Optimized mu_alpha = -0.197443409966  entropy = 3.44339301653e-07
    sigma = 0.005  Optimized mu_beta  = -0.199973289805  entropy = 3.44339301653e-07
    Total E(T) = -12114.236019025  Free energy = -12114.2360190267  E0 = -12114.2360190258
cycle= 5 E= -12114.236019025  delta_E= -9.15e-06  |g|= 0.0224  |ddm|= 3.18
    sigma = 0.005  Optimized mu_alpha = -0.197443019201  entropy = 3.44340313187e-07
    sigma = 0.005  Optimized mu_beta  = -0.199972931525  entropy = 3.44340313187e-07
    Total E(T) = -12114.2360235996  Free energy = -12114.2360236013  E0 = -12114.2360236005
cycle= 6 E= -12114.2360235996  delta_E= -4.57e-06  |g|= 0.0168  |ddm|= 2.28
    sigma = 0.005  Optimized mu_alpha = -0.197443322059  entropy = 3.44337085346e-07
    sigma = 0.005  Optimized mu_beta  = -0.199973222814  entropy = 3.44337085346e-07
    Total E(T) = -12114.2360261041  Free energy = -12114.2360261058  E0 = -12114.2360261049
cycle= 7 E= -12114.2360261041  delta_E= -2.5e-06  |g|= 0.0126  |ddm|= 1.37
    sigma = 0.005  Optimized mu_alpha = -0.197442810506  entropy = 3.44341620636e-07
    sigma = 0.005  Optimized mu_beta  = -0.199972690976  entropy = 3.44341620636e-07
    Total E(T) = -12114.2360274934  Free energy = -12114.2360274951  E0 = -12114.2360274943
cycle= 8 E= -12114.2360274934  delta_E= -1.39e-06  |g|= 0.00957  |ddm|= 0.982
    sigma = 0.005  Optimized mu_alpha = -0.197443815716  entropy = 3.44332473296e-07
    sigma = 0.005  Optimized mu_beta  = -0.199973720687  entropy = 3.44332473296e-07
    Total E(T) = -12114.2360282744  Free energy = -12114.2360282761  E0 = -12114.2360282752
cycle= 9 E= -12114.2360282744  delta_E= -7.81e-07  |g|= 0.00737  |ddm|= 0.71
    sigma = 0.005  Optimized mu_alpha = -0.197443098725  entropy = 3.44336823591e-07
    sigma = 0.005  Optimized mu_beta  = -0.199972993747  entropy = 3.44336823591e-07
    Total E(T) = -12114.2360287251  Free energy = -12114.2360287268  E0 = -12114.236028726
cycle= 10 E= -12114.2360287251  delta_E= -4.51e-07  |g|= 0.00577  |ddm|= 0.523
    sigma = 0.005  Optimized mu_alpha = -0.297013239091  entropy = 12.8535837884
    sigma = 0.005  Optimized mu_beta  = -0.299895418989  entropy = 12.8535837884
    Total E(T) = -12114.2010334456  Free energy = -12114.2653013645  E0 = -12114.233167405
Extra cycle  E= -12114.2010334456  delta_E= 0.035  |g|= 0.22  |ddm|=  939
converged SCF energy = -12114.2010334456  <S^2> = 2.0138881  2S+1 = 3.0092445
[timing] right/Al ensemble SCF = 1332.5s
[timing] collect state = 0.0s
[timing] grad contraction = 1.6s
Npdft 666.0000343392057
[timing] checkpoint save = 0.0s
step=  18 L=-12262.79903577 Ef=-12262.81504869 L1=8.84026675e-01 |grad|=1.15714e-02 t=1547.8s
[diagnostic] step=19 |b|=2.402097e+00 max|b|=8.821469e-01
[timing] build AO Vp from S3 = 1.7s
[diagnostic] |vpl|=3.138913e+00 max|vpl|=5.458302e-01
[diagnostic] |vpr|=2.238819e+00 max|vpr|=4.776389e-01
[diagnostic] |vpref|=3.237555e+00 max|vpref|=5.451160e-01
dm0 check [[[ 1.51511409e-09  2.24391605e-08  1.89789942e-07 ... -1.14718917e-07
    7.42476581e-07  6.64942649e-08]
  [ 2.24391605e-08  3.34444468e-07  2.75067404e-06 ... -1.77766969e-06
    1.10110547e-05  1.04757757e-06]
  [ 1.89789942e-07  2.75067404e-06  2.57237941e-05 ... -1.02769818e-05
    9.27868689e-05  4.99875573e-06]
  ...
  [-1.14718917e-07 -1.77766969e-06 -1.02769818e-05 ...  2.27166772e-04
    1.81897157e-06 -1.91352339e-04]
  [ 7.42476581e-07  1.10110547e-05  9.27868689e-05 ...  1.81897157e-06
    4.79980295e-04 -1.62432507e-06]
  [ 6.64942649e-08  1.04757757e-06  4.99875573e-06 ... -1.91352339e-04
   -1.62432507e-06  6.55605003e-04]]

 [[ 2.14412359e-09  3.18475855e-08  2.65523725e-07 ... -7.48704522e-08
    1.03578249e-06  2.38436924e-08]
  [ 3.18475855e-08  4.74248196e-07  3.91397264e-06 ... -9.93112423e-07
    1.53190763e-05  2.50154997e-07]
  [ 2.65523725e-07  3.91397264e-06  3.37625543e-05 ... -1.10142781e-05
    1.30901527e-04  4.52867379e-06]
  ...
  [-7.48704522e-08 -9.93112423e-07 -1.10142781e-05 ...  2.49604240e-04
    2.27939097e-06 -2.10130252e-04]
  [ 1.03578249e-06  1.53190763e-05  1.30901527e-04 ...  2.27939097e-06
    5.52938784e-04 -2.04467267e-06]
  [ 2.38436924e-08  2.50154997e-07  4.52867379e-06 ... -2.10130252e-04
   -2.04467267e-06  7.46013372e-04]]]
converged SCF energy = -150.226693714539  <S^2> = 2.0045398  2S+1 = 3.003025
dm0 check [[[ 1.14641505e-09  1.70871083e-08  1.38754483e-07 ... -8.06192230e-08
    6.25414419e-07  4.56918646e-08]
  [ 1.70871083e-08  2.56086100e-07  2.02952921e-06 ... -1.06181294e-06
    9.18275961e-06  7.18404835e-07]
  [ 1.38754483e-07  2.02952921e-06  1.80707972e-05 ... -1.26947073e-05
    8.12947853e-05  3.19882689e-06]
  ...
  [-8.06192230e-08 -1.06181294e-06 -1.26947073e-05 ...  2.39059410e-04
   -1.61689695e-06 -1.68274138e-04]
  [ 6.25414419e-07  9.18275961e-06  8.12947853e-05 ... -1.61689695e-06
    4.44993000e-04 -4.06034951e-06]
  [ 4.56918646e-08  7.18404835e-07  3.19882689e-06 ... -1.68274138e-04
   -4.06034951e-06  5.95719735e-04]]

 [[ 2.53010806e-08  3.85010477e-07  2.83099596e-06 ... -1.48560310e-07
    1.05903907e-07  7.43949198e-08]
  [ 3.85010477e-07  5.86016928e-06  4.30417361e-05 ... -2.17957255e-06
    1.18340061e-06  1.05298960e-06]
  [ 2.83099596e-06  4.30417361e-05  3.17961676e-04 ... -1.75083804e-05
    2.68741326e-05  9.39124083e-06]
  ...
  [-1.48560310e-07 -2.17957255e-06 -1.75083804e-05 ...  2.30570809e-04
    2.08989866e-07 -1.91670409e-04]
  [ 1.05903907e-07  1.18340061e-06  2.68741326e-05 ...  2.08989866e-07
    4.63235653e-04 -3.50184807e-06]
  [ 7.43949198e-08  1.05298960e-06  9.39124083e-06 ... -1.91670409e-04
   -3.50184807e-06  6.49564955e-04]]]
converged SCF energy = -150.244985829837  <S^2> = 0.92979879  2S+1 = 2.1723709
[timing] left/O ensemble SCF = 16.9s
dm0 check [[ 3.79534648e-01  6.12215913e-01 -1.25201689e-01 ...  2.36342206e-05
   1.49380834e-05 -4.82391364e-05]
 [ 6.12215913e-01  1.01512496e+00 -3.34000428e-01 ...  6.44458966e-05
   3.94805151e-05 -1.30680657e-04]
 [-1.25201689e-01 -3.34000428e-01  6.75172615e-01 ... -1.55472628e-04
  -9.56207509e-05  3.16287077e-04]
 ...
 [ 2.36342206e-05  6.44458966e-05 -1.55472628e-04 ...  1.08894945e-05
   5.93889998e-06 -2.35410887e-05]
 [ 1.49380834e-05  3.94805151e-05 -9.56207509e-05 ...  5.93889998e-06
   4.92272814e-06 -1.47990711e-05]
 [-4.82391364e-05 -1.30680657e-04  3.16287077e-04 ... -2.35410887e-05
  -1.47990711e-05  5.95068685e-05]]


******** <class 'pyscf.scf.addons.SmearingDFRKS'> ********
method = SmearingDFRKS
initial guess = minao
damping factor = 0.15
level_shift factor = 0.2
DIIS = <class 'pyscf.scf.diis.CDIIS'>
diis_start_cycle = 1
diis_space = 12
diis_damp = 0
SCF conv_tol = 5e-05
SCF conv_tol_grad = None
SCF max_cycles = 200
direct_scf = True
direct_scf_tol = 1e-13
chkfile to save SCF result = /tmp/tmpnx8_b0uf
max_memory 4000 MB (current use 87268 MB)
XC library pyscf.dft.libxc version 6.1.0
    S. Lehtola, C. Steigemann, M. J.T. Oliveira, and M. A.L. Marques.,  SoftwareX 7, 1–5 (2018)
XC functionals = pbe
    J. P. Perdew, K. Burke, and M. Ernzerhof.,  Phys. Rev. Lett. 77, 3865 (1996)
    J. P. Perdew, K. Burke, and M. Ernzerhof.,  Phys. Rev. Lett. 78, 1396 (1997)
    J. P. Perdew, K. Burke, and M. Ernzerhof.,  Phys. Rev. Lett. 77, 3865 (1996)
    J. P. Perdew, K. Burke, and M. Ernzerhof.,  Phys. Rev. Lett. 78, 1396 (1997)
small_rho_cutoff = 1e-06
Set gradient conv threshold to 0.00707107
    Total E(T) = -12114.681071431  Free energy = -12115.7138312544  E0 = -12115.1974513427
init E= -12114.681071431
    sigma = 0.02  Optimized mu = -0.0529067632467  entropy = 1.53272041573
    Total E(T) = -12114.6810637879  Free energy = -12114.7117181962  E0 = -12114.696390992
cycle= 1 E= -12114.6810637879  delta_E= 7.64e-06  |g|= 0.0258  |ddm|= 38.3
    sigma = 0.02  Optimized mu = -0.0529499355237  entropy = 1.53351047022
    Total E(T) = -12114.6808809874  Free energy = -12114.7115511968  E0 = -12114.6962160921
cycle= 2 E= -12114.6808809874  delta_E= 0.000183  |g|= 0.0867  |ddm|=  102
    sigma = 0.02  Optimized mu = -0.0528767698711  entropy = 1.53293684671
    Total E(T) = -12114.6810036677  Free energy = -12114.7116624047  E0 = -12114.6963330362
cycle= 3 E= -12114.6810036677  delta_E= -0.000123  |g|= 0.0422  |ddm|= 37.6
    sigma = 0.02  Optimized mu = -0.0528842106047  entropy = 1.53284770307
    Total E(T) = -12114.6810524404  Free energy = -12114.7117093945  E0 = -12114.6963809175
cycle= 4 E= -12114.6810524404  delta_E= -4.88e-05  |g|= 0.0247  |ddm|= 15.8
    sigma = 0.02  Optimized mu = -0.0528791101163  entropy = 1.53285127067
    Total E(T) = -12114.681069608  Free energy = -12114.7117266334  E0 = -12114.6963981207
cycle= 5 E= -12114.681069608  delta_E= -1.72e-05  |g|= 0.0157  |ddm|= 12.6
    sigma = 0.02  Optimized mu = -0.0528902191496  entropy = 1.53281747257
    Total E(T) = -12114.6810769436  Free energy = -12114.7117332931  E0 = -12114.6964051184
cycle= 6 E= -12114.6810769436  delta_E= -7.34e-06  |g|= 0.00907  |ddm|= 6.74
    sigma = 0.02  Optimized mu = -0.0528726562801  entropy = 1.53289498589
    Total E(T) = -12114.6810794417  Free energy = -12114.7117373414  E0 = -12114.6964083916
cycle= 7 E= -12114.6810794417  delta_E= -2.5e-06  |g|= 0.00544  |ddm|= 4.01
    sigma = 0.02  Optimized mu = -0.152993304766  entropy = 51.6328384482
    Total E(T) = -12114.1475993548  Free energy = -12115.1802561238  E0 = -12114.6639277393
Extra cycle  E= -12114.1475993548  delta_E= 0.533  |g|= 0.421  |ddm|= 4.37e+03
converged SCF energy = -12114.1475993548
dm0 check [[[ 1.89789182e-01  3.06166454e-01 -6.27381831e-02 ...  9.19622180e-06
    5.84301288e-06 -2.11427725e-05]
  [ 3.06166454e-01  5.07718002e-01 -1.67363634e-01 ...  2.51472431e-05
    1.53482040e-05 -5.72862715e-05]
  [-6.27381831e-02 -1.67363634e-01  3.38427277e-01 ... -6.05373079e-05
   -3.71176255e-05  1.38411180e-04]
  ...
  [ 9.19622180e-06  2.51472431e-05 -6.05373079e-05 ...  3.14041002e-06
    1.55957455e-06 -7.62795699e-06]
  [ 5.84301288e-06  1.53482040e-05 -3.71176255e-05 ...  1.55957455e-06
    1.58948321e-06 -4.84028715e-06]
  [-2.11427725e-05 -5.72862715e-05  1.38411180e-04 ... -7.62795699e-06
   -4.84028715e-06  2.29902347e-05]]

 [[ 1.89768273e-01  3.06109512e-01 -6.26089223e-02 ...  1.01234615e-05
    6.66511139e-06 -2.24823315e-05]
  [ 3.06109512e-01  5.07565987e-01 -1.67022477e-01 ...  2.76638059e-05
    1.75810299e-05 -6.09442355e-05]
  [-6.26089223e-02 -1.67022477e-01  3.37664419e-01 ... -6.67757665e-05
   -4.26658880e-05  1.47688567e-04]
  ...
  [ 1.01234615e-05  2.76638059e-05 -6.67757665e-05 ...  3.38425550e-06
    1.74954126e-06 -8.20253993e-06]
  [ 6.66511139e-06  1.75810299e-05 -4.26658880e-05 ...  1.74954126e-06
    1.74471889e-06 -5.31129010e-06]
  [-2.24823315e-05 -6.09442355e-05  1.47688567e-04 ... -8.20253993e-06
   -5.31129010e-06  2.42564103e-05]]]


******** <class 'pyscf.scf.addons.SmearingDFUKS'> ********
method = SmearingDFUKS
initial guess = minao
damping factor = 0.15
level_shift factor = 0.2
DIIS = <class 'pyscf.scf.diis.CDIIS'>
diis_start_cycle = 1
diis_space = 12
diis_damp = 0
SCF conv_tol = 5e-05
SCF conv_tol_grad = None
SCF max_cycles = 200
direct_scf = True
direct_scf_tol = 1e-13
chkfile to save SCF result = /tmp/tmph1vfanl1
max_memory 4000 MB (current use 87268 MB)
number electrons alpha = 325  beta = 323
XC library pyscf.dft.libxc version 6.1.0
    S. Lehtola, C. Steigemann, M. J.T. Oliveira, and M. A.L. Marques.,  SoftwareX 7, 1–5 (2018)
XC functionals = pbe
    J. P. Perdew, K. Burke, and M. Ernzerhof.,  Phys. Rev. Lett. 77, 3865 (1996)
    J. P. Perdew, K. Burke, and M. Ernzerhof.,  Phys. Rev. Lett. 78, 1396 (1997)
    J. P. Perdew, K. Burke, and M. Ernzerhof.,  Phys. Rev. Lett. 77, 3865 (1996)
    J. P. Perdew, K. Burke, and M. Ernzerhof.,  Phys. Rev. Lett. 78, 1396 (1997)
small_rho_cutoff = 1e-06
Set gradient conv threshold to 0.00707107
    Total E(T) = -12114.2373571164  Free energy = -12114.3016250353  E0 = -12114.2694910759
init E= -12114.2373571164
    sigma = 0.005  Optimized mu_alpha = -0.19751867521  entropy = 3.4444685941e-07
    sigma = 0.005  Optimized mu_beta  = -0.200047315872  entropy = 3.4444685941e-07
    Total E(T) = -12114.2373577291  Free energy = -12114.2373577308  E0 = -12114.2373577299
cycle= 1 E= -12114.2373577291  delta_E= -6.13e-07  |g|= 0.0221  |ddm|= 17.3
    sigma = 0.005  Optimized mu_alpha = -0.19753019552  entropy = 3.44216637239e-07
    sigma = 0.005  Optimized mu_beta  = -0.200062648814  entropy = 3.44216637239e-07
    Total E(T) = -12114.2373053672  Free energy = -12114.2373053689  E0 = -12114.237305368
cycle= 2 E= -12114.2373053672  delta_E= 5.24e-05  |g|= 0.0665  |ddm|= 26.7
    sigma = 0.005  Optimized mu_alpha = -0.197476880845  entropy = 3.44309842292e-07
    sigma = 0.005  Optimized mu_beta  = -0.20000731145  entropy = 3.44309842292e-07
    Total E(T) = -12114.2373415103  Free energy = -12114.237341512  E0 = -12114.2373415112
cycle= 3 E= -12114.2373415103  delta_E= -3.61e-05  |g|= 0.031  |ddm|= 13.9
    sigma = 0.005  Optimized mu_alpha = -0.197491556441  entropy = 3.44216928165e-07
    sigma = 0.005  Optimized mu_beta  = -0.200022055349  entropy = 3.44216928165e-07
    Total E(T) = -12114.2373575406  Free energy = -12114.2373575423  E0 = -12114.2373575414
cycle= 4 E= -12114.2373575406  delta_E= -1.6e-05  |g|= 0.0161  |ddm|= 9.18
    sigma = 0.005  Optimized mu_alpha = -0.197478286079  entropy = 3.44320974364e-07
    sigma = 0.005  Optimized mu_beta  = -0.200007889009  entropy = 3.44320974364e-07
    Total E(T) = -12114.2373622098  Free energy = -12114.2373622115  E0 = -12114.2373622106
cycle= 5 E= -12114.2373622098  delta_E= -4.67e-06  |g|= 0.0102  |ddm|= 4.41
    sigma = 0.005  Optimized mu_alpha = -0.197493099246  entropy = 3.44230099683e-07
    sigma = 0.005  Optimized mu_beta  = -0.200023258628  entropy = 3.44230099683e-07
    Total E(T) = -12114.2373640824  Free energy = -12114.2373640841  E0 = -12114.2373640833
cycle= 6 E= -12114.2373640824  delta_E= -1.87e-06  |g|= 0.0048  |ddm|= 1.87
    sigma = 0.005  Optimized mu_alpha = -0.297030137778  entropy = 12.852493588
    sigma = 0.005  Optimized mu_beta  = -0.299912564326  entropy = 12.852493588
    Total E(T) = -12114.2023716385  Free energy = -12114.2666341064  E0 = -12114.2345028725
Extra cycle  E= -12114.2023716385  delta_E= 0.035  |g|= 0.217  |ddm|=  941
converged SCF energy = -12114.2023716385  <S^2> = 2.0138837  2S+1 = 3.0092416
[timing] right/Al ensemble SCF = 917.4s
[timing] collect state = 0.0s
[timing] grad contraction = 1.7s
Npdft 666.0000343273733
[timing] checkpoint save = 0.0s
step=  19 L=-12262.82491839 Ef=-12262.84120299 L1=8.74677680e-01 |grad|=1.16469e-02 t=1136.9s
[diagnostic] step=20 |b|=2.401485e+00 max|b|=8.816003e-01
[timing] build AO Vp from S3 = 1.6s
[diagnostic] |vpl|=3.139366e+00 max|vpl|=5.469385e-01
[diagnostic] |vpr|=2.238101e+00 max|vpr|=4.783170e-01
[diagnostic] |vpref|=3.237472e+00 max|vpref|=5.462271e-01
dm0 check [[[ 1.51511363e-09  2.24391584e-08  1.89789875e-07 ... -1.14719133e-07
    7.42477217e-07  6.64944642e-08]
  [ 2.24391584e-08  3.34444548e-07  2.75067312e-06 ... -1.77767344e-06
    1.10110612e-05  1.04758122e-06]
  [ 1.89789875e-07  2.75067312e-06  2.57237833e-05 ... -1.02770117e-05
    9.27869621e-05  4.99878249e-06]
  ...
  [-1.14719133e-07 -1.77767344e-06 -1.02770117e-05 ...  2.27166671e-04
    1.81897049e-06 -1.91352254e-04]
  [ 7.42477217e-07  1.10110612e-05  9.27869621e-05 ...  1.81897049e-06
    4.79980235e-04 -1.62432576e-06]
  [ 6.64944642e-08  1.04758122e-06  4.99878249e-06 ... -1.91352254e-04
   -1.62432576e-06  6.55604869e-04]]

 [[ 2.14412333e-09  3.18475812e-08  2.65523752e-07 ... -7.48708571e-08
    1.03578271e-06  2.38440408e-08]
  [ 3.18475812e-08  4.74248176e-07  3.91397250e-06 ... -9.93115144e-07
    1.53190786e-05  2.50157442e-07]
  [ 2.65523752e-07  3.91397250e-06  3.37625600e-05 ... -1.10143054e-05
    1.30901569e-04  4.52869684e-06]
  ...
  [-7.48708571e-08 -9.93115144e-07 -1.10143054e-05 ...  2.49604166e-04
    2.27939020e-06 -2.10130189e-04]
  [ 1.03578271e-06  1.53190786e-05  1.30901569e-04 ...  2.27939020e-06
    5.52938994e-04 -2.04467350e-06]
  [ 2.38440408e-08  2.50157442e-07  4.52869684e-06 ... -2.10130189e-04
   -2.04467350e-06  7.46013534e-04]]]
converged SCF energy = -150.226693714539  <S^2> = 2.0045398  2S+1 = 3.003025
dm0 check [[[ 1.14641022e-09  1.70870777e-08  1.38754056e-07 ... -8.06197428e-08
    6.25414509e-07  4.56928101e-08]
  [ 1.70870777e-08  2.56086148e-07  2.02952932e-06 ... -1.06182724e-06
    9.18278769e-06  7.18409213e-07]
  [ 1.38754056e-07  2.02952932e-06  1.80707715e-05 ... -1.26946935e-05
    8.12949598e-05  3.19888806e-06]
  ...
  [-8.06197428e-08 -1.06182724e-06 -1.26946935e-05 ...  2.39058495e-04
   -1.61698637e-06 -1.68274903e-04]
  [ 6.25414509e-07  9.18278769e-06  8.12949598e-05 ... -1.61698637e-06
    4.44994906e-04 -4.06056603e-06]
  [ 4.56928101e-08  7.18409213e-07  3.19888806e-06 ... -1.68274903e-04
   -4.06056603e-06  5.95722465e-04]]

 [[ 2.53030739e-08  3.85040785e-07  2.83121382e-06 ... -1.48564882e-07
    1.05892661e-07  7.43963352e-08]
  [ 3.85040785e-07  5.86062995e-06  4.30450501e-05 ... -2.17963292e-06
    1.18324526e-06  1.05300374e-06]
  [ 2.83121382e-06  4.30450501e-05  3.17985487e-04 ... -1.75088582e-05
    2.68730259e-05  9.39137565e-06]
  ...
  [-1.48564882e-07 -2.17963292e-06 -1.75088582e-05 ...  2.30571489e-04
    2.08892102e-07 -1.91671086e-04]
  [ 1.05892661e-07  1.18324526e-06  2.68730259e-05 ...  2.08892102e-07
    4.63238054e-04 -3.50209762e-06]
  [ 7.43963352e-08  1.05300374e-06  9.39137565e-06 ... -1.91671086e-04
   -3.50209762e-06  6.49568349e-04]]]
converged SCF energy = -150.244985829838  <S^2> = 0.92979859  2S+1 = 2.1723707
[timing] left/O ensemble SCF = 11.2s
dm0 check [[ 3.79553030e-01  6.12225478e-01 -1.25221014e-01 ...  2.36211341e-05
   1.49767249e-05 -4.81856216e-05]
 [ 6.12225478e-01  1.01511076e+00 -3.34041466e-01 ...  6.44097890e-05
   3.95849942e-05 -1.30534725e-04]
 [-1.25221014e-01 -3.34041466e-01  6.75278485e-01 ... -1.55402915e-04
  -9.58879165e-05  3.15974268e-04]
 ...
 [ 2.36211341e-05  6.44097890e-05 -1.55402915e-04 ...  1.08366363e-05
   5.93284590e-06 -2.34309976e-05]
 [ 1.49767249e-05  3.95849942e-05 -9.58879165e-05 ...  5.93284590e-06
   4.93720472e-06 -1.47920483e-05]
 [-4.81856216e-05 -1.30534725e-04  3.15974268e-04 ... -2.34309976e-05
  -1.47920483e-05  5.92873899e-05]]


******** <class 'pyscf.scf.addons.SmearingDFRKS'> ********
method = SmearingDFRKS
initial guess = minao
damping factor = 0.15
level_shift factor = 0.2
DIIS = <class 'pyscf.scf.diis.CDIIS'>
diis_start_cycle = 1
diis_space = 12
diis_damp = 0
SCF conv_tol = 5e-05
SCF conv_tol_grad = None
SCF max_cycles = 200
direct_scf = True
direct_scf_tol = 1e-13
chkfile to save SCF result = /tmp/tmpnx8_b0uf
max_memory 4000 MB (current use 86987 MB)
XC library pyscf.dft.libxc version 6.1.0
    S. Lehtola, C. Steigemann, M. J.T. Oliveira, and M. A.L. Marques.,  SoftwareX 7, 1–5 (2018)
XC functionals = pbe
    J. P. Perdew, K. Burke, and M. Ernzerhof.,  Phys. Rev. Lett. 77, 3865 (1996)
    J. P. Perdew, K. Burke, and M. Ernzerhof.,  Phys. Rev. Lett. 78, 1396 (1997)
    J. P. Perdew, K. Burke, and M. Ernzerhof.,  Phys. Rev. Lett. 77, 3865 (1996)
    J. P. Perdew, K. Burke, and M. Ernzerhof.,  Phys. Rev. Lett. 78, 1396 (1997)
small_rho_cutoff = 1e-06
Set gradient conv threshold to 0.00707107
    Total E(T) = -12114.679652328  Free energy = -12115.712309097  E0 = -12115.1959807125
init E= -12114.679652328
    sigma = 0.02  Optimized mu = -0.0528149611752  entropy = 1.53317913674
    Total E(T) = -12114.679644227  Free energy = -12114.7103078097  E0 = -12114.6949760183
cycle= 1 E= -12114.679644227  delta_E= 8.1e-06  |g|= 0.0237  |ddm|=   21
    sigma = 0.02  Optimized mu = -0.0528073005635  entropy = 1.53413905387
    Total E(T) = -12114.6794858599  Free energy = -12114.710168641  E0 = -12114.6948272505
cycle= 2 E= -12114.6794858599  delta_E= 0.000158  |g|= 0.0808  |ddm|= 63.6
    sigma = 0.02  Optimized mu = -0.0528483698513  entropy = 1.53322843357
    Total E(T) = -12114.67958526  Free energy = -12114.7102498286  E0 = -12114.6949175443
cycle= 3 E= -12114.67958526  delta_E= -9.94e-05  |g|= 0.0419  |ddm|= 30.8
    sigma = 0.02  Optimized mu = -0.0528438532171  entropy = 1.53321416429
    Total E(T) = -12114.6796285079  Free energy = -12114.7102927912  E0 = -12114.6949606496
cycle= 4 E= -12114.6796285079  delta_E= -4.32e-05  |g|= 0.026  |ddm|= 9.89
    sigma = 0.02  Optimized mu = -0.052847615264  entropy = 1.53318788995
    Total E(T) = -12114.6796458873  Free energy = -12114.7103096451  E0 = -12114.6949777662
cycle= 5 E= -12114.6796458873  delta_E= -1.74e-05  |g|= 0.0171  |ddm|=    8
    sigma = 0.02  Optimized mu = -0.0528390430185  entropy = 1.53322451782
    Total E(T) = -12114.6796535455  Free energy = -12114.7103180358  E0 = -12114.6949857906
cycle= 6 E= -12114.6796535455  delta_E= -7.66e-06  |g|= 0.0107  |ddm|= 4.38
    sigma = 0.02  Optimized mu = -0.0528556071939  entropy = 1.53317758969
    Total E(T) = -12114.6796568955  Free energy = -12114.7103204473  E0 = -12114.6949886714
cycle= 7 E= -12114.6796568955  delta_E= -3.35e-06  |g|= 0.00699  |ddm|= 3.63
    sigma = 0.02  Optimized mu = -0.152965982209  entropy = 51.6372415802
    Total E(T) = -12114.1460535285  Free energy = -12115.1787983601  E0 = -12114.6624259443
Extra cycle  E= -12114.1460535285  delta_E= 0.534  |g|= 0.422  |ddm|= 4.37e+03
converged SCF energy = -12114.1460535285
dm0 check [[[ 1.89798367e-01  3.06171226e-01 -6.27478144e-02 ...  9.18979477e-06
    5.85938337e-06 -2.11189935e-05]
  [ 3.06171226e-01  5.07710885e-01 -1.67384080e-01 ...  2.51295845e-05
    1.53925097e-05 -5.72214378e-05]
  [-6.27478144e-02 -1.67384080e-01  3.38480073e-01 ... -6.05017711e-05
   -3.72307867e-05  1.38272733e-04]
  ...
  [ 9.18979477e-06  2.51295845e-05 -6.05017711e-05 ...  3.12560968e-06
    1.55907756e-06 -7.59334534e-06]
  [ 5.85938337e-06  1.53925097e-05 -3.72307867e-05 ...  1.55907756e-06
    1.59533992e-06 -4.84192239e-06]
  [-2.11189935e-05 -5.72214378e-05  1.38272733e-04 ... -7.59334534e-06
   -4.84192239e-06  2.29153649e-05]]

 [[ 1.89777429e-01  3.06114210e-01 -6.26183470e-02 ...  1.01169403e-05
    6.68127732e-06 -2.24492509e-05]
  [ 3.06114210e-01  5.07558679e-01 -1.67042379e-01 ...  2.76458670e-05
    1.76248097e-05 -6.08542682e-05]
  [-6.26183470e-02 -1.67042379e-01  3.37715713e-01 ... -6.67399641e-05
   -4.27785363e-05  1.47488879e-04]
  ...
  [ 1.01169403e-05  2.76458670e-05 -6.67399641e-05 ...  3.36838894e-06
    1.74882138e-06 -8.16521481e-06]
  [ 6.68127732e-06  1.76248097e-05 -4.27785363e-05 ...  1.74882138e-06
    1.75084716e-06 -5.31210157e-06]
  [-2.24492509e-05 -6.08542682e-05  1.47488879e-04 ... -8.16521481e-06
   -5.31210157e-06  2.41736616e-05]]]


******** <class 'pyscf.scf.addons.SmearingDFUKS'> ********
method = SmearingDFUKS
initial guess = minao
damping factor = 0.15
level_shift factor = 0.2
DIIS = <class 'pyscf.scf.diis.CDIIS'>
diis_start_cycle = 1
diis_space = 12
diis_damp = 0
SCF conv_tol = 5e-05
SCF conv_tol_grad = None
SCF max_cycles = 200
direct_scf = True
direct_scf_tol = 1e-13
chkfile to save SCF result = /tmp/tmph1vfanl1
max_memory 4000 MB (current use 86987 MB)
number electrons alpha = 325  beta = 323
XC library pyscf.dft.libxc version 6.1.0
    S. Lehtola, C. Steigemann, M. J.T. Oliveira, and M. A.L. Marques.,  SoftwareX 7, 1–5 (2018)
XC functionals = pbe
    J. P. Perdew, K. Burke, and M. Ernzerhof.,  Phys. Rev. Lett. 77, 3865 (1996)
    J. P. Perdew, K. Burke, and M. Ernzerhof.,  Phys. Rev. Lett. 78, 1396 (1997)
    J. P. Perdew, K. Burke, and M. Ernzerhof.,  Phys. Rev. Lett. 77, 3865 (1996)
    J. P. Perdew, K. Burke, and M. Ernzerhof.,  Phys. Rev. Lett. 78, 1396 (1997)
small_rho_cutoff = 1e-06
Set gradient conv threshold to 0.00707107
    Total E(T) = -12114.2360226432  Free energy = -12114.3002851112  E0 = -12114.2681538772
init E= -12114.2360226432
    sigma = 0.005  Optimized mu_alpha = -0.197391072825  entropy = 3.44343778071e-07
    sigma = 0.005  Optimized mu_beta  = -0.199922577639  entropy = 3.44343778071e-07
    Total E(T) = -12114.2360209781  Free energy = -12114.2360209798  E0 = -12114.236020979
cycle= 1 E= -12114.2360209781  delta_E= 1.67e-06  |g|= 0.0254  |ddm|= 21.9
    sigma = 0.005  Optimized mu_alpha = -0.197449530462  entropy = 3.44514525964e-07
    sigma = 0.005  Optimized mu_beta  = -0.199979174809  entropy = 3.44514525964e-07
    Total E(T) = -12114.235938841  Free energy = -12114.2359388427  E0 = -12114.2359388419
cycle= 2 E= -12114.235938841  delta_E= 8.21e-05  |g|= 0.0833  |ddm|= 50.9
    sigma = 0.005  Optimized mu_alpha = -0.197450058068  entropy = 3.44339470372e-07
    sigma = 0.005  Optimized mu_beta  = -0.199979322332  entropy = 3.44339470372e-07
    Total E(T) = -12114.2359960856  Free energy = -12114.2359960873  E0 = -12114.2359960865
cycle= 3 E= -12114.2359960856  delta_E= -5.72e-05  |g|= 0.0388  |ddm|= 19.1
    sigma = 0.005  Optimized mu_alpha = -0.197433998987  entropy = 3.44395227825e-07
    sigma = 0.005  Optimized mu_beta  = -0.199964137591  entropy = 3.44395227825e-07
    Total E(T) = -12114.2360198513  Free energy = -12114.2360198531  E0 = -12114.2360198522
cycle= 4 E= -12114.2360198513  delta_E= -2.38e-05  |g|= 0.0198  |ddm|= 8.22
    sigma = 0.005  Optimized mu_alpha = -0.197440649695  entropy = 3.44304493579e-07
    sigma = 0.005  Optimized mu_beta  = -0.199971213552  entropy = 3.44304493579e-07
    Total E(T) = -12114.2360265277  Free energy = -12114.2360265294  E0 = -12114.2360265285
cycle= 5 E= -12114.2360265277  delta_E= -6.68e-06  |g|= 0.0122  |ddm|= 7.12
    sigma = 0.005  Optimized mu_alpha = -0.197433345068  entropy = 3.44369283443e-07
    sigma = 0.005  Optimized mu_beta  = -0.199963186852  entropy = 3.44369283443e-07
    Total E(T) = -12114.2360288987  Free energy = -12114.2360289005  E0 = -12114.2360288996
cycle= 6 E= -12114.2360288987  delta_E= -2.37e-06  |g|= 0.00682  |ddm|=  3.7
    sigma = 0.005  Optimized mu_alpha = -0.297023066078  entropy = 12.853179771
    sigma = 0.005  Optimized mu_beta  = -0.299905474484  entropy = 12.853179771
    Total E(T) = -12114.2009039495  Free energy = -12114.2651698483  E0 = -12114.2330368989
Extra cycle  E= -12114.2009039495  delta_E= 0.0351  |g|= 0.238  |ddm|=  940
converged SCF energy = -12114.2009039495  <S^2> = 2.0138879  2S+1 = 3.0092443
[timing] right/Al ensemble SCF = 893.0s
[timing] collect state = 0.0s
[timing] grad contraction = 4.6s
Npdft 666.0000343379011
[timing] checkpoint save = 0.0s
step=  20 L=-12262.79904676 Ef=-12262.81508680 L1=8.83764698e-01 |grad|=1.15653e-02 t=1110.4s
[diagnostic] step=21 |b|=2.401485e+00 max|b|=8.816001e-01
[timing] build AO Vp from S3 = 1.6s
[diagnostic] |vpl|=3.139366e+00 max|vpl|=5.469391e-01
[diagnostic] |vpr|=2.238101e+00 max|vpr|=4.783173e-01
[diagnostic] |vpref|=3.237472e+00 max|vpref|=5.462276e-01
dm0 check [[[ 1.51511411e-09  2.24391606e-08  1.89789945e-07 ... -1.14718907e-07
    7.42476552e-07  6.64942556e-08]
  [ 2.24391606e-08  3.34444465e-07  2.75067408e-06 ... -1.77766951e-06
    1.10110544e-05  1.04757740e-06]
  [ 1.89789945e-07  2.75067408e-06  2.57237946e-05 ... -1.02769804e-05
    9.27868646e-05  4.99875449e-06]
  ...
  [-1.14718907e-07 -1.77766951e-06 -1.02769804e-05 ...  2.27166776e-04
    1.81897161e-06 -1.91352343e-04]
  [ 7.42476552e-07  1.10110544e-05  9.27868646e-05 ...  1.81897161e-06
    4.79980297e-04 -1.62432504e-06]
  [ 6.64942556e-08  1.04757740e-06  4.99875449e-06 ... -1.91352343e-04
   -1.62432504e-06  6.55605009e-04]]

 [[ 2.14412360e-09  3.18475856e-08  2.65523724e-07 ... -7.48704335e-08
    1.03578248e-06  2.38436764e-08]
  [ 3.18475856e-08  4.74248197e-07  3.91397265e-06 ... -9.93112298e-07
    1.53190762e-05  2.50154884e-07]
  [ 2.65523724e-07  3.91397265e-06  3.37625541e-05 ... -1.10142768e-05
    1.30901525e-04  4.52867273e-06]
  ...
  [-7.48704335e-08 -9.93112298e-07 -1.10142768e-05 ...  2.49604244e-04
    2.27939100e-06 -2.10130255e-04]
  [ 1.03578248e-06  1.53190762e-05  1.30901525e-04 ...  2.27939100e-06
    5.52938774e-04 -2.04467263e-06]
  [ 2.38436764e-08  2.50154884e-07  4.52867273e-06 ... -2.10130255e-04
   -2.04467263e-06  7.46013365e-04]]]
converged SCF energy = -150.22669371454  <S^2> = 2.0045398  2S+1 = 3.003025
dm0 check [[[ 1.14641048e-09  1.70870812e-08  1.38754080e-07 ... -8.06197812e-08
    6.25414531e-07  4.56928232e-08]
  [ 1.70870812e-08  2.56086198e-07  2.02952961e-06 ... -1.06182741e-06
    9.18278764e-06  7.18409566e-07]
  [ 1.38754080e-07  2.02952961e-06  1.80707734e-05 ... -1.26946965e-05
    8.12949641e-05  3.19888949e-06]
  ...
  [-8.06197812e-08 -1.06182741e-06 -1.26946965e-05 ...  2.39058495e-04
   -1.61700056e-06 -1.68274893e-04]
  [ 6.25414531e-07  9.18278764e-06  8.12949641e-05 ... -1.61700056e-06
    4.44994893e-04 -4.06057357e-06]
  [ 4.56928232e-08  7.18409566e-07  3.19888949e-06 ... -1.68274893e-04
   -4.06057357e-06  5.95722439e-04]]

 [[ 2.53030368e-08  3.85040225e-07  2.83120975e-06 ... -1.48564865e-07
    1.05892884e-07  7.43965858e-08]
  [ 3.85040225e-07  5.86062150e-06  4.30449887e-05 ... -2.17963245e-06
    1.18324850e-06  1.05300729e-06]
  [ 2.83120975e-06  4.30449887e-05  3.17985040e-04 ... -1.75088551e-05
    2.68730509e-05  9.39140192e-06]
  ...
  [-1.48564865e-07 -2.17963245e-06 -1.75088551e-05 ...  2.30571481e-04
    2.08891623e-07 -1.91671078e-04]
  [ 1.05892884e-07  1.18324850e-06  2.68730509e-05 ...  2.08891623e-07
    4.63238039e-04 -3.50208852e-06]
  [ 7.43965858e-08  1.05300729e-06  9.39140192e-06 ... -1.91671078e-04
   -3.50208852e-06  6.49568321e-04]]]
converged SCF energy = -150.244985829837  <S^2> = 0.92980103  2S+1 = 2.1723729
[timing] left/O ensemble SCF = 11.1s
dm0 check [[ 3.79534667e-01  6.12215942e-01 -1.25201763e-01 ...  2.36317920e-05
   1.49366314e-05 -4.82399976e-05]
 [ 6.12215942e-01  1.01512501e+00 -3.34000618e-01 ...  6.44393809e-05
   3.94766218e-05 -1.30683035e-04]
 [-1.25201763e-01 -3.34000618e-01  6.75173101e-01 ... -1.55457170e-04
  -9.56115372e-05  3.16293403e-04]
 ...
 [ 2.36317920e-05  6.44393809e-05 -1.55457170e-04 ...  1.08752212e-05
   5.93102766e-06 -2.35175680e-05]
 [ 1.49366314e-05  3.94766218e-05 -9.56115372e-05 ...  5.93102766e-06
   4.91849297e-06 -1.47860727e-05]
 [-4.82399976e-05 -1.30683035e-04  3.16293403e-04 ... -2.35175680e-05
  -1.47860727e-05  5.94712674e-05]]


******** <class 'pyscf.scf.addons.SmearingDFRKS'> ********
method = SmearingDFRKS
initial guess = minao
damping factor = 0.15
level_shift factor = 0.2
DIIS = <class 'pyscf.scf.diis.CDIIS'>
diis_start_cycle = 1
diis_space = 12
diis_damp = 0
SCF conv_tol = 5e-05
SCF conv_tol_grad = None
SCF max_cycles = 200
direct_scf = True
direct_scf_tol = 1e-13
chkfile to save SCF result = /tmp/tmpnx8_b0uf
max_memory 4000 MB (current use 87025 MB)
XC library pyscf.dft.libxc version 6.1.0
    S. Lehtola, C. Steigemann, M. J.T. Oliveira, and M. A.L. Marques.,  SoftwareX 7, 1–5 (2018)
XC functionals = pbe
    J. P. Perdew, K. Burke, and M. Ernzerhof.,  Phys. Rev. Lett. 77, 3865 (1996)
    J. P. Perdew, K. Burke, and M. Ernzerhof.,  Phys. Rev. Lett. 78, 1396 (1997)
    J. P. Perdew, K. Burke, and M. Ernzerhof.,  Phys. Rev. Lett. 77, 3865 (1996)
    J. P. Perdew, K. Burke, and M. Ernzerhof.,  Phys. Rev. Lett. 78, 1396 (1997)
small_rho_cutoff = 1e-06
Set gradient conv threshold to 0.00707107
    Total E(T) = -12114.6796562056  Free energy = -12115.7124010372  E0 = -12115.1960286214
init E= -12114.6796562056
    sigma = 0.02  Optimized mu = -0.0528473358851  entropy = 1.5331119205
    Total E(T) = -12114.6796329202  Free energy = -12114.7102951586  E0 = -12114.6949640394
cycle= 1 E= -12114.6796329202  delta_E= 2.33e-05  |g|= 0.0319  |ddm|= 23.6
    sigma = 0.02  Optimized mu = -0.0528494677731  entropy = 1.5344139294
    Total E(T) = -12114.6793309331  Free energy = -12114.7100192117  E0 = -12114.6946750724
cycle= 2 E= -12114.6793309331  delta_E= 0.000302  |g|= 0.111  |ddm|=   99
    sigma = 0.02  Optimized mu = -0.0528480778961  entropy = 1.53325658694
    Total E(T) = -12114.6795103212  Free energy = -12114.710175453  E0 = -12114.6948428871
cycle= 3 E= -12114.6795103212  delta_E= -0.000179  |g|= 0.06  |ddm|= 40.9
    sigma = 0.02  Optimized mu = -0.0528478919763  entropy = 1.53321407365
    Total E(T) = -12114.6795829711  Free energy = -12114.7102472526  E0 = -12114.6949151118
cycle= 4 E= -12114.6795829711  delta_E= -7.26e-05  |g|= 0.0428  |ddm|= 16.4
    sigma = 0.02  Optimized mu = -0.0528477871461  entropy = 1.53321060113
    Total E(T) = -12114.6796179615  Free energy = -12114.7102821735  E0 = -12114.6949500675
cycle= 5 E= -12114.6796179615  delta_E= -3.5e-05  |g|= 0.0312  |ddm|=    9
    sigma = 0.02  Optimized mu = -0.052848232984  entropy = 1.53321728619
    Total E(T) = -12114.6796357572  Free energy = -12114.710300103  E0 = -12114.6949679301
cycle= 6 E= -12114.6796357572  delta_E= -1.78e-05  |g|= 0.0234  |ddm|= 5.31
    sigma = 0.02  Optimized mu = -0.0528483763692  entropy = 1.53321606826
    Total E(T) = -12114.6796454547  Free energy = -12114.7103097761  E0 = -12114.6949776154
cycle= 7 E= -12114.6796454547  delta_E= -9.7e-06  |g|= 0.0176  |ddm|= 3.49
    sigma = 0.02  Optimized mu = -0.0528479694537  entropy = 1.53321850718
    Total E(T) = -12114.6796508074  Free energy = -12114.7103151775  E0 = -12114.6949829925
cycle= 8 E= -12114.6796508074  delta_E= -5.35e-06  |g|= 0.0135  |ddm|= 2.58
    sigma = 0.02  Optimized mu = -0.0528491049681  entropy = 1.53321388222
    Total E(T) = -12114.6796538152  Free energy = -12114.7103180928  E0 = -12114.694985954
cycle= 9 E= -12114.6796538152  delta_E= -3.01e-06  |g|= 0.0104  |ddm|= 1.76
    sigma = 0.02  Optimized mu = -0.0528479935584  entropy = 1.53322041941
    Total E(T) = -12114.6796555694  Free energy = -12114.7103199778  E0 = -12114.6949877736
cycle= 10 E= -12114.6796555694  delta_E= -1.75e-06  |g|= 0.00817  |ddm|= 1.33
    sigma = 0.02  Optimized mu = -0.0528485295087  entropy = 1.53322104725
    Total E(T) = -12114.6796566452  Free energy = -12114.7103210661  E0 = -12114.6949888556
cycle= 11 E= -12114.6796566452  delta_E= -1.08e-06  |g|= 0.00641  |ddm|= 1.08
    sigma = 0.02  Optimized mu = -0.152964977158  entropy = 51.6375376835
    Total E(T) = -12114.1460627607  Free energy = -12115.1788135144  E0 = -12114.6624381376
Extra cycle  E= -12114.1460627607  delta_E= 0.534  |g|= 0.421  |ddm|= 4.37e+03
converged SCF energy = -12114.1460627607
dm0 check [[[ 1.89789196e-01  3.06166479e-01 -6.27382539e-02 ...  9.19437390e-06
    5.84157518e-06 -2.11411548e-05]
  [ 3.06166479e-01  5.07718057e-01 -1.67363818e-01 ...  2.51422704e-05
    1.53443342e-05 -5.72819252e-05]
  [-6.27382539e-02 -1.67363818e-01  3.38427764e-01 ... -6.05253784e-05
   -3.71083306e-05  1.38400825e-04]
  ...
  [ 9.19437390e-06  2.51422704e-05 -6.05253784e-05 ...  3.13715954e-06
    1.55781055e-06 -7.62202888e-06]
  [ 5.84157518e-06  1.53443342e-05 -3.71083306e-05 ...  1.55781055e-06
    1.58848999e-06 -4.83700572e-06]
  [-2.11411548e-05 -5.72819252e-05  1.38400825e-04 ... -7.62202888e-06
   -4.83700572e-06  2.29806320e-05]]

 [[ 1.89768293e-01  3.06109553e-01 -6.26090281e-02 ...  1.01180610e-05
    6.66144515e-06 -2.24745711e-05]
  [ 3.06109553e-01  5.07566082e-01 -1.67022755e-01 ...  2.76492411e-05
    1.75711417e-05 -6.09233013e-05]
  [-6.26090281e-02 -1.67022755e-01  3.37665124e-01 ... -6.67405293e-05
   -4.26419552e-05  1.47637880e-04]
  ...
  [ 1.01180610e-05  2.76492411e-05 -6.67405293e-05 ...  3.37989959e-06
    1.74706069e-06 -8.19436833e-06]
  [ 6.66144515e-06  1.75711417e-05 -4.26419552e-05 ...  1.74706069e-06
    1.74323057e-06 -5.30648444e-06]
  [-2.24745711e-05 -6.09233013e-05  1.47637880e-04 ... -8.19436833e-06
   -5.30648444e-06  2.42423049e-05]]]


******** <class 'pyscf.scf.addons.SmearingDFUKS'> ********
method = SmearingDFUKS
initial guess = minao
damping factor = 0.15
level_shift factor = 0.2
DIIS = <class 'pyscf.scf.diis.CDIIS'>
diis_start_cycle = 1
diis_space = 12
diis_damp = 0
SCF conv_tol = 5e-05
SCF conv_tol_grad = None
SCF max_cycles = 200
direct_scf = True
direct_scf_tol = 1e-13
chkfile to save SCF result = /tmp/tmph1vfanl1
max_memory 4000 MB (current use 87025 MB)
number electrons alpha = 325  beta = 323
XC library pyscf.dft.libxc version 6.1.0
    S. Lehtola, C. Steigemann, M. J.T. Oliveira, and M. A.L. Marques.,  SoftwareX 7, 1–5 (2018)
XC functionals = pbe
    J. P. Perdew, K. Burke, and M. Ernzerhof.,  Phys. Rev. Lett. 77, 3865 (1996)
    J. P. Perdew, K. Burke, and M. Ernzerhof.,  Phys. Rev. Lett. 78, 1396 (1997)
    J. P. Perdew, K. Burke, and M. Ernzerhof.,  Phys. Rev. Lett. 77, 3865 (1996)
    J. P. Perdew, K. Burke, and M. Ernzerhof.,  Phys. Rev. Lett. 78, 1396 (1997)
small_rho_cutoff = 1e-06
Set gradient conv threshold to 0.00707107
    Total E(T) = -12114.2360282483  Free energy = -12114.3002941471  E0 = -12114.2681611977
init E= -12114.2360282483
    sigma = 0.005  Optimized mu_alpha = -0.197455953573  entropy = 3.44407024354e-07
    sigma = 0.005  Optimized mu_beta  = -0.199986422273  entropy = 3.44407024354e-07
    Total E(T) = -12114.2360179364  Free energy = -12114.2360179381  E0 = -12114.2360179372
cycle= 1 E= -12114.2360179364  delta_E= 1.03e-05  |g|= 0.0304  |ddm|= 14.5
    sigma = 0.005  Optimized mu_alpha = -0.197401539274  entropy = 3.44859608585e-07
    sigma = 0.005  Optimized mu_beta  = -0.199932151059  entropy = 3.44859608585e-07
    Total E(T) = -12114.2359013878  Free energy = -12114.2359013895  E0 = -12114.2359013887
cycle= 2 E= -12114.2359013878  delta_E= 0.000117  |g|= 0.0996  |ddm|= 51.3
    sigma = 0.005  Optimized mu_alpha = -0.197441175227  entropy = 3.44338165559e-07
    sigma = 0.005  Optimized mu_beta  = -0.199970910959  entropy = 3.44338165559e-07
    Total E(T) = -12114.2359681199  Free energy = -12114.2359681216  E0 = -12114.2359681207
cycle= 3 E= -12114.2359681199  delta_E= -6.67e-05  |g|= 0.0549  |ddm|= 19.3
    sigma = 0.005  Optimized mu_alpha = -0.197441531289  entropy = 3.44344537065e-07
    sigma = 0.005  Optimized mu_beta  = -0.199971354451  entropy = 3.44344537065e-07
    Total E(T) = -12114.2359990108  Free energy = -12114.2359990125  E0 = -12114.2359990117
cycle= 4 E= -12114.2359990108  delta_E= -3.09e-05  |g|= 0.0383  |ddm|= 7.87
    sigma = 0.005  Optimized mu_alpha = -0.197442740032  entropy = 3.44338923368e-07
    sigma = 0.005  Optimized mu_beta  = -0.199972615901  entropy = 3.44338923368e-07
