pyscf max mem 923382
SLURM_CPUS_PER_TASK = 64
OMP_NUM_THREADS = 64
MKL_NUM_THREADS = 64
OPENBLAS_NUM_THREADS = 64
PySCF lib.num_threads() = 64
left ensemble electron number ([9, 9], [7, 8])
right ensemble electron number ([325, 325], [325, 323])
[setup] build_system t=1.8s
building grid (level 3)...
[setup] grid t=4.9s
computing S3 tensors (DF)...
S3 shapes: left=(116, 116, 1336) right=(1528, 1528, 1336) ref=(1544, 1544, 1336) t=769.4s
[warm-start] loaded pdft_optimizer_trust_ridge1e33.pkl
[warm-start] b0 priority source = pdft_optimizer_trust_ridge1e33.pkl (fallback: pdft_optimizer_trust_ridge1e34.pkl)
[warm-start] rdft1.D ← pickle dm_ig1
[warm-start] rdft2.D ← pickle dm_ig2
[init] b0 from pdft_optimizer_trust_ridge1e33.pkl, npbs=1336
[warm-start] Lagrangian x0 ready, |b0| = 2.25861e-01
[setup] warm-start t=0.1s
[main] skipping phase1; starting phase2 directly from b0
starting phase 2: L-BFGS-B optimization
starting phase 2: bounded L-BFGS-B outer loop
[phase2 outer 1] start |b|=2.258612e-01 max|b|=1.887756e-02 delta=2.736e-03
[diagnostic] step=1 |b|=2.258612e-01 max|b|=1.887756e-02
[timing] build AO Vp from S3 = 1.7s
[diagnostic] |vpl|=1.849744e-01 max|vpl|=1.686323e-02
[diagnostic] |vpr|=3.666680e-01 max|vpr|=1.608627e-02
[diagnostic] |vpref|=3.865951e-01 max|vpref|=1.686277e-02
dm0 check None
converged SCF energy = -150.226693714538  <S^2> = 2.0045399  2S+1 = 3.003025
dm0 check None
converged SCF energy = -150.244985829666  <S^2> = 0.9297856  2S+1 = 2.1723587
[timing] left/O ensemble SCF = 240.4s
dm0 check [[ 3.79539878e-01  6.12229000e-01 -1.25222973e-01 ...  8.99114189e-07
  -7.50235601e-07 -2.17801211e-06]
 [ 6.12229000e-01  1.01515525e+00 -3.34045393e-01 ...  3.12729370e-06
  -2.82053665e-06 -6.45083864e-06]
 [-1.25222973e-01 -3.34045393e-01  6.75248717e-01 ... -6.99626948e-06
   6.70133489e-06  1.55076358e-05]
 ...
 [ 8.99114189e-07  3.12729370e-06 -6.99626948e-06 ...  9.05238607e-07
  -2.52841290e-07  5.54363758e-08]
 [-7.50235601e-07 -2.82053665e-06  6.70133489e-06 ... -2.52841290e-07
   5.66005884e-07  7.59147340e-08]
 [-2.17801211e-06 -6.45083864e-06  1.55076358e-05 ...  5.54363758e-08
   7.59147340e-08  2.89040712e-07]]


******** <class 'pyscf.scf.addons.SmearingDFRKS'> ********
method = SmearingDFRKS
initial guess = minao
damping factor = 0.15
level_shift factor = 0.2
DIIS = <class 'pyscf.scf.diis.CDIIS'>
diis_start_cycle = 1
diis_space = 12
diis_damp = 0
SCF conv_tol = 5e-05
SCF conv_tol_grad = None
SCF max_cycles = 200
direct_scf = True
direct_scf_tol = 1e-13
chkfile to save SCF result = /tmp/tmpiu3_m7in
max_memory 4000 MB (current use 85862 MB)
XC library pyscf.dft.libxc version 6.1.0
    S. Lehtola, C. Steigemann, M. J.T. Oliveira, and M. A.L. Marques.,  SoftwareX 7, 1–5 (2018)
XC functionals = pbe
    J. P. Perdew, K. Burke, and M. Ernzerhof.,  Phys. Rev. Lett. 77, 3865 (1996)
    J. P. Perdew, K. Burke, and M. Ernzerhof.,  Phys. Rev. Lett. 78, 1396 (1997)
    J. P. Perdew, K. Burke, and M. Ernzerhof.,  Phys. Rev. Lett. 77, 3865 (1996)
    J. P. Perdew, K. Burke, and M. Ernzerhof.,  Phys. Rev. Lett. 78, 1396 (1997)
small_rho_cutoff = 1e-06
Set gradient conv threshold to 0.00707107
init E= -12115.5670259526
    sigma = 0.02  Optimized mu = -0.0517091626343  entropy = 1.49802368872
    Total E(T) = -12115.5670097713  Free energy = -12115.5969702451  E0 = -12115.5819900082
cycle= 1 E= -12115.5670097713  delta_E= 1.62e-05  |g|= 0.0247  |ddm|= 21.2
    sigma = 0.02  Optimized mu = -0.0519978607141  entropy = 1.49706097401
    Total E(T) = -12115.5668298842  Free energy = -12115.5967711036  E0 = -12115.5818004939
cycle= 2 E= -12115.5668298842  delta_E= 0.00018  |g|= 0.083  |ddm|= 83.7
    sigma = 0.02  Optimized mu = -0.0517964020566  entropy = 1.49757141376
    Total E(T) = -12115.5669413397  Free energy = -12115.596892768  E0 = -12115.5819170539
cycle= 3 E= -12115.5669413397  delta_E= -0.000111  |g|= 0.0435  |ddm|= 32.8
    sigma = 0.02  Optimized mu = -0.0517886153292  entropy = 1.4976334077
    Total E(T) = -12115.5669870438  Free energy = -12115.596939712  E0 = -12115.5819633779
cycle= 4 E= -12115.5669870438  delta_E= -4.57e-05  |g|= 0.0295  |ddm|= 13.8
    sigma = 0.02  Optimized mu = -0.0517847259168  entropy = 1.49765439809
    Total E(T) = -12115.5670078357  Free energy = -12115.5969609237  E0 = -12115.5819843797
cycle= 5 E= -12115.5670078357  delta_E= -2.08e-05  |g|= 0.0204  |ddm|= 7.75
    sigma = 0.02  Optimized mu = -0.0517861587663  entropy = 1.49764300629
    Total E(T) = -12115.5670177714  Free energy = -12115.5969706315  E0 = -12115.5819942014
cycle= 6 E= -12115.5670177714  delta_E= -9.94e-06  |g|= 0.0144  |ddm|= 5.03
    sigma = 0.02  Optimized mu = -0.0517836863526  entropy = 1.4976596164
    Total E(T) = -12115.5670225902  Free energy = -12115.5969757825  E0 = -12115.5819991863
cycle= 7 E= -12115.5670225902  delta_E= -4.82e-06  |g|= 0.0104  |ddm|= 3.22
    sigma = 0.02  Optimized mu = -0.0517849065844  entropy = 1.49765508769
    Total E(T) = -12115.567025122  Free energy = -12115.5969782238  E0 = -12115.5820016729
cycle= 8 E= -12115.567025122  delta_E= -2.53e-06  |g|= 0.00729  |ddm|= 2.04
    sigma = 0.02  Optimized mu = -0.0517817813289  entropy = 1.49766861294
    Total E(T) = -12115.5670263311  Free energy = -12115.5969797033  E0 = -12115.5820030172
cycle= 9 E= -12115.5670263311  delta_E= -1.21e-06  |g|= 0.00547  |ddm|= 1.63
    sigma = 0.02  Optimized mu = -0.151693281137  entropy = 50.9866584058
    Total E(T) = -12115.0395772638  Free energy = -12116.0593104319  E0 = -12115.5494438478
Extra cycle  E= -12115.0395772638  delta_E= 0.527  |g|= 0.407  |ddm|= 4.12e+03
converged SCF energy = -12115.0395772638
dm0 check [[[ 1.89791505e-01  3.06172277e-01 -6.27470932e-02 ...  3.63921616e-07
   -3.65333223e-07 -1.12402595e-06]
  [ 3.06172277e-01  5.07731248e-01 -1.67381359e-01 ...  1.33426223e-06
   -1.38415971e-06 -3.31927660e-06]
  [-6.27470932e-02 -1.67381359e-01  3.38453402e-01 ... -2.95284325e-06
    3.29022602e-06  7.97208229e-06]
  ...
  [ 3.63921616e-07  1.33426223e-06 -2.95284325e-06 ...  4.78916119e-07
   -1.30779514e-07  2.61315551e-08]
  [-3.65333223e-07 -1.38415971e-06  3.29022602e-06 ... -1.30779514e-07
    2.89264956e-07  4.18654659e-08]
  [-1.12402595e-06 -3.31927660e-06  7.97208229e-06 ...  2.61315551e-08
    4.18654659e-08  1.54149011e-07]]

 [[ 1.89771557e-01  3.06117763e-01 -6.26237667e-02 ...  6.03817046e-07
   -3.40991222e-07 -1.01251516e-06]
  [ 3.06117763e-01  5.07585655e-01 -1.67056328e-01 ...  1.97872885e-06
   -1.31677155e-06 -3.01872926e-06]
  [-6.26237667e-02 -1.67056328e-01  3.37730622e-01 ... -4.48876380e-06
    3.11238898e-06  7.24672793e-06]
  ...
  [ 6.03817046e-07  1.97872885e-06 -4.48876380e-06 ...  4.63444930e-07
   -1.33061720e-07  2.93051284e-08]
  [-3.40991222e-07 -1.31677155e-06  3.11238898e-06 ... -1.33061720e-07
    2.88921426e-07  3.99346475e-08]
  [-1.01251516e-06 -3.01872926e-06  7.24672793e-06 ...  2.93051284e-08
    3.99346475e-08  1.45509538e-07]]]


******** <class 'pyscf.scf.addons.SmearingDFUKS'> ********
method = SmearingDFUKS
initial guess = minao
damping factor = 0.15
level_shift factor = 0.2
DIIS = <class 'pyscf.scf.diis.CDIIS'>
diis_start_cycle = 1
diis_space = 12
diis_damp = 0
SCF conv_tol = 5e-05
SCF conv_tol_grad = None
SCF max_cycles = 200
direct_scf = True
direct_scf_tol = 1e-13
chkfile to save SCF result = /tmp/tmp2d_gj1bs
max_memory 4000 MB (current use 86597 MB)
number electrons alpha = 325  beta = 323
XC library pyscf.dft.libxc version 6.1.0
    S. Lehtola, C. Steigemann, M. J.T. Oliveira, and M. A.L. Marques.,  SoftwareX 7, 1–5 (2018)
XC functionals = pbe
    J. P. Perdew, K. Burke, and M. Ernzerhof.,  Phys. Rev. Lett. 77, 3865 (1996)
    J. P. Perdew, K. Burke, and M. Ernzerhof.,  Phys. Rev. Lett. 78, 1396 (1997)
    J. P. Perdew, K. Burke, and M. Ernzerhof.,  Phys. Rev. Lett. 77, 3865 (1996)
    J. P. Perdew, K. Burke, and M. Ernzerhof.,  Phys. Rev. Lett. 78, 1396 (1997)
small_rho_cutoff = 1e-06
Set gradient conv threshold to 0.00707107
init E= -12115.1224334121
    sigma = 0.005  Optimized mu_alpha = -0.196929828263  entropy = 3.26479536748e-07
    sigma = 0.005  Optimized mu_beta  = -0.199533366581  entropy = 3.26479536748e-07
    Total E(T) = -12115.1224265517  Free energy = -12115.1224265533  E0 = -12115.1224265525
cycle= 1 E= -12115.1224265517  delta_E= 6.86e-06  |g|= 0.0238  |ddm|= 11.3
    sigma = 0.005  Optimized mu_alpha = -0.197025331925  entropy = 3.25702110706e-07
    sigma = 0.005  Optimized mu_beta  = -0.199639823823  entropy = 3.25702110706e-07
    Total E(T) = -12115.1223539069  Free energy = -12115.1223539085  E0 = -12115.1223539077
cycle= 2 E= -12115.1223539069  delta_E= 7.26e-05  |g|= 0.0755  |ddm|= 41.2
    sigma = 0.005  Optimized mu_alpha = -0.196959090528  entropy = 3.26106861371e-07
    sigma = 0.005  Optimized mu_beta  = -0.199566292814  entropy = 3.26106861371e-07
    Total E(T) = -12115.1223978747  Free energy = -12115.1223978763  E0 = -12115.1223978755
cycle= 3 E= -12115.1223978747  delta_E= -4.4e-05  |g|= 0.0399  |ddm|= 15.4
    sigma = 0.005  Optimized mu_alpha = -0.196958480163  entropy = 3.26146264253e-07
    sigma = 0.005  Optimized mu_beta  = -0.199565137393  entropy = 3.26146264253e-07
    Total E(T) = -12115.1224174992  Free energy = -12115.1224175008  E0 = -12115.1224175
cycle= 4 E= -12115.1224174992  delta_E= -1.96e-05  |g|= 0.0267  |ddm|= 6.48
    sigma = 0.005  Optimized mu_alpha = -0.196955278112  entropy = 3.26169163265e-07
    sigma = 0.005  Optimized mu_beta  = -0.199561677014  entropy = 3.26169163265e-07
    Total E(T) = -12115.1224263486  Free energy = -12115.1224263503  E0 = -12115.1224263495
cycle= 5 E= -12115.1224263486  delta_E= -8.85e-06  |g|= 0.0182  |ddm|= 3.92
    sigma = 0.005  Optimized mu_alpha = -0.196958653314  entropy = 3.2615654715e-07
    sigma = 0.005  Optimized mu_beta  = -0.199565144585  entropy = 3.2615654715e-07
    Total E(T) = -12115.1224304921  Free energy = -12115.1224304938  E0 = -12115.122430493
cycle= 6 E= -12115.1224304921  delta_E= -4.14e-06  |g|= 0.0125  |ddm|= 2.47
    sigma = 0.005  Optimized mu_alpha = -0.196955489571  entropy = 3.2616561652e-07
    sigma = 0.005  Optimized mu_beta  = -0.199561907953  entropy = 3.2616561652e-07
    Total E(T) = -12115.1224324202  Free energy = -12115.1224324218  E0 = -12115.122432421
cycle= 7 E= -12115.1224324202  delta_E= -1.93e-06  |g|= 0.00895  |ddm|= 1.82
    sigma = 0.005  Optimized mu_alpha = -0.196955730442  entropy = 3.26163772203e-07
    sigma = 0.005  Optimized mu_beta  = -0.199562174413  entropy = 3.26163772203e-07
    Total E(T) = -12115.1224333819  Free energy = -12115.1224333835  E0 = -12115.1224333827
cycle= 8 E= -12115.1224333819  delta_E= -9.62e-07  |g|= 0.00628  |ddm|= 1.13
    sigma = 0.005  Optimized mu_alpha = -0.296510807308  entropy = 12.7888554884
    sigma = 0.005  Optimized mu_beta  = -0.299423881585  entropy = 12.7888554884
    Total E(T) = -12115.0865960257  Free energy = -12115.1505403032  E0 = -12115.1185681644
Extra cycle  E= -12115.0865960257  delta_E= 0.0358  |g|= 0.227  |ddm|=  880
converged SCF energy = -12115.0865960257  <S^2> = 2.0133338  2S+1 = 3.008876
[timing] right/Al ensemble SCF = 1152.5s
[timing] collect state = 0.0s
[timing] grad contraction = 1.7s
Npdft 666.0000339958548
[timing] checkpoint save = 0.0s
step=   1 L=-12265.85958664 Ef=-12265.86349923 L1=1.20493775e+00 |grad|=2.25766e-02 t=1597.2s
[diagnostic] step=2 |b|=2.412950e-01 max|b|=2.161344e-02
[timing] build AO Vp from S3 = 1.6s
[diagnostic] |vpl|=2.009116e-01 max|vpl|=1.925782e-02
[diagnostic] |vpr|=3.859274e-01 max|vpr|=1.762482e-02
[diagnostic] |vpref|=4.088096e-01 max|vpref|=1.925631e-02
dm0 check [[[ 1.51510539e-09  2.24390407e-08  1.89788584e-07 ... -1.14716793e-07
    7.42480591e-07  6.64925537e-08]
  [ 2.24390407e-08  3.34442860e-07  2.75065447e-06 ... -1.77763476e-06
    1.10111116e-05  1.04754946e-06]
  [ 1.89788584e-07  2.75065447e-06  2.57236015e-05 ... -1.02767709e-05
    9.27874012e-05  4.99858660e-06]
  ...
  [-1.14716793e-07 -1.77763476e-06 -1.02767709e-05 ...  2.27166818e-04
    1.81897022e-06 -1.91352427e-04]
  [ 7.42480591e-07  1.10111116e-05  9.27874012e-05 ...  1.81897022e-06
    4.79983561e-04 -1.62425374e-06]
  [ 6.64925537e-08  1.04754946e-06  4.99858660e-06 ... -1.91352427e-04
   -1.62425374e-06  6.55608417e-04]]

 [[ 2.14412926e-09  3.18476687e-08  2.65524476e-07 ... -7.48678675e-08
    1.03578378e-06  2.38417798e-08]
  [ 3.18476687e-08  4.74249422e-07  3.91398393e-06 ... -9.93071944e-07
    1.53190952e-05  2.50124817e-07]
  [ 2.65524476e-07  3.91398393e-06  3.37626381e-05 ... -1.10139777e-05
    1.30901684e-04  4.52845690e-06]
  ...
  [-7.48678675e-08 -9.93071944e-07 -1.10139777e-05 ...  2.49604988e-04
    2.27945400e-06 -2.10130920e-04]
  [ 1.03578378e-06  1.53190952e-05  1.30901684e-04 ...  2.27945400e-06
    5.52938192e-04 -2.04465529e-06]
  [ 2.38417798e-08  2.50124817e-07  4.52845690e-06 ... -2.10130920e-04
   -2.04465529e-06  7.46013266e-04]]]
converged SCF energy = -150.226693714539  <S^2> = 2.0045398  2S+1 = 3.003025
dm0 check [[[ 1.14663927e-09  1.70906963e-08  1.38764383e-07 ... -8.06351991e-08
    6.25424907e-07  4.57094748e-08]
  [ 1.70906963e-08  2.56142401e-07  2.02970512e-06 ... -1.06203847e-06
    9.18297648e-06  7.18610580e-07]
  [ 1.38764383e-07  2.02970512e-06  1.80711277e-05 ... -1.26954868e-05
    8.12953223e-05  3.19992558e-06]
  ...
  [-8.06351991e-08 -1.06203847e-06 -1.26954868e-05 ...  2.39056590e-04
   -1.61628521e-06 -1.68273569e-04]
  [ 6.25424907e-07  9.18297648e-06  8.12953223e-05 ... -1.61628521e-06
    4.44991768e-04 -4.05797460e-06]
  [ 4.57094748e-08  7.18610580e-07  3.19992558e-06 ... -1.68273569e-04
   -4.05797460e-06  5.95720304e-04]]

 [[ 2.52991917e-08  3.84988468e-07  2.83081238e-06 ... -1.48521070e-07
    1.05980492e-07  7.43608025e-08]
  [ 3.84988468e-07  5.85993601e-06  4.30397100e-05 ... -2.17883477e-06
    1.18474495e-06  1.05238318e-06]
  [ 2.83081238e-06  4.30397100e-05  3.17944269e-04 ... -1.75046016e-05
    2.68826267e-05  9.38690534e-06]
  ...
  [-1.48521070e-07 -2.17883477e-06 -1.75046016e-05 ...  2.30576224e-04
    2.09094785e-07 -1.91668407e-04]
  [ 1.05980492e-07  1.18474495e-06  2.68826267e-05 ...  2.09094785e-07
    4.63234853e-04 -3.50197083e-06]
  [ 7.43608025e-08  1.05238318e-06  9.38690534e-06 ... -1.91668407e-04
   -3.50197083e-06  6.49562330e-04]]]
converged SCF energy = -150.244985829812  <S^2> = 0.92979458  2S+1 = 2.172367
[timing] left/O ensemble SCF = 14.9s
dm0 check [[ 3.79539896e-01  6.12229047e-01 -1.25223100e-01 ...  8.99655028e-07
  -7.50422240e-07 -2.17831728e-06]
 [ 6.12229047e-01  1.01515537e+00 -3.34045729e-01 ...  3.12875353e-06
  -2.82104052e-06 -6.45166176e-06]
 [-1.25223100e-01 -3.34045729e-01  6.75249584e-01 ... -6.99981938e-06
   6.70256354e-06  1.55096313e-05]
 ...
 [ 8.99655028e-07  3.12875353e-06 -6.99981938e-06 ...  9.05191668e-07
  -2.52812784e-07  5.54393608e-08]
 [-7.50422240e-07 -2.82104052e-06  6.70256354e-06 ... -2.52812784e-07
   5.65968184e-07  7.59147606e-08]
 [-2.17831728e-06 -6.45166176e-06  1.55096313e-05 ...  5.54393608e-08
   7.59147606e-08  2.89038055e-07]]


******** <class 'pyscf.scf.addons.SmearingDFRKS'> ********
method = SmearingDFRKS
initial guess = minao
damping factor = 0.15
level_shift factor = 0.2
DIIS = <class 'pyscf.scf.diis.CDIIS'>
diis_start_cycle = 1
diis_space = 12
diis_damp = 0
SCF conv_tol = 5e-05
SCF conv_tol_grad = None
SCF max_cycles = 200
direct_scf = True
direct_scf_tol = 1e-13
chkfile to save SCF result = /tmp/tmpiu3_m7in
max_memory 4000 MB (current use 86841 MB)
XC library pyscf.dft.libxc version 6.1.0
    S. Lehtola, C. Steigemann, M. J.T. Oliveira, and M. A.L. Marques.,  SoftwareX 7, 1–5 (2018)
XC functionals = pbe
    J. P. Perdew, K. Burke, and M. Ernzerhof.,  Phys. Rev. Lett. 77, 3865 (1996)
    J. P. Perdew, K. Burke, and M. Ernzerhof.,  Phys. Rev. Lett. 78, 1396 (1997)
    J. P. Perdew, K. Burke, and M. Ernzerhof.,  Phys. Rev. Lett. 77, 3865 (1996)
    J. P. Perdew, K. Burke, and M. Ernzerhof.,  Phys. Rev. Lett. 78, 1396 (1997)
small_rho_cutoff = 1e-06
Set gradient conv threshold to 0.00707107
    Total E(T) = -12115.5177983551  Free energy = -12116.5375315232  E0 = -12116.0276649391
init E= -12115.5177983551
    sigma = 0.02  Optimized mu = -0.0516777727476  entropy = 1.49891180456
    Total E(T) = -12115.517768187  Free energy = -12115.5477464231  E0 = -12115.5327573051
cycle= 1 E= -12115.517768187  delta_E= 3.02e-05  |g|= 0.0354  |ddm|=   25
    sigma = 0.02  Optimized mu = -0.0520932028705  entropy = 1.49778361312
    Total E(T) = -12115.5174072212  Free energy = -12115.5473628935  E0 = -12115.5323850573
cycle= 2 E= -12115.5174072212  delta_E= 0.000361  |g|= 0.116  |ddm|=  114
    sigma = 0.02  Optimized mu = -0.0518130874219  entropy = 1.49819822141
    Total E(T) = -12115.5176368816  Free energy = -12115.547600846  E0 = -12115.5326188638
cycle= 3 E= -12115.5176368816  delta_E= -0.00023  |g|= 0.0592  |ddm|= 49.4
    sigma = 0.02  Optimized mu = -0.0517991659482  entropy = 1.49827314252
    Total E(T) = -12115.5177318868  Free energy = -12115.5476973497  E0 = -12115.5327146183
cycle= 4 E= -12115.5177318868  delta_E= -9.5e-05  |g|= 0.0387  |ddm|= 19.1
    sigma = 0.02  Optimized mu = -0.0517905548703  entropy = 1.49830938853
    Total E(T) = -12115.5177738667  Free energy = -12115.5477400544  E0 = -12115.5327569605
cycle= 5 E= -12115.5177738667  delta_E= -4.2e-05  |g|= 0.025  |ddm|= 10.5
    sigma = 0.02  Optimized mu = -0.0517926070009  entropy = 1.4982710411
    Total E(T) = -12115.5177916552  Free energy = -12115.547757076  E0 = -12115.5327743656
cycle= 6 E= -12115.5177916552  delta_E= -1.78e-05  |g|= 0.0173  |ddm|= 7.92
    sigma = 0.02  Optimized mu = -0.0517976674892  entropy = 1.49825108586
    Total E(T) = -12115.5177996301  Free energy = -12115.5477646518  E0 = -12115.5327821409
cycle= 7 E= -12115.5177996301  delta_E= -7.97e-06  |g|= 0.0117  |ddm|= 4.44
    sigma = 0.02  Optimized mu = -0.0517915135047  entropy = 1.49828207591
    Total E(T) = -12115.5178032565  Free energy = -12115.547768898  E0 = -12115.5327860773
cycle= 8 E= -12115.5178032565  delta_E= -3.63e-06  |g|= 0.00811  |ddm|= 3.04
    sigma = 0.02  Optimized mu = -0.0517963614406  entropy = 1.4982589181
    Total E(T) = -12115.5178050695  Free energy = -12115.5477702479  E0 = -12115.5327876587
cycle= 9 E= -12115.5178050695  delta_E= -1.81e-06  |g|= 0.00534  |ddm|= 2.14
    sigma = 0.02  Optimized mu = -0.151701044522  entropy = 50.9872495906
    Total E(T) = -12114.9904258603  Free energy = -12116.0101708521  E0 = -12115.5002983562
Extra cycle  E= -12114.9904258603  delta_E= 0.527  |g|= 0.408  |ddm|= 4.12e+03
converged SCF energy = -12114.9904258603
dm0 check [[[ 1.89791504e-01  3.06172274e-01 -6.27470842e-02 ...  3.64196189e-07
   -3.65307948e-07 -1.12410061e-06]
  [ 3.06172274e-01  5.07731243e-01 -1.67381338e-01 ...  1.33500279e-06
   -1.38409187e-06 -3.31947785e-06]
  [-6.27470842e-02 -1.67381338e-01  3.38453347e-01 ... -2.95463332e-06
    3.29006479e-06  7.97256466e-06]
  ...
  [ 3.64196189e-07  1.33500279e-06 -2.95463332e-06 ...  4.78932524e-07
   -1.30786304e-07  2.61302018e-08]
  [-3.65307948e-07 -1.38409187e-06  3.29006479e-06 ... -1.30786304e-07
    2.89261556e-07  4.18688897e-08]
  [-1.12410061e-06 -3.31947785e-06  7.97256466e-06 ...  2.61302018e-08
    4.18688897e-08  1.54149596e-07]]

 [[ 1.89771556e-01  3.06117762e-01 -6.26237610e-02 ...  6.03839054e-07
   -3.41102058e-07 -1.01239682e-06]
  [ 3.06117762e-01  5.07585654e-01 -1.67056315e-01 ...  1.97878846e-06
   -1.31707098e-06 -3.01840968e-06]
  [-6.26237610e-02 -1.67056315e-01  3.37730586e-01 ... -4.48890834e-06
    3.11311803e-06  7.24594735e-06]
  ...
  [ 6.03839054e-07  1.97878846e-06 -4.48890834e-06 ...  4.63458225e-07
   -1.33061462e-07  2.93029349e-08]
  [-3.41102058e-07 -1.31707098e-06  3.11311803e-06 ... -1.33061462e-07
    2.88918682e-07  3.99410332e-08]
  [-1.01239682e-06 -3.01840968e-06  7.24594735e-06 ...  2.93029349e-08
    3.99410332e-08  1.45512299e-07]]]


******** <class 'pyscf.scf.addons.SmearingDFUKS'> ********
method = SmearingDFUKS
initial guess = minao
damping factor = 0.15
level_shift factor = 0.2
DIIS = <class 'pyscf.scf.diis.CDIIS'>
diis_start_cycle = 1
diis_space = 12
diis_damp = 0
SCF conv_tol = 5e-05
SCF conv_tol_grad = None
SCF max_cycles = 200
direct_scf = True
direct_scf_tol = 1e-13
chkfile to save SCF result = /tmp/tmp2d_gj1bs
max_memory 4000 MB (current use 86842 MB)
number electrons alpha = 325  beta = 323
XC library pyscf.dft.libxc version 6.1.0
    S. Lehtola, C. Steigemann, M. J.T. Oliveira, and M. A.L. Marques.,  SoftwareX 7, 1–5 (2018)
XC functionals = pbe
    J. P. Perdew, K. Burke, and M. Ernzerhof.,  Phys. Rev. Lett. 77, 3865 (1996)
    J. P. Perdew, K. Burke, and M. Ernzerhof.,  Phys. Rev. Lett. 78, 1396 (1997)
    J. P. Perdew, K. Burke, and M. Ernzerhof.,  Phys. Rev. Lett. 77, 3865 (1996)
    J. P. Perdew, K. Burke, and M. Ernzerhof.,  Phys. Rev. Lett. 78, 1396 (1997)
small_rho_cutoff = 1e-06
Set gradient conv threshold to 0.00707107
    Total E(T) = -12115.0732710012  Free energy = -12115.1372152786  E0 = -12115.1052431399
init E= -12115.0732710012
    sigma = 0.005  Optimized mu_alpha = -0.196889418761  entropy = 3.27707200616e-07
    sigma = 0.005  Optimized mu_beta  = -0.199484110899  entropy = 3.27707200616e-07
    Total E(T) = -12115.0732492465  Free energy = -12115.0732492481  E0 = -12115.0732492473
cycle= 1 E= -12115.0732492465  delta_E= 2.18e-05  |g|= 0.0438  |ddm|= 16.6
    sigma = 0.005  Optimized mu_alpha = -0.197143676733  entropy = 3.26214703466e-07
    sigma = 0.005  Optimized mu_beta  = -0.199760762505  entropy = 3.26214703466e-07
    Total E(T) = -12115.0729984995  Free energy = -12115.0729985012  E0 = -12115.0729985004
cycle= 2 E= -12115.0729984995  delta_E= 0.000251  |g|= 0.137  |ddm|= 74.8
    sigma = 0.005  Optimized mu_alpha = -0.196976714189  entropy = 3.26872838073e-07
    sigma = 0.005  Optimized mu_beta  = -0.199577738968  entropy = 3.26872838073e-07
    Total E(T) = -12115.0731578861  Free energy = -12115.0731578877  E0 = -12115.0731578869
cycle= 3 E= -12115.0731578861  delta_E= -0.000159  |g|= 0.0694  |ddm|= 31.3
    sigma = 0.005  Optimized mu_alpha = -0.196974012508  entropy = 3.26918544409e-07
    sigma = 0.005  Optimized mu_beta  = -0.199574299847  entropy = 3.26918544409e-07
    Total E(T) = -12115.0732275796  Free energy = -12115.0732275812  E0 = -12115.0732275804
cycle= 4 E= -12115.0732275796  delta_E= -6.97e-05  |g|= 0.044  |ddm|= 12.7
    sigma = 0.005  Optimized mu_alpha = -0.196958017734  entropy = 3.26942563191e-07
    sigma = 0.005  Optimized mu_beta  = -0.199557879432  entropy = 3.26942563191e-07
    Total E(T) = -12115.0732572618  Free energy = -12115.0732572634  E0 = -12115.0732572626
cycle= 5 E= -12115.0732572618  delta_E= -2.97e-05  |g|= 0.0282  |ddm|= 7.15
    sigma = 0.005  Optimized mu_alpha = -0.196971017863  entropy = 3.26879349537e-07
    sigma = 0.005  Optimized mu_beta  = -0.199571426375  entropy = 3.26879349537e-07
    Total E(T) = -12115.0732697824  Free energy = -12115.073269784  E0 = -12115.0732697832
cycle= 6 E= -12115.0732697824  delta_E= -1.25e-05  |g|= 0.0178  |ddm|=  4.6
    sigma = 0.005  Optimized mu_alpha = -0.196968201134  entropy = 3.26881189367e-07
    sigma = 0.005  Optimized mu_beta  = -0.199568536103  entropy = 3.26881189367e-07
    Total E(T) = -12115.07327492  Free energy = -12115.0732749216  E0 = -12115.0732749208
cycle= 7 E= -12115.07327492  delta_E= -5.14e-06  |g|= 0.0117  |ddm|= 3.24
    sigma = 0.005  Optimized mu_alpha = -0.196969357252  entropy = 3.2685380027e-07
    sigma = 0.005  Optimized mu_beta  = -0.199569936656  entropy = 3.2685380027e-07
    Total E(T) = -12115.0732771349  Free energy = -12115.0732771366  E0 = -12115.0732771358
cycle= 8 E= -12115.0732771349  delta_E= -2.21e-06  |g|= 0.00703  |ddm|= 1.93
    sigma = 0.005  Optimized mu_alpha = -0.29649756475  entropy = 12.7937710393
    sigma = 0.005  Optimized mu_beta  = -0.29940733337  entropy = 12.7937710393
    Total E(T) = -12115.0372584163  Free energy = -12115.1012272714  E0 = -12115.0692428438
Extra cycle  E= -12115.0372584163  delta_E= 0.036  |g|= 0.241  |ddm|=  884
converged SCF energy = -12115.0372584163  <S^2> = 2.013358  2S+1 = 3.0088921
[timing] right/Al ensemble SCF = 1101.6s
[timing] collect state = 0.0s
[timing] grad contraction = 4.7s
Npdft 666.0000339987954
[timing] checkpoint save = 0.0s
step=   2 L=-12265.83929083 Ef=-12265.84340788 L1=1.18184663e+00 |grad|=2.21378e-02 t=1323.4s
[phase2 outer 1] |db| = 1.72787e-02
[phase2 outer 1] |grad| = 2.21378e-02
[phase2 outer 1] last_Ef = None
[phase2 outer 1] adaptive max_step_norm = 1.000000e-01
[phase2 outer 1] delta = 2.735878e-03
[phase2 outer 1] raw_step_norm = 1.727871e-02
[phase2 outer 1] capped_step_norm = 1.727871e-02
[phase2 outer 1] dL = n/a
[phase2 outer 1] dEf = n/a
[phase2 outer 1] |grad| = 2.213780e-02
[phase2 outer 1] raw_step_norm=1.727871e-02 capped_step_norm=1.727871e-02 raw_max_abs_step=2.735878e-03 capped_max_abs_step=2.735878e-03 step_cap=1.000000e-01 line_search_alpha=n/a
[phase2 outer 1] res.fun = 12265.83929083
[phase2 outer 1] res.message = STOP: TOTAL NO. of ITERATIONS REACHED LIMIT
[phase2 outer 1] finished message=STOP: TOTAL NO. of ITERATIONS REACHED LIMIT |b|=2.412950e-01
[phase2 outer 2] start |b|=2.412950e-01 max|b|=2.161344e-02 delta=2.736e-03
[diagnostic] step=3 |b|=2.412950e-01 max|b|=2.161344e-02
[timing] build AO Vp from S3 = 1.6s
[diagnostic] |vpl|=2.009116e-01 max|vpl|=1.925782e-02
[diagnostic] |vpr|=3.859274e-01 max|vpr|=1.762482e-02
[diagnostic] |vpref|=4.088096e-01 max|vpref|=1.925631e-02
dm0 check [[[ 1.51511142e-09  2.24391254e-08  1.89789561e-07 ... -1.14719027e-07
    7.42476491e-07  6.64943648e-08]
  [ 2.24391254e-08  3.34443992e-07  2.75066910e-06 ... -1.77767180e-06
    1.10110522e-05  1.04757955e-06]
  [ 1.89789561e-07  2.75066910e-06  2.57237476e-05 ... -1.02769946e-05
    9.27868755e-05  4.99876704e-06]
  ...
  [-1.14719027e-07 -1.77767180e-06 -1.02769946e-05 ...  2.27166708e-04
    1.81896838e-06 -1.91352285e-04]
  [ 7.42476491e-07  1.10110522e-05  9.27868755e-05 ...  1.81896838e-06
    4.79980334e-04 -1.62432356e-06]
  [ 6.64943648e-08  1.04757955e-06  4.99876704e-06 ... -1.91352285e-04
   -1.62432356e-06  6.55604999e-04]]

 [[ 2.14412007e-09  3.18475347e-08  2.65523309e-07 ... -7.48705567e-08
    1.03578174e-06  2.38437832e-08]
  [ 3.18475347e-08  4.74247460e-07  3.91396668e-06 ... -9.93113700e-07
    1.53190651e-05  2.50156053e-07]
  [ 2.65523309e-07  3.91396668e-06  3.37625059e-05 ... -1.10142815e-05
    1.30901449e-04  4.52867684e-06]
  ...
  [-7.48705567e-08 -9.93113700e-07 -1.10142815e-05 ...  2.49604219e-04
    2.27938802e-06 -2.10130234e-04]
  [ 1.03578174e-06  1.53190651e-05  1.30901449e-04 ...  2.27938802e-06
    5.52938805e-04 -2.04467203e-06]
  [ 2.38437832e-08  2.50156053e-07  4.52867684e-06 ... -2.10130234e-04
   -2.04467203e-06  7.46013382e-04]]]
converged SCF energy = -150.22669371454  <S^2> = 2.0045398  2S+1 = 3.003025
dm0 check [[[ 1.14644043e-09  1.70875533e-08  1.38757202e-07 ... -8.06195898e-08
    6.25424546e-07  4.56943851e-08]
  [ 1.70875533e-08  2.56093598e-07  2.02957957e-06 ... -1.06182913e-06
    9.18294702e-06  7.18429121e-07]
  [ 1.38757202e-07  2.02957957e-06  1.80710819e-05 ... -1.26945917e-05
    8.12960528e-05  3.19915114e-06]
  ...
  [-8.06195898e-08 -1.06182913e-06 -1.26945917e-05 ...  2.39058219e-04
   -1.61590734e-06 -1.68277561e-04]
  [ 6.25424546e-07  9.18294702e-06  8.12960528e-05 ... -1.61590734e-06
    4.44997716e-04 -4.05929866e-06]
  [ 4.56943851e-08  7.18429121e-07  3.19915114e-06 ... -1.68277561e-04
   -4.05929866e-06  5.95725214e-04]]

 [[ 2.53036790e-08  3.85050753e-07  2.83126579e-06 ... -1.48564615e-07
    1.05907478e-07  7.43836338e-08]
  [ 3.85050753e-07  5.86079318e-06  4.30459256e-05 ... -2.17962739e-06
    1.18345893e-06  1.05280689e-06]
  [ 2.83126579e-06  4.30459256e-05  3.17989580e-04 ... -1.75086853e-05
    2.68751830e-05  9.38988857e-06]
  ...
  [-1.48564615e-07 -2.17962739e-06 -1.75086853e-05 ...  2.30571795e-04
    2.09025570e-07 -1.91673883e-04]
  [ 1.05907478e-07  1.18345893e-06  2.68751830e-05 ...  2.09025570e-07
    4.63241178e-04 -3.50232729e-06]
  [ 7.43836338e-08  1.05280689e-06  9.38988857e-06 ... -1.91673883e-04
   -3.50232729e-06  6.49569815e-04]]]
converged SCF energy = -150.24498582983  <S^2> = 0.92979806  2S+1 = 2.1723702
[timing] left/O ensemble SCF = 12.3s
dm0 check [[ 3.79539067e-01  6.12228668e-01 -1.25222534e-01 ...  9.26193481e-07
  -7.27031056e-07 -2.27900156e-06]
 [ 6.12228668e-01  1.01515607e+00 -3.34044200e-01 ...  3.20055985e-06
  -2.75806571e-06 -6.72336039e-06]
 [-1.25222534e-01 -3.34044200e-01  6.75245667e-01 ... -7.17490182e-06
   6.55107420e-06  1.61681595e-05]
 ...
 [ 9.26193481e-07  3.20055985e-06 -7.17490182e-06 ...  8.98660179e-07
  -2.53720086e-07  6.18086269e-08]
 [-7.27031056e-07 -2.75806571e-06  6.55107420e-06 ... -2.53720086e-07
   5.66788503e-07  7.40632305e-08]
 [-2.27900156e-06 -6.72336039e-06  1.61681595e-05 ...  6.18086269e-08
   7.40632305e-08  2.99476050e-07]]


******** <class 'pyscf.scf.addons.SmearingDFRKS'> ********
method = SmearingDFRKS
initial guess = minao
damping factor = 0.15
level_shift factor = 0.2
DIIS = <class 'pyscf.scf.diis.CDIIS'>
diis_start_cycle = 1
diis_space = 12
diis_damp = 0
SCF conv_tol = 5e-05
SCF conv_tol_grad = None
SCF max_cycles = 200
direct_scf = True
direct_scf_tol = 1e-13
chkfile to save SCF result = /tmp/tmpiu3_m7in
max_memory 4000 MB (current use 87028 MB)
XC library pyscf.dft.libxc version 6.1.0
    S. Lehtola, C. Steigemann, M. J.T. Oliveira, and M. A.L. Marques.,  SoftwareX 7, 1–5 (2018)
XC functionals = pbe
    J. P. Perdew, K. Burke, and M. Ernzerhof.,  Phys. Rev. Lett. 77, 3865 (1996)
    J. P. Perdew, K. Burke, and M. Ernzerhof.,  Phys. Rev. Lett. 78, 1396 (1997)
    J. P. Perdew, K. Burke, and M. Ernzerhof.,  Phys. Rev. Lett. 77, 3865 (1996)
    J. P. Perdew, K. Burke, and M. Ernzerhof.,  Phys. Rev. Lett. 78, 1396 (1997)
small_rho_cutoff = 1e-06
Set gradient conv threshold to 0.00707107
    Total E(T) = -12115.5178050698  Free energy = -12116.5375500616  E0 = -12116.0276775657
init E= -12115.5178050698
    sigma = 0.02  Optimized mu = -0.0517374258914  entropy = 1.49855310985
    Total E(T) = -12115.5177912697  Free energy = -12115.5477623319  E0 = -12115.5327768008
cycle= 1 E= -12115.5177912697  delta_E= 1.38e-05  |g|= 0.0233  |ddm|= 19.2
    sigma = 0.02  Optimized mu = -0.0519660566662  entropy = 1.49781683849
    Total E(T) = -12115.5176354144  Free energy = -12115.5475917512  E0 = -12115.5326135828
cycle= 2 E= -12115.5176354144  delta_E= 0.000156  |g|= 0.0786  |ddm|= 76.7
    sigma = 0.02  Optimized mu = -0.0518070211003  entropy = 1.49819074205
    Total E(T) = -12115.5177311171  Free energy = -12115.547694932  E0 = -12115.5327130245
cycle= 3 E= -12115.5177311171  delta_E= -9.57e-05  |g|= 0.0416  |ddm|= 30.1
    sigma = 0.02  Optimized mu = -0.0518007674854  entropy = 1.49823885762
    Total E(T) = -12115.5177706756  Free energy = -12115.5477354527  E0 = -12115.5327530642
cycle= 4 E= -12115.5177706756  delta_E= -3.96e-05  |g|= 0.0282  |ddm|= 12.4
    sigma = 0.02  Optimized mu = -0.0517974033122  entropy = 1.49825631874
    Total E(T) = -12115.5177888888  Free energy = -12115.5477540152  E0 = -12115.532771452
cycle= 5 E= -12115.5177888888  delta_E= -1.82e-05  |g|= 0.0196  |ddm|= 7.05
    sigma = 0.02  Optimized mu = -0.0517988509897  entropy = 1.49824496488
    Total E(T) = -12115.5177976945  Free energy = -12115.5477625938  E0 = -12115.5327801441
cycle= 6 E= -12115.5177976945  delta_E= -8.81e-06  |g|= 0.0139  |ddm|= 4.51
    sigma = 0.02  Optimized mu = -0.0517963083433  entropy = 1.49826120138
    Total E(T) = -12115.5178019915  Free energy = -12115.5477672156  E0 = -12115.5327846036
cycle= 7 E= -12115.5178019915  delta_E= -4.3e-06  |g|= 0.00998  |ddm|= 2.92
    sigma = 0.02  Optimized mu = -0.0517975218899  entropy = 1.49825626646
    Total E(T) = -12115.5178042199  Free energy = -12115.5477693452  E0 = -12115.5327867826
cycle= 8 E= -12115.5178042199  delta_E= -2.23e-06  |g|= 0.00711  |ddm|= 2.03
    sigma = 0.02  Optimized mu = -0.0517950179346  entropy = 1.49826810953
    Total E(T) = -12115.5178053018  Free energy = -12115.5477706639  E0 = -12115.5327879829
cycle= 9 E= -12115.5178053018  delta_E= -1.08e-06  |g|= 0.00533  |ddm|= 1.42
    sigma = 0.02  Optimized mu = -0.151716052494  entropy = 50.9863743715
    Total E(T) = -12114.9906822814  Free energy = -12116.0104097689  E0 = -12115.5005460252
Extra cycle  E= -12114.9906822814  delta_E= 0.527  |g|= 0.404  |ddm|= 4.13e+03
converged SCF energy = -12114.9906822814
dm0 check [[[ 1.89791090e-01  3.06172082e-01 -6.27467870e-02 ...  3.75910345e-07
   -3.54339382e-07 -1.17129928e-06]
  [ 3.06172082e-01  5.07731581e-01 -1.67380539e-01 ...  1.36669126e-06
   -1.35458000e-06 -3.44677448e-06]
  [-6.27467870e-02 -1.67380539e-01  3.38451303e-01 ... -3.03177035e-06
    3.21922813e-06  8.28044362e-06]
  ...
  [ 3.75910345e-07  1.36669126e-06 -3.03177035e-06 ...  4.75604766e-07
   -1.31284519e-07  2.94034360e-08]
  [-3.54339382e-07 -1.35458000e-06  3.21922813e-06 ... -1.31284519e-07
    2.89611973e-07  4.11057395e-08]
  [-1.17129928e-06 -3.44677448e-06  8.28044362e-06 ...  2.94034360e-08
    4.11057395e-08  1.59287032e-07]]

 [[ 1.89771064e-01  3.06117371e-01 -6.26229770e-02 ...  6.15547021e-07
   -3.29816516e-07 -1.05934435e-06]
  [ 3.06117371e-01  5.07585466e-01 -1.67054201e-01 ...  2.01049292e-06
   -1.28667974e-06 -3.14514243e-06]
  [-6.26229770e-02 -1.67054201e-01  3.37725285e-01 ... -4.56645488e-06
    3.03994233e-06  7.55351002e-06]
  ...
  [ 6.15547021e-07  2.01049292e-06 -4.56645488e-06 ...  4.60161028e-07
   -1.33527394e-07  3.25575039e-08]
  [-3.29816516e-07 -1.28667974e-06  3.03994233e-06 ... -1.33527394e-07
    2.89344957e-07  3.90772841e-08]
  [-1.05934435e-06 -3.14514243e-06  7.55351002e-06 ...  3.25575039e-08
    3.90772841e-08  1.50494038e-07]]]


******** <class 'pyscf.scf.addons.SmearingDFUKS'> ********
method = SmearingDFUKS
initial guess = minao
damping factor = 0.15
level_shift factor = 0.2
DIIS = <class 'pyscf.scf.diis.CDIIS'>
diis_start_cycle = 1
diis_space = 12
diis_damp = 0
SCF conv_tol = 5e-05
SCF conv_tol_grad = None
SCF max_cycles = 200
direct_scf = True
direct_scf_tol = 1e-13
chkfile to save SCF result = /tmp/tmp2d_gj1bs
max_memory 4000 MB (current use 87197 MB)
number electrons alpha = 325  beta = 323
XC library pyscf.dft.libxc version 6.1.0
    S. Lehtola, C. Steigemann, M. J.T. Oliveira, and M. A.L. Marques.,  SoftwareX 7, 1–5 (2018)
XC functionals = pbe
    J. P. Perdew, K. Burke, and M. Ernzerhof.,  Phys. Rev. Lett. 77, 3865 (1996)
    J. P. Perdew, K. Burke, and M. Ernzerhof.,  Phys. Rev. Lett. 78, 1396 (1997)
    J. P. Perdew, K. Burke, and M. Ernzerhof.,  Phys. Rev. Lett. 77, 3865 (1996)
    J. P. Perdew, K. Burke, and M. Ernzerhof.,  Phys. Rev. Lett. 78, 1396 (1997)
small_rho_cutoff = 1e-06
Set gradient conv threshold to 0.00707107
    Total E(T) = -12115.073277135  Free energy = -12115.1372459902  E0 = -12115.1052615626
init E= -12115.073277135
    sigma = 0.005  Optimized mu_alpha = -0.196924691862  entropy = 3.27281664779e-07
    sigma = 0.005  Optimized mu_beta  = -0.199521484722  entropy = 3.27281664779e-07
    Total E(T) = -12115.0732654836  Free energy = -12115.0732654852  E0 = -12115.0732654844
cycle= 1 E= -12115.0732654836  delta_E= 1.17e-05  |g|= 0.0295  |ddm|= 16.2
    sigma = 0.005  Optimized mu_alpha = -0.197097722721  entropy = 3.26104730606e-07
    sigma = 0.005  Optimized mu_beta  = -0.199710306004  entropy = 3.26104730606e-07
    Total E(T) = -12115.0731456977  Free energy = -12115.0731456993  E0 = -12115.0731456985
cycle= 2 E= -12115.0731456977  delta_E= 0.00012  |g|= 0.0935  |ddm|= 56.7
    sigma = 0.005  Optimized mu_alpha = -0.19697175845  entropy = 3.26815881161e-07
    sigma = 0.005  Optimized mu_beta  = -0.199572861399  entropy = 3.26815881161e-07
    Total E(T) = -12115.0732218505  Free energy = -12115.0732218521  E0 = -12115.0732218513
cycle= 3 E= -12115.0732218505  delta_E= -7.62e-05  |g|= 0.0478  |ddm|= 20.8
    sigma = 0.005  Optimized mu_alpha = -0.196971266221  entropy = 3.26850829811e-07
    sigma = 0.005  Optimized mu_beta  = -0.199571904029  entropy = 3.26850829811e-07
    Total E(T) = -12115.0732539533  Free energy = -12115.073253955  E0 = -12115.0732539542
cycle= 4 E= -12115.0732539533  delta_E= -3.21e-05  |g|= 0.031  |ddm|= 9.27
    sigma = 0.005  Optimized mu_alpha = -0.196966399247  entropy = 3.26879489093e-07
    sigma = 0.005  Optimized mu_beta  = -0.199566636861  entropy = 3.26879489093e-07
    Total E(T) = -12115.0732675581  Free energy = -12115.0732675597  E0 = -12115.0732675589
cycle= 5 E= -12115.0732675581  delta_E= -1.36e-05  |g|= 0.0207  |ddm|= 5.52
    sigma = 0.005  Optimized mu_alpha = -0.196968812704  entropy = 3.26867551133e-07
    sigma = 0.005  Optimized mu_beta  = -0.199569156272  entropy = 3.26867551133e-07
    Total E(T) = -12115.0732737134  Free energy = -12115.073273715  E0 = -12115.0732737142
cycle= 6 E= -12115.0732737134  delta_E= -6.16e-06  |g|= 0.0136  |ddm|= 3.25
    sigma = 0.005  Optimized mu_alpha = -0.19696941637  entropy = 3.26860025416e-07
    sigma = 0.005  Optimized mu_beta  = -0.199569917355  entropy = 3.26860025416e-07
    Total E(T) = -12115.0732763027  Free energy = -12115.0732763043  E0 = -12115.0732763035
cycle= 7 E= -12115.0732763027  delta_E= -2.59e-06  |g|= 0.0098  |ddm|= 2.54
    sigma = 0.005  Optimized mu_alpha = -0.196969927685  entropy = 3.26850122434e-07
    sigma = 0.005  Optimized mu_beta  = -0.199570503234  entropy = 3.26850122434e-07
    Total E(T) = -12115.0732774876  Free energy = -12115.0732774892  E0 = -12115.0732774884
cycle= 8 E= -12115.0732774876  delta_E= -1.18e-06  |g|= 0.00701  |ddm|= 1.51
    sigma = 0.005  Optimized mu_alpha = -0.296514546793  entropy = 12.7925559739
    sigma = 0.005  Optimized mu_beta  = -0.299424857431  entropy = 12.7925559739
    Total E(T) = -12115.0373585785  Free energy = -12115.1013213584  E0 = -12115.0693399684
Extra cycle  E= -12115.0373585785  delta_E= 0.0359  |g|= 0.237  |ddm|=  882
converged SCF energy = -12115.0373585785  <S^2> = 2.0133646  2S+1 = 3.0088965
[timing] right/Al ensemble SCF = 1093.5s
[timing] collect state = 0.0s
[timing] grad contraction = 1.6s
Npdft 666.0000339979194
[timing] checkpoint save = 0.0s
step=   3 L=-12265.83953117 Ef=-12265.84363925 L1=1.18125982e+00 |grad|=2.21192e-02 t=1309.0s
[diagnostic] step=4 |b|=2.563078e-01 max|b|=2.434932e-02
[timing] build AO Vp from S3 = 1.7s
[diagnostic] |vpl|=2.167783e-01 max|vpl|=2.177634e-02
[diagnostic] |vpr|=4.043514e-01 max|vpr|=1.963864e-02
[diagnostic] |vpref|=4.302894e-01 max|vpref|=2.177697e-02
dm0 check [[[ 1.51511507e-09  2.24391764e-08  1.89790082e-07 ... -1.14718990e-07
    7.42477045e-07  6.64943306e-08]
  [ 2.24391764e-08  3.34444763e-07  2.75067587e-06 ... -1.77767125e-06
    1.10110602e-05  1.04757907e-06]
  [ 1.89790082e-07  2.75067587e-06  2.57238102e-05 ... -1.02769953e-05
    9.27869282e-05  4.99876750e-06]
  ...
  [-1.14718990e-07 -1.77767125e-06 -1.02769953e-05 ...  2.27166703e-04
    1.81897159e-06 -1.91352281e-04]
  [ 7.42477045e-07  1.10110602e-05  9.27869282e-05 ...  1.81897159e-06
    4.79980205e-04 -1.62432622e-06]
  [ 6.64943306e-08  1.04757907e-06  4.99876750e-06 ... -1.91352281e-04
   -1.62432622e-06  6.55604862e-04]]

 [[ 2.14412506e-09  3.18476057e-08  2.65523940e-07 ... -7.48707043e-08
    1.03578288e-06  2.38439018e-08]
  [ 3.18476057e-08  4.74248514e-07  3.91397520e-06 ... -9.93113263e-07
    1.53190814e-05  2.50155752e-07]
  [ 2.65523940e-07  3.91397520e-06  3.37625800e-05 ... -1.10142938e-05
    1.30901577e-04  4.52868661e-06]
  ...
  [-7.48707043e-08 -9.93113263e-07 -1.10142938e-05 ...  2.49604179e-04
    2.27939104e-06 -2.10130198e-04]
  [ 1.03578288e-06  1.53190814e-05  1.30901577e-04 ...  2.27939104e-06
    5.52938810e-04 -2.04467526e-06]
  [ 2.38439018e-08  2.50155752e-07  4.52868661e-06 ... -2.10130198e-04
   -2.04467526e-06  7.46013355e-04]]]
converged SCF energy = -150.226693714539  <S^2> = 2.0045398  2S+1 = 3.003025
dm0 check [[[ 1.14640389e-09  1.70870133e-08  1.38753939e-07 ... -8.06188010e-08
    6.25415508e-07  4.56897409e-08]
  [ 1.70870133e-08  2.56085856e-07  2.02952809e-06 ... -1.06182303e-06
    9.18280262e-06  7.18371405e-07]
  [ 1.38753939e-07  2.02952809e-06  1.80707535e-05 ... -1.26946238e-05
    8.12949622e-05  3.19865437e-06]
  ...
  [-8.06188010e-08 -1.06182303e-06 -1.26946238e-05 ...  2.39058491e-04
   -1.61625119e-06 -1.68274807e-04]
  [ 6.25415508e-07  9.18280262e-06  8.12949622e-05 ... -1.61625119e-06
    4.44994840e-04 -4.05993503e-06]
  [ 4.56897409e-08  7.18371405e-07  3.19865437e-06 ... -1.68274807e-04
   -4.05993503e-06  5.95722512e-04]]

 [[ 2.53036577e-08  3.85049032e-07  2.83126422e-06 ... -1.48564942e-07
    1.05891592e-07  7.43764912e-08]
  [ 3.85049032e-07  5.86074589e-06  4.30457436e-05 ... -2.17965303e-06
    1.18317950e-06  1.05272041e-06]
  [ 2.83126422e-06  4.30457436e-05  3.17989433e-04 ... -1.75089510e-05
    2.68727894e-05  9.38929285e-06]
  ...
  [-1.48564942e-07 -2.17965303e-06 -1.75089510e-05 ...  2.30571546e-04
    2.08965287e-07 -1.91670976e-04]
  [ 1.05891592e-07  1.18317950e-06  2.68727894e-05 ...  2.08965287e-07
    4.63237986e-04 -3.50230113e-06]
  [ 7.43764912e-08  1.05272041e-06  9.38929285e-06 ... -1.91670976e-04
   -3.50230113e-06  6.49568405e-04]]]
converged SCF energy = -150.244985829834  <S^2> = 0.92979734  2S+1 = 2.1723695
[timing] left/O ensemble SCF = 13.6s
dm0 check [[ 3.79539064e-01  6.12228661e-01 -1.25222520e-01 ...  9.26813472e-07
  -7.27311249e-07 -2.27926363e-06]
 [ 6.12228661e-01  1.01515605e+00 -3.34044170e-01 ...  3.20223212e-06
  -2.75882219e-06 -6.72406695e-06]
 [-1.25222520e-01 -3.34044170e-01  6.75245619e-01 ... -7.17895096e-06
   6.55291467e-06  1.61698612e-05]
 ...
 [ 9.26813472e-07  3.20223212e-06 -7.17895096e-06 ...  8.98672264e-07
  -2.53712049e-07  6.18267025e-08]
 [-7.27311249e-07 -2.75882219e-06  6.55291467e-06 ... -2.53712049e-07
   5.66745493e-07  7.40631373e-08]
 [-2.27926363e-06 -6.72406695e-06  1.61698612e-05 ...  6.18267025e-08
   7.40631373e-08  2.99469730e-07]]


******** <class 'pyscf.scf.addons.SmearingDFRKS'> ********
method = SmearingDFRKS
initial guess = minao
damping factor = 0.15
level_shift factor = 0.2
DIIS = <class 'pyscf.scf.diis.CDIIS'>
diis_start_cycle = 1
diis_space = 12
diis_damp = 0
SCF conv_tol = 5e-05
SCF conv_tol_grad = None
SCF max_cycles = 200
direct_scf = True
direct_scf_tol = 1e-13
chkfile to save SCF result = /tmp/tmpiu3_m7in
max_memory 4000 MB (current use 87309 MB)
XC library pyscf.dft.libxc version 6.1.0
    S. Lehtola, C. Steigemann, M. J.T. Oliveira, and M. A.L. Marques.,  SoftwareX 7, 1–5 (2018)
XC functionals = pbe
    J. P. Perdew, K. Burke, and M. Ernzerhof.,  Phys. Rev. Lett. 77, 3865 (1996)
    J. P. Perdew, K. Burke, and M. Ernzerhof.,  Phys. Rev. Lett. 78, 1396 (1997)
    J. P. Perdew, K. Burke, and M. Ernzerhof.,  Phys. Rev. Lett. 77, 3865 (1996)
    J. P. Perdew, K. Burke, and M. Ernzerhof.,  Phys. Rev. Lett. 78, 1396 (1997)
small_rho_cutoff = 1e-06
Set gradient conv threshold to 0.00707107
    Total E(T) = -12115.4685275005  Free energy = -12116.4882549879  E0 = -12115.9783912442
init E= -12115.4685275005
    sigma = 0.02  Optimized mu = -0.0517018540867  entropy = 1.49940716229
    Total E(T) = -12115.468500038  Free energy = -12115.4984881812  E0 = -12115.4834941096
cycle= 1 E= -12115.468500038  delta_E= 2.75e-05  |g|= 0.0341  |ddm|= 24.4
    sigma = 0.02  Optimized mu = -0.0520686916353  entropy = 1.49845625032
    Total E(T) = -12115.4681675023  Free energy = -12115.4981366273  E0 = -12115.4831520648
cycle= 2 E= -12115.4681675023  delta_E= 0.000333  |g|= 0.113  |ddm|=  109
    sigma = 0.02  Optimized mu = -0.0518233861343  entropy = 1.49877393879
    Total E(T) = -12115.4683775729  Free energy = -12115.4983530517  E0 = -12115.4833653123
cycle= 3 E= -12115.4683775729  delta_E= -0.00021  |g|= 0.058  |ddm|= 46.8
    sigma = 0.02  Optimized mu = -0.0518107553565  entropy = 1.49883868719
    Total E(T) = -12115.4684648262  Free energy = -12115.4984415999  E0 = -12115.483453213
cycle= 4 E= -12115.4684648262  delta_E= -8.73e-05  |g|= 0.038  |ddm|= 17.9
    sigma = 0.02  Optimized mu = -0.0518024144797  entropy = 1.49887241155
    Total E(T) = -12115.4685037498  Free energy = -12115.498481198  E0 = -12115.4834924739
cycle= 5 E= -12115.4685037498  delta_E= -3.89e-05  |g|= 0.0247  |ddm|= 9.94
    sigma = 0.02  Optimized mu = -0.0518051650842  entropy = 1.4988322205
    Total E(T) = -12115.4685206086  Free energy = -12115.498497253  E0 = -12115.4835089308
cycle= 6 E= -12115.4685206086  delta_E= -1.69e-05  |g|= 0.017  |ddm|= 7.47
    sigma = 0.02  Optimized mu = -0.0518080100645  entropy = 1.49882254459
    Total E(T) = -12115.4685281606  Free energy = -12115.4985046114  E0 = -12115.483516386
cycle= 7 E= -12115.4685281606  delta_E= -7.55e-06  |g|= 0.0116  |ddm|= 4.34
    sigma = 0.02  Optimized mu = -0.0518031700638  entropy = 1.4988457079
    Total E(T) = -12115.4685316434  Free energy = -12115.4985085576  E0 = -12115.4835201005
cycle= 8 E= -12115.4685316434  delta_E= -3.48e-06  |g|= 0.00794  |ddm|=  2.8
    sigma = 0.02  Optimized mu = -0.0518087990526  entropy = 1.49881887633
    Total E(T) = -12115.4685333957  Free energy = -12115.4985097733  E0 = -12115.4835215845
cycle= 9 E= -12115.4685333957  delta_E= -1.75e-06  |g|= 0.00514  |ddm|= 2.31
    sigma = 0.02  Optimized mu = -0.151712380246  entropy = 50.9876277671
    Total E(T) = -12114.9413153874  Free energy = -12115.9610679428  E0 = -12115.4511916651
Extra cycle  E= -12114.9413153874  delta_E= 0.527  |g|= 0.407  |ddm|= 4.12e+03
converged SCF energy = -12114.9413153874
dm0 check [[[ 1.89791093e-01  3.06172089e-01 -6.27468162e-02 ...  3.76009736e-07
   -3.54439432e-07 -1.17146522e-06]
  [ 3.06172089e-01  5.07731599e-01 -1.67380621e-01 ...  1.36695763e-06
   -1.35484987e-06 -3.44722202e-06]
  [-6.27468162e-02 -1.67380621e-01  3.38451570e-01 ... -3.03240298e-06
    3.21988330e-06  8.28153015e-06]
  ...
  [ 3.76009736e-07  1.36695763e-06 -3.03240298e-06 ...  4.75607326e-07
   -1.31268740e-07  2.94201149e-08]
  [-3.54439432e-07 -1.35484987e-06  3.21988330e-06 ... -1.31268740e-07
    2.89569428e-07  4.11010711e-08]
  [-1.17146522e-06 -3.44722202e-06  8.28153015e-06 ...  2.94201149e-08
    4.11010711e-08  1.59279465e-07]]

 [[ 1.89771062e-01  3.06117365e-01 -6.26229743e-02 ...  6.15626651e-07
   -3.30171852e-07 -1.05934847e-06]
  [ 3.06117365e-01  5.07585451e-01 -1.67054195e-01 ...  2.01070775e-06
   -1.28763938e-06 -3.14515326e-06]
  [-6.26229743e-02 -1.67054195e-01  3.37725322e-01 ... -4.56698023e-06
    3.04227846e-06  7.55353714e-06]
  ...
  [ 6.15626651e-07  2.01070775e-06 -4.56698023e-06 ...  4.60160285e-07
   -1.33502319e-07  3.25729308e-08]
  [-3.30171852e-07 -1.28763938e-06  3.04227846e-06 ... -1.33502319e-07
    2.89304617e-07  3.90747209e-08]
  [-1.05934847e-06 -3.14515326e-06  7.55353714e-06 ...  3.25729308e-08
    3.90747209e-08  1.50487251e-07]]]


******** <class 'pyscf.scf.addons.SmearingDFUKS'> ********
method = SmearingDFUKS
initial guess = minao
damping factor = 0.15
level_shift factor = 0.2
DIIS = <class 'pyscf.scf.diis.CDIIS'>
diis_start_cycle = 1
diis_space = 12
diis_damp = 0
SCF conv_tol = 5e-05
SCF conv_tol_grad = None
SCF max_cycles = 200
direct_scf = True
direct_scf_tol = 1e-13
chkfile to save SCF result = /tmp/tmp2d_gj1bs
max_memory 4000 MB (current use 87327 MB)
number electrons alpha = 325  beta = 323
XC library pyscf.dft.libxc version 6.1.0
    S. Lehtola, C. Steigemann, M. J.T. Oliveira, and M. A.L. Marques.,  SoftwareX 7, 1–5 (2018)
XC functionals = pbe
    J. P. Perdew, K. Burke, and M. Ernzerhof.,  Phys. Rev. Lett. 77, 3865 (1996)
    J. P. Perdew, K. Burke, and M. Ernzerhof.,  Phys. Rev. Lett. 78, 1396 (1997)
    J. P. Perdew, K. Burke, and M. Ernzerhof.,  Phys. Rev. Lett. 77, 3865 (1996)
    J. P. Perdew, K. Burke, and M. Ernzerhof.,  Phys. Rev. Lett. 78, 1396 (1997)
small_rho_cutoff = 1e-06
Set gradient conv threshold to 0.00707107
    Total E(T) = -12115.0240631756  Free energy = -12115.0880259555  E0 = -12115.0560445655
init E= -12115.0240631756
    sigma = 0.005  Optimized mu_alpha = -0.196894806666  entropy = 3.2838181128e-07
    sigma = 0.005  Optimized mu_beta  = -0.1994842004  entropy = 3.2838181128e-07
    Total E(T) = -12115.0240392994  Free energy = -12115.024039301  E0 = -12115.0240393002
cycle= 1 E= -12115.0240392994  delta_E= 2.39e-05  |g|= 0.0454  |ddm|= 16.9
    sigma = 0.005  Optimized mu_alpha = -0.197171493511  entropy = 3.26857744811e-07
    sigma = 0.005  Optimized mu_beta  = -0.199784085445  entropy = 3.26857744811e-07
    Total E(T) = -12115.0237689121  Free energy = -12115.0237689137  E0 = -12115.0237689129
cycle= 2 E= -12115.0237689121  delta_E= 0.00027  |g|= 0.142  |ddm|= 78.1
    sigma = 0.005  Optimized mu_alpha = -0.196989360656  entropy = 3.27514984544e-07
    sigma = 0.005  Optimized mu_beta  = -0.199585183537  entropy = 3.27514984544e-07
    Total E(T) = -12115.023939787  Free energy = -12115.0239397886  E0 = -12115.0239397878
cycle= 3 E= -12115.023939787  delta_E= -0.000171  |g|= 0.0725  |ddm|= 32.2
    sigma = 0.005  Optimized mu_alpha = -0.196985944081  entropy = 3.2756177103e-07
    sigma = 0.005  Optimized mu_beta  = -0.199581082912  entropy = 3.2756177103e-07
    Total E(T) = -12115.0240146258  Free energy = -12115.0240146275  E0 = -12115.0240146266
cycle= 4 E= -12115.0240146258  delta_E= -7.48e-05  |g|= 0.0463  |ddm|= 13.1
    sigma = 0.005  Optimized mu_alpha = -0.196970229292  entropy = 3.27589530964e-07
    sigma = 0.005  Optimized mu_beta  = -0.199564825885  entropy = 3.27589530964e-07
    Total E(T) = -12115.0240466882  Free energy = -12115.0240466899  E0 = -12115.0240466891
cycle= 5 E= -12115.0240466882  delta_E= -3.21e-05  |g|= 0.03  |ddm|= 7.47
    sigma = 0.005  Optimized mu_alpha = -0.196982533349  entropy = 3.2752841613e-07
    sigma = 0.005  Optimized mu_beta  = -0.199577659833  entropy = 3.2752841613e-07
    Total E(T) = -12115.024060477  Free energy = -12115.0240604787  E0 = -12115.0240604778
cycle= 6 E= -12115.024060477  delta_E= -1.38e-05  |g|= 0.0191  |ddm|= 4.71
    sigma = 0.005  Optimized mu_alpha = -0.196979724041  entropy = 3.27530828013e-07
    sigma = 0.005  Optimized mu_beta  = -0.199574777652  entropy = 3.27530828013e-07
    Total E(T) = -12115.0240662134  Free energy = -12115.024066215  E0 = -12115.0240662142
cycle= 7 E= -12115.0240662134  delta_E= -5.74e-06  |g|= 0.0127  |ddm|= 3.34
    sigma = 0.005  Optimized mu_alpha = -0.196980555662  entropy = 3.27505480974e-07
    sigma = 0.005  Optimized mu_beta  = -0.199575821618  entropy = 3.27505480974e-07
    Total E(T) = -12115.0240687542  Free energy = -12115.0240687558  E0 = -12115.024068755
cycle= 8 E= -12115.0240687542  delta_E= -2.54e-06  |g|= 0.00785  |ddm|=    2
    sigma = 0.005  Optimized mu_alpha = -0.196979951814  entropy = 3.27520846919e-07
    sigma = 0.005  Optimized mu_beta  = -0.199575072681  entropy = 3.27520846919e-07
    Total E(T) = -12115.0240697942  Free energy = -12115.0240697959  E0 = -12115.024069795
cycle= 9 E= -12115.0240697942  delta_E= -1.04e-06  |g|= 0.00535  |ddm|= 1.81
    sigma = 0.005  Optimized mu_alpha = -0.29652533639  entropy = 12.7948887167
    sigma = 0.005  Optimized mu_beta  = -0.299433714476  entropy = 12.7948887167
    Total E(T) = -12114.9883778494  Free energy = -12115.052352293  E0 = -12115.0203650712
Extra cycle  E= -12114.9883778494  delta_E= 0.0357  |g|= 0.217  |ddm|=  883
converged SCF energy = -12114.9883778494  <S^2> = 3.7625037  2S+1 = 4.006247
[timing] right/Al ensemble SCF = 1190.6s
[timing] collect state = 0.0s
[timing] grad contraction = 1.7s
Npdft 666.0000340013622
[timing] checkpoint save = 0.1s
step=   4 L=-12265.81871456 Ef=-12265.82300943 L1=1.16007169e+00 |grad|=2.17263e-02 t=1406.3s
[phase2 outer 2] previous L = -12265.83929083
[phase2 outer 2] new L = -12265.81871456
[phase2 outer 2] dL = 2.05762696e-02
[phase2 outer 2] previous Ef = -12265.84340788
[phase2 outer 2] new Ef = -12265.82300943
[phase2 outer 2] dEf = 2.03984488e-02
[phase2 outer 2] |db| = 1.67517e-02
[phase2 outer 2] |grad| = 2.17263e-02
[phase2 outer 2] last_Ef = -12265.84340788103
[phase2 outer 2] adaptive max_step_norm = 1.000000e-01
[phase2 outer 2] delta = 2.735878e-03
[phase2 outer 2] raw_step_norm = 1.675166e-02
[phase2 outer 2] capped_step_norm = 1.675166e-02
[phase2 outer 2] dL = 0.020576269604134723
[phase2 outer 2] dEf = 0.020398448785272194
[phase2 outer 2] |grad| = 2.172628e-02
[phase2 outer 2] raw_step_norm=1.675166e-02 capped_step_norm=1.675166e-02 raw_max_abs_step=2.735878e-03 capped_max_abs_step=2.735878e-03 step_cap=1.000000e-01 line_search_alpha=n/a
[phase2 outer 2] res.fun = 12265.81871456
[phase2 outer 2] res.message = STOP: TOTAL NO. of ITERATIONS REACHED LIMIT
[phase2 outer 2] finished message=STOP: TOTAL NO. of ITERATIONS REACHED LIMIT |b|=2.563078e-01
[phase2 outer 3] start |b|=2.563078e-01 max|b|=2.434932e-02 delta=2.736e-03
[diagnostic] step=5 |b|=2.563078e-01 max|b|=2.434932e-02
[timing] build AO Vp from S3 = 1.6s
[diagnostic] |vpl|=2.167783e-01 max|vpl|=2.177634e-02
[diagnostic] |vpr|=4.043514e-01 max|vpr|=1.963864e-02
[diagnostic] |vpref|=4.302894e-01 max|vpref|=2.177697e-02
dm0 check [[[ 1.51511345e-09  2.24391537e-08  1.89789845e-07 ... -1.14719041e-07
    7.42476856e-07  6.64943793e-08]
  [ 2.24391537e-08  3.34444425e-07  2.75067274e-06 ... -1.77767171e-06
    1.10110573e-05  1.04757954e-06]
  [ 1.89789845e-07  2.75067274e-06  2.57237806e-05 ... -1.02769975e-05
    9.27869110e-05  4.99876992e-06]
  ...
  [-1.14719041e-07 -1.77767171e-06 -1.02769975e-05 ...  2.27166714e-04
    1.81897069e-06 -1.91352291e-04]
  [ 7.42476856e-07  1.10110573e-05  9.27869110e-05 ...  1.81897069e-06
    4.79980266e-04 -1.62432538e-06]
  [ 6.64943793e-08  1.04757954e-06  4.99876992e-06 ... -1.91352291e-04
   -1.62432538e-06  6.55604932e-04]]

 [[ 2.14412288e-09  3.18475751e-08  2.65523668e-07 ... -7.48706513e-08
    1.03578247e-06  2.38438681e-08]
  [ 3.18475751e-08  4.74248065e-07  3.91397161e-06 ... -9.93113945e-07
    1.53190755e-05  2.50156401e-07]
  [ 2.65523668e-07  3.91397161e-06  3.37625491e-05 ... -1.10142914e-05
    1.30901535e-04  4.52868544e-06]
  ...
  [-7.48706513e-08 -9.93113945e-07 -1.10142914e-05 ...  2.49604200e-04
    2.27939015e-06 -2.10130218e-04]
  [ 1.03578247e-06  1.53190755e-05  1.30901535e-04 ...  2.27939015e-06
    5.52938890e-04 -2.04467291e-06]
  [ 2.38438681e-08  2.50156401e-07  4.52868544e-06 ... -2.10130218e-04
   -2.04467291e-06  7.46013452e-04]]]
converged SCF energy = -150.226693714539  <S^2> = 2.0045398  2S+1 = 3.003025
dm0 check [[[ 1.14641745e-09  1.70871841e-08  1.38754813e-07 ... -8.06196941e-08
    6.25417120e-07  4.56926965e-08]
  [ 1.70871841e-08  2.56087717e-07  2.02954043e-06 ... -1.06182579e-06
    9.18282741e-06  7.18406974e-07]
  [ 1.38754813e-07  2.02954043e-06  1.80708466e-05 ... -1.26946806e-05
    8.12951703e-05  3.19891372e-06]
  ...
  [-8.06196941e-08 -1.06182579e-06 -1.26946806e-05 ...  2.39058742e-04
   -1.61627706e-06 -1.68275179e-04]
  [ 6.25417120e-07  9.18282741e-06  8.12951703e-05 ... -1.61627706e-06
    4.44995293e-04 -4.05994829e-06]
  [ 4.56926965e-08  7.18406974e-07  3.19891372e-06 ... -1.68275179e-04
   -4.05994829e-06  5.95722691e-04]]

 [[ 2.53030872e-08  3.85041148e-07  2.83121281e-06 ... -1.48564709e-07
    1.05890540e-07  7.43821276e-08]
  [ 3.85041148e-07  5.86063793e-06  4.30450523e-05 ... -2.17963110e-06
    1.18320858e-06  1.05278733e-06]
  [ 2.83121281e-06  4.30450523e-05  3.17985100e-04 ... -1.75088049e-05
    2.68728932e-05  9.38978176e-06]
  ...
  [-1.48564709e-07 -2.17963110e-06 -1.75088049e-05 ...  2.30571482e-04
    2.08982238e-07 -1.91671362e-04]
  [ 1.05890540e-07  1.18320858e-06  2.68728932e-05 ...  2.08982238e-07
    4.63238233e-04 -3.50223686e-06]
  [ 7.43821276e-08  1.05278733e-06  9.38978176e-06 ... -1.91671362e-04
   -3.50223686e-06  6.49568189e-04]]]
converged SCF energy = -150.244985829831  <S^2> = 0.92979752  2S+1 = 2.1723697
[timing] left/O ensemble SCF = 11.6s
dm0 check [[ 3.79539267e-01  6.12228773e-01 -1.25222900e-01 ...  9.54210802e-07
  -7.03476754e-07 -2.38041579e-06]
 [ 6.12228773e-01  1.01515562e+00 -3.34043972e-01 ...  3.27628651e-06
  -2.69457662e-06 -6.99696454e-06]
 [-1.25222900e-01 -3.34043972e-01  6.75244798e-01 ... -7.35932282e-06
   6.39814355e-06  1.68311904e-05]
 ...
 [ 9.54210802e-07  3.27628651e-06 -7.35932282e-06 ...  8.92199476e-07
  -2.54656834e-07  6.79077252e-08]
 [-7.03476754e-07 -2.69457662e-06  6.39814355e-06 ... -2.54656834e-07
   5.67632163e-07  7.20954956e-08]
 [-2.38041579e-06 -6.99696454e-06  1.68311904e-05 ...  6.79077252e-08
   7.20954956e-08  3.10609319e-07]]


******** <class 'pyscf.scf.addons.SmearingDFRKS'> ********
method = SmearingDFRKS
initial guess = minao
damping factor = 0.15
level_shift factor = 0.2
DIIS = <class 'pyscf.scf.diis.CDIIS'>
diis_start_cycle = 1
diis_space = 12
diis_damp = 0
SCF conv_tol = 5e-05
SCF conv_tol_grad = None
SCF max_cycles = 200
direct_scf = True
direct_scf_tol = 1e-13
chkfile to save SCF result = /tmp/tmpiu3_m7in
max_memory 4000 MB (current use 87235 MB)
XC library pyscf.dft.libxc version 6.1.0
    S. Lehtola, C. Steigemann, M. J.T. Oliveira, and M. A.L. Marques.,  SoftwareX 7, 1–5 (2018)
XC functionals = pbe
    J. P. Perdew, K. Burke, and M. Ernzerhof.,  Phys. Rev. Lett. 77, 3865 (1996)
    J. P. Perdew, K. Burke, and M. Ernzerhof.,  Phys. Rev. Lett. 78, 1396 (1997)
    J. P. Perdew, K. Burke, and M. Ernzerhof.,  Phys. Rev. Lett. 77, 3865 (1996)
    J. P. Perdew, K. Burke, and M. Ernzerhof.,  Phys. Rev. Lett. 78, 1396 (1997)
small_rho_cutoff = 1e-06
Set gradient conv threshold to 0.00707107
    Total E(T) = -12115.4685333957  Free energy = -12116.488285951  E0 = -12115.9784096733
init E= -12115.4685333957
    sigma = 0.02  Optimized mu = -0.0517492702598  entropy = 1.49911385303
    Total E(T) = -12115.4685203225  Free energy = -12115.4985025996  E0 = -12115.483511461
cycle= 1 E= -12115.4685203225  delta_E= 1.31e-05  |g|= 0.0225  |ddm|= 18.9
    sigma = 0.02  Optimized mu = -0.0519771607113  entropy = 1.49836186347
    Total E(T) = -12115.4683733576  Free energy = -12115.4983405949  E0 = -12115.4833569762
cycle= 2 E= -12115.4683733576  delta_E= 0.000147  |g|= 0.0761  |ddm|=   75
    sigma = 0.02  Optimized mu = -0.0518176516812  entropy = 1.49875880819
    Total E(T) = -12115.4684639503  Free energy = -12115.4984391264  E0 = -12115.4834515383
cycle= 3 E= -12115.4684639503  delta_E= -9.06e-05  |g|= 0.0401  |ddm|= 29.4
    sigma = 0.02  Optimized mu = -0.0518116331196  entropy = 1.49880646863
    Total E(T) = -12115.4685012536  Free energy = -12115.498477383  E0 = -12115.4834893183
cycle= 4 E= -12115.4685012536  delta_E= -3.73e-05  |g|= 0.0272  |ddm|= 12.2
    sigma = 0.02  Optimized mu = -0.0518082574737  entropy = 1.49882399949
    Total E(T) = -12115.4685183409  Free energy = -12115.4984948209  E0 = -12115.4835065809
cycle= 5 E= -12115.4685183409  delta_E= -1.71e-05  |g|= 0.0189  |ddm|= 6.91
    sigma = 0.02  Optimized mu = -0.0518098812247  entropy = 1.49881220981
    Total E(T) = -12115.4685266176  Free energy = -12115.4985028618  E0 = -12115.4835147397
cycle= 6 E= -12115.4685266176  delta_E= -8.28e-06  |g|= 0.0133  |ddm|= 4.32
    sigma = 0.02  Optimized mu = -0.0518067214565  entropy = 1.49883117621
    Total E(T) = -12115.4685305948  Free energy = -12115.4985072183  E0 = -12115.4835189065
cycle= 7 E= -12115.4685305948  delta_E= -3.98e-06  |g|= 0.00953  |ddm|= 2.88
    sigma = 0.02  Optimized mu = -0.05180840428  entropy = 1.49882442869
    Total E(T) = -12115.4685326627  Free energy = -12115.4985091512  E0 = -12115.4835209069
cycle= 8 E= -12115.4685326627  delta_E= -2.07e-06  |g|= 0.00675  |ddm|= 2.01
    sigma = 0.02  Optimized mu = -0.151701812965  entropy = 50.9883372318
    Total E(T) = -12114.9408418284  Free energy = -12115.9606085731  E0 = -12115.4507252008
Extra cycle  E= -12114.9408418284  delta_E= 0.528  |g|= 0.419  |ddm|= 4.12e+03
converged SCF energy = -12114.9408418284
dm0 check [[[ 1.89791209e-01  3.06172177e-01 -6.27470934e-02 ...  3.88198566e-07
   -3.43484430e-07 -1.21896173e-06]
  [ 3.06172177e-01  5.07731466e-01 -1.67380763e-01 ...  1.39989097e-06
   -1.32533759e-06 -3.57529088e-06]
  [-6.27470934e-02 -1.67380763e-01  3.38451815e-01 ... -3.11246531e-06
    3.14895059e-06  8.59123872e-06]
  ...
  [ 3.88198566e-07  1.39989097e-06 -3.11246531e-06 ...  4.72291990e-07
   -1.31764290e-07  3.25707670e-08]
  [-3.43484430e-07 -1.32533759e-06  3.14895059e-06 ... -1.31764290e-07
    2.89904321e-07  4.02822690e-08]
  [-1.21896173e-06 -3.57529088e-06  8.59123872e-06 ...  3.25707670e-08
    4.02822690e-08  1.64723125e-07]]

 [[ 1.89771111e-01  3.06117285e-01 -6.26228373e-02 ...  6.27628337e-07
   -3.18956344e-07 -1.10657714e-06]
  [ 3.06117285e-01  5.07584874e-01 -1.67053216e-01 ...  2.04316924e-06
   -1.25740035e-06 -3.27261396e-06]
  [-6.26228373e-02 -1.67053216e-01  3.37722772e-01 ... -4.64628637e-06
    2.96937664e-06  7.86282050e-06]
  ...
  [ 6.27628337e-07  2.04316924e-06 -4.64628637e-06 ...  4.56878498e-07
   -1.33962948e-07  3.57054531e-08]
  [-3.18956344e-07 -1.25740035e-06  2.96937664e-06 ... -1.33962948e-07
    2.89714749e-07  3.81568228e-08]
  [-1.10657714e-06 -3.27261396e-06  7.86282050e-06 ...  3.57054531e-08
    3.81568228e-08  1.55778489e-07]]]


******** <class 'pyscf.scf.addons.SmearingDFUKS'> ********
method = SmearingDFUKS
initial guess = minao
damping factor = 0.15
level_shift factor = 0.2
DIIS = <class 'pyscf.scf.diis.CDIIS'>
diis_start_cycle = 1
diis_space = 12
diis_damp = 0
SCF conv_tol = 5e-05
SCF conv_tol_grad = None
SCF max_cycles = 200
direct_scf = True
direct_scf_tol = 1e-13
chkfile to save SCF result = /tmp/tmp2d_gj1bs
max_memory 4000 MB (current use 87271 MB)
number electrons alpha = 325  beta = 323
XC library pyscf.dft.libxc version 6.1.0
    S. Lehtola, C. Steigemann, M. J.T. Oliveira, and M. A.L. Marques.,  SoftwareX 7, 1–5 (2018)
XC functionals = pbe
    J. P. Perdew, K. Burke, and M. Ernzerhof.,  Phys. Rev. Lett. 77, 3865 (1996)
    J. P. Perdew, K. Burke, and M. Ernzerhof.,  Phys. Rev. Lett. 78, 1396 (1997)
    J. P. Perdew, K. Burke, and M. Ernzerhof.,  Phys. Rev. Lett. 77, 3865 (1996)
    J. P. Perdew, K. Burke, and M. Ernzerhof.,  Phys. Rev. Lett. 78, 1396 (1997)
small_rho_cutoff = 1e-06
Set gradient conv threshold to 0.00707107
    Total E(T) = -12115.0240697942  Free energy = -12115.0880442378  E0 = -12115.056057016
init E= -12115.0240697942
    sigma = 0.005  Optimized mu_alpha = -0.19695324915  entropy = 3.27756366984e-07
    sigma = 0.005  Optimized mu_beta  = -0.19954639561  entropy = 3.27756366984e-07
    Total E(T) = -12115.0240638314  Free energy = -12115.024063833  E0 = -12115.0240638322
cycle= 1 E= -12115.0240638314  delta_E= 5.96e-06  |g|= 0.0221  |ddm|= 10.6
    sigma = 0.005  Optimized mu_alpha = -0.197058079444  entropy = 3.27066825554e-07
    sigma = 0.005  Optimized mu_beta  = -0.199660343005  entropy = 3.27066825554e-07
    Total E(T) = -12115.0240006203  Free energy = -12115.0240006219  E0 = -12115.0240006211
cycle= 2 E= -12115.0240006203  delta_E= 6.32e-05  |g|= 0.0703  |ddm|= 38.9
    sigma = 0.005  Optimized mu_alpha = -0.19698371801  entropy = 3.27471962104e-07
    sigma = 0.005  Optimized mu_beta  = -0.199579403694  entropy = 3.27471962104e-07
    Total E(T) = -12115.0240394378  Free energy = -12115.0240394395  E0 = -12115.0240394387
cycle= 3 E= -12115.0240394378  delta_E= -3.88e-05  |g|= 0.0368  |ddm|= 14.6
    sigma = 0.005  Optimized mu_alpha = -0.196983011019  entropy = 3.27495012763e-07
    sigma = 0.005  Optimized mu_beta  = -0.199578402104  entropy = 3.27495012763e-07
    Total E(T) = -12115.02405656  Free energy = -12115.0240565617  E0 = -12115.0240565609
cycle= 4 E= -12115.02405656  delta_E= -1.71e-05  |g|= 0.0243  |ddm|=  6.2
    sigma = 0.005  Optimized mu_alpha = -0.196979349844  entropy = 3.27512775279e-07
    sigma = 0.005  Optimized mu_beta  = -0.199574508859  entropy = 3.27512775279e-07
    Total E(T) = -12115.0240641256  Free energy = -12115.0240641272  E0 = -12115.0240641264
cycle= 5 E= -12115.0240641256  delta_E= -7.57e-06  |g|= 0.0165  |ddm|= 3.73
    sigma = 0.005  Optimized mu_alpha = -0.19698216314  entropy = 3.27499350889e-07
    sigma = 0.005  Optimized mu_beta  = -0.199577446667  entropy = 3.27499350889e-07
    Total E(T) = -12115.0240676477  Free energy = -12115.0240676493  E0 = -12115.0240676485
cycle= 6 E= -12115.0240676477  delta_E= -3.52e-06  |g|= 0.0109  |ddm|= 2.26
    sigma = 0.005  Optimized mu_alpha = -0.196980453882  entropy = 3.275029613e-07
    sigma = 0.005  Optimized mu_beta  = -0.199575738131  entropy = 3.275029613e-07
    Total E(T) = -12115.0240691794  Free energy = -12115.024069181  E0 = -12115.0240691802
cycle= 7 E= -12115.0240691794  delta_E= -1.53e-06  |g|= 0.0079  |ddm|= 1.74
    sigma = 0.005  Optimized mu_alpha = -0.196980761825  entropy = 3.27495603055e-07
    sigma = 0.005  Optimized mu_beta  = -0.199576088154  entropy = 3.27495603055e-07
    Total E(T) = -12115.024069912  Free energy = -12115.0240699137  E0 = -12115.0240699129
cycle= 8 E= -12115.024069912  delta_E= -7.33e-07  |g|= 0.00561  |ddm|= 1.06
    sigma = 0.005  Optimized mu_alpha = -0.296536175439  entropy = 12.7945280895
    sigma = 0.005  Optimized mu_beta  = -0.299444768122  entropy = 12.7945280895
    Total E(T) = -12114.9883984908  Free energy = -12115.0523711313  E0 = -12115.020384811
Extra cycle  E= -12114.9883984908  delta_E= 0.0357  |g|= 0.218  |ddm|=  882
converged SCF energy = -12114.9883984908  <S^2> = 3.7625058  2S+1 = 4.006248
[timing] right/Al ensemble SCF = 1068.0s
[timing] collect state = 0.0s
[timing] grad contraction = 1.6s
Npdft 666.0000340010619
[timing] checkpoint save = 0.0s
step=   5 L=-12265.81829187 Ef=-12265.82258865 L1=1.15996717e+00 |grad|=2.17313e-02 t=1282.7s
[diagnostic] step=6 |b|=2.709441e-01 max|b|=2.708519e-02
[timing] build AO Vp from S3 = 1.6s
[diagnostic] |vpl|=2.326093e-01 max|vpl|=2.445768e-02
[diagnostic] |vpr|=4.222750e-01 max|vpr|=2.163946e-02
[diagnostic] |vpref|=4.513555e-01 max|vpref|=2.445683e-02
dm0 check [[[ 1.51511415e-09  2.24391628e-08  1.89789947e-07 ... -1.14718984e-07
    7.42476838e-07  6.64943258e-08]
  [ 2.24391628e-08  3.34444541e-07  2.75067408e-06 ... -1.77767093e-06
    1.10110575e-05  1.04757877e-06]
  [ 1.89789947e-07  2.75067408e-06  2.57237936e-05 ... -1.02769919e-05
    9.27869045e-05  4.99876461e-06]
  ...
  [-1.14718984e-07 -1.77767093e-06 -1.02769919e-05 ...  2.27166733e-04
    1.81897134e-06 -1.91352306e-04]
  [ 7.42476838e-07  1.10110575e-05  9.27869045e-05 ...  1.81897134e-06
    4.79980259e-04 -1.62432546e-06]
  [ 6.64943258e-08  1.04757877e-06  4.99876461e-06 ... -1.91352306e-04
   -1.62432546e-06  6.55604939e-04]]

 [[ 2.14412378e-09  3.18475878e-08  2.65523769e-07 ... -7.48705966e-08
    1.03578261e-06  2.38438148e-08]
  [ 3.18475878e-08  4.74248243e-07  3.91397303e-06 ... -9.93113260e-07
    1.53190777e-05  2.50155737e-07]
  [ 2.65523769e-07  3.91397303e-06  3.37625602e-05 ... -1.10142876e-05
    1.30901546e-04  4.52868172e-06]
  ...
  [-7.48705966e-08 -9.93113260e-07 -1.10142876e-05 ...  2.49604209e-04
    2.27939089e-06 -2.10130225e-04]
  [ 1.03578261e-06  1.53190777e-05  1.30901546e-04 ...  2.27939089e-06
    5.52938841e-04 -2.04467317e-06]
  [ 2.38438148e-08  2.50155737e-07  4.52868172e-06 ... -2.10130225e-04
   -2.04467317e-06  7.46013408e-04]]]
converged SCF energy = -150.22669371454  <S^2> = 2.0045398  2S+1 = 3.003025
dm0 check [[[ 1.14640648e-09  1.70870363e-08  1.38753766e-07 ... -8.06181611e-08
    6.25414530e-07  4.56915041e-08]
  [ 1.70870363e-08  2.56085699e-07  2.02952709e-06 ... -1.06181952e-06
    9.18279720e-06  7.18389933e-07]
  [ 1.38753766e-07  2.02952709e-06  1.80707419e-05 ... -1.26946015e-05
    8.12948677e-05  3.19878429e-06]
  ...
  [-8.06181611e-08 -1.06181952e-06 -1.26946015e-05 ...  2.39058919e-04
   -1.61646206e-06 -1.68275036e-04]
  [ 6.25414530e-07  9.18279720e-06  8.12948677e-05 ... -1.61646206e-06
    4.44995046e-04 -4.06014496e-06]
  [ 4.56915041e-08  7.18389933e-07  3.19878429e-06 ... -1.68275036e-04
   -4.06014496e-06  5.95722908e-04]]

 [[ 2.53030893e-08  3.85040792e-07  2.83121159e-06 ... -1.48563626e-07
    1.05888903e-07  7.43804317e-08]
  [ 3.85040792e-07  5.86062650e-06  4.30449919e-05 ... -2.17962744e-06
    1.18318299e-06  1.05277454e-06]
  [ 2.83121159e-06  4.30449919e-05  3.17984803e-04 ... -1.75087729e-05
    2.68725759e-05  9.38968399e-06]
  ...
  [-1.48563626e-07 -2.17962744e-06 -1.75087729e-05 ...  2.30571627e-04
    2.08962394e-07 -1.91671233e-04]
  [ 1.05888903e-07  1.18318299e-06  2.68725759e-05 ...  2.08962394e-07
    4.63238037e-04 -3.50226009e-06]
  [ 7.43804317e-08  1.05277454e-06  9.38968399e-06 ... -1.91671233e-04
   -3.50226009e-06  6.49568165e-04]]]
converged SCF energy = -150.244985829816  <S^2> = 0.92980776  2S+1 = 2.1723791
[timing] left/O ensemble SCF = 11.9s
dm0 check [[ 3.79539248e-01  6.12228728e-01 -1.25222781e-01 ...  9.54520190e-07
  -7.03512984e-07 -2.38055479e-06]
 [ 6.12228728e-01  1.01515551e+00 -3.34043660e-01 ...  3.27712033e-06
  -2.69467463e-06 -6.99733877e-06]
 [-1.25222781e-01 -3.34043660e-01  6.75244030e-01 ... -7.36133105e-06
   6.39838184e-06  1.68320803e-05]
 ...
 [ 9.54520190e-07  3.27712033e-06 -7.36133105e-06 ...  8.92258948e-07
  -2.54675461e-07  6.79192951e-08]
 [-7.03512984e-07 -2.69467463e-06  6.39838184e-06 ... -2.54675461e-07
   5.67642286e-07  7.21060718e-08]
 [-2.38055479e-06 -6.99733877e-06  1.68320803e-05 ...  6.79192951e-08
   7.21060718e-08  3.10614593e-07]]


******** <class 'pyscf.scf.addons.SmearingDFRKS'> ********
method = SmearingDFRKS
initial guess = minao
damping factor = 0.15
level_shift factor = 0.2
DIIS = <class 'pyscf.scf.diis.CDIIS'>
diis_start_cycle = 1
diis_space = 12
diis_damp = 0
SCF conv_tol = 5e-05
SCF conv_tol_grad = None
SCF max_cycles = 200
direct_scf = True
direct_scf_tol = 1e-13
chkfile to save SCF result = /tmp/tmpiu3_m7in
max_memory 4000 MB (current use 87290 MB)
XC library pyscf.dft.libxc version 6.1.0
    S. Lehtola, C. Steigemann, M. J.T. Oliveira, and M. A.L. Marques.,  SoftwareX 7, 1–5 (2018)
XC functionals = pbe
    J. P. Perdew, K. Burke, and M. Ernzerhof.,  Phys. Rev. Lett. 77, 3865 (1996)
    J. P. Perdew, K. Burke, and M. Ernzerhof.,  Phys. Rev. Lett. 78, 1396 (1997)
    J. P. Perdew, K. Burke, and M. Ernzerhof.,  Phys. Rev. Lett. 77, 3865 (1996)
    J. P. Perdew, K. Burke, and M. Ernzerhof.,  Phys. Rev. Lett. 78, 1396 (1997)
small_rho_cutoff = 1e-06
Set gradient conv threshold to 0.00707107
    Total E(T) = -12115.4201476596  Free energy = -12116.4399144042  E0 = -12115.9300310319
init E= -12115.4201476596
    sigma = 0.02  Optimized mu = -0.0516885500425  entropy = 1.50006662583
    Total E(T) = -12115.4201076423  Free energy = -12115.4501089748  E0 = -12115.4351083086
cycle= 1 E= -12115.4201076423  delta_E= 4e-05  |g|= 0.0401  |ddm|= 27.3
    sigma = 0.02  Optimized mu = -0.0521543725143  entropy = 1.49888719005
    Total E(T) = -12115.4196359725  Free energy = -12115.4496137163  E0 = -12115.4346248444
cycle= 2 E= -12115.4196359725  delta_E= 0.000472  |g|= 0.133  |ddm|=  132
    sigma = 0.02  Optimized mu = -0.0518375427678  entropy = 1.49928310085
    Total E(T) = -12115.4199328544  Free energy = -12115.4499185164  E0 = -12115.4349256854
cycle= 3 E= -12115.4199328544  delta_E= -0.000297  |g|= 0.069  |ddm|= 55.1
    sigma = 0.02  Optimized mu = -0.0518229827902  entropy = 1.49936493257
    Total E(T) = -12115.420055044  Free energy = -12115.4500423427  E0 = -12115.4350486934
cycle= 4 E= -12115.420055044  delta_E= -0.000122  |g|= 0.0457  |ddm|= 21.9
    sigma = 0.02  Optimized mu = -0.0518137916485  entropy = 1.49940314689
    Total E(T) = -12115.4201096822  Free energy = -12115.4500977451  E0 = -12115.4351037137
cycle= 5 E= -12115.4201096822  delta_E= -5.46e-05  |g|= 0.0303  |ddm|= 12.1
    sigma = 0.02  Optimized mu = -0.0518182829228  entropy = 1.49935608393
    Total E(T) = -12115.4201340303  Free energy = -12115.450121152  E0 = -12115.4351275911
cycle= 6 E= -12115.4201340303  delta_E= -2.43e-05  |g|= 0.021  |ddm|= 8.59
    sigma = 0.02  Optimized mu = -0.0518179108719  entropy = 1.49936205529
    Total E(T) = -12115.4201452029  Free energy = -12115.450132444  E0 = -12115.4351388234
cycle= 7 E= -12115.4201452029  delta_E= -1.12e-05  |g|= 0.0146  |ddm|= 4.98
    sigma = 0.02  Optimized mu = -0.0518161774728  entropy = 1.49936844046
    Total E(T) = -12115.4201506584  Free energy = -12115.4501380272  E0 = -12115.4351443428
cycle= 8 E= -12115.4201506584  delta_E= -5.46e-06  |g|= 0.00994  |ddm|= 3.14
    sigma = 0.02  Optimized mu = -0.0518201425378  entropy = 1.49935010803
    Total E(T) = -12115.4201531614  Free energy = -12115.4501401635  E0 = -12115.4351466625
cycle= 9 E= -12115.4201531614  delta_E= -2.5e-06  |g|= 0.00698  |ddm|= 3.07
    sigma = 0.02  Optimized mu = -0.151693788518  entropy = 50.9898417523
    Total E(T) = -12114.8922272828  Free energy = -12115.9120241179  E0 = -12115.4021257003
Extra cycle  E= -12114.8922272828  delta_E= 0.528  |g|= 0.425  |ddm|= 4.11e+03
converged SCF energy = -12114.8922272828
dm0 check [[[ 1.89791201e-01  3.06172158e-01 -6.27470456e-02 ...  3.88375391e-07
   -3.43494690e-07 -1.21904248e-06]
  [ 3.06172158e-01  5.07731415e-01 -1.67380638e-01 ...  1.40036691e-06
   -1.32536546e-06 -3.57550816e-06]
  [-6.27470456e-02 -1.67380638e-01  3.38451524e-01 ... -3.11360591e-06
    3.14901978e-06  8.59175525e-06]
  ...
  [ 3.88375391e-07  1.40036691e-06 -3.11360591e-06 ...  4.72321302e-07
   -1.31769578e-07  3.25809181e-08]
  [-3.43494690e-07 -1.32536546e-06  3.14901978e-06 ... -1.31769578e-07
    2.89882506e-07  4.02816754e-08]
  [-1.21904248e-06 -3.57550816e-06  8.59175525e-06 ...  3.25809181e-08
    4.02816754e-08  1.64720594e-07]]

 [[ 1.89771103e-01  3.06117265e-01 -6.26227868e-02 ...  6.27645609e-07
   -3.19203134e-07 -1.10644858e-06]
  [ 3.06117265e-01  5.07584822e-01 -1.67053082e-01 ...  2.04321584e-06
   -1.25806700e-06 -3.27226624e-06]
  [-6.26227868e-02 -1.67053082e-01  3.37722444e-01 ... -4.64639752e-06
    2.97099939e-06  7.86196538e-06]
  ...
  [ 6.27645609e-07  2.04321584e-06 -4.64639752e-06 ...  4.56906592e-07
   -1.33959517e-07  3.57147221e-08]
  [-3.19203134e-07 -1.25806700e-06  2.97099939e-06 ... -1.33959517e-07
    2.89695581e-07  3.81588899e-08]
  [-1.10644858e-06 -3.27226624e-06  7.86196538e-06 ...  3.57147221e-08
    3.81588899e-08  1.55776566e-07]]]


******** <class 'pyscf.scf.addons.SmearingDFUKS'> ********
method = SmearingDFUKS
initial guess = minao
damping factor = 0.15
level_shift factor = 0.2
DIIS = <class 'pyscf.scf.diis.CDIIS'>
diis_start_cycle = 1
diis_space = 12
diis_damp = 0
SCF conv_tol = 5e-05
SCF conv_tol_grad = None
SCF max_cycles = 200
direct_scf = True
direct_scf_tol = 1e-13
chkfile to save SCF result = /tmp/tmp2d_gj1bs
max_memory 4000 MB (current use 87290 MB)
number electrons alpha = 325  beta = 323
XC library pyscf.dft.libxc version 6.1.0
    S. Lehtola, C. Steigemann, M. J.T. Oliveira, and M. A.L. Marques.,  SoftwareX 7, 1–5 (2018)
XC functionals = pbe
    J. P. Perdew, K. Burke, and M. Ernzerhof.,  Phys. Rev. Lett. 77, 3865 (1996)
    J. P. Perdew, K. Burke, and M. Ernzerhof.,  Phys. Rev. Lett. 78, 1396 (1997)
    J. P. Perdew, K. Burke, and M. Ernzerhof.,  Phys. Rev. Lett. 77, 3865 (1996)
    J. P. Perdew, K. Burke, and M. Ernzerhof.,  Phys. Rev. Lett. 78, 1396 (1997)
small_rho_cutoff = 1e-06
Set gradient conv threshold to 0.00707107
    Total E(T) = -12114.9757457504  Free energy = -12115.0397183908  E0 = -12115.0077320706
init E= -12114.9757457504
    sigma = 0.005  Optimized mu_alpha = -0.196916899822  entropy = 3.28845613319e-07
    sigma = 0.005  Optimized mu_beta  = -0.199502866688  entropy = 3.28845613319e-07
    Total E(T) = -12114.9757284818  Free energy = -12114.9757284835  E0 = -12114.9757284827
cycle= 1 E= -12114.9757284818  delta_E= 1.73e-05  |g|= 0.0393  |ddm|= 14.9
    sigma = 0.005  Optimized mu_alpha = -0.197155577934  entropy = 3.27523118429e-07
    sigma = 0.005  Optimized mu_beta  = -0.199760204124  entropy = 3.27523118429e-07
    Total E(T) = -12114.9755269765  Free energy = -12114.9755269781  E0 = -12114.9755269773
cycle= 2 E= -12114.9755269765  delta_E= 0.000202  |g|= 0.123  |ddm|= 66.9
    sigma = 0.005  Optimized mu_alpha = -0.196998984345  entropy = 3.28134039981e-07
    sigma = 0.005  Optimized mu_beta  = -0.199589926006  entropy = 3.28134039981e-07
    Total E(T) = -12114.9756540775  Free energy = -12114.9756540791  E0 = -12114.9756540783
cycle= 3 E= -12114.9756540775  delta_E= -0.000127  |g|= 0.063  |ddm|= 27.8
    sigma = 0.005  Optimized mu_alpha = -0.196995807188  entropy = 3.28167872554e-07
    sigma = 0.005  Optimized mu_beta  = -0.199586227121  entropy = 3.28167872554e-07
    Total E(T) = -12114.9757099651  Free energy = -12114.9757099668  E0 = -12114.9757099659
cycle= 4 E= -12114.9757099651  delta_E= -5.59e-05  |g|= 0.0402  |ddm|= 11.2
    sigma = 0.005  Optimized mu_alpha = -0.196981487775  entropy = 3.28189368708e-07
    sigma = 0.005  Optimized mu_beta  = -0.199571557122  entropy = 3.28189368708e-07
    Total E(T) = -12114.9757339028  Free energy = -12114.9757339045  E0 = -12114.9757339036
cycle= 5 E= -12114.9757339028  delta_E= -2.39e-05  |g|= 0.0261  |ddm|= 6.37
    sigma = 0.005  Optimized mu_alpha = -0.196992576605  entropy = 3.28135308933e-07
    sigma = 0.005  Optimized mu_beta  = -0.19958305985  entropy = 3.28135308933e-07
    Total E(T) = -12114.9757442394  Free energy = -12114.9757442411  E0 = -12114.9757442403
cycle= 6 E= -12114.9757442394  delta_E= -1.03e-05  |g|= 0.0165  |ddm|= 4.03
    sigma = 0.005  Optimized mu_alpha = -0.196990193762  entropy = 3.28142239546e-07
    sigma = 0.005  Optimized mu_beta  = -0.19958054584  entropy = 3.28142239546e-07
    Total E(T) = -12114.9757485235  Free energy = -12114.9757485252  E0 = -12114.9757485244
cycle= 7 E= -12114.9757485235  delta_E= -4.28e-06  |g|= 0.011  |ddm|= 2.92
    sigma = 0.005  Optimized mu_alpha = -0.196991173353  entropy = 3.28115573436e-07
    sigma = 0.005  Optimized mu_beta  = -0.199581792602  entropy = 3.28115573436e-07
    Total E(T) = -12114.9757504085  Free energy = -12114.9757504101  E0 = -12114.9757504093
cycle= 8 E= -12114.9757504085  delta_E= -1.88e-06  |g|= 0.0067  |ddm|= 1.76
    sigma = 0.005  Optimized mu_alpha = -0.296522864308  entropy = 12.7990749785
    sigma = 0.005  Optimized mu_beta  = -0.299428555562  entropy = 12.7990749785
    Total E(T) = -12114.9398529481  Free energy = -12115.003848323  E0 = -12114.9718506355
Extra cycle  E= -12114.9398529481  delta_E= 0.0359  |g|= 0.237  |ddm|=  886
converged SCF energy = -12114.9398529481  <S^2> = 3.7625214  2S+1 = 4.0062558
[timing] right/Al ensemble SCF = 1110.9s
[timing] collect state = 0.0s
[timing] grad contraction = 1.5s
Npdft 666.0000340048286
[timing] checkpoint save = 0.0s
step=   6 L=-12265.79694322 Ef=-12265.80141696 L1=1.14098193e+00 |grad|=2.13881e-02 t=1325.4s
[phase2 outer 3] previous L = -12265.81871456
[phase2 outer 3] new L = -12265.79694322
[phase2 outer 3] dL = 2.17713409e-02
[phase2 outer 3] previous Ef = -12265.82300943
[phase2 outer 3] new Ef = -12265.80141696
[phase2 outer 3] dEf = 2.15924712e-02
[phase2 outer 3] |db| = 1.62849e-02
[phase2 outer 3] |grad| = 2.13881e-02
[phase2 outer 3] last_Ef = -12265.823009432244
[phase2 outer 3] adaptive max_step_norm = 1.000000e-01
[phase2 outer 3] delta = 2.735878e-03
[phase2 outer 3] raw_step_norm = 1.628485e-02
[phase2 outer 3] capped_step_norm = 1.628485e-02
[phase2 outer 3] dL = 0.021771340872874134
[phase2 outer 3] dEf = 0.021592471184703754
[phase2 outer 3] |grad| = 2.138812e-02
[phase2 outer 3] raw_step_norm=1.628485e-02 capped_step_norm=1.628485e-02 raw_max_abs_step=2.735878e-03 capped_max_abs_step=2.735878e-03 step_cap=1.000000e-01 line_search_alpha=n/a
[phase2 outer 3] res.fun = 12265.79694322
[phase2 outer 3] res.message = STOP: TOTAL NO. of ITERATIONS REACHED LIMIT
[phase2 outer 3] finished message=STOP: TOTAL NO. of ITERATIONS REACHED LIMIT |b|=2.709441e-01
[phase2 outer 4] start |b|=2.709441e-01 max|b|=2.708519e-02 delta=2.736e-03
[diagnostic] step=7 |b|=2.709441e-01 max|b|=2.708519e-02
[timing] build AO Vp from S3 = 1.6s
[diagnostic] |vpl|=2.326093e-01 max|vpl|=2.445768e-02
[diagnostic] |vpr|=4.222750e-01 max|vpr|=2.163946e-02
[diagnostic] |vpref|=4.513555e-01 max|vpref|=2.445683e-02
dm0 check [[[ 1.51511371e-09  2.24391580e-08  1.89789887e-07 ... -1.14719069e-07
    7.42477006e-07  6.64944053e-08]
  [ 2.24391580e-08  3.34444508e-07  2.75067329e-06 ... -1.77767227e-06
    1.10110590e-05  1.04758010e-06]
  [ 1.89789887e-07  2.75067329e-06  2.57237857e-05 ... -1.02770025e-05
    9.27869319e-05  4.99877429e-06]
  ...
  [-1.14719069e-07 -1.77767227e-06 -1.02770025e-05 ...  2.27166703e-04
    1.81897077e-06 -1.91352282e-04]
  [ 7.42477006e-07  1.10110590e-05  9.27869319e-05 ...  1.81897077e-06
    4.79980259e-04 -1.62432551e-06]
  [ 6.64944053e-08  1.04758010e-06  4.99877429e-06 ... -1.91352282e-04
   -1.62432551e-06  6.55604917e-04]]

 [[ 2.14412331e-09  3.18475813e-08  2.65523732e-07 ... -7.48707309e-08
    1.03578263e-06  2.38439329e-08]
  [ 3.18475813e-08  4.74248164e-07  3.91397240e-06 ... -9.93114326e-07
    1.53190777e-05  2.50156711e-07]
  [ 2.65523732e-07  3.91397240e-06  3.37625569e-05 ... -1.10142968e-05
    1.30901555e-04  4.52868971e-06]
  ...
  [-7.48707309e-08 -9.93114326e-07 -1.10142968e-05 ...  2.49604192e-04
    2.27939038e-06 -2.10130211e-04]
  [ 1.03578263e-06  1.53190777e-05  1.30901555e-04 ...  2.27939038e-06
    5.52938935e-04 -2.04467318e-06]
  [ 2.38439329e-08  2.50156711e-07  4.52868971e-06 ... -2.10130211e-04
   -2.04467318e-06  7.46013492e-04]]]
converged SCF energy = -150.226693714539  <S^2> = 2.0045398  2S+1 = 3.003025
dm0 check [[[ 1.14641743e-09  1.70872016e-08  1.38754795e-07 ... -8.06220413e-08
    6.25416970e-07  4.56939038e-08]
  [ 1.70872016e-08  2.56088311e-07  2.02954148e-06 ... -1.06184704e-06
    9.18282865e-06  7.18422805e-07]
  [ 1.38754795e-07  2.02954148e-06  1.80708409e-05 ... -1.26948103e-05
    8.12953043e-05  3.19903514e-06]
  ...
  [-8.06220413e-08 -1.06184704e-06 -1.26948103e-05 ...  2.39057533e-04
   -1.61662264e-06 -1.68275226e-04]
  [ 6.25416970e-07  9.18282865e-06  8.12953043e-05 ... -1.61662264e-06
    4.44995820e-04 -4.06039411e-06]
  [ 4.56939038e-08  7.18422805e-07  3.19903514e-06 ... -1.68275226e-04
   -4.06039411e-06  5.95723545e-04]]

 [[ 2.53044811e-08  3.85062148e-07  2.83136626e-06 ... -1.48569177e-07
    1.05892141e-07  7.43850887e-08]
  [ 3.85062148e-07  5.86095441e-06  4.30473626e-05 ... -2.17968487e-06
    1.18322372e-06  1.05281906e-06]
  [ 2.83136626e-06  4.30473626e-05  3.18001967e-04 ... -1.75092932e-05
    2.68730217e-05  9.39007715e-06]
  ...
  [-1.48569177e-07 -2.17968487e-06 -1.75092932e-05 ...  2.30571790e-04
    2.08841136e-07 -1.91671315e-04]
  [ 1.05892141e-07  1.18322372e-06  2.68730217e-05 ...  2.08841136e-07
    4.63239567e-04 -3.50241762e-06]
  [ 7.43850887e-08  1.05281906e-06  9.39007715e-06 ... -1.91671315e-04
   -3.50241762e-06  6.49570878e-04]]]
converged SCF energy = -150.244985829827  <S^2> = 0.92979832  2S+1 = 2.1723704
[timing] left/O ensemble SCF = 16.0s
dm0 check [[ 3.79538918e-01  6.12228639e-01 -1.25222865e-01 ...  9.82515518e-07
  -6.79337889e-07 -2.48219331e-06]
 [ 6.12228639e-01  1.01515586e+00 -3.34043344e-01 ...  3.35282651e-06
  -2.62954770e-06 -7.27158669e-06]
 [-1.25222865e-01 -3.34043344e-01  6.75243210e-01 ... -7.54583248e-06
   6.24155801e-06  1.74968130e-05]
 ...
 [ 9.82515518e-07  3.35282651e-06 -7.54583248e-06 ...  8.85867236e-07
  -2.55637127e-07  7.37375767e-08]
 [-6.79337889e-07 -2.62954770e-06  6.24155801e-06 ... -2.55637127e-07
   5.68608445e-07  7.00086252e-08]
 [-2.48219331e-06 -7.27158669e-06  1.74968130e-05 ...  7.37375767e-08
   7.00086252e-08  3.22436648e-07]]


******** <class 'pyscf.scf.addons.SmearingDFRKS'> ********
method = SmearingDFRKS
initial guess = minao
damping factor = 0.15
level_shift factor = 0.2
DIIS = <class 'pyscf.scf.diis.CDIIS'>
diis_start_cycle = 1
diis_space = 12
diis_damp = 0
SCF conv_tol = 5e-05
SCF conv_tol_grad = None
SCF max_cycles = 200
direct_scf = True
direct_scf_tol = 1e-13
chkfile to save SCF result = /tmp/tmpiu3_m7in
max_memory 4000 MB (current use 87346 MB)
XC library pyscf.dft.libxc version 6.1.0
    S. Lehtola, C. Steigemann, M. J.T. Oliveira, and M. A.L. Marques.,  SoftwareX 7, 1–5 (2018)
XC functionals = pbe
    J. P. Perdew, K. Burke, and M. Ernzerhof.,  Phys. Rev. Lett. 77, 3865 (1996)
    J. P. Perdew, K. Burke, and M. Ernzerhof.,  Phys. Rev. Lett. 78, 1396 (1997)
    J. P. Perdew, K. Burke, and M. Ernzerhof.,  Phys. Rev. Lett. 77, 3865 (1996)
    J. P. Perdew, K. Burke, and M. Ernzerhof.,  Phys. Rev. Lett. 78, 1396 (1997)
small_rho_cutoff = 1e-06
Set gradient conv threshold to 0.00707107
    Total E(T) = -12115.4201531616  Free energy = -12116.4399499966  E0 = -12115.9300515791
init E= -12115.4201531616
    sigma = 0.02  Optimized mu = -0.0517314447732  entropy = 1.49979767284
    Total E(T) = -12115.4201299967  Free energy = -12115.4501259501  E0 = -12115.4351279734
cycle= 1 E= -12115.4201299967  delta_E= 2.32e-05  |g|= 0.0298  |ddm|= 24.1
    sigma = 0.02  Optimized mu = -0.0520658796183  entropy = 1.4987602581
    Total E(T) = -12115.4198680784  Free energy = -12115.4498432836  E0 = -12115.434855681
cycle= 2 E= -12115.4198680784  delta_E= 0.000262  |g|=  0.1  |ddm|= 98.5
    sigma = 0.02  Optimized mu = -0.0518336783745  entropy = 1.49925770589
    Total E(T) = -12115.4200294551  Free energy = -12115.4500146092  E0 = -12115.4350220321
cycle= 3 E= -12115.4200294551  delta_E= -0.000161  |g|= 0.053  |ddm|= 39.2
    sigma = 0.02  Optimized mu = -0.0518241928919  entropy = 1.49932888529
    Total E(T) = -12115.4200957807  Free energy = -12115.4500823584  E0 = -12115.4350890695
cycle= 4 E= -12115.4200957807  delta_E= -6.63e-05  |g|= 0.0361  |ddm|= 16.2
    sigma = 0.02  Optimized mu = -0.0518195097623  entropy = 1.49935330376
    Total E(T) = -12115.4201261837  Free energy = -12115.4501132498  E0 = -12115.4351197168
cycle= 5 E= -12115.4201261837  delta_E= -3.04e-05  |g|= 0.0251  |ddm|=  9.1
    sigma = 0.02  Optimized mu = -0.0518208047603  entropy = 1.4993411815
    Total E(T) = -12115.4201407575  Free energy = -12115.4501275811  E0 = -12115.4351341693
cycle= 6 E= -12115.4201407575  delta_E= -1.46e-05  |g|= 0.0178  |ddm|= 5.87
    sigma = 0.02  Optimized mu = -0.0518182377313  entropy = 1.49935884805
    Total E(T) = -12115.4201479368  Free energy = -12115.4501351137  E0 = -12115.4351415253
cycle= 7 E= -12115.4201479368  delta_E= -7.18e-06  |g|= 0.0128  |ddm|=  3.7
    sigma = 0.02  Optimized mu = -0.0518193915516  entropy = 1.49935435905
    Total E(T) = -12115.4201516615  Free energy = -12115.4501387487  E0 = -12115.4351452051
cycle= 8 E= -12115.4201516615  delta_E= -3.72e-06  |g|= 0.00912  |ddm|= 2.45
    sigma = 0.02  Optimized mu = -0.0518160334333  entropy = 1.49937038486
    Total E(T) = -12115.4201534768  Free energy = -12115.4501408845  E0 = -12115.4351471807
cycle= 9 E= -12115.4201534768  delta_E= -1.82e-06  |g|= 0.00686  |ddm|= 1.82
    sigma = 0.02  Optimized mu = -0.151713146807  entropy = 50.9887802385
    Total E(T) = -12114.8925452357  Free energy = -12115.9123208404  E0 = -12115.4024330381
Extra cycle  E= -12114.8925452357  delta_E= 0.528  |g|= 0.421  |ddm|= 4.12e+03
converged SCF energy = -12114.8925452357
dm0 check [[[ 1.89791027e-01  3.06172086e-01 -6.27470066e-02 ...  4.00893386e-07
   -3.32214849e-07 -1.26660111e-06]
  [ 3.06172086e-01  5.07731518e-01 -1.67380267e-01 ...  1.43420730e-06
   -1.29499546e-06 -3.70376286e-06]
  [-6.27470066e-02 -1.67380267e-01  3.38450570e-01 ... -3.19592435e-06
    3.07604463e-06  8.90196195e-06]
  ...
  [ 4.00893386e-07  1.43420730e-06 -3.19592435e-06 ...  4.69067649e-07
   -1.32304662e-07  3.55904353e-08]
  [-3.32214849e-07 -1.29499546e-06  3.07604463e-06 ... -1.32304662e-07
    2.90300316e-07  3.94157275e-08]
  [-1.26660111e-06 -3.70376286e-06  8.90196195e-06 ...  3.55904353e-08
    3.94157275e-08  1.70491887e-07]]

 [[ 1.89770861e-01  3.06117021e-01 -6.26223238e-02 ...  6.39931102e-07
   -3.07568910e-07 -1.15372153e-06]
  [ 3.06117021e-01  5.07584468e-01 -1.67051565e-01 ...  2.07646282e-06
   -1.22671620e-06 -3.39986441e-06]
  [-6.26223238e-02 -1.67051565e-01  3.37718637e-01 ... -4.72766057e-06
    2.89543252e-06  8.17163079e-06]
  ...
  [ 6.39931102e-07  2.07646282e-06 -4.72766057e-06 ...  4.53688397e-07
   -1.34462526e-07  3.87072145e-08]
  [-3.07568910e-07 -1.22671620e-06  2.89543252e-06 ... -1.34462526e-07
    2.90189412e-07  3.71930447e-08]
  [-1.15372153e-06 -3.39986441e-06  8.17163079e-06 ...  3.87072145e-08
    3.71930447e-08  1.61395263e-07]]]


******** <class 'pyscf.scf.addons.SmearingDFUKS'> ********
method = SmearingDFUKS
initial guess = minao
damping factor = 0.15
level_shift factor = 0.2
DIIS = <class 'pyscf.scf.diis.CDIIS'>
diis_start_cycle = 1
diis_space = 12
diis_damp = 0
SCF conv_tol = 5e-05
SCF conv_tol_grad = None
SCF max_cycles = 200
direct_scf = True
direct_scf_tol = 1e-13
chkfile to save SCF result = /tmp/tmp2d_gj1bs
max_memory 4000 MB (current use 87383 MB)
number electrons alpha = 325  beta = 323
XC library pyscf.dft.libxc version 6.1.0
    S. Lehtola, C. Steigemann, M. J.T. Oliveira, and M. A.L. Marques.,  SoftwareX 7, 1–5 (2018)
XC functionals = pbe
    J. P. Perdew, K. Burke, and M. Ernzerhof.,  Phys. Rev. Lett. 77, 3865 (1996)
    J. P. Perdew, K. Burke, and M. Ernzerhof.,  Phys. Rev. Lett. 78, 1396 (1997)
    J. P. Perdew, K. Burke, and M. Ernzerhof.,  Phys. Rev. Lett. 77, 3865 (1996)
    J. P. Perdew, K. Burke, and M. Ernzerhof.,  Phys. Rev. Lett. 78, 1396 (1997)
small_rho_cutoff = 1e-06
Set gradient conv threshold to 0.00707107
    Total E(T) = -12114.9757504084  Free energy = -12115.0397457832  E0 = -12115.0077480958
init E= -12114.9757504084
    sigma = 0.005  Optimized mu_alpha = -0.196952051536  entropy = 3.28490343762e-07
    sigma = 0.005  Optimized mu_beta  = -0.199539502058  entropy = 3.28490343762e-07
    Total E(T) = -12114.9757400316  Free energy = -12114.9757400333  E0 = -12114.9757400324
cycle= 1 E= -12114.9757400316  delta_E= 1.04e-05  |g|= 0.0282  |ddm|=   15
    sigma = 0.005  Optimized mu_alpha = -0.197103625406  entropy = 3.27482015196e-07
    sigma = 0.005  Optimized mu_beta  = -0.199704595667  entropy = 3.27482015196e-07
    Total E(T) = -12114.9756318807  Free energy = -12114.9756318824  E0 = -12114.9756318816
cycle= 2 E= -12114.9756318807  delta_E= 0.000108  |g|= 0.09  |ddm|= 52.9
    sigma = 0.005  Optimized mu_alpha = -0.196994394981  entropy = 3.28079600266e-07
    sigma = 0.005  Optimized mu_beta  = -0.199585483793  entropy = 3.28079600266e-07
    Total E(T) = -12114.975699864  Free energy = -12114.9756998656  E0 = -12114.9756998648
cycle= 3 E= -12114.975699864  delta_E= -6.8e-05  |g|= 0.0464  |ddm|= 19.5
    sigma = 0.005  Optimized mu_alpha = -0.19699374534  entropy = 3.28111294129e-07
    sigma = 0.005  Optimized mu_beta  = -0.199584401129  entropy = 3.28111294129e-07
    Total E(T) = -12114.9757288367  Free energy = -12114.9757288384  E0 = -12114.9757288376
cycle= 4 E= -12114.9757288367  delta_E= -2.9e-05  |g|= 0.0303  |ddm|=  8.6
    sigma = 0.005  Optimized mu_alpha = -0.196989259463  entropy = 3.2813792684e-07
    sigma = 0.005  Optimized mu_beta  = -0.199579554887  entropy = 3.2813792684e-07
    Total E(T) = -12114.9757412786  Free energy = -12114.9757412803  E0 = -12114.9757412795
cycle= 5 E= -12114.9757412786  delta_E= -1.24e-05  |g|= 0.0204  |ddm|= 5.13
    sigma = 0.005  Optimized mu_alpha = -0.196991245112  entropy = 3.28127529437e-07
    sigma = 0.005  Optimized mu_beta  = -0.199581637709  entropy = 3.28127529437e-07
    Total E(T) = -12114.975746995  Free energy = -12114.9757469966  E0 = -12114.9757469958
cycle= 6 E= -12114.975746995  delta_E= -5.72e-06  |g|= 0.0135  |ddm|= 3.02
    sigma = 0.005  Optimized mu_alpha = -0.196991753094  entropy = 3.28122237057e-07
    sigma = 0.005  Optimized mu_beta  = -0.199582234291  entropy = 3.28122237057e-07
    Total E(T) = -12114.9757494404  Free energy = -12114.975749442  E0 = -12114.9757494412
cycle= 7 E= -12114.9757494404  delta_E= -2.45e-06  |g|= 0.00982  |ddm|=  2.4
    sigma = 0.005  Optimized mu_alpha = -0.19699210312  entropy = 3.28112450904e-07
    sigma = 0.005  Optimized mu_beta  = -0.199582717055  entropy = 3.28112450904e-07
    Total E(T) = -12114.9757505774  Free energy = -12114.975750579  E0 = -12114.9757505782
cycle= 8 E= -12114.9757505774  delta_E= -1.14e-06  |g|= 0.00708  |ddm|= 1.45
    sigma = 0.005  Optimized mu_alpha = -0.196992348963  entropy = 3.28110467068e-07
    sigma = 0.005  Optimized mu_beta  = -0.199582933167  entropy = 3.28110467068e-07
    Total E(T) = -12114.9757511423  Free energy = -12114.975751144  E0 = -12114.9757511431
cycle= 9 E= -12114.9757511423  delta_E= -5.65e-07  |g|= 0.0052  |ddm|= 0.839
    sigma = 0.005  Optimized mu_alpha = -0.296545789763  entropy = 12.7971762967
    sigma = 0.005  Optimized mu_beta  = -0.299452319459  entropy = 12.7971762967
    Total E(T) = -12114.9401460372  Free energy = -12115.0041319187  E0 = -12114.972138978
Extra cycle  E= -12114.9401460372  delta_E= 0.0356  |g|= 0.213  |ddm|=  883
converged SCF energy = -12114.9401460372  <S^2> = 3.7625268  2S+1 = 4.0062585
[timing] right/Al ensemble SCF = 1173.4s
[timing] collect state = 0.0s
[timing] grad contraction = 1.5s
Npdft 666.0000340031314
[timing] checkpoint save = 0.0s
step=   7 L=-12265.79725861 Ef=-12265.80172044 L1=1.14038098e+00 |grad|=2.13668e-02 t=1391.4s
[diagnostic] step=8 |b|=2.851682e-01 max|b|=2.982107e-02
[timing] build AO Vp from S3 = 1.6s
[diagnostic] |vpl|=2.483199e-01 max|vpl|=2.716324e-02
[diagnostic] |vpr|=4.392712e-01 max|vpr|=2.362753e-02
[diagnostic] |vpref|=4.715968e-01 max|vpref|=2.716080e-02
dm0 check [[[ 1.51511399e-09  2.24391602e-08  1.89789927e-07 ... -1.14718975e-07
    7.42476756e-07  6.64943181e-08]
  [ 2.24391602e-08  3.34444494e-07  2.75067383e-06 ... -1.77767069e-06
    1.10110565e-05  1.04757854e-06]
  [ 1.89789927e-07  2.75067383e-06  2.57237915e-05 ... -1.02769898e-05
    9.27868942e-05  4.99876289e-06]
  ...
  [-1.14718975e-07 -1.77767069e-06 -1.02769898e-05 ...  2.27166744e-04
    1.81897129e-06 -1.91352316e-04]
  [ 7.42476756e-07  1.10110565e-05  9.27868942e-05 ...  1.81897129e-06
    4.79980277e-04 -1.62432527e-06]
  [ 6.64943181e-08  1.04757854e-06  4.99876289e-06 ... -1.91352316e-04
   -1.62432527e-06  6.55604965e-04]]

 [[ 2.14412356e-09  3.18475848e-08  2.65523736e-07 ... -7.48705613e-08
    1.03578255e-06  2.38437860e-08]
  [ 3.18475848e-08  4.74248197e-07  3.91397265e-06 ... -9.93113146e-07
    1.53190770e-05  2.50155643e-07]
  [ 2.65523736e-07  3.91397265e-06  3.37625563e-05 ... -1.10142854e-05
    1.30901539e-04  4.52867998e-06]
  ...
  [-7.48705613e-08 -9.93113146e-07 -1.10142854e-05 ...  2.49604220e-04
    2.27939078e-06 -2.10130235e-04]
  [ 1.03578255e-06  1.53190770e-05  1.30901539e-04 ...  2.27939078e-06
    5.52938839e-04 -2.04467291e-06]
  [ 2.38437860e-08  2.50155643e-07  4.52867998e-06 ... -2.10130235e-04
   -2.04467291e-06  7.46013414e-04]]]
converged SCF energy = -150.22669371454  <S^2> = 2.0045398  2S+1 = 3.003025
dm0 check [[[ 1.14639704e-09  1.70868620e-08  1.38752864e-07 ... -8.06194819e-08
    6.25411557e-07  4.56925620e-08]
  [ 1.70868620e-08  2.56082651e-07  2.02950943e-06 ... -1.06182238e-06
    9.18273934e-06  7.18405989e-07]
  [ 1.38752864e-07  2.02950943e-06  1.80706598e-05 ... -1.26946790e-05
    8.12945738e-05  3.19890360e-06]
  ...
  [-8.06194819e-08 -1.06182238e-06 -1.26946790e-05 ...  2.39058933e-04
   -1.61653275e-06 -1.68275032e-04]
  [ 6.25411557e-07  9.18273934e-06  8.12945738e-05 ... -1.61653275e-06
    4.44994430e-04 -4.06021994e-06]
  [ 4.56925620e-08  7.18405989e-07  3.19890360e-06 ... -1.68275032e-04
   -4.06021994e-06  5.95721952e-04]]

 [[ 2.53031997e-08  3.85042754e-07  2.83122721e-06 ... -1.48564193e-07
    1.05902230e-07  7.43841170e-08]
  [ 3.85042754e-07  5.86066079e-06  4.30452600e-05 ... -2.17962406e-06
    1.18338844e-06  1.05281892e-06]
  [ 2.83122721e-06  4.30452600e-05  3.17986904e-04 ... -1.75087903e-05
    2.68740692e-05  9.39002488e-06]
  ...
  [-1.48564193e-07 -2.17962406e-06 -1.75087903e-05 ...  2.30571680e-04
    2.08936431e-07 -1.91671182e-04]
  [ 1.05902230e-07  1.18338844e-06  2.68740692e-05 ...  2.08936431e-07
    4.63237722e-04 -3.50219925e-06]
  [ 7.43841170e-08  1.05281892e-06  9.39002488e-06 ... -1.91671182e-04
   -3.50219925e-06  6.49568692e-04]]]
converged SCF energy = -150.244985829834  <S^2> = 0.92980241  2S+1 = 2.1723742
[timing] left/O ensemble SCF = 13.3s
dm0 check [[ 3.79538922e-01  6.12228649e-01 -1.25222891e-01 ...  9.82921882e-07
  -6.79705956e-07 -2.48232859e-06]
 [ 6.12228649e-01  1.01515589e+00 -3.34043415e-01 ...  3.35392166e-06
  -2.63054118e-06 -7.27195083e-06]
 [-1.25222891e-01 -3.34043415e-01  6.75243390e-01 ... -7.54847528e-06
   6.24397350e-06  1.74976827e-05]
 ...
 [ 9.82921882e-07  3.35392166e-06 -7.54847528e-06 ...  8.85857766e-07
  -2.55613232e-07  7.37475842e-08]
 [-6.79705956e-07 -2.63054118e-06  6.24397350e-06 ... -2.55613232e-07
   5.68546093e-07  7.00104790e-08]
 [-2.48232859e-06 -7.27195083e-06  1.74976827e-05 ...  7.37475842e-08
   7.00104790e-08  3.22437645e-07]]


******** <class 'pyscf.scf.addons.SmearingDFRKS'> ********
method = SmearingDFRKS
initial guess = minao
damping factor = 0.15
level_shift factor = 0.2
DIIS = <class 'pyscf.scf.diis.CDIIS'>
diis_start_cycle = 1
diis_space = 12
diis_damp = 0
SCF conv_tol = 5e-05
SCF conv_tol_grad = None
SCF max_cycles = 200
direct_scf = True
direct_scf_tol = 1e-13
chkfile to save SCF result = /tmp/tmpiu3_m7in
max_memory 4000 MB (current use 87460 MB)
XC library pyscf.dft.libxc version 6.1.0
    S. Lehtola, C. Steigemann, M. J.T. Oliveira, and M. A.L. Marques.,  SoftwareX 7, 1–5 (2018)
XC functionals = pbe
    J. P. Perdew, K. Burke, and M. Ernzerhof.,  Phys. Rev. Lett. 77, 3865 (1996)
    J. P. Perdew, K. Burke, and M. Ernzerhof.,  Phys. Rev. Lett. 78, 1396 (1997)
    J. P. Perdew, K. Burke, and M. Ernzerhof.,  Phys. Rev. Lett. 77, 3865 (1996)
    J. P. Perdew, K. Burke, and M. Ernzerhof.,  Phys. Rev. Lett. 78, 1396 (1997)
small_rho_cutoff = 1e-06
Set gradient conv threshold to 0.00707107
    Total E(T) = -12115.3734804161  Free energy = -12116.3932560209  E0 = -12115.8833682185
init E= -12115.3734804161
    sigma = 0.02  Optimized mu = -0.0517010763616  entropy = 1.50055320958
    Total E(T) = -12115.373442607  Free energy = -12115.4034536711  E0 = -12115.388448139
cycle= 1 E= -12115.373442607  delta_E= 3.78e-05  |g|= 0.0392  |ddm|= 26.4
    sigma = 0.02  Optimized mu = -0.0521467099171  entropy = 1.4994152087
    Total E(T) = -12115.3729971583  Free energy = -12115.4029854625  E0 = -12115.3879913104
cycle= 2 E= -12115.3729971583  delta_E= 0.000445  |g|= 0.131  |ddm|=  127
    sigma = 0.02  Optimized mu = -0.0518476676408  entropy = 1.49977650671
    Total E(T) = -12115.373274567  Free energy = -12115.4032700971  E0 = -12115.3882723321
cycle= 3 E= -12115.373274567  delta_E= -0.000277  |g|= 0.0681  |ddm|= 53.1
    sigma = 0.02  Optimized mu = -0.0518325609612  entropy = 1.49986159994
    Total E(T) = -12115.3733900423  Free energy = -12115.4033872743  E0 = -12115.3883886583
cycle= 4 E= -12115.3733900423  delta_E= -0.000115  |g|= 0.0453  |ddm|= 20.8
    sigma = 0.02  Optimized mu = -0.0518247000402  entropy = 1.4998951816
    Total E(T) = -12115.3734423617  Free energy = -12115.4034402654  E0 = -12115.3884413136
cycle= 5 E= -12115.3734423617  delta_E= -5.23e-05  |g|= 0.0303  |ddm|= 11.6
    sigma = 0.02  Optimized mu = -0.0518269609225  entropy = 1.4998603767
    Total E(T) = -12115.3734657581  Free energy = -12115.4034629657  E0 = -12115.3884643619
cycle= 6 E= -12115.3734657581  delta_E= -2.34e-05  |g|= 0.0215  |ddm|= 8.54
    sigma = 0.02  Optimized mu = -0.051827972385  entropy = 1.49986053895
    Total E(T) = -12115.3734768062  Free energy = -12115.403474017  E0 = -12115.3884754116
cycle= 7 E= -12115.3734768062  delta_E= -1.1e-05  |g|= 0.0151  |ddm|= 4.81
    sigma = 0.02  Optimized mu = -0.0518244312104  entropy = 1.49987602561
    Total E(T) = -12115.3734823145  Free energy = -12115.403479835  E0 = -12115.3884810747
cycle= 8 E= -12115.3734823145  delta_E= -5.51e-06  |g|= 0.0106  |ddm|= 3.02
    sigma = 0.02  Optimized mu = -0.051829593256  entropy = 1.49984994038
    Total E(T) = -12115.3734851294  Free energy = -12115.4034821282  E0 = -12115.3884836288
cycle= 9 E= -12115.3734851294  delta_E= -2.81e-06  |g|= 0.00725  |ddm|= 2.66
    sigma = 0.02  Optimized mu = -0.051825856028  entropy = 1.49987002664
    Total E(T) = -12115.3734863427  Free energy = -12115.4034837432  E0 = -12115.388485043
cycle= 10 E= -12115.3734863427  delta_E= -1.21e-06  |g|= 0.00549  |ddm|= 1.96
    sigma = 0.02  Optimized mu = -0.15173215528  entropy = 50.9884631738
    Total E(T) = -12114.8464482795  Free energy = -12115.8662175429  E0 = -12115.3563329112
Extra cycle  E= -12114.8464482795  delta_E= 0.527  |g|= 0.409  |ddm|= 4.12e+03
converged SCF energy = -12114.8464482795
dm0 check [[[ 1.89791038e-01  3.06172111e-01 -6.27470859e-02 ...  4.00992622e-07
   -3.32368050e-07 -1.26675551e-06]
  [ 3.06172111e-01  5.07731582e-01 -1.67380482e-01 ...  1.43447304e-06
   -1.29540839e-06 -3.70417964e-06]
  [-6.27470859e-02 -1.67380482e-01  3.38451179e-01 ... -3.19655474e-06
    3.07704453e-06  8.90298007e-06]
  ...
  [ 4.00992622e-07  1.43447304e-06 -3.19655474e-06 ...  4.69066386e-07
   -1.32284409e-07  3.56109957e-08]
  [-3.32368050e-07 -1.29540839e-06  3.07704453e-06 ... -1.32284409e-07
    2.90242958e-07  3.94076055e-08]
  [-1.26675551e-06 -3.70417964e-06  8.90298007e-06 ...  3.56109957e-08
    3.94076055e-08  1.70477537e-07]]

 [[ 1.89770870e-01  3.06117040e-01 -6.26223887e-02 ...  6.39951095e-07
   -3.07980565e-07 -1.15369628e-06]
  [ 3.06117040e-01  5.07584519e-01 -1.67051738e-01 ...  2.07651658e-06
   -1.22782758e-06 -3.39979625e-06]
  [-6.26223887e-02 -1.67051738e-01  3.37719128e-01 ... -4.72779556e-06
    2.89813562e-06  8.17147129e-06]
  ...
  [ 6.39951095e-07  2.07651658e-06 -4.72779556e-06 ...  4.53683330e-07
   -1.34432034e-07  3.87262688e-08]
  [-3.07980565e-07 -1.22782758e-06  2.89813562e-06 ... -1.34432034e-07
    2.90133334e-07  3.71882853e-08]
  [-1.15369628e-06 -3.39979625e-06  8.17147129e-06 ...  3.87262688e-08
    3.71882853e-08  1.61383472e-07]]]


******** <class 'pyscf.scf.addons.SmearingDFUKS'> ********
method = SmearingDFUKS
initial guess = minao
damping factor = 0.15
level_shift factor = 0.2
DIIS = <class 'pyscf.scf.diis.CDIIS'>
diis_start_cycle = 1
diis_space = 12
diis_damp = 0
SCF conv_tol = 5e-05
SCF conv_tol_grad = None
SCF max_cycles = 200
direct_scf = True
direct_scf_tol = 1e-13
chkfile to save SCF result = /tmp/tmp2d_gj1bs
max_memory 4000 MB (current use 87460 MB)
number electrons alpha = 325  beta = 323
XC library pyscf.dft.libxc version 6.1.0
    S. Lehtola, C. Steigemann, M. J.T. Oliveira, and M. A.L. Marques.,  SoftwareX 7, 1–5 (2018)
XC functionals = pbe
    J. P. Perdew, K. Burke, and M. Ernzerhof.,  Phys. Rev. Lett. 77, 3865 (1996)
    J. P. Perdew, K. Burke, and M. Ernzerhof.,  Phys. Rev. Lett. 78, 1396 (1997)
    J. P. Perdew, K. Burke, and M. Ernzerhof.,  Phys. Rev. Lett. 77, 3865 (1996)
    J. P. Perdew, K. Burke, and M. Ernzerhof.,  Phys. Rev. Lett. 78, 1396 (1997)
small_rho_cutoff = 1e-06
Set gradient conv threshold to 0.00707107
    Total E(T) = -12114.9291367952  Free energy = -12114.9931226767  E0 = -12114.9611297359
init E= -12114.9291367952
    sigma = 0.005  Optimized mu_alpha = -0.19692817877  entropy = 3.29387509742e-07
    sigma = 0.005  Optimized mu_beta  = -0.199510066646  entropy = 3.29387509742e-07
    Total E(T) = -12114.9291221331  Free energy = -12114.9291221348  E0 = -12114.9291221339
cycle= 1 E= -12114.9291221331  delta_E= 1.47e-05  |g|= 0.0364  |ddm|= 13.9
    sigma = 0.005  Optimized mu_alpha = -0.19715639358  entropy = 3.28085376767e-07
    sigma = 0.005  Optimized mu_beta  = -0.199755695245  entropy = 3.28085376767e-07
    Total E(T) = -12114.9289497309  Free energy = -12114.9289497325  E0 = -12114.9289497317
cycle= 2 E= -12114.9289497309  delta_E= 0.000172  |g|= 0.114  |ddm|= 61.8
    sigma = 0.005  Optimized mu_alpha = -0.197008496364  entropy = 3.28704295078e-07
    sigma = 0.005  Optimized mu_beta  = -0.199595233442  entropy = 3.28704295078e-07
    Total E(T) = -12114.9290579274  Free energy = -12114.929057929  E0 = -12114.9290579282
cycle= 3 E= -12114.9290579274  delta_E= -0.000108  |g|= 0.0587  |ddm|= 25.6
    sigma = 0.005  Optimized mu_alpha = -0.197004885305  entropy = 3.28739435936e-07
    sigma = 0.005  Optimized mu_beta  = -0.199591116038  entropy = 3.28739435936e-07
    Total E(T) = -12114.9291057879  Free energy = -12114.9291057896  E0 = -12114.9291057888
cycle= 4 E= -12114.9291057879  delta_E= -4.79e-05  |g|= 0.0375  |ddm|= 10.3
    sigma = 0.005  Optimized mu_alpha = -0.196991778546  entropy = 3.28762424783e-07
    sigma = 0.005  Optimized mu_beta  = -0.199577677589  entropy = 3.28762424783e-07
    Total E(T) = -12114.9291264571  Free energy = -12114.9291264588  E0 = -12114.9291264579
cycle= 5 E= -12114.9291264571  delta_E= -2.07e-05  |g|= 0.0244  |ddm|= 5.87
    sigma = 0.005  Optimized mu_alpha = -0.197001808556  entropy = 3.28712816454e-07
    sigma = 0.005  Optimized mu_beta  = -0.199588040426  entropy = 3.28712816454e-07
    Total E(T) = -12114.9291354039  Free energy = -12114.9291354055  E0 = -12114.9291354047
cycle= 6 E= -12114.9291354039  delta_E= -8.95e-06  |g|= 0.0156  |ddm|= 3.75
    sigma = 0.005  Optimized mu_alpha = -0.196999503604  entropy = 3.28716772322e-07
    sigma = 0.005  Optimized mu_beta  = -0.199585671219  entropy = 3.28716772322e-07
    Total E(T) = -12114.9291391479  Free energy = -12114.9291391495  E0 = -12114.9291391487
cycle= 7 E= -12114.9291391479  delta_E= -3.74e-06  |g|= 0.0103  |ddm|= 2.65
    sigma = 0.005  Optimized mu_alpha = -0.197000245919  entropy = 3.28695396469e-07
    sigma = 0.005  Optimized mu_beta  = -0.199586572588  entropy = 3.28695396469e-07
    Total E(T) = -12114.9291408041  Free energy = -12114.9291408058  E0 = -12114.9291408049
cycle= 8 E= -12114.9291408041  delta_E= -1.66e-06  |g|= 0.00639  |ddm|= 1.62
    sigma = 0.005  Optimized mu_alpha = -0.296530211952  entropy = 12.8014219322
    sigma = 0.005  Optimized mu_beta  = -0.299434073027  entropy = 12.8014219322
    Total E(T) = -12114.8933069853  Free energy = -12114.957314095  E0 = -12114.9253105402
Extra cycle  E= -12114.8933069853  delta_E= 0.0358  |g|= 0.233  |ddm|=  887
converged SCF energy = -12114.8933069853  <S^2> = 3.7625411  2S+1 = 4.0062657
[timing] right/Al ensemble SCF = 1152.0s
[timing] collect state = 0.0s
[timing] grad contraction = 1.5s
Npdft 666.0000340062542
[timing] checkpoint save = 0.0s
step=   8 L=-12265.77627951 Ef=-12265.78089467 L1=1.12267051e+00 |grad|=2.10412e-02 t=1368.3s
[phase2 outer 4] previous L = -12265.79694322
[phase2 outer 4] new L = -12265.77627951
[phase2 outer 4] dL = 2.06637078e-02
[phase2 outer 4] previous Ef = -12265.80141696
[phase2 outer 4] new Ef = -12265.78089467
[phase2 outer 4] dEf = 2.05222864e-02
[phase2 outer 4] |db| = 1.58130e-02
[phase2 outer 4] |grad| = 2.10412e-02
[phase2 outer 4] last_Ef = -12265.80141696106
[phase2 outer 4] adaptive max_step_norm = 1.000000e-01
[phase2 outer 4] delta = 2.735878e-03
[phase2 outer 4] raw_step_norm = 1.581296e-02
[phase2 outer 4] capped_step_norm = 1.581296e-02
[phase2 outer 4] dL = 0.02066370778629789
[phase2 outer 4] dEf = 0.020522286402410828
[phase2 outer 4] |grad| = 2.104117e-02
[phase2 outer 4] raw_step_norm=1.581296e-02 capped_step_norm=1.581296e-02 raw_max_abs_step=2.735878e-03 capped_max_abs_step=2.735878e-03 step_cap=1.000000e-01 line_search_alpha=n/a
[phase2 outer 4] res.fun = 12265.77627951
[phase2 outer 4] res.message = STOP: TOTAL NO. of ITERATIONS REACHED LIMIT
[phase2 outer 4] finished message=STOP: TOTAL NO. of ITERATIONS REACHED LIMIT |b|=2.851682e-01
[phase2 outer 5] start |b|=2.851682e-01 max|b|=2.982107e-02 delta=2.736e-03
[diagnostic] step=9 |b|=2.851682e-01 max|b|=2.982107e-02
[timing] build AO Vp from S3 = 1.6s
[diagnostic] |vpl|=2.483199e-01 max|vpl|=2.716324e-02
[diagnostic] |vpr|=4.392712e-01 max|vpr|=2.362753e-02
[diagnostic] |vpref|=4.715968e-01 max|vpref|=2.716080e-02
dm0 check [[[ 1.51511375e-09  2.24391589e-08  1.89789892e-07 ... -1.14719075e-07
    7.42477044e-07  6.64944109e-08]
  [ 2.24391589e-08  3.34444525e-07  2.75067336e-06 ... -1.77767242e-06
    1.10110595e-05  1.04758023e-06]
  [ 1.89789892e-07  2.75067336e-06  2.57237862e-05 ... -1.02770036e-05
    9.27869367e-05  4.99877526e-06]
  ...
  [-1.14719075e-07 -1.77767242e-06 -1.02770036e-05 ...  2.27166698e-04
    1.81897078e-06 -1.91352277e-04]
  [ 7.42477044e-07  1.10110595e-05  9.27869367e-05 ...  1.81897078e-06
    4.79980252e-04 -1.62432557e-06]
  [ 6.64944109e-08  1.04758023e-06  4.99877526e-06 ... -1.91352277e-04
   -1.62432557e-06  6.55604906e-04]]

 [[ 2.14412339e-09  3.18475823e-08  2.65523744e-07 ... -7.48707479e-08
    1.03578265e-06  2.38439469e-08]
  [ 3.18475823e-08  4.74248180e-07  3.91397253e-06 ... -9.93114410e-07
    1.53190780e-05  2.50156782e-07]
  [ 2.65523744e-07  3.91397253e-06  3.37625584e-05 ... -1.10142980e-05
    1.30901558e-04  4.52869062e-06]
  ...
  [-7.48707479e-08 -9.93114410e-07 -1.10142980e-05 ...  2.49604187e-04
    2.27939040e-06 -2.10130206e-04]
  [ 1.03578265e-06  1.53190780e-05  1.30901558e-04 ...  2.27939040e-06
    5.52938938e-04 -2.04467327e-06]
  [ 2.38439469e-08  2.50156782e-07  4.52869062e-06 ... -2.10130206e-04
   -2.04467327e-06  7.46013491e-04]]]
converged SCF energy = -150.22669371454  <S^2> = 2.0045398  2S+1 = 3.003025
dm0 check [[[ 1.14640467e-09  1.70869841e-08  1.38753588e-07 ... -8.06202918e-08
    6.25413415e-07  4.56929032e-08]
  [ 1.70869841e-08  2.56084631e-07  2.02952077e-06 ... -1.06182886e-06
    9.18276827e-06  7.18410480e-07]
  [ 1.38753588e-07  2.02952077e-06  1.80707297e-05 ... -1.26947211e-05
    8.12948143e-05  3.19892978e-06]
  ...
  [-8.06202918e-08 -1.06182886e-06 -1.26947211e-05 ...  2.39058474e-04
   -1.61663418e-06 -1.68274935e-04]
  [ 6.25413415e-07  9.18276827e-06  8.12948143e-05 ... -1.61663418e-06
    4.44994774e-04 -4.06031902e-06]
  [ 4.56929032e-08  7.18410480e-07  3.19892978e-06 ... -1.68274935e-04
   -4.06031902e-06  5.95722200e-04]]

 [[ 2.53037141e-08  3.85050587e-07  2.83128421e-06 ... -1.48565680e-07
    1.05891621e-07  7.43867409e-08]
  [ 3.85050587e-07  5.86078011e-06  4.30461274e-05 ... -2.17964126e-06
    1.18322490e-06  1.05285374e-06]
  [ 2.83128421e-06  4.30461274e-05  3.17993217e-04 ... -1.75089342e-05
    2.68729352e-05  9.39029027e-06]
  ...
  [-1.48565680e-07 -2.17964126e-06 -1.75089342e-05 ...  2.30571529e-04
    2.08909183e-07 -1.91671081e-04]
  [ 1.05891621e-07  1.18322490e-06  2.68729352e-05 ...  2.08909183e-07
    4.63237979e-04 -3.50223640e-06]
  [ 7.43867409e-08  1.05285374e-06  9.39029027e-06 ... -1.91671081e-04
   -3.50223640e-06  6.49568651e-04]]]
converged SCF energy = -150.244985829835  <S^2> = 0.92979868  2S+1 = 2.1723708
[timing] left/O ensemble SCF = 15.8s
dm0 check [[ 3.79538516e-01  6.12228485e-01 -1.25222770e-01 ...  1.01190823e-06
  -6.55386905e-07 -2.58432532e-06]
 [ 6.12228485e-01  1.01515620e+00 -3.34042678e-01 ...  3.43230045e-06
  -2.56502568e-06 -7.54716744e-06]
 [-1.25222770e-01 -3.34042678e-01  6.75241482e-01 ... -7.73944612e-06
   6.08616180e-06  1.81647706e-05]
 ...
 [ 1.01190823e-06  3.43230045e-06 -7.73944612e-06 ...  8.79573572e-07
  -2.56600894e-07  7.92998391e-08]
 [-6.55386905e-07 -2.56502568e-06  6.08616180e-06 ... -2.56600894e-07
   5.69539018e-07  6.77756074e-08]
 [-2.58432532e-06 -7.54716744e-06  1.81647706e-05 ...  7.92998391e-08
   6.77756074e-08  3.34939481e-07]]


******** <class 'pyscf.scf.addons.SmearingDFRKS'> ********
method = SmearingDFRKS
initial guess = minao
damping factor = 0.15
level_shift factor = 0.2
DIIS = <class 'pyscf.scf.diis.CDIIS'>
diis_start_cycle = 1
diis_space = 12
diis_damp = 0
SCF conv_tol = 5e-05
SCF conv_tol_grad = None
SCF max_cycles = 200
direct_scf = True
direct_scf_tol = 1e-13
chkfile to save SCF result = /tmp/tmpiu3_m7in
max_memory 4000 MB (current use 87292 MB)
XC library pyscf.dft.libxc version 6.1.0
    S. Lehtola, C. Steigemann, M. J.T. Oliveira, and M. A.L. Marques.,  SoftwareX 7, 1–5 (2018)
XC functionals = pbe
    J. P. Perdew, K. Burke, and M. Ernzerhof.,  Phys. Rev. Lett. 77, 3865 (1996)
    J. P. Perdew, K. Burke, and M. Ernzerhof.,  Phys. Rev. Lett. 78, 1396 (1997)
    J. P. Perdew, K. Burke, and M. Ernzerhof.,  Phys. Rev. Lett. 77, 3865 (1996)
    J. P. Perdew, K. Burke, and M. Ernzerhof.,  Phys. Rev. Lett. 78, 1396 (1997)
small_rho_cutoff = 1e-06
Set gradient conv threshold to 0.00707107
    Total E(T) = -12115.3734863427  Free energy = -12116.3932556062  E0 = -12115.8833709745
init E= -12115.3734863427
    sigma = 0.02  Optimized mu = -0.0517694988957  entropy = 1.50015288665
    Total E(T) = -12115.3734730407  Free energy = -12115.4034760984  E0 = -12115.3884745696
cycle= 1 E= -12115.3734730407  delta_E= 1.33e-05  |g|= 0.0231  |ddm|= 17.1
    sigma = 0.02  Optimized mu = -0.0519857511585  entropy = 1.49946042067
    Total E(T) = -12115.373321537  Free energy = -12115.4033107454  E0 = -12115.3883161412
cycle= 2 E= -12115.373321537  delta_E= 0.000152  |g|= 0.078  |ddm|= 72.4
    sigma = 0.02  Optimized mu = -0.0518385669101  entropy = 1.49978777484
    Total E(T) = -12115.3734130363  Free energy = -12115.4034087917  E0 = -12115.388410914
cycle= 3 E= -12115.3734130363  delta_E= -9.15e-05  |g|= 0.0416  |ddm|= 29.4
    sigma = 0.02  Optimized mu = -0.0518316324378  entropy = 1.49983784298
    Total E(T) = -12115.3734515197  Free energy = -12115.4034482765  E0 = -12115.3884498981
cycle= 4 E= -12115.3734515197  delta_E= -3.85e-05  |g|= 0.0287  |ddm|= 11.6
    sigma = 0.02  Optimized mu = -0.0518286754912  entropy = 1.49985359536
    Total E(T) = -12115.3734695862  Free energy = -12115.4034666581  E0 = -12115.3884681221
cycle= 5 E= -12115.3734695862  delta_E= -1.81e-05  |g|= 0.0202  |ddm|= 6.65
    sigma = 0.02  Optimized mu = -0.0518283366218  entropy = 1.49985138274
    Total E(T) = -12115.3734783357  Free energy = -12115.4034753634  E0 = -12115.3884768496
cycle= 6 E= -12115.3734783357  delta_E= -8.75e-06  |g|= 0.0146  |ddm|= 4.47
    sigma = 0.02  Optimized mu = -0.0518278359959  entropy = 1.49985723921
    Total E(T) = -12115.3734828252  Free energy = -12115.40347997  E0 = -12115.3884813976
cycle= 7 E= -12115.3734828252  delta_E= -4.49e-06  |g|= 0.0106  |ddm|= 2.74
    sigma = 0.02  Optimized mu = -0.0518258769447  entropy = 1.4998666545
    Total E(T) = -12115.3734851077  Free energy = -12115.4034824408  E0 = -12115.3884837742
cycle= 8 E= -12115.3734851077  delta_E= -2.28e-06  |g|= 0.00786  |ddm|= 1.88
    sigma = 0.02  Optimized mu = -0.0518282227787  entropy = 1.49985711974
    Total E(T) = -12115.3734863726  Free energy = -12115.403483515  E0 = -12115.3884849438
cycle= 9 E= -12115.3734863726  delta_E= -1.26e-06  |g|= 0.00581  |ddm|= 1.25
    sigma = 0.02  Optimized mu = -0.151737239319  entropy = 50.9885076947
    Total E(T) = -12114.8464043548  Free energy = -12115.8661745087  E0 = -12115.3562894318
Extra cycle  E= -12114.8464043548  delta_E= 0.527  |g|= 0.412  |ddm|= 4.12e+03
converged SCF energy = -12114.8464043548
dm0 check [[[ 1.89790826e-01  3.06172003e-01 -6.27469501e-02 ...  4.13904155e-07
   -3.20914402e-07 -1.31449017e-06]
  [ 3.06172003e-01  5.07731668e-01 -1.67379916e-01 ...  1.46937463e-06
   -1.26456962e-06 -3.83291068e-06]
  [-6.27469501e-02 -1.67379916e-01  3.38449715e-01 ... -3.28144245e-06
    3.00291349e-06  9.21434830e-06]
  ...
  [ 4.13904155e-07  1.46937463e-06 -3.28144245e-06 ...  4.65860752e-07
   -1.32839078e-07  3.84895256e-08]
  [-3.20914402e-07 -1.26456962e-06  3.00291349e-06 ... -1.32839078e-07
    2.90695105e-07  3.84855621e-08]
  [-1.31449017e-06 -3.83291068e-06  9.21434830e-06 ...  3.84895256e-08
    3.84855621e-08  1.76563073e-07]]

 [[ 1.89770598e-01  3.06116780e-01 -6.26218758e-02 ...  6.52477056e-07
   -2.96130041e-07 -1.20113809e-06]
  [ 3.06116780e-01  5.07584199e-01 -1.67050152e-01 ...  2.11041213e-06
   -1.19589260e-06 -3.52785166e-06]
  [-6.26218758e-02 -1.67050152e-01  3.37715122e-01 ... -4.81062348e-06
    2.82112490e-06  8.48225524e-06]
  ...
  [ 6.52477056e-07  2.11041213e-06 -4.81062348e-06 ...  4.50516188e-07
   -1.34955813e-07  4.15878224e-08]
  [-2.96130041e-07 -1.19589260e-06  2.82112490e-06 ... -1.34955813e-07
    2.90662169e-07  3.61665152e-08]
  [-1.20113809e-06 -3.52785166e-06  8.48225524e-06 ...  4.15878224e-08
    3.61665152e-08  1.67318264e-07]]]


******** <class 'pyscf.scf.addons.SmearingDFUKS'> ********
method = SmearingDFUKS
initial guess = minao
damping factor = 0.15
level_shift factor = 0.2
DIIS = <class 'pyscf.scf.diis.CDIIS'>
diis_start_cycle = 1
diis_space = 12
diis_damp = 0
SCF conv_tol = 5e-05
SCF conv_tol_grad = None
SCF max_cycles = 200
direct_scf = True
direct_scf_tol = 1e-13
chkfile to save SCF result = /tmp/tmp2d_gj1bs
max_memory 4000 MB (current use 87292 MB)
number electrons alpha = 325  beta = 323
XC library pyscf.dft.libxc version 6.1.0
    S. Lehtola, C. Steigemann, M. J.T. Oliveira, and M. A.L. Marques.,  SoftwareX 7, 1–5 (2018)
XC functionals = pbe
    J. P. Perdew, K. Burke, and M. Ernzerhof.,  Phys. Rev. Lett. 77, 3865 (1996)
    J. P. Perdew, K. Burke, and M. Ernzerhof.,  Phys. Rev. Lett. 78, 1396 (1997)
    J. P. Perdew, K. Burke, and M. Ernzerhof.,  Phys. Rev. Lett. 77, 3865 (1996)
    J. P. Perdew, K. Burke, and M. Ernzerhof.,  Phys. Rev. Lett. 78, 1396 (1997)
small_rho_cutoff = 1e-06
Set gradient conv threshold to 0.00707107
    Total E(T) = -12114.9291408044  Free energy = -12114.9931479141  E0 = -12114.9611443593
init E= -12114.9291408044
    sigma = 0.005  Optimized mu_alpha = -0.196960331234  entropy = 3.29061989343e-07
    sigma = 0.005  Optimized mu_beta  = -0.199543553746  entropy = 3.29061989343e-07
    Total E(T) = -12114.9291314375  Free energy = -12114.9291314391  E0 = -12114.9291314383
cycle= 1 E= -12114.9291314375  delta_E= 9.37e-06  |g|= 0.0268  |ddm|= 14.2
    sigma = 0.005  Optimized mu_alpha = -0.197114861861  entropy = 3.28049870127e-07
    sigma = 0.005  Optimized mu_beta  = -0.199711194983  entropy = 3.28049870127e-07
    Total E(T) = -12114.9290338084  Free energy = -12114.9290338101  E0 = -12114.9290338093
cycle= 2 E= -12114.9290338084  delta_E= 9.76e-05  |g|= 0.0853  |ddm|= 50.3
    sigma = 0.005  Optimized mu_alpha = -0.197003609395  entropy = 3.28659483557e-07
    sigma = 0.005  Optimized mu_beta  = -0.199590411721  entropy = 3.28659483557e-07
    Total E(T) = -12114.9290951222  Free energy = -12114.9290951238  E0 = -12114.929095123
cycle= 3 E= -12114.9290951222  delta_E= -6.13e-05  |g|= 0.044  |ddm|= 18.6
    sigma = 0.005  Optimized mu_alpha = -0.197002738963  entropy = 3.28689461021e-07
    sigma = 0.005  Optimized mu_beta  = -0.19958912301  entropy = 3.28689461021e-07
    Total E(T) = -12114.9291212802  Free energy = -12114.9291212819  E0 = -12114.929121281
cycle= 4 E= -12114.9291212802  delta_E= -2.62e-05  |g|= 0.0288  |ddm|= 8.19
    sigma = 0.005  Optimized mu_alpha = -0.196998274712  entropy = 3.28715597266e-07
    sigma = 0.005  Optimized mu_beta  = -0.199584379606  entropy = 3.28715597266e-07
    Total E(T) = -12114.9291325293  Free energy = -12114.9291325309  E0 = -12114.9291325301
cycle= 5 E= -12114.9291325293  delta_E= -1.12e-05  |g|= 0.0194  |ddm|= 4.87
    sigma = 0.005  Optimized mu_alpha = -0.197000193978  entropy = 3.28705802829e-07
    sigma = 0.005  Optimized mu_beta  = -0.19958637698  entropy = 3.28705802829e-07
    Total E(T) = -12114.9291377017  Free energy = -12114.9291377033  E0 = -12114.9291377025
cycle= 6 E= -12114.9291377017  delta_E= -5.17e-06  |g|= 0.0129  |ddm|= 2.87
    sigma = 0.005  Optimized mu_alpha = -0.197000681057  entropy = 3.28702393921e-07
    sigma = 0.005  Optimized mu_beta  = -0.199586934281  entropy = 3.28702393921e-07
    Total E(T) = -12114.9291399195  Free energy = -12114.9291399211  E0 = -12114.9291399203
cycle= 7 E= -12114.9291399195  delta_E= -2.22e-06  |g|= 0.00936  |ddm|= 2.29
    sigma = 0.005  Optimized mu_alpha = -0.197001118651  entropy = 3.28693398547e-07
    sigma = 0.005  Optimized mu_beta  = -0.199587443428  entropy = 3.28693398547e-07
    Total E(T) = -12114.9291409509  Free energy = -12114.9291409525  E0 = -12114.9291409517
cycle= 8 E= -12114.9291409509  delta_E= -1.03e-06  |g|= 0.00675  |ddm|= 1.37
    sigma = 0.005  Optimized mu_alpha = -0.296543903073  entropy = 12.8005667824
    sigma = 0.005  Optimized mu_beta  = -0.299448134781  entropy = 12.8005667824
    Total E(T) = -12114.8933446119  Free energy = -12114.9573474458  E0 = -12114.9253460288
Extra cycle  E= -12114.8933446119  delta_E= 0.0358  |g|= 0.234  |ddm|=  885
converged SCF energy = -12114.8933446119  <S^2> = 3.7625446  2S+1 = 4.0062674
[timing] right/Al ensemble SCF = 1097.0s
[timing] collect state = 0.0s
[timing] grad contraction = 1.6s
Npdft 666.000034005759
[timing] checkpoint save = 0.0s
step=   9 L=-12265.77624398 Ef=-12265.78085239 L1=1.12223149e+00 |grad|=2.10309e-02 t=1316.0s
[diagnostic] step=10 |b|=2.989822e-01 max|b|=3.255695e-02
[timing] build AO Vp from S3 = 1.6s
[diagnostic] |vpl|=2.639084e-01 max|vpl|=2.989216e-02
[diagnostic] |vpr|=4.553204e-01 max|vpr|=2.560342e-02
[diagnostic] |vpref|=4.909963e-01 max|vpref|=2.988806e-02
dm0 check [[[ 1.51511399e-09  2.24391600e-08  1.89789926e-07 ... -1.14718968e-07
    7.42476732e-07  6.64943123e-08]
  [ 2.24391600e-08  3.34444487e-07  2.75067382e-06 ... -1.77767057e-06
    1.10110563e-05  1.04757843e-06]
  [ 1.89789926e-07  2.75067382e-06  2.57237916e-05 ... -1.02769888e-05
    9.27868910e-05  4.99876206e-06]
  ...
  [-1.14718968e-07 -1.77767057e-06 -1.02769888e-05 ...  2.27166748e-04
    1.81897131e-06 -1.91352319e-04]
  [ 7.42476732e-07  1.10110563e-05  9.27868910e-05 ...  1.81897131e-06
    4.79980281e-04 -1.62432524e-06]
  [ 6.64943123e-08  1.04757843e-06  4.99876206e-06 ... -1.91352319e-04
   -1.62432524e-06  6.55604971e-04]]

 [[ 2.14412354e-09  3.18475845e-08  2.65523732e-07 ... -7.48705480e-08
    1.03578254e-06  2.38437748e-08]
  [ 3.18475845e-08  4.74248192e-07  3.91397261e-06 ... -9.93113066e-07
    1.53190769e-05  2.50155573e-07]
  [ 2.65523732e-07  3.91397261e-06  3.37625557e-05 ... -1.10142845e-05
    1.30901537e-04  4.52867924e-06]
  ...
  [-7.48705480e-08 -9.93113066e-07 -1.10142845e-05 ...  2.49604223e-04
    2.27939079e-06 -2.10130237e-04]
  [ 1.03578254e-06  1.53190769e-05  1.30901537e-04 ...  2.27939079e-06
    5.52938834e-04 -2.04467287e-06]
  [ 2.38437748e-08  2.50155573e-07  4.52867924e-06 ... -2.10130237e-04
   -2.04467287e-06  7.46013411e-04]]]
converged SCF energy = -150.22669371454  <S^2> = 2.0045398  2S+1 = 3.003025
dm0 check [[[ 1.14640688e-09  1.70870171e-08  1.38753755e-07 ... -8.06196780e-08
    6.25413758e-07  4.56925708e-08]
  [ 1.70870171e-08  2.56085099e-07  2.02952346e-06 ... -1.06182488e-06
    9.18277271e-06  7.18406544e-07]
  [ 1.38753755e-07  2.02952346e-06  1.80707402e-05 ... -1.26947107e-05
    8.12948227e-05  3.19889317e-06]
  ...
  [-8.06196780e-08 -1.06182488e-06 -1.26947107e-05 ...  2.39058982e-04
   -1.61665419e-06 -1.68274902e-04]
  [ 6.25413758e-07  9.18277271e-06  8.12948227e-05 ... -1.61665419e-06
    4.44994666e-04 -4.06031186e-06]
  [ 4.56925708e-08  7.18406544e-07  3.19889317e-06 ... -1.68274902e-04
   -4.06031186e-06  5.95722174e-04]]

 [[ 2.53031397e-08  3.85041819e-07  2.83122102e-06 ... -1.48564539e-07
    1.05895255e-07  7.43873384e-08]
  [ 3.85041819e-07  5.86064622e-06  4.30451633e-05 ... -2.17962934e-06
    1.18328184e-06  1.05286793e-06]
  [ 2.83122102e-06  4.30451633e-05  3.17986273e-04 ... -1.75088244e-05
    2.68733069e-05  9.39038078e-06]
  ...
  [-1.48564539e-07 -2.17962934e-06 -1.75088244e-05 ...  2.30571566e-04
    2.08932905e-07 -1.91671105e-04]
  [ 1.05895255e-07  1.18328184e-06  2.68733069e-05 ...  2.08932905e-07
    4.63237695e-04 -3.50217821e-06]
  [ 7.43873384e-08  1.05286793e-06  9.39038078e-06 ... -1.91671105e-04
   -3.50217821e-06  6.49568282e-04]]]
converged SCF energy = -150.24498582983  <S^2> = 0.92979834  2S+1 = 2.1723704
[timing] left/O ensemble SCF = 11.6s
dm0 check [[ 3.79538514e-01  6.12228477e-01 -1.25222752e-01 ...  1.01227682e-06
  -6.55592373e-07 -2.58447001e-06]
 [ 6.12228477e-01  1.01515618e+00 -3.34042627e-01 ...  3.43329457e-06
  -2.56557950e-06 -7.54755740e-06]
 [-1.25222752e-01 -3.34042627e-01  6.75241355e-01 ... -7.74185196e-06
   6.08749928e-06  1.81657089e-05]
 ...
 [ 1.01227682e-06  3.43329457e-06 -7.74185196e-06 ...  8.79561444e-07
  -2.56589383e-07  7.92988086e-08]
 [-6.55592373e-07 -2.56557950e-06  6.08749928e-06 ... -2.56589383e-07
   5.69494012e-07  6.77858160e-08]
 [-2.58447001e-06 -7.54755740e-06  1.81657089e-05 ...  7.92988086e-08
   6.77858160e-08  3.34946024e-07]]


******** <class 'pyscf.scf.addons.SmearingDFRKS'> ********
method = SmearingDFRKS
initial guess = minao
damping factor = 0.15
level_shift factor = 0.2
DIIS = <class 'pyscf.scf.diis.CDIIS'>
diis_start_cycle = 1
diis_space = 12
diis_damp = 0
SCF conv_tol = 5e-05
SCF conv_tol_grad = None
SCF max_cycles = 200
direct_scf = True
direct_scf_tol = 1e-13
chkfile to save SCF result = /tmp/tmpiu3_m7in
max_memory 4000 MB (current use 87218 MB)
XC library pyscf.dft.libxc version 6.1.0
    S. Lehtola, C. Steigemann, M. J.T. Oliveira, and M. A.L. Marques.,  SoftwareX 7, 1–5 (2018)
XC functionals = pbe
    J. P. Perdew, K. Burke, and M. Ernzerhof.,  Phys. Rev. Lett. 77, 3865 (1996)
    J. P. Perdew, K. Burke, and M. Ernzerhof.,  Phys. Rev. Lett. 78, 1396 (1997)
    J. P. Perdew, K. Burke, and M. Ernzerhof.,  Phys. Rev. Lett. 77, 3865 (1996)
    J. P. Perdew, K. Burke, and M. Ernzerhof.,  Phys. Rev. Lett. 78, 1396 (1997)
small_rho_cutoff = 1e-06
Set gradient conv threshold to 0.00707107
    Total E(T) = -12115.3287813481  Free energy = -12116.348551502  E0 = -12115.8386664251
init E= -12115.3287813481
    sigma = 0.02  Optimized mu = -0.0517263661488  entropy = 1.50092543454
    Total E(T) = -12115.3287536125  Free energy = -12115.3587721212  E0 = -12115.3437628669
cycle= 1 E= -12115.3287536125  delta_E= 2.77e-05  |g|= 0.034  |ddm|= 23.1
    sigma = 0.02  Optimized mu = -0.0521038758739  entropy = 1.49988050242
    Total E(T) = -12115.3284232297  Free energy = -12115.3584208398  E0 = -12115.3434220347
cycle= 2 E= -12115.3284232297  delta_E= 0.00033  |g|= 0.113  |ddm|=  106
    sigma = 0.02  Optimized mu = -0.0518533997307  entropy = 1.50025364686
    Total E(T) = -12115.3286270309  Free energy = -12115.3586321039  E0 = -12115.3436295674
cycle= 3 E= -12115.3286270309  delta_E= -0.000204  |g|= 0.0595  |ddm|= 45.2
    sigma = 0.02  Optimized mu = -0.0518399693535  entropy = 1.50033056359
    Total E(T) = -12115.3287128105  Free energy = -12115.3587194217  E0 = -12115.3437161161
cycle= 4 E= -12115.3287128105  delta_E= -8.58e-05  |g|= 0.0398  |ddm|= 17.3
    sigma = 0.02  Optimized mu = -0.0518331948744  entropy = 1.50035998503
    Total E(T) = -12115.3287521153  Free energy = -12115.358759315  E0 = -12115.3437557151
cycle= 5 E= -12115.3287521153  delta_E= -3.93e-05  |g|= 0.0268  |ddm|= 9.76
    sigma = 0.02  Optimized mu = -0.0518346322151  entropy = 1.50033305988
    Total E(T) = -12115.3287699525  Free energy = -12115.3587766137  E0 = -12115.3437732831
cycle= 6 E= -12115.3287699525  delta_E= -1.78e-05  |g|= 0.0191  |ddm|= 7.14
    sigma = 0.02  Optimized mu = -0.0518353479283  entropy = 1.50033428566
    Total E(T) = -12115.3287784799  Free energy = -12115.3587851656  E0 = -12115.3437818228
cycle= 7 E= -12115.3287784799  delta_E= -8.53e-06  |g|= 0.0135  |ddm|= 4.05
    sigma = 0.02  Optimized mu = -0.0518324146939  entropy = 1.500346893
    Total E(T) = -12115.3287827727  Free energy = -12115.3587897106  E0 = -12115.3437862417
cycle= 8 E= -12115.3287827727  delta_E= -4.29e-06  |g|= 0.00953  |ddm|= 2.61
    sigma = 0.02  Optimized mu = -0.0518370045206  entropy = 1.50032383355
    Total E(T) = -12115.3287849874  Free energy = -12115.3587914641  E0 = -12115.3437882257
cycle= 9 E= -12115.3287849874  delta_E= -2.21e-06  |g|= 0.00657  |ddm|=  2.3
    sigma = 0.02  Optimized mu = -0.151718034162  entropy = 50.9906592475
    Total E(T) = -12114.8012138109  Free energy = -12115.8210269959  E0 = -12115.3111204034
Extra cycle  E= -12114.8012138109  delta_E= 0.528  |g|= 0.423  |ddm|= 4.11e+03
converged SCF energy = -12114.8012138109
dm0 check [[[ 1.89790830e-01  3.06172011e-01 -6.27469798e-02 ...  4.13999634e-07
   -3.21033036e-07 -1.31461274e-06]
  [ 3.06172011e-01  5.07731688e-01 -1.67379997e-01 ...  1.46963078e-06
   -1.26488948e-06 -3.83324129e-06]
  [-6.27469798e-02 -1.67379997e-01  3.38449965e-01 ... -3.28205285e-06
    3.00368835e-06  9.21515230e-06]
  ...
  [ 4.13999634e-07  1.46963078e-06 -3.28205285e-06 ...  4.65860254e-07
   -1.32825474e-07  3.85013179e-08]
  [-3.21033036e-07 -1.26488948e-06  3.00368835e-06 ... -1.32825474e-07
    2.90660937e-07  3.84822748e-08]
  [-1.31461274e-06 -3.83324129e-06  9.21515230e-06 ...  3.85013179e-08
    3.84822748e-08  1.76556544e-07]]

 [[ 1.89770597e-01  3.06116777e-01 -6.26218772e-02 ...  6.52566514e-07
   -2.96452110e-07 -1.20110332e-06]
  [ 3.06116777e-01  5.07584190e-01 -1.67050155e-01 ...  2.11065352e-06
   -1.19676231e-06 -3.52775751e-06]
  [-6.26218772e-02 -1.67050155e-01  3.37715169e-01 ... -4.81121299e-06
    2.82324156e-06  8.48202727e-06]
  ...
  [ 6.52566514e-07  2.11065352e-06 -4.81121299e-06 ...  4.50511618e-07
   -1.34934422e-07  4.15985897e-08]
  [-2.96452110e-07 -1.19676231e-06  2.82324156e-06 ... -1.34934422e-07
    2.90629536e-07  3.61658010e-08]
  [-1.20110332e-06 -3.52775751e-06  8.48202727e-06 ...  4.15985897e-08
    3.61658010e-08  1.67312901e-07]]]


******** <class 'pyscf.scf.addons.SmearingDFUKS'> ********
method = SmearingDFUKS
initial guess = minao
damping factor = 0.15
level_shift factor = 0.2
DIIS = <class 'pyscf.scf.diis.CDIIS'>
diis_start_cycle = 1
diis_space = 12
diis_damp = 0
SCF conv_tol = 5e-05
SCF conv_tol_grad = None
SCF max_cycles = 200
direct_scf = True
direct_scf_tol = 1e-13
chkfile to save SCF result = /tmp/tmp2d_gj1bs
max_memory 4000 MB (current use 87218 MB)
number electrons alpha = 325  beta = 323
XC library pyscf.dft.libxc version 6.1.0
    S. Lehtola, C. Steigemann, M. J.T. Oliveira, and M. A.L. Marques.,  SoftwareX 7, 1–5 (2018)
XC functionals = pbe
    J. P. Perdew, K. Burke, and M. Ernzerhof.,  Phys. Rev. Lett. 77, 3865 (1996)
    J. P. Perdew, K. Burke, and M. Ernzerhof.,  Phys. Rev. Lett. 78, 1396 (1997)
    J. P. Perdew, K. Burke, and M. Ernzerhof.,  Phys. Rev. Lett. 77, 3865 (1996)
    J. P. Perdew, K. Burke, and M. Ernzerhof.,  Phys. Rev. Lett. 78, 1396 (1997)
small_rho_cutoff = 1e-06
Set gradient conv threshold to 0.00707107
    Total E(T) = -12114.8844922152  Free energy = -12114.9484950491  E0 = -12114.9164936322
init E= -12114.8844922152
    sigma = 0.005  Optimized mu_alpha = -0.196928193782  entropy = 3.30013745921e-07
    sigma = 0.005  Optimized mu_beta  = -0.199505724502  entropy = 3.30013745921e-07
    Total E(T) = -12114.8844723987  Free energy = -12114.8844724004  E0 = -12114.8844723995
cycle= 1 E= -12114.8844723987  delta_E= 1.98e-05  |g|= 0.0414  |ddm|= 15.1
    sigma = 0.005  Optimized mu_alpha = -0.197183976635  entropy = 3.2864464569e-07
    sigma = 0.005  Optimized mu_beta  = -0.199781464558  entropy = 3.2864464569e-07
    Total E(T) = -12114.884248147  Free energy = -12114.8842481487  E0 = -12114.8842481478
cycle= 2 E= -12114.884248147  delta_E= 0.000224  |g|= 0.13  |ddm|= 70.5
    sigma = 0.005  Optimized mu_alpha = -0.197017015602  entropy = 3.2923590259e-07
    sigma = 0.005  Optimized mu_beta  = -0.199600102919  entropy = 3.2923590259e-07
    Total E(T) = -12114.884387297  Free energy = -12114.8843872987  E0 = -12114.8843872979
cycle= 3 E= -12114.884387297  delta_E= -0.000139  |g|= 0.0678  |ddm|= 28.7
    sigma = 0.005  Optimized mu_alpha = -0.197013166524  entropy = 3.29280450945e-07
    sigma = 0.005  Optimized mu_beta  = -0.199595617655  entropy = 3.29280450945e-07
    Total E(T) = -12114.8844490341  Free energy = -12114.8844490358  E0 = -12114.8844490349
cycle= 4 E= -12114.8844490341  delta_E= -6.17e-05  |g|= 0.0439  |ddm|= 11.7
    sigma = 0.005  Optimized mu_alpha = -0.197000723146  entropy = 3.29310687743e-07
    sigma = 0.005  Optimized mu_beta  = -0.199582745171  entropy = 3.29310687743e-07
    Total E(T) = -12114.8844760797  Free energy = -12114.8844760813  E0 = -12114.8844760805
cycle= 5 E= -12114.8844760797  delta_E= -2.7e-05  |g|= 0.029  |ddm|= 6.74
    sigma = 0.005  Optimized mu_alpha = -0.197010420413  entropy = 3.29261835707e-07
    sigma = 0.005  Optimized mu_beta  = -0.199592777647  entropy = 3.29261835707e-07
    Total E(T) = -12114.8844881061  Free energy = -12114.8844881077  E0 = -12114.8844881069
cycle= 6 E= -12114.8844881061  delta_E= -1.2e-05  |g|= 0.019  |ddm|= 4.22
    sigma = 0.005  Optimized mu_alpha = -0.197006996459  entropy = 3.29264920906e-07
    sigma = 0.005  Optimized mu_beta  = -0.199589313277  entropy = 3.29264920906e-07
    Total E(T) = -12114.884493309  Free energy = -12114.8844933106  E0 = -12114.8844933098
cycle= 7 E= -12114.884493309  delta_E= -5.2e-06  |g|= 0.013  |ddm|= 2.98
    sigma = 0.005  Optimized mu_alpha = -0.197007326641  entropy = 3.29249074847e-07
    sigma = 0.005  Optimized mu_beta  = -0.199589755264  entropy = 3.29249074847e-07
    Total E(T) = -12114.8844957229  Free energy = -12114.8844957245  E0 = -12114.8844957237
cycle= 8 E= -12114.8844957229  delta_E= -2.41e-06  |g|= 0.00832  |ddm|= 1.82
    sigma = 0.005  Optimized mu_alpha = -0.197007493791  entropy = 3.29262663243e-07
    sigma = 0.005  Optimized mu_beta  = -0.199589756769  entropy = 3.29262663243e-07
    Total E(T) = -12114.884496768  Free energy = -12114.8844967696  E0 = -12114.8844967688
cycle= 9 E= -12114.884496768  delta_E= -1.05e-06  |g|= 0.00581  |ddm|= 1.64
    sigma = 0.005  Optimized mu_alpha = -0.296547440496  entropy = 12.8024944935
    sigma = 0.005  Optimized mu_beta  = -0.299450157434  entropy = 12.8024944935
    Total E(T) = -12114.8488268179  Free energy = -12114.9128392904  E0 = -12114.8808330542
Extra cycle  E= -12114.8488268179  delta_E= 0.0357  |g|= 0.223  |ddm|=  886
converged SCF energy = -12114.8488268179  <S^2> = 3.7625609  2S+1 = 4.0062755
[timing] right/Al ensemble SCF = 1182.6s
[timing] collect state = 0.0s
[timing] grad contraction = 1.6s
Npdft 666.000034009496
[timing] checkpoint save = 0.0s
step=  10 L=-12265.75401238 Ef=-12265.75878196 L1=1.10667501e+00 |grad|=2.07669e-02 t=1397.2s
[phase2 outer 5] previous L = -12265.77627951
[phase2 outer 5] new L = -12265.75401238
[phase2 outer 5] dL = 2.22671337e-02
[phase2 outer 5] previous Ef = -12265.78089467
[phase2 outer 5] new Ef = -12265.75878196
[phase2 outer 5] dEf = 2.21127169e-02
[phase2 outer 5] |db| = 1.53740e-02
[phase2 outer 5] |grad| = 2.07669e-02
[phase2 outer 5] last_Ef = -12265.780894674657
[phase2 outer 5] adaptive max_step_norm = 1.000000e-01
[phase2 outer 5] delta = 2.735878e-03
[phase2 outer 5] raw_step_norm = 1.537395e-02
[phase2 outer 5] capped_step_norm = 1.537395e-02
[phase2 outer 5] dL = 0.02226713366144395
[phase2 outer 5] dEf = 0.022112716864285176
[phase2 outer 5] |grad| = 2.076687e-02
[phase2 outer 5] raw_step_norm=1.537395e-02 capped_step_norm=1.537395e-02 raw_max_abs_step=2.735878e-03 capped_max_abs_step=2.735878e-03 step_cap=1.000000e-01 line_search_alpha=n/a
[phase2 outer 5] res.fun = 12265.75401238
[phase2 outer 5] res.message = STOP: TOTAL NO. of ITERATIONS REACHED LIMIT
[phase2 outer 5] finished message=STOP: TOTAL NO. of ITERATIONS REACHED LIMIT |b|=2.989822e-01
[phase2 outer 6] start |b|=2.989822e-01 max|b|=3.255695e-02 delta=2.736e-03
[diagnostic] step=11 |b|=2.989822e-01 max|b|=3.255695e-02
[timing] build AO Vp from S3 = 1.7s
[diagnostic] |vpl|=2.639084e-01 max|vpl|=2.989216e-02
[diagnostic] |vpr|=4.553204e-01 max|vpr|=2.560342e-02
[diagnostic] |vpref|=4.909963e-01 max|vpref|=2.988806e-02
dm0 check [[[ 1.51511375e-09  2.24391589e-08  1.89789891e-07 ... -1.14719081e-07
    7.42477062e-07  6.64944161e-08]
  [ 2.24391589e-08  3.34444528e-07  2.75067334e-06 ... -1.77767252e-06
    1.10110597e-05  1.04758033e-06]
  [ 1.89789891e-07  2.75067334e-06  2.57237859e-05 ... -1.02770044e-05
    9.27869394e-05  4.99877599e-06]
  ...
  [-1.14719081e-07 -1.77767252e-06 -1.02770044e-05 ...  2.27166695e-04
    1.81897075e-06 -1.91352275e-04]
  [ 7.42477062e-07  1.10110597e-05  9.27869394e-05 ...  1.81897075e-06
    4.79980250e-04 -1.62432560e-06]
  [ 6.64944161e-08  1.04758033e-06  4.99877599e-06 ... -1.91352275e-04
   -1.62432560e-06  6.55604901e-04]]

 [[ 2.14412339e-09  3.18475823e-08  2.65523746e-07 ... -7.48707590e-08
    1.03578265e-06  2.38439564e-08]
  [ 3.18475823e-08  4.74248181e-07  3.91397254e-06 ... -9.93114483e-07
    1.53190780e-05  2.50156848e-07]
  [ 2.65523746e-07  3.91397254e-06  3.37625586e-05 ... -1.10142987e-05
    1.30901559e-04  4.52869125e-06]
  ...
  [-7.48707590e-08 -9.93114483e-07 -1.10142987e-05 ...  2.49604184e-04
    2.27939039e-06 -2.10130204e-04]
  [ 1.03578265e-06  1.53190780e-05  1.30901559e-04 ...  2.27939039e-06
    5.52938943e-04 -2.04467330e-06]
  [ 2.38439564e-08  2.50156848e-07  4.52869125e-06 ... -2.10130204e-04
   -2.04467330e-06  7.46013495e-04]]]
converged SCF energy = -150.226693714539  <S^2> = 2.0045398  2S+1 = 3.003025
dm0 check [[[ 1.14641432e-09  1.70871270e-08  1.38754498e-07 ... -8.06213907e-08
    6.25415496e-07  4.56932750e-08]
  [ 1.70871270e-08  2.56086838e-07  2.02953305e-06 ... -1.06183377e-06
    9.18279268e-06  7.18418058e-07]
  [ 1.38754498e-07  2.02953305e-06  1.80708109e-05 ... -1.26947899e-05
    8.12950555e-05  3.19896830e-06]
  ...
  [-8.06213907e-08 -1.06183377e-06 -1.26947899e-05 ...  2.39058167e-04
   -1.61674475e-06 -1.68274711e-04]
  [ 6.25415496e-07  9.18279268e-06  8.12950555e-05 ... -1.61674475e-06
    4.44994585e-04 -4.06038938e-06]
  [ 4.56932750e-08  7.18418058e-07  3.19896830e-06 ... -1.68274711e-04
   -4.06038938e-06  5.95721788e-04]]

 [[ 2.53029630e-08  3.85039161e-07  2.83120217e-06 ... -1.48565745e-07
    1.05897670e-07  7.43893411e-08]
  [ 3.85039161e-07  5.86060637e-06  4.30448777e-05 ... -2.17963598e-06
    1.18331044e-06  1.05288665e-06]
  [ 2.83120217e-06  4.30448777e-05  3.17984248e-04 ... -1.75089152e-05
    2.68735812e-05  9.39054829e-06]
  ...
  [-1.48565745e-07 -2.17963598e-06 -1.75089152e-05 ...  2.30571304e-04
    2.08893263e-07 -1.91670881e-04]
  [ 1.05897670e-07  1.18331044e-06  2.68735812e-05 ...  2.08893263e-07
    4.63237948e-04 -3.50219014e-06]
  [ 7.43893411e-08  1.05288665e-06  9.39054829e-06 ... -1.91670881e-04
   -3.50219014e-06  6.49568369e-04]]]
converged SCF energy = -150.244985829828  <S^2> = 0.92980164  2S+1 = 2.1723735
[timing] left/O ensemble SCF = 11.2s
dm0 check [[ 3.79538296e-01  6.12228368e-01 -1.25222694e-01 ...  1.04165727e-06
  -6.30414229e-07 -2.68687128e-06]
 [ 6.12228368e-01  1.01515617e+00 -3.34041861e-01 ...  3.51271372e-06
  -2.49772674e-06 -7.82385053e-06]
 [-1.25222694e-01 -3.34041861e-01  6.75239305e-01 ... -7.93527514e-06
   5.92392412e-06  1.88353982e-05]
 ...
 [ 1.04165727e-06  3.51271372e-06 -7.93527514e-06 ...  8.73424153e-07
  -2.57633095e-07  8.45645906e-08]
 [-6.30414229e-07 -2.49772674e-06  5.92392412e-06 ... -2.57633095e-07
   5.70640747e-07  6.54465779e-08]
 [-2.68687128e-06 -7.82385053e-06  1.88353982e-05 ...  8.45645906e-08
   6.54465779e-08  3.48175113e-07]]


******** <class 'pyscf.scf.addons.SmearingDFRKS'> ********
method = SmearingDFRKS
initial guess = minao
damping factor = 0.15
level_shift factor = 0.2
DIIS = <class 'pyscf.scf.diis.CDIIS'>
diis_start_cycle = 1
diis_space = 12
diis_damp = 0
SCF conv_tol = 5e-05
SCF conv_tol_grad = None
SCF max_cycles = 200
direct_scf = True
direct_scf_tol = 1e-13
chkfile to save SCF result = /tmp/tmpiu3_m7in
max_memory 4000 MB (current use 87423 MB)
XC library pyscf.dft.libxc version 6.1.0
    S. Lehtola, C. Steigemann, M. J.T. Oliveira, and M. A.L. Marques.,  SoftwareX 7, 1–5 (2018)
XC functionals = pbe
    J. P. Perdew, K. Burke, and M. Ernzerhof.,  Phys. Rev. Lett. 77, 3865 (1996)
    J. P. Perdew, K. Burke, and M. Ernzerhof.,  Phys. Rev. Lett. 78, 1396 (1997)
    J. P. Perdew, K. Burke, and M. Ernzerhof.,  Phys. Rev. Lett. 77, 3865 (1996)
    J. P. Perdew, K. Burke, and M. Ernzerhof.,  Phys. Rev. Lett. 78, 1396 (1997)
small_rho_cutoff = 1e-06
Set gradient conv threshold to 0.00707107
    Total E(T) = -12115.3287849883  Free energy = -12116.3485981732  E0 = -12115.8386915807
init E= -12115.3287849883
    sigma = 0.02  Optimized mu = -0.0517559101082  entropy = 1.50074086214
    Total E(T) = -12115.3287645786  Free energy = -12115.3587793958  E0 = -12115.3437719872
cycle= 1 E= -12115.3287645786  delta_E= 2.04e-05  |g|= 0.0281  |ddm|= 22.2
    sigma = 0.02  Optimized mu = -0.0520600237797  entropy = 1.49976517447
    Total E(T) = -12115.3285336601  Free energy = -12115.3585289636  E0 = -12115.3435313118
cycle= 2 E= -12115.3285336601  delta_E= 0.000231  |g|= 0.0951  |ddm|=   91
    sigma = 0.02  Optimized mu = -0.0518491781803  entropy = 1.50023807032
    Total E(T) = -12115.3286746964  Free energy = -12115.3586794578  E0 = -12115.3436770771
cycle= 3 E= -12115.3286746964  delta_E= -0.000141  |g|= 0.0505  |ddm|= 36.5
    sigma = 0.02  Optimized mu = -0.0518405253887  entropy = 1.50030410292
    Total E(T) = -12115.3287330727  Free energy = -12115.3587391548  E0 = -12115.3437361138
cycle= 4 E= -12115.3287330727  delta_E= -5.84e-05  |g|= 0.0346  |ddm|= 14.9
    sigma = 0.02  Optimized mu = -0.0518363577329  entropy = 1.50032619498
    Total E(T) = -12115.3287601061  Free energy = -12115.35876663  E0 = -12115.3437633681
cycle= 5 E= -12115.3287601061  delta_E= -2.7e-05  |g|= 0.0243  |ddm|= 8.39
    sigma = 0.02  Optimized mu = -0.0518373258737  entropy = 1.50031781725
    Total E(T) = -12115.3287732877  Free energy = -12115.358779644  E0 = -12115.3437764658
cycle= 6 E= -12115.3287732877  delta_E= -1.32e-05  |g|= 0.0173  |ddm|= 5.29
    sigma = 0.02  Optimized mu = -0.0518347648035  entropy = 1.50033533891
    Total E(T) = -12115.3287798736  Free energy = -12115.3587865804  E0 = -12115.343783227
cycle= 7 E= -12115.3287798736  delta_E= -6.59e-06  |g|= 0.0126  |ddm|= 3.41
    sigma = 0.02  Optimized mu = -0.0518351688904  entropy = 1.50033365741
    Total E(T) = -12115.3287832894  Free energy = -12115.3587899625  E0 = -12115.343786626
cycle= 8 E= -12115.3287832894  delta_E= -3.42e-06  |g|= 0.00906  |ddm|= 2.41
    sigma = 0.02  Optimized mu = -0.05183480576  entropy = 1.50033746674
    Total E(T) = -12115.3287850308  Free energy = -12115.3587917802  E0 = -12115.3437884055
cycle= 9 E= -12115.3287850308  delta_E= -1.74e-06  |g|= 0.00673  |ddm|=  1.5
    sigma = 0.02  Optimized mu = -0.151727311259  entropy = 50.9900723625
    Total E(T) = -12114.8013314256  Free energy = -12115.8211328729  E0 = -12115.3112321493
Extra cycle  E= -12114.8013314256  delta_E= 0.527  |g|= 0.422  |ddm|= 4.11e+03
converged SCF energy = -12114.8013314256
dm0 check [[[ 1.89790734e-01  3.06171986e-01 -6.27470293e-02 ...  4.27187787e-07
   -3.09574746e-07 -1.36255976e-06]
  [ 3.06171986e-01  5.07731756e-01 -1.67379829e-01 ...  1.50526634e-06
   -1.23402867e-06 -3.96253829e-06]
  [-6.27470293e-02 -1.67379829e-01  3.38449517e-01 ... -3.36868510e-06
    2.92946089e-06  9.52790149e-06]
  ...
  [ 4.27187787e-07  1.50526634e-06 -3.36868510e-06 ...  4.62688207e-07
   -1.33373317e-07  4.12647490e-08]
  [-3.09574746e-07 -1.23402867e-06  2.92946089e-06 ... -1.33373317e-07
    2.91108891e-07  3.74952931e-08]
  [-1.36255976e-06 -3.96253829e-06  9.52790149e-06 ...  4.12647490e-08
    3.74952931e-08  1.82945150e-07]]

 [[ 1.89770448e-01  3.06116618e-01 -6.26215980e-02 ...  6.65293681e-07
   -2.84600852e-07 -1.24877512e-06]
  [ 3.06116618e-01  5.07583907e-01 -1.67049097e-01 ...  2.14508037e-06
   -1.16481579e-06 -3.65642675e-06]
  [-6.26215980e-02 -1.67049097e-01  3.37712492e-01 ... -4.89529835e-06
    2.74615749e-06  8.79431008e-06]
  ...
  [ 6.65293681e-07  2.14508037e-06 -4.89529835e-06 ...  4.47377727e-07
   -1.35450402e-07  4.43441895e-08]
  [-2.84600852e-07 -1.16481579e-06  2.74615749e-06 ... -1.35450402e-07
    2.91153182e-07  3.50798645e-08]
  [-1.24877512e-06 -3.65642675e-06  8.79431008e-06 ...  4.43441895e-08
    3.50798645e-08  1.73554779e-07]]]


******** <class 'pyscf.scf.addons.SmearingDFUKS'> ********
method = SmearingDFUKS
initial guess = minao
damping factor = 0.15
level_shift factor = 0.2
DIIS = <class 'pyscf.scf.diis.CDIIS'>
diis_start_cycle = 1
diis_space = 12
diis_damp = 0
SCF conv_tol = 5e-05
SCF conv_tol_grad = None
SCF max_cycles = 200
direct_scf = True
direct_scf_tol = 1e-13
chkfile to save SCF result = /tmp/tmp2d_gj1bs
max_memory 4000 MB (current use 87423 MB)
number electrons alpha = 325  beta = 323
XC library pyscf.dft.libxc version 6.1.0
    S. Lehtola, C. Steigemann, M. J.T. Oliveira, and M. A.L. Marques.,  SoftwareX 7, 1–5 (2018)
XC functionals = pbe
    J. P. Perdew, K. Burke, and M. Ernzerhof.,  Phys. Rev. Lett. 77, 3865 (1996)
    J. P. Perdew, K. Burke, and M. Ernzerhof.,  Phys. Rev. Lett. 78, 1396 (1997)
    J. P. Perdew, K. Burke, and M. Ernzerhof.,  Phys. Rev. Lett. 77, 3865 (1996)
    J. P. Perdew, K. Burke, and M. Ernzerhof.,  Phys. Rev. Lett. 78, 1396 (1997)
small_rho_cutoff = 1e-06
Set gradient conv threshold to 0.00707107
    Total E(T) = -12114.8844967678  Free energy = -12114.9485092403  E0 = -12114.916503004
init E= -12114.8844967678
    sigma = 0.005  Optimized mu_alpha = -0.196978163011  entropy = 3.29510795671e-07
    sigma = 0.005  Optimized mu_beta  = -0.199558501596  entropy = 3.29510795671e-07
    Total E(T) = -12114.8844899276  Free energy = -12114.8844899292  E0 = -12114.8844899284
cycle= 1 E= -12114.8844899276  delta_E= 6.84e-06  |g|= 0.0239  |ddm|= 11.1
    sigma = 0.005  Optimized mu_alpha = -0.197089137966  entropy = 3.28848326947e-07
    sigma = 0.005  Optimized mu_beta  = -0.19967854361  entropy = 3.28848326947e-07
    Total E(T) = -12114.8844166424  Free energy = -12114.884416644  E0 = -12114.8844166432
cycle= 2 E= -12114.8844166424  delta_E= 7.33e-05  |g|= 0.0763  |ddm|=   41
    sigma = 0.005  Optimized mu_alpha = -0.197011680316  entropy = 3.2921139688e-07
    sigma = 0.005  Optimized mu_beta  = -0.199594517675  entropy = 3.2921139688e-07
    Total E(T) = -12114.8844609452  Free energy = -12114.8844609468  E0 = -12114.884460946
cycle= 3 E= -12114.8844609452  delta_E= -4.43e-05  |g|= 0.0404  |ddm|= 15.5
    sigma = 0.005  Optimized mu_alpha = -0.197010503218  entropy = 3.29235315966e-07
    sigma = 0.005  Optimized mu_beta  = -0.19959305448  entropy = 3.29235315966e-07
    Total E(T) = -12114.8844807467  Free energy = -12114.8844807483  E0 = -12114.8844807475
cycle= 4 E= -12114.8844807467  delta_E= -1.98e-05  |g|= 0.027  |ddm|=  6.5
    sigma = 0.005  Optimized mu_alpha = -0.197006766786  entropy = 3.29253900902e-07
    sigma = 0.005  Optimized mu_beta  = -0.199589095264  entropy = 3.29253900902e-07
    Total E(T) = -12114.8844896574  Free energy = -12114.884489659  E0 = -12114.8844896582
cycle= 5 E= -12114.8844896574  delta_E= -8.91e-06  |g|= 0.0185  |ddm|=  3.9
    sigma = 0.005  Optimized mu_alpha = -0.197009678452  entropy = 3.29240110622e-07
    sigma = 0.005  Optimized mu_beta  = -0.199592130089  entropy = 3.29240110622e-07
    Total E(T) = -12114.8844938799  Free energy = -12114.8844938816  E0 = -12114.8844938807
cycle= 6 E= -12114.8844938799  delta_E= -4.22e-06  |g|= 0.0125  |ddm|= 2.38
    sigma = 0.005  Optimized mu_alpha = -0.197007278972  entropy = 3.29248008267e-07
    sigma = 0.005  Optimized mu_beta  = -0.199589684994  entropy = 3.29248008267e-07
    Total E(T) = -12114.8844957817  Free energy = -12114.8844957833  E0 = -12114.8844957825
cycle= 7 E= -12114.8844957817  delta_E= -1.9e-06  |g|= 0.00909  |ddm|= 1.83
    sigma = 0.005  Optimized mu_alpha = -0.197007547968  entropy = 3.29242061965e-07
    sigma = 0.005  Optimized mu_beta  = -0.199589999801  entropy = 3.29242061965e-07
    Total E(T) = -12114.8844967182  Free energy = -12114.8844967198  E0 = -12114.884496719
cycle= 8 E= -12114.8844967182  delta_E= -9.36e-07  |g|= 0.00649  |ddm|= 1.13
    sigma = 0.005  Optimized mu_alpha = -0.296557284456  entropy = 12.8024057661
    sigma = 0.005  Optimized mu_beta  = -0.299460107418  entropy = 12.8024057661
    Total E(T) = -12114.8487874874  Free energy = -12114.9127995162  E0 = -12114.8807935018
Extra cycle  E= -12114.8487874874  delta_E= 0.0357  |g|= 0.23  |ddm|=  886
converged SCF energy = -12114.8487874874  <S^2> = 3.7625624  2S+1 = 4.0062763
[timing] right/Al ensemble SCF = 1112.5s
[timing] collect state = 0.0s
[timing] grad contraction = 1.6s
Npdft 666.0000340084497
[timing] checkpoint save = 0.0s
step=  11 L=-12265.75411384 Ef=-12265.75887742 L1=1.10638511e+00 |grad|=2.07586e-02 t=1325.8s
[diagnostic] step=12 |b|=3.124667e-01 max|b|=3.529283e-02
[timing] build AO Vp from S3 = 1.6s
[diagnostic] |vpl|=2.795235e-01 max|vpl|=3.263941e-02
[diagnostic] |vpr|=4.710389e-01 max|vpr|=2.756938e-02
[diagnostic] |vpref|=5.101436e-01 max|vpref|=3.263356e-02
dm0 check [[[ 1.51511400e-09  2.24391600e-08  1.89789928e-07 ... -1.14718962e-07
    7.42476714e-07  6.64943065e-08]
  [ 2.24391600e-08  3.34444485e-07  2.75067385e-06 ... -1.77767047e-06
    1.10110561e-05  1.04757833e-06]
  [ 1.89789928e-07  2.75067385e-06  2.57237919e-05 ... -1.02769880e-05
    9.27868883e-05  4.99876130e-06]
  ...
  [-1.14718962e-07 -1.77767047e-06 -1.02769880e-05 ...  2.27166751e-04
    1.81897134e-06 -1.91352321e-04]
  [ 7.42476714e-07  1.10110561e-05  9.27868883e-05 ...  1.81897134e-06
    4.79980282e-04 -1.62432522e-06]
  [ 6.64943065e-08  1.04757833e-06  4.99876130e-06 ... -1.91352321e-04
   -1.62432522e-06  6.55604975e-04]]

 [[ 2.14412354e-09  3.18475846e-08  2.65523731e-07 ... -7.48705364e-08
    1.03578253e-06  2.38437649e-08]
  [ 3.18475846e-08  4.74248192e-07  3.91397261e-06 ... -9.93112989e-07
    1.53190768e-05  2.50155505e-07]
  [ 2.65523731e-07  3.91397261e-06  3.37625555e-05 ... -1.10142837e-05
    1.30901536e-04  4.52867858e-06]
  ...
  [-7.48705364e-08 -9.93112989e-07 -1.10142837e-05 ...  2.49604225e-04
    2.27939081e-06 -2.10130239e-04]
  [ 1.03578253e-06  1.53190768e-05  1.30901536e-04 ...  2.27939081e-06
    5.52938828e-04 -2.04467284e-06]
  [ 2.38437649e-08  2.50155505e-07  4.52867858e-06 ... -2.10130239e-04
   -2.04467284e-06  7.46013406e-04]]]
converged SCF energy = -150.226693714539  <S^2> = 2.0045398  2S+1 = 3.003025
dm0 check [[[ 1.14639726e-09  1.70869080e-08  1.38752841e-07 ... -8.06177044e-08
    6.25412352e-07  4.56920641e-08]
  [ 1.70869080e-08  2.56083819e-07  2.02951598e-06 ... -1.06181930e-06
    9.18277785e-06  7.18392876e-07]
  [ 1.38752841e-07  2.02951598e-06  1.80706665e-05 ... -1.26945619e-05
    8.12947008e-05  3.19879667e-06]
  ...
  [-8.06177044e-08 -1.06181930e-06 -1.26945619e-05 ...  2.39058832e-04
   -1.61678662e-06 -1.68275217e-04]
  [ 6.25412352e-07  9.18277785e-06  8.12947008e-05 ... -1.61678662e-06
    4.44995569e-04 -4.06043562e-06]
  [ 4.56920641e-08  7.18392876e-07  3.19879667e-06 ... -1.68275217e-04
   -4.06043562e-06  5.95723763e-04]]

 [[ 2.53036435e-08  3.85049381e-07  2.83127545e-06 ... -1.48564547e-07
    1.05880637e-07  7.43886179e-08]
  [ 3.85049381e-07  5.86075943e-06  4.30459828e-05 ... -2.17963725e-06
    1.18308178e-06  1.05289582e-06]
  [ 2.83127545e-06  4.30459828e-05  3.17992172e-04 ... -1.75088542e-05
    2.68717506e-05  9.39057060e-06]
  ...
  [-1.48564547e-07 -2.17963725e-06 -1.75088542e-05 ...  2.30571805e-04
    2.08918227e-07 -1.91671418e-04]
  [ 1.05880637e-07  1.18308178e-06  2.68717506e-05 ...  2.08918227e-07
    4.63238520e-04 -3.50223257e-06]
  [ 7.43886179e-08  1.05289582e-06  9.39057060e-06 ... -1.91671418e-04
   -3.50223257e-06  6.49568712e-04]]]
converged SCF energy = -150.244985829823  <S^2> = 0.92979692  2S+1 = 2.1723691
[timing] left/O ensemble SCF = 13.9s
dm0 check [[ 3.79538294e-01  6.12228364e-01 -1.25222681e-01 ...  1.04213050e-06
  -6.30669972e-07 -2.68702231e-06]
 [ 6.12228364e-01  1.01515616e+00 -3.34041830e-01 ...  3.51398978e-06
  -2.49841715e-06 -7.82425719e-06]
 [-1.25222681e-01 -3.34041830e-01  6.75239231e-01 ... -7.93836242e-06
   5.92560312e-06  1.88363706e-05]
 ...
 [ 1.04213050e-06  3.51398978e-06 -7.93836242e-06 ...  8.73417677e-07
  -2.57621305e-07  8.45708363e-08]
 [-6.30669972e-07 -2.49841715e-06  5.92560312e-06 ... -2.57621305e-07
   5.70608850e-07  6.54487461e-08]
 [-2.68702231e-06 -7.82425719e-06  1.88363706e-05 ...  8.45708363e-08
   6.54487461e-08  3.48172861e-07]]


******** <class 'pyscf.scf.addons.SmearingDFRKS'> ********
method = SmearingDFRKS
initial guess = minao
damping factor = 0.15
level_shift factor = 0.2
DIIS = <class 'pyscf.scf.diis.CDIIS'>
diis_start_cycle = 1
diis_space = 12
diis_damp = 0
SCF conv_tol = 5e-05
SCF conv_tol_grad = None
SCF max_cycles = 200
direct_scf = True
direct_scf_tol = 1e-13
chkfile to save SCF result = /tmp/tmpiu3_m7in
max_memory 4000 MB (current use 87293 MB)
XC library pyscf.dft.libxc version 6.1.0
    S. Lehtola, C. Steigemann, M. J.T. Oliveira, and M. A.L. Marques.,  SoftwareX 7, 1–5 (2018)
XC functionals = pbe
    J. P. Perdew, K. Burke, and M. Ernzerhof.,  Phys. Rev. Lett. 77, 3865 (1996)
    J. P. Perdew, K. Burke, and M. Ernzerhof.,  Phys. Rev. Lett. 78, 1396 (1997)
    J. P. Perdew, K. Burke, and M. Ernzerhof.,  Phys. Rev. Lett. 77, 3865 (1996)
    J. P. Perdew, K. Burke, and M. Ernzerhof.,  Phys. Rev. Lett. 78, 1396 (1997)
small_rho_cutoff = 1e-06
Set gradient conv threshold to 0.00707107
    Total E(T) = -12115.2843771639  Free energy = -12116.3041786112  E0 = -12115.7942778876
init E= -12115.2843771639
    sigma = 0.02  Optimized mu = -0.0517174086869  entropy = 1.50145152053
    Total E(T) = -12115.284341832  Free energy = -12115.3143708624  E0 = -12115.2993563472
cycle= 1 E= -12115.284341832  delta_E= 3.53e-05  |g|= 0.0377  |ddm|= 25.5
    sigma = 0.02  Optimized mu = -0.0521593632082  entropy = 1.50025373343
    Total E(T) = -12115.2839285474  Free energy = -12115.3139336221  E0 = -12115.2989310847
cycle= 2 E= -12115.2839285474  delta_E= 0.000413  |g|= 0.126  |ddm|=  122
    sigma = 0.02  Optimized mu = -0.0518621520126  entropy = 1.50068746434
    Total E(T) = -12115.284184669  Free energy = -12115.3141984183  E0 = -12115.2991915436
cycle= 3 E= -12115.284184669  delta_E= -0.000256  |g|= 0.0659  |ddm|= 50.8
    sigma = 0.02  Optimized mu = -0.0518476315933  entropy = 1.50077427933
    Total E(T) = -12115.2842912573  Free energy = -12115.3143067429  E0 = -12115.2992990001
cycle= 4 E= -12115.2842912573  delta_E= -0.000107  |g|= 0.0441  |ddm|= 20.1
    sigma = 0.02  Optimized mu = -0.0518402608095  entropy = 1.50080653429
    Total E(T) = -12115.2843397922  Free energy = -12115.3143559229  E0 = -12115.2993478576
cycle= 5 E= -12115.2843397922  delta_E= -4.85e-05  |g|= 0.0299  |ddm|= 11.2
    sigma = 0.02  Optimized mu = -0.0518427931029  entropy = 1.50077455652
    Total E(T) = -12115.2843619583  Free energy = -12115.3143774494  E0 = -12115.2993697038
cycle= 6 E= -12115.2843619583  delta_E= -2.22e-05  |g|= 0.0213  |ddm|= 7.98
    sigma = 0.02  Optimized mu = -0.0518421388624  entropy = 1.50078284258
    Total E(T) = -12115.2843725685  Free energy = -12115.3143882253  E0 = -12115.2993803969
cycle= 7 E= -12115.2843725685  delta_E= -1.06e-05  |g|= 0.0151  |ddm|= 4.59
    sigma = 0.02  Optimized mu = -0.05184045937  entropy = 1.5007887455
    Total E(T) = -12115.2843779737  Free energy = -12115.3143937486  E0 = -12115.2993858611
cycle= 8 E= -12115.2843779737  delta_E= -5.41e-06  |g|= 0.0106  |ddm|= 2.83
    sigma = 0.02  Optimized mu = -0.0518436271135  entropy = 1.50077307694
    Total E(T) = -12115.2843806031  Free energy = -12115.3143960647  E0 = -12115.2993883339
cycle= 9 E= -12115.2843806031  delta_E= -2.63e-06  |g|= 0.00755  |ddm|= 2.75
    sigma = 0.02  Optimized mu = -0.0518401873444  entropy = 1.50079127898
    Total E(T) = -12115.2843818531  Free energy = -12115.3143976787  E0 = -12115.2993897659
cycle= 10 E= -12115.2843818531  delta_E= -1.25e-06  |g|= 0.00572  |ddm|= 1.67
    sigma = 0.02  Optimized mu = -0.151743803909  entropy = 50.9897057941
    Total E(T) = -12114.7574435306  Free energy = -12115.7772376464  E0 = -12115.2673405885
Extra cycle  E= -12114.7574435306  delta_E= 0.527  |g|= 0.412  |ddm|= 4.11e+03
converged SCF energy = -12114.7574435306
dm0 check [[[ 1.89790727e-01  3.06171968e-01 -6.27469842e-02 ...  4.27335627e-07
   -3.09620311e-07 -1.36260638e-06]
  [ 3.06171968e-01  5.07731709e-01 -1.67379710e-01 ...  1.50566444e-06
   -1.23415173e-06 -3.96266361e-06]
  [-6.27469842e-02 -1.67379710e-01  3.38449231e-01 ... -3.36964090e-06
    2.92976020e-06  9.52819690e-06]
  ...
  [ 4.27335627e-07  1.50566444e-06 -3.36964090e-06 ...  4.62710267e-07
   -1.33377252e-07  4.12701275e-08]
  [-3.09620311e-07 -1.23415173e-06  2.92976020e-06 ... -1.33377252e-07
    2.91092542e-07  3.74950595e-08]
  [-1.36260638e-06 -3.96266361e-06  9.52819690e-06 ...  4.12701275e-08
    3.74950595e-08  1.82943222e-07]]

 [[ 1.89770441e-01  3.06116600e-01 -6.26215499e-02 ...  6.65350178e-07
   -2.84823174e-07 -1.24864710e-06]
  [ 3.06116600e-01  5.07583858e-01 -1.67048968e-01 ...  2.14523282e-06
   -1.16541632e-06 -3.65608057e-06]
  [-6.26215499e-02 -1.67048968e-01  3.37712174e-01 ... -4.89566640e-06
    2.74761932e-06  8.79345996e-06]
  ...
  [ 6.65350178e-07  2.14523282e-06 -4.89566640e-06 ...  4.47396836e-07
   -1.35447605e-07  4.43488191e-08]
  [-2.84823174e-07 -1.16541632e-06  2.74761932e-06 ... -1.35447605e-07
    2.91138732e-07  3.50824219e-08]
  [-1.24864710e-06 -3.65608057e-06  8.79345996e-06 ...  4.43488191e-08
    3.50824219e-08  1.73553649e-07]]]


******** <class 'pyscf.scf.addons.SmearingDFUKS'> ********
method = SmearingDFUKS
initial guess = minao
damping factor = 0.15
level_shift factor = 0.2
DIIS = <class 'pyscf.scf.diis.CDIIS'>
diis_start_cycle = 1
diis_space = 12
diis_damp = 0
SCF conv_tol = 5e-05
SCF conv_tol_grad = None
SCF max_cycles = 200
direct_scf = True
direct_scf_tol = 1e-13
chkfile to save SCF result = /tmp/tmp2d_gj1bs
max_memory 4000 MB (current use 87330 MB)
number electrons alpha = 325  beta = 323
XC library pyscf.dft.libxc version 6.1.0
    S. Lehtola, C. Steigemann, M. J.T. Oliveira, and M. A.L. Marques.,  SoftwareX 7, 1–5 (2018)
XC functionals = pbe
    J. P. Perdew, K. Burke, and M. Ernzerhof.,  Phys. Rev. Lett. 77, 3865 (1996)
    J. P. Perdew, K. Burke, and M. Ernzerhof.,  Phys. Rev. Lett. 78, 1396 (1997)
    J. P. Perdew, K. Burke, and M. Ernzerhof.,  Phys. Rev. Lett. 77, 3865 (1996)
    J. P. Perdew, K. Burke, and M. Ernzerhof.,  Phys. Rev. Lett. 78, 1396 (1997)
small_rho_cutoff = 1e-06
Set gradient conv threshold to 0.00707107
    Total E(T) = -12114.8401426684  Free energy = -12114.9041546972  E0 = -12114.8721486828
init E= -12114.8401426684
    sigma = 0.005  Optimized mu_alpha = -0.196942377891  entropy = 3.30454065744e-07
    sigma = 0.005  Optimized mu_beta  = -0.199517187184  entropy = 3.30454065744e-07
    Total E(T) = -12114.8401244941  Free energy = -12114.8401244957  E0 = -12114.8401244949
cycle= 1 E= -12114.8401244941  delta_E= 1.82e-05  |g|= 0.04  |ddm|= 14.6
    sigma = 0.005  Optimized mu_alpha = -0.19717253561  entropy = 3.29274995398e-07
    sigma = 0.005  Optimized mu_beta  = -0.199764931049  entropy = 3.29274995398e-07
    Total E(T) = -12114.8399176605  Free energy = -12114.8399176621  E0 = -12114.8399176613
cycle= 2 E= -12114.8399176605  delta_E= 0.000207  |g|= 0.126  |ddm|= 67.3
    sigma = 0.005  Optimized mu_alpha = -0.197022989121  entropy = 3.29756860066e-07
    sigma = 0.005  Optimized mu_beta  = -0.199602519915  entropy = 3.29756860066e-07
    Total E(T) = -12114.8400449842  Free energy = -12114.8400449858  E0 = -12114.840044985
cycle= 3 E= -12114.8400449842  delta_E= -0.000127  |g|= 0.0661  |ddm|= 27.2
    sigma = 0.005  Optimized mu_alpha = -0.197019521473  entropy = 3.29795812639e-07
    sigma = 0.005  Optimized mu_beta  = -0.199598475249  entropy = 3.29795812639e-07
    Total E(T) = -12114.8401018484  Free energy = -12114.84010185  E0 = -12114.8401018492
cycle= 4 E= -12114.8401018484  delta_E= -5.69e-05  |g|= 0.0431  |ddm|=   11
    sigma = 0.005  Optimized mu_alpha = -0.19700807568  entropy = 3.29823310337e-07
    sigma = 0.005  Optimized mu_beta  = -0.199586683674  entropy = 3.29823310337e-07
    Total E(T) = -12114.8401269536  Free energy = -12114.8401269552  E0 = -12114.8401269544
cycle= 5 E= -12114.8401269536  delta_E= -2.51e-05  |g|= 0.0287  |ddm|= 6.42
    sigma = 0.005  Optimized mu_alpha = -0.197017182522  entropy = 3.29777293269e-07
    sigma = 0.005  Optimized mu_beta  = -0.199596130533  entropy = 3.29777293269e-07
    Total E(T) = -12114.8401382941  Free energy = -12114.8401382957  E0 = -12114.8401382949
cycle= 6 E= -12114.8401382941  delta_E= -1.13e-05  |g|= 0.0188  |ddm|=    4
    sigma = 0.005  Optimized mu_alpha = -0.197013432864  entropy = 3.29784554082e-07
    sigma = 0.005  Optimized mu_beta  = -0.199592264336  entropy = 3.29784554082e-07
    Total E(T) = -12114.8401432446  Free energy = -12114.8401432463  E0 = -12114.8401432455
cycle= 7 E= -12114.8401432446  delta_E= -4.95e-06  |g|= 0.013  |ddm|= 2.88
    sigma = 0.005  Optimized mu_alpha = -0.197013797895  entropy = 3.29767000658e-07
    sigma = 0.005  Optimized mu_beta  = -0.199592786483  entropy = 3.29767000658e-07
    Total E(T) = -12114.840145578  Free energy = -12114.8401455796  E0 = -12114.8401455788
cycle= 8 E= -12114.840145578  delta_E= -2.33e-06  |g|= 0.00845  |ddm|= 1.76
    sigma = 0.005  Optimized mu_alpha = -0.197014134085  entropy = 3.29779034907e-07
    sigma = 0.005  Optimized mu_beta  = -0.199592928432  entropy = 3.29779034907e-07
    Total E(T) = -12114.8401466083  Free energy = -12114.84014661  E0 = -12114.8401466091
cycle= 9 E= -12114.8401466083  delta_E= -1.03e-06  |g|= 0.00587  |ddm|= 1.55
    sigma = 0.005  Optimized mu_alpha = -0.296556575918  entropy = 12.8044886868
    sigma = 0.005  Optimized mu_beta  = -0.299457847597  entropy = 12.8044886868
    Total E(T) = -12114.804503075  Free energy = -12114.8685255185  E0 = -12114.8365142968
Extra cycle  E= -12114.804503075  delta_E= 0.0356  |g|= 0.223  |ddm|=  887
converged SCF energy = -12114.804503075  <S^2> = 3.7625772  2S+1 = 4.0062837
[timing] right/Al ensemble SCF = 1223.4s
[timing] collect state = 0.0s
[timing] grad contraction = 4.6s
Npdft 666.0000340110703
[timing] checkpoint save = 0.0s
step=  12 L=-12265.73252183 Ef=-12265.73742389 L1=1.09197869e+00 |grad|=2.05009e-02 t=1442.6s
[phase2 outer 6] previous L = -12265.75401238
[phase2 outer 6] new L = -12265.73252183
[phase2 outer 6] dL = 2.14905476e-02
[phase2 outer 6] previous Ef = -12265.75878196
[phase2 outer 6] new Ef = -12265.73742389
[phase2 outer 6] dEf = 2.13580673e-02
[phase2 outer 6] |db| = 1.50057e-02
[phase2 outer 6] |grad| = 2.05009e-02
[phase2 outer 6] last_Ef = -12265.758781957793
[phase2 outer 6] adaptive max_step_norm = 1.000000e-01
[phase2 outer 6] delta = 2.735878e-03
[phase2 outer 6] raw_step_norm = 1.500569e-02
[phase2 outer 6] capped_step_norm = 1.500569e-02
[phase2 outer 6] dL = 0.021490547640496516
[phase2 outer 6] dEf = 0.021358067282562843
[phase2 outer 6] |grad| = 2.050094e-02
[phase2 outer 6] raw_step_norm=1.500569e-02 capped_step_norm=1.500569e-02 raw_max_abs_step=2.735878e-03 capped_max_abs_step=2.735878e-03 step_cap=1.000000e-01 line_search_alpha=n/a
[phase2 outer 6] res.fun = 12265.73252183
[phase2 outer 6] res.message = STOP: TOTAL NO. of ITERATIONS REACHED LIMIT
[phase2 outer 6] finished message=STOP: TOTAL NO. of ITERATIONS REACHED LIMIT |b|=3.124667e-01
[phase2 outer 7] start |b|=3.124667e-01 max|b|=3.529283e-02 delta=2.736e-03
[diagnostic] step=13 |b|=3.124667e-01 max|b|=3.529283e-02
[timing] build AO Vp from S3 = 1.6s
[diagnostic] |vpl|=2.795235e-01 max|vpl|=3.263941e-02
[diagnostic] |vpr|=4.710389e-01 max|vpr|=2.756938e-02
[diagnostic] |vpref|=5.101436e-01 max|vpref|=3.263356e-02
dm0 check [[[ 1.51511373e-09  2.24391588e-08  1.89789889e-07 ... -1.14719087e-07
    7.42477080e-07  6.64944215e-08]
  [ 2.24391588e-08  3.34444531e-07  2.75067332e-06 ... -1.77767263e-06
    1.10110598e-05  1.04758043e-06]
  [ 1.89789889e-07  2.75067332e-06  2.57237856e-05 ... -1.02770053e-05
    9.27869420e-05  4.99877673e-06]
  ...
  [-1.14719087e-07 -1.77767263e-06 -1.02770053e-05 ...  2.27166692e-04
    1.81897072e-06 -1.91352272e-04]
  [ 7.42477080e-07  1.10110598e-05  9.27869420e-05 ...  1.81897072e-06
    4.79980248e-04 -1.62432562e-06]
  [ 6.64944215e-08  1.04758043e-06  4.99877673e-06 ... -1.91352272e-04
   -1.62432562e-06  6.55604898e-04]]

 [[ 2.14412339e-09  3.18475822e-08  2.65523747e-07 ... -7.48707702e-08
    1.03578266e-06  2.38439660e-08]
  [ 3.18475822e-08  4.74248180e-07  3.91397253e-06 ... -9.93114559e-07
    1.53190781e-05  2.50156915e-07]
  [ 2.65523747e-07  3.91397253e-06  3.37625588e-05 ... -1.10142995e-05
    1.30901560e-04  4.52869189e-06]
  ...
  [-7.48707702e-08 -9.93114559e-07 -1.10142995e-05 ...  2.49604182e-04
    2.27939037e-06 -2.10130203e-04]
  [ 1.03578266e-06  1.53190781e-05  1.30901560e-04 ...  2.27939037e-06
    5.52938949e-04 -2.04467332e-06]
  [ 2.38439660e-08  2.50156915e-07  4.52869189e-06 ... -2.10130203e-04
   -2.04467332e-06  7.46013500e-04]]]
converged SCF energy = -150.226693714539  <S^2> = 2.0045398  2S+1 = 3.003025
dm0 check [[[ 1.14642738e-09  1.70873234e-08  1.38755604e-07 ... -8.06200604e-08
    6.25417954e-07  4.56923531e-08]
  [ 1.70873234e-08  2.56089735e-07  2.02955002e-06 ... -1.06182576e-06
    9.18282712e-06  7.18407030e-07]
  [ 1.38755604e-07  2.02955002e-06  1.80709048e-05 ... -1.26947524e-05
    8.12952277e-05  3.19886191e-06]
  ...
  [-8.06200604e-08 -1.06182576e-06 -1.26947524e-05 ...  2.39058811e-04
   -1.61674013e-06 -1.68274287e-04]
  [ 6.25417954e-07  9.18282712e-06  8.12952277e-05 ... -1.61674013e-06
    4.44994205e-04 -4.06031368e-06]
  [ 4.56923531e-08  7.18407030e-07  3.19886191e-06 ... -1.68274287e-04
   -4.06031368e-06  5.95721300e-04]]

 [[ 2.53026335e-08  3.85034116e-07  2.83116622e-06 ... -1.48563835e-07
    1.05882946e-07  7.43908617e-08]
  [ 3.85034116e-07  5.86052907e-06  4.30443283e-05 ... -2.17961996e-06
    1.18308600e-06  1.05292216e-06]
  [ 2.83116622e-06  4.30443283e-05  3.17980346e-04 ... -1.75087383e-05
    2.68719306e-05  9.39076674e-06]
  ...
  [-1.48563835e-07 -2.17961996e-06 -1.75087383e-05 ...  2.30570920e-04
    2.08965021e-07 -1.91670557e-04]
  [ 1.05882946e-07  1.18308600e-06  2.68719306e-05 ...  2.08965021e-07
    4.63236743e-04 -3.50208275e-06]
  [ 7.43908617e-08  1.05292216e-06  9.39076674e-06 ... -1.91670557e-04
   -3.50208275e-06  6.49566066e-04]]]
converged SCF energy = -150.244985829837  <S^2> = 0.92979914  2S+1 = 2.1723712
[timing] left/O ensemble SCF = 14.7s
dm0 check [[ 3.79538126e-01  6.12228310e-01 -1.25222767e-01 ...  1.07263949e-06
  -6.05672754e-07 -2.78987360e-06]
 [ 6.12228310e-01  1.01515621e+00 -3.34041432e-01 ...  3.59644329e-06
  -2.43104663e-06 -8.10175844e-06]
 [-1.25222767e-01 -3.34041432e-01  6.75238147e-01 ... -8.13911899e-06
   5.76315265e-06  1.95089889e-05]
 ...
 [ 1.07263949e-06  3.59644329e-06 -8.13911899e-06 ...  8.67339255e-07
  -2.58641081e-07  8.95701448e-08]
 [-6.05672754e-07 -2.43104663e-06  5.76315265e-06 ... -2.58641081e-07
   5.71766993e-07  6.29510900e-08]
 [-2.78987360e-06 -8.10175844e-06  1.95089889e-05 ...  8.95701448e-08
   6.29510900e-08  3.62071491e-07]]


******** <class 'pyscf.scf.addons.SmearingDFRKS'> ********
method = SmearingDFRKS
initial guess = minao
damping factor = 0.15
level_shift factor = 0.2
DIIS = <class 'pyscf.scf.diis.CDIIS'>
diis_start_cycle = 1
diis_space = 12
diis_damp = 0
SCF conv_tol = 5e-05
SCF conv_tol_grad = None
SCF max_cycles = 200
direct_scf = True
direct_scf_tol = 1e-13
chkfile to save SCF result = /tmp/tmpiu3_m7in
max_memory 4000 MB (current use 87311 MB)
XC library pyscf.dft.libxc version 6.1.0
    S. Lehtola, C. Steigemann, M. J.T. Oliveira, and M. A.L. Marques.,  SoftwareX 7, 1–5 (2018)
XC functionals = pbe
    J. P. Perdew, K. Burke, and M. Ernzerhof.,  Phys. Rev. Lett. 77, 3865 (1996)
    J. P. Perdew, K. Burke, and M. Ernzerhof.,  Phys. Rev. Lett. 78, 1396 (1997)
    J. P. Perdew, K. Burke, and M. Ernzerhof.,  Phys. Rev. Lett. 77, 3865 (1996)
    J. P. Perdew, K. Burke, and M. Ernzerhof.,  Phys. Rev. Lett. 78, 1396 (1997)
small_rho_cutoff = 1e-06
Set gradient conv threshold to 0.00707107
    Total E(T) = -12115.284381854  Free energy = -12116.3041759698  E0 = -12115.7942789119
init E= -12115.284381854
    sigma = 0.02  Optimized mu = -0.051781662677  entropy = 1.50108575305
    Total E(T) = -12115.2843675529  Free energy = -12115.314389268  E0 = -12115.2993784105
cycle= 1 E= -12115.2843675529  delta_E= 1.43e-05  |g|= 0.024  |ddm|= 17.8
    sigma = 0.02  Optimized mu = -0.0520063468634  entropy = 1.50037777878
    Total E(T) = -12115.2842046394  Free energy = -12115.314212195  E0 = -12115.2992084172
cycle= 2 E= -12115.2842046394  delta_E= 0.000163  |g|= 0.0809  |ddm|= 75.5
    sigma = 0.02  Optimized mu = -0.0518533298209  entropy = 1.5007061706
    Total E(T) = -12115.2843028184  Free energy = -12115.3143169418  E0 = -12115.2993098801
cycle= 3 E= -12115.2843028184  delta_E= -9.82e-05  |g|= 0.0433  |ddm|= 30.6
    sigma = 0.02  Optimized mu = -0.0518461880958  entropy = 1.50075741064
    Total E(T) = -12115.2843441651  Free energy = -12115.3143593134  E0 = -12115.2993517392
cycle= 4 E= -12115.2843441651  delta_E= -4.13e-05  |g|= 0.0299  |ddm|= 12.1
    sigma = 0.02  Optimized mu = -0.0518432160533  entropy = 1.5007732267
    Total E(T) = -12115.2843636152  Free energy = -12115.3143790797  E0 = -12115.2993713475
cycle= 5 E= -12115.2843636152  delta_E= -1.95e-05  |g|= 0.0211  |ddm|= 6.92
    sigma = 0.02  Optimized mu = -0.0518428734104  entropy = 1.50077105809
    Total E(T) = -12115.284373068  Free energy = -12115.3143884892  E0 = -12115.2993807786
cycle= 6 E= -12115.284373068  delta_E= -9.45e-06  |g|= 0.0153  |ddm|= 4.65
    sigma = 0.02  Optimized mu = -0.0518424085885  entropy = 1.50077675459
    Total E(T) = -12115.2843779435  Free energy = -12115.3143934786  E0 = -12115.299385711
cycle= 7 E= -12115.2843779435  delta_E= -4.88e-06  |g|= 0.0111  |ddm|= 2.84
    sigma = 0.02  Optimized mu = -0.05184009968  entropy = 1.50078768613
    Total E(T) = -12115.2843804348  Free energy = -12115.3143961886  E0 = -12115.2993883117
cycle= 8 E= -12115.2843804348  delta_E= -2.49e-06  |g|= 0.00827  |ddm|= 1.97
    sigma = 0.02  Optimized mu = -0.0518424633018  entropy = 1.50077799481
    Total E(T) = -12115.2843818185  Free energy = -12115.3143973784  E0 = -12115.2993895985
cycle= 9 E= -12115.2843818185  delta_E= -1.38e-06  |g|= 0.0061  |ddm|= 1.33
    sigma = 0.02  Optimized mu = -0.15174997314  entropy = 50.9896648191
    Total E(T) = -12114.7573993815  Free energy = -12115.7771926778  E0 = -12115.2672960296
Extra cycle  E= -12114.7573993815  delta_E= 0.527  |g|= 0.415  |ddm|= 4.11e+03
converged SCF energy = -12114.7573993815
dm0 check [[[ 1.89790649e-01  3.06171951e-01 -6.27470570e-02 ...  4.40804717e-07
   -2.98004667e-07 -1.41072419e-06]
  [ 3.06171951e-01  5.07731760e-01 -1.67379594e-01 ...  1.54205212e-06
   -1.20286311e-06 -4.09241862e-06]
  [-6.27470570e-02 -1.67379594e-01  3.38448933e-01 ... -3.45807974e-06
    2.85447045e-06  9.84206039e-06]
  ...
  [ 4.40804717e-07  1.54205212e-06 -3.45807974e-06 ...  4.59593855e-07
   -1.33935318e-07  4.39063150e-08]
  [-2.98004667e-07 -1.20286311e-06  2.85447045e-06 ... -1.33935318e-07
    2.91582496e-07  3.64467318e-08]
  [-1.41072419e-06 -4.09241862e-06  9.84206039e-06 ...  4.39063150e-08
    3.64467318e-08  1.89643956e-07]]

 [[ 1.89770312e-01  3.06116455e-01 -6.26213061e-02 ...  6.78320913e-07
   -2.72807331e-07 -1.29649874e-06]
  [ 3.06116455e-01  5.07583570e-01 -1.67047994e-01 ...  2.18031156e-06
   -1.13302219e-06 -3.78523241e-06]
  [-6.26213061e-02 -1.67047994e-01  3.37709727e-01 ... -4.98131600e-06
    2.66942087e-06  9.10691843e-06]
  ...
  [ 6.78320913e-07  2.18031156e-06 -4.98131600e-06 ...  4.44320399e-07
   -1.35974315e-07  4.69669191e-08]
  [-2.72807331e-07 -1.13302219e-06  2.66942087e-06 ... -1.35974315e-07
    2.91703581e-07  3.39334807e-08]
  [-1.29649874e-06 -3.78523241e-06  9.10691843e-06 ...  4.69669191e-08
    3.39334807e-08  1.80108288e-07]]]


******** <class 'pyscf.scf.addons.SmearingDFUKS'> ********
method = SmearingDFUKS
initial guess = minao
damping factor = 0.15
level_shift factor = 0.2
DIIS = <class 'pyscf.scf.diis.CDIIS'>
diis_start_cycle = 1
diis_space = 12
diis_damp = 0
SCF conv_tol = 5e-05
SCF conv_tol_grad = None
SCF max_cycles = 200
direct_scf = True
direct_scf_tol = 1e-13
chkfile to save SCF result = /tmp/tmp2d_gj1bs
max_memory 4000 MB (current use 87311 MB)
number electrons alpha = 325  beta = 323
XC library pyscf.dft.libxc version 6.1.0
    S. Lehtola, C. Steigemann, M. J.T. Oliveira, and M. A.L. Marques.,  SoftwareX 7, 1–5 (2018)
XC functionals = pbe
    J. P. Perdew, K. Burke, and M. Ernzerhof.,  Phys. Rev. Lett. 77, 3865 (1996)
    J. P. Perdew, K. Burke, and M. Ernzerhof.,  Phys. Rev. Lett. 78, 1396 (1997)
    J. P. Perdew, K. Burke, and M. Ernzerhof.,  Phys. Rev. Lett. 77, 3865 (1996)
    J. P. Perdew, K. Burke, and M. Ernzerhof.,  Phys. Rev. Lett. 78, 1396 (1997)
small_rho_cutoff = 1e-06
Set gradient conv threshold to 0.00707107
    Total E(T) = -12114.8401466084  Free energy = -12114.9041690519  E0 = -12114.8721578302
init E= -12114.8401466084
    sigma = 0.005  Optimized mu_alpha = -0.196988045326  entropy = 3.3001120192e-07
    sigma = 0.005  Optimized mu_beta  = -0.199565115507  entropy = 3.3001120192e-07
    Total E(T) = -12114.8401396671  Free energy = -12114.8401396688  E0 = -12114.8401396679
cycle= 1 E= -12114.8401396671  delta_E= 6.94e-06  |g|= 0.0242  |ddm|=   11
    sigma = 0.005  Optimized mu_alpha = -0.197086385111  entropy = 3.29434799679e-07
    sigma = 0.005  Optimized mu_beta  = -0.199671822346  entropy = 3.29434799679e-07
    Total E(T) = -12114.8400647579  Free energy = -12114.8400647595  E0 = -12114.8400647587
cycle= 2 E= -12114.8400647579  delta_E= 7.49e-05  |g|= 0.0777  |ddm|=   41
    sigma = 0.005  Optimized mu_alpha = -0.197017895743  entropy = 3.29730988729e-07
    sigma = 0.005  Optimized mu_beta  = -0.199597261522  entropy = 3.29730988729e-07
    Total E(T) = -12114.8401096577  Free energy = -12114.8401096594  E0 = -12114.8401096586
cycle= 3 E= -12114.8401096577  delta_E= -4.49e-05  |g|= 0.0414  |ddm|= 15.6
    sigma = 0.005  Optimized mu_alpha = -0.197017007293  entropy = 3.29754280121e-07
    sigma = 0.005  Optimized mu_beta  = -0.19959605148  entropy = 3.29754280121e-07
    Total E(T) = -12114.8401298701  Free energy = -12114.8401298718  E0 = -12114.8401298709
cycle= 4 E= -12114.8401298701  delta_E= -2.02e-05  |g|= 0.0278  |ddm|= 6.46
    sigma = 0.005  Optimized mu_alpha = -0.197013690713  entropy = 3.29771533131e-07
    sigma = 0.005  Optimized mu_beta  = -0.199592548388  entropy = 3.29771533131e-07
    Total E(T) = -12114.8401390543  Free energy = -12114.8401390559  E0 = -12114.8401390551
cycle= 5 E= -12114.8401390543  delta_E= -9.18e-06  |g|= 0.0192  |ddm|= 3.88
    sigma = 0.005  Optimized mu_alpha = -0.197016681029  entropy = 3.29756976811e-07
    sigma = 0.005  Optimized mu_beta  = -0.199595681473  entropy = 3.29756976811e-07
    Total E(T) = -12114.8401434429  Free energy = -12114.8401434445  E0 = -12114.8401434437
cycle= 6 E= -12114.8401434429  delta_E= -4.39e-06  |g|= 0.0131  |ddm|= 2.38
    sigma = 0.005  Optimized mu_alpha = -0.197013698235  entropy = 3.29766913741e-07
    sigma = 0.005  Optimized mu_beta  = -0.199592661064  entropy = 3.29766913741e-07
    Total E(T) = -12114.8401454606  Free energy = -12114.8401454623  E0 = -12114.8401454614
cycle= 7 E= -12114.8401454606  delta_E= -2.02e-06  |g|= 0.00951  |ddm|= 1.81
    sigma = 0.005  Optimized mu_alpha = -0.197014047567  entropy = 3.29761232465e-07
    sigma = 0.005  Optimized mu_beta  = -0.199592979099  entropy = 3.29761232465e-07
    Total E(T) = -12114.8401464671  Free energy = -12114.8401464688  E0 = -12114.8401464679
cycle= 8 E= -12114.8401464671  delta_E= -1.01e-06  |g|= 0.00679  |ddm|= 1.15
    sigma = 0.005  Optimized mu_alpha = -0.296565094223  entropy = 12.8046052548
    sigma = 0.005  Optimized mu_beta  = -0.299466381523  entropy = 12.8046052548
    Total E(T) = -12114.804426091  Free energy = -12114.8684491173  E0 = -12114.8364376041
Extra cycle  E= -12114.804426091  delta_E= 0.0357  |g|= 0.233  |ddm|=  886
converged SCF energy = -12114.804426091  <S^2> = 3.7625785  2S+1 = 4.0062843
[timing] right/Al ensemble SCF = 1110.9s
[timing] collect state = 0.0s
[timing] grad contraction = 1.6s
Npdft 666.000034010908
[timing] checkpoint save = 0.0s
step=  13 L=-12265.73247430 Ef=-12265.73737056 L1=1.09161744e+00 |grad|=2.04938e-02 t=1329.8s
[diagnostic] step=14 |b|=3.255882e-01 max|b|=3.802871e-02
[timing] build AO Vp from S3 = 1.6s
[diagnostic] |vpl|=2.950187e-01 max|vpl|=3.540554e-02
[diagnostic] |vpr|=4.858233e-01 max|vpr|=2.952517e-02
[diagnostic] |vpref|=5.284704e-01 max|vpref|=3.539785e-02
dm0 check [[[ 1.51511401e-09  2.24391601e-08  1.89789930e-07 ... -1.14718956e-07
    7.42476695e-07  6.64943007e-08]
  [ 2.24391601e-08  3.34444483e-07  2.75067387e-06 ... -1.77767036e-06
    1.10110559e-05  1.04757822e-06]
  [ 1.89789930e-07  2.75067387e-06  2.57237922e-05 ... -1.02769871e-05
    9.27868856e-05  4.99876052e-06]
  ...
  [-1.14718956e-07 -1.77767036e-06 -1.02769871e-05 ...  2.27166754e-04
    1.81897137e-06 -1.91352324e-04]
  [ 7.42476695e-07  1.10110559e-05  9.27868856e-05 ...  1.81897137e-06
    4.79980284e-04 -1.62432520e-06]
  [ 6.64943007e-08  1.04757822e-06  4.99876052e-06 ... -1.91352324e-04
   -1.62432520e-06  6.55604979e-04]]

 [[ 2.14412355e-09  3.18475847e-08  2.65523730e-07 ... -7.48705247e-08
    1.03578253e-06  2.38437548e-08]
  [ 3.18475847e-08  4.74248193e-07  3.91397262e-06 ... -9.93112911e-07
    1.53190767e-05  2.50155434e-07]
  [ 2.65523730e-07  3.91397262e-06  3.37625554e-05 ... -1.10142829e-05
    1.30901535e-04  4.52867792e-06]
  ...
  [-7.48705247e-08 -9.93112911e-07 -1.10142829e-05 ...  2.49604227e-04
    2.27939083e-06 -2.10130241e-04]
  [ 1.03578253e-06  1.53190767e-05  1.30901535e-04 ...  2.27939083e-06
    5.52938822e-04 -2.04467282e-06]
  [ 2.38437548e-08  2.50155434e-07  4.52867792e-06 ... -2.10130241e-04
   -2.04467282e-06  7.46013402e-04]]]
converged SCF energy = -150.226693714539  <S^2> = 2.0045398  2S+1 = 3.003025
dm0 check [[[ 1.14641627e-09  1.70871746e-08  1.38754608e-07 ... -8.06197132e-08
    6.25416109e-07  4.56926710e-08]
  [ 1.70871746e-08  2.56087684e-07  2.02953840e-06 ... -1.06182855e-06
    9.18281425e-06  7.18406800e-07]
  [ 1.38754608e-07  2.02953840e-06  1.80708207e-05 ... -1.26947160e-05
    8.12951101e-05  3.19887686e-06]
  ...
  [-8.06197132e-08 -1.06182855e-06 -1.26947160e-05 ...  2.39058770e-04
   -1.61681245e-06 -1.68274863e-04]
  [ 6.25416109e-07  9.18281425e-06  8.12951101e-05 ... -1.61681245e-06
    4.44995110e-04 -4.06044127e-06]
  [ 4.56926710e-08  7.18406800e-07  3.19887686e-06 ... -1.68274863e-04
   -4.06044127e-06  5.95722807e-04]]

 [[ 2.53031137e-08  3.85041394e-07  2.83121794e-06 ... -1.48565198e-07
    1.05888596e-07  7.43917462e-08]
  [ 3.85041394e-07  5.86063926e-06  4.30451136e-05 ... -2.17963924e-06
    1.18318431e-06  1.05293498e-06]
  [ 2.83121794e-06  4.30451136e-05  3.17985916e-04 ... -1.75088872e-05
    2.68725962e-05  9.39087142e-06]
  ...
  [-1.48565198e-07 -2.17963924e-06 -1.75088872e-05 ...  2.30571500e-04
    2.08916656e-07 -1.91671095e-04]
  [ 1.05888596e-07  1.18318431e-06  2.68725962e-05 ...  2.08916656e-07
    4.63238038e-04 -3.50216830e-06]
  [ 7.43917462e-08  1.05293498e-06  9.39087142e-06 ... -1.91671095e-04
   -3.50216830e-06  6.49568257e-04]]]
converged SCF energy = -150.244985829837  <S^2> = 0.92979847  2S+1 = 2.1723706
[timing] left/O ensemble SCF = 10.8s
dm0 check [[ 3.79538127e-01  6.12228311e-01 -1.25222772e-01 ...  1.07288242e-06
  -6.05923791e-07 -2.78999123e-06]
 [ 6.12228311e-01  1.01515621e+00 -3.34041442e-01 ...  3.59709851e-06
  -2.43172355e-06 -8.10207559e-06]
 [-1.25222772e-01 -3.34041442e-01  6.75238173e-01 ... -8.14070505e-06
   5.76479052e-06  1.95097544e-05]
 ...
 [ 1.07288242e-06  3.59709851e-06 -8.14070505e-06 ...  8.67331889e-07
  -2.58627749e-07  8.95686096e-08]
 [-6.05923791e-07 -2.43172355e-06  5.76479052e-06 ... -2.58627749e-07
   5.71722044e-07  6.29594316e-08]
 [-2.78999123e-06 -8.10207559e-06  1.95097544e-05 ...  8.95686096e-08
   6.29594316e-08  3.62076688e-07]]


******** <class 'pyscf.scf.addons.SmearingDFRKS'> ********
method = SmearingDFRKS
initial guess = minao
damping factor = 0.15
level_shift factor = 0.2
DIIS = <class 'pyscf.scf.diis.CDIIS'>
diis_start_cycle = 1
diis_space = 12
diis_damp = 0
SCF conv_tol = 5e-05
SCF conv_tol_grad = None
SCF max_cycles = 200
direct_scf = True
direct_scf_tol = 1e-13
chkfile to save SCF result = /tmp/tmpiu3_m7in
max_memory 4000 MB (current use 87311 MB)
XC library pyscf.dft.libxc version 6.1.0
    S. Lehtola, C. Steigemann, M. J.T. Oliveira, and M. A.L. Marques.,  SoftwareX 7, 1–5 (2018)
XC functionals = pbe
    J. P. Perdew, K. Burke, and M. Ernzerhof.,  Phys. Rev. Lett. 77, 3865 (1996)
    J. P. Perdew, K. Burke, and M. Ernzerhof.,  Phys. Rev. Lett. 78, 1396 (1997)
    J. P. Perdew, K. Burke, and M. Ernzerhof.,  Phys. Rev. Lett. 77, 3865 (1996)
    J. P. Perdew, K. Burke, and M. Ernzerhof.,  Phys. Rev. Lett. 78, 1396 (1997)
small_rho_cutoff = 1e-06
Set gradient conv threshold to 0.00707107
    Total E(T) = -12115.2426164332  Free energy = -12116.2624097296  E0 = -12115.7525130814
init E= -12115.2426164332
    sigma = 0.02  Optimized mu = -0.0517414149899  entropy = 1.50177543133
    Total E(T) = -12115.2425883223  Free energy = -12115.2726238309  E0 = -12115.2576060766
cycle= 1 E= -12115.2425883223  delta_E= 2.81e-05  |g|= 0.0341  |ddm|= 22.8
    sigma = 0.02  Optimized mu = -0.0521092072831  entropy = 1.5007769344
    Total E(T) = -12115.2422565448  Free energy = -12115.2722720835  E0 = -12115.2572643142
cycle= 2 E= -12115.2422565448  delta_E= 0.000332  |g|= 0.114  |ddm|=  106
    sigma = 0.02  Optimized mu = -0.0518660823022  entropy = 1.50111738071
    Total E(T) = -12115.2424592759  Free energy = -12115.2724816235  E0 = -12115.2574704497
cycle= 3 E= -12115.2424592759  delta_E= -0.000203  |g|= 0.0604  |ddm|= 44.8
    sigma = 0.02  Optimized mu = -0.0518531805382  entropy = 1.50119255888
    Total E(T) = -12115.2425449356  Free energy = -12115.2725687867  E0 = -12115.2575568612
cycle= 4 E= -12115.2425449356  delta_E= -8.57e-05  |g|= 0.0408  |ddm|= 17.2
    sigma = 0.02  Optimized mu = -0.0518474392515  entropy = 1.50121806744
    Total E(T) = -12115.2425845928  Free energy = -12115.2726089541  E0 = -12115.2575967735
cycle= 5 E= -12115.2425845928  delta_E= -3.97e-05  |g|= 0.0279  |ddm|= 9.78
    sigma = 0.02  Optimized mu = -0.0518477679279  entropy = 1.50119935679
    Total E(T) = -12115.2426028588  Free energy = -12115.272626846  E0 = -12115.2576148524
cycle= 6 E= -12115.2426028588  delta_E= -1.83e-05  |g|= 0.0202  |ddm|= 7.16
    sigma = 0.02  Optimized mu = -0.0518482654325  entropy = 1.50120189884
    Total E(T) = -12115.2426118559  Free energy = -12115.2726358939  E0 = -12115.2576238749
cycle= 7 E= -12115.2426118559  delta_E= -9e-06  |g|= 0.0144  |ddm|= 4.05
    sigma = 0.02  Optimized mu = -0.051845695085  entropy = 1.50121242522
    Total E(T) = -12115.2426165273  Free energy = -12115.2726407758  E0 = -12115.2576286516
cycle= 8 E= -12115.2426165273  delta_E= -4.67e-06  |g|= 0.0104  |ddm|= 2.54
    sigma = 0.02  Optimized mu = -0.0518496667284  entropy = 1.50119187911
    Total E(T) = -12115.2426189836  Free energy = -12115.2726428211  E0 = -12115.2576309023
cycle= 9 E= -12115.2426189836  delta_E= -2.46e-06  |g|= 0.0073  |ddm|= 2.27
    sigma = 0.02  Optimized mu = -0.0518458868695  entropy = 1.50121172379
    Total E(T) = -12115.2426201118  Free energy = -12115.2726443462  E0 = -12115.257632229
cycle= 10 E= -12115.2426201118  delta_E= -1.13e-06  |g|= 0.00557  |ddm|= 1.65
    sigma = 0.02  Optimized mu = -0.151756076869  entropy = 50.9899321022
    Total E(T) = -12114.7158977127  Free energy = -12115.7356963548  E0 = -12115.2257970338
Extra cycle  E= -12114.7158977127  delta_E= 0.527  |g|= 0.41  |ddm|= 4.11e+03
converged SCF energy = -12114.7158977127
dm0 check [[[ 1.89790642e-01  3.06171934e-01 -6.27470134e-02 ...  4.40942530e-07
   -2.98060481e-07 -1.41077010e-06]
  [ 3.06171934e-01  5.07731714e-01 -1.67379479e-01 ...  1.54242323e-06
   -1.20301379e-06 -4.09254204e-06]
  [-6.27470134e-02 -1.67379479e-01  3.38448656e-01 ... -3.45897050e-06
    2.85483629e-06  9.84235120e-06]
  ...
  [ 4.40942530e-07  1.54242323e-06 -3.45897050e-06 ...  4.59616104e-07
   -1.33939548e-07  4.39119673e-08]
  [-2.98060481e-07 -1.20301379e-06  2.85483629e-06 ... -1.33939548e-07
    2.91570724e-07  3.64472079e-08]
  [-1.41077010e-06 -4.09254204e-06  9.84235120e-06 ...  4.39119673e-08
    3.64472079e-08  1.89642427e-07]]

 [[ 1.89770304e-01  3.06116434e-01 -6.26212543e-02 ...  6.78391491e-07
   -2.73024285e-07 -1.29638110e-06]
  [ 3.06116434e-01  5.07583517e-01 -1.67047856e-01 ...  2.18050200e-06
   -1.13360821e-06 -3.78491423e-06]
  [-6.26212543e-02 -1.67047856e-01  3.37709384e-01 ... -4.98177590e-06
    2.67084708e-06  9.10613616e-06]
  ...
  [ 6.78391491e-07  2.18050200e-06 -4.98177590e-06 ...  4.44339375e-07
   -1.35972285e-07  4.69719124e-08]
  [-2.73024285e-07 -1.13360821e-06  2.67084708e-06 ... -1.35972285e-07
    2.91693455e-07  3.39368856e-08]
  [-1.29638110e-06 -3.78491423e-06  9.10613616e-06 ...  4.69719124e-08
    3.39368856e-08  1.80107627e-07]]]


******** <class 'pyscf.scf.addons.SmearingDFUKS'> ********
method = SmearingDFUKS
initial guess = minao
damping factor = 0.15
level_shift factor = 0.2
DIIS = <class 'pyscf.scf.diis.CDIIS'>
diis_start_cycle = 1
diis_space = 12
diis_damp = 0
SCF conv_tol = 5e-05
SCF conv_tol_grad = None
SCF max_cycles = 200
direct_scf = True
direct_scf_tol = 1e-13
chkfile to save SCF result = /tmp/tmp2d_gj1bs
max_memory 4000 MB (current use 87236 MB)
number electrons alpha = 325  beta = 323
XC library pyscf.dft.libxc version 6.1.0
    S. Lehtola, C. Steigemann, M. J.T. Oliveira, and M. A.L. Marques.,  SoftwareX 7, 1–5 (2018)
XC functionals = pbe
    J. P. Perdew, K. Burke, and M. Ernzerhof.,  Phys. Rev. Lett. 77, 3865 (1996)
    J. P. Perdew, K. Burke, and M. Ernzerhof.,  Phys. Rev. Lett. 78, 1396 (1997)
    J. P. Perdew, K. Burke, and M. Ernzerhof.,  Phys. Rev. Lett. 77, 3865 (1996)
    J. P. Perdew, K. Burke, and M. Ernzerhof.,  Phys. Rev. Lett. 78, 1396 (1997)
small_rho_cutoff = 1e-06
Set gradient conv threshold to 0.00707107
    Total E(T) = -12114.7984332969  Free energy = -12114.8624563231  E0 = -12114.83044481
init E= -12114.7984332969
    sigma = 0.005  Optimized mu_alpha = -0.196952073058  entropy = 3.30914380807e-07
    sigma = 0.005  Optimized mu_beta  = -0.199524015717  entropy = 3.30914380807e-07
    Total E(T) = -12114.7984150346  Free energy = -12114.7984150363  E0 = -12114.7984150354
cycle= 1 E= -12114.7984150346  delta_E= 1.83e-05  |g|= 0.0401  |ddm|= 14.4
    sigma = 0.005  Optimized mu_alpha = -0.197164166823  entropy = 3.29855001012e-07
    sigma = 0.005  Optimized mu_beta  = -0.19975279794  entropy = 3.29855001012e-07
    Total E(T) = -12114.7982079394  Free energy = -12114.7982079411  E0 = -12114.7982079402
cycle= 2 E= -12114.7982079394  delta_E= 0.000207  |g|= 0.127  |ddm|= 66.7
    sigma = 0.005  Optimized mu_alpha = -0.197027855398  entropy = 3.30241285088e-07
    sigma = 0.005  Optimized mu_beta  = -0.1996042936  entropy = 3.30241285088e-07
    Total E(T) = -12114.7983341158  Free energy = -12114.7983341175  E0 = -12114.7983341167
cycle= 3 E= -12114.7983341158  delta_E= -0.000126  |g|= 0.0671  |ddm|= 26.9
    sigma = 0.005  Optimized mu_alpha = -0.197024741211  entropy = 3.30281916775e-07
    sigma = 0.005  Optimized mu_beta  = -0.199600571768  entropy = 3.30281916775e-07
    Total E(T) = -12114.7983909802  Free energy = -12114.7983909819  E0 = -12114.798390981
cycle= 4 E= -12114.7983909802  delta_E= -5.69e-05  |g|= 0.0442  |ddm|= 10.8
    sigma = 0.005  Optimized mu_alpha = -0.197014667659  entropy = 3.30308333312e-07
    sigma = 0.005  Optimized mu_beta  = -0.199590147478  entropy = 3.30308333312e-07
    Total E(T) = -12114.7984164136  Free energy = -12114.7984164152  E0 = -12114.7984164144
cycle= 5 E= -12114.7984164136  delta_E= -2.54e-05  |g|= 0.0296  |ddm|= 6.34
    sigma = 0.005  Optimized mu_alpha = -0.197023521186  entropy = 3.30263225835e-07
    sigma = 0.005  Optimized mu_beta  = -0.199599365757  entropy = 3.30263225835e-07
    Total E(T) = -12114.7984280043  Free energy = -12114.7984280059  E0 = -12114.7984280051
cycle= 6 E= -12114.7984280043  delta_E= -1.16e-05  |g|= 0.0197  |ddm|= 4.01
    sigma = 0.005  Optimized mu_alpha = -0.197018657913  entropy = 3.30271003839e-07
    sigma = 0.005  Optimized mu_beta  = -0.199594406437  entropy = 3.30271003839e-07
    Total E(T) = -12114.7984331884  Free energy = -12114.7984331901  E0 = -12114.7984331892
cycle= 7 E= -12114.7984331884  delta_E= -5.18e-06  |g|= 0.0137  |ddm|=  2.8
    sigma = 0.005  Optimized mu_alpha = -0.197019090945  entropy = 3.30256633271e-07
    sigma = 0.005  Optimized mu_beta  = -0.199594915941  entropy = 3.30256633271e-07
    Total E(T) = -12114.7984356775  Free energy = -12114.7984356791  E0 = -12114.7984356783
cycle= 8 E= -12114.7984356775  delta_E= -2.49e-06  |g|= 0.00902  |ddm|= 1.75
    sigma = 0.005  Optimized mu_alpha = -0.197019303434  entropy = 3.30270873098e-07
    sigma = 0.005  Optimized mu_beta  = -0.19959493662  entropy = 3.30270873098e-07
    Total E(T) = -12114.798436797  Free energy = -12114.7984367986  E0 = -12114.7984367978
cycle= 9 E= -12114.798436797  delta_E= -1.12e-06  |g|= 0.00636  |ddm|= 1.56
    sigma = 0.005  Optimized mu_alpha = -0.296560198729  entropy = 12.8065029143
    sigma = 0.005  Optimized mu_beta  = -0.299460043264  entropy = 12.8065029143
    Total E(T) = -12114.7627590654  Free energy = -12114.8267915799  E0 = -12114.7947753226
Extra cycle  E= -12114.7627590654  delta_E= 0.0357  |g|= 0.23  |ddm|=  888
converged SCF energy = -12114.7627590654  <S^2> = 3.7625927  2S+1 = 4.0062914
[timing] right/Al ensemble SCF = 1227.7s
[timing] collect state = 0.0s
[timing] grad contraction = 1.7s
Npdft 666.0000340139165
[timing] checkpoint save = 0.0s
step=  14 L=-12265.71037656 Ef=-12265.71541049 L1=1.07870157e+00 |grad|=2.02710e-02 t=1439.8s
[phase2 outer 7] previous L = -12265.73252183
[phase2 outer 7] new L = -12265.71037656
[phase2 outer 7] dL = 2.21452734e-02
[phase2 outer 7] previous Ef = -12265.73742389
[phase2 outer 7] new Ef = -12265.71541049
[phase2 outer 7] dEf = 2.20134037e-02
[phase2 outer 7] |db| = 1.46327e-02
[phase2 outer 7] |grad| = 2.02710e-02
[phase2 outer 7] last_Ef = -12265.73742389051
[phase2 outer 7] adaptive max_step_norm = 1.000000e-01
[phase2 outer 7] delta = 2.735878e-03
[phase2 outer 7] raw_step_norm = 1.463269e-02
[phase2 outer 7] capped_step_norm = 1.463269e-02
[phase2 outer 7] dL = 0.02214527344222006
[phase2 outer 7] dEf = 0.022013403659002506
[phase2 outer 7] |grad| = 2.027103e-02
[phase2 outer 7] raw_step_norm=1.463269e-02 capped_step_norm=1.463269e-02 raw_max_abs_step=2.735878e-03 capped_max_abs_step=2.735878e-03 step_cap=1.000000e-01 line_search_alpha=n/a
[phase2 outer 7] res.fun = 12265.71037656
[phase2 outer 7] res.message = STOP: TOTAL NO. of ITERATIONS REACHED LIMIT
[phase2 outer 7] finished message=STOP: TOTAL NO. of ITERATIONS REACHED LIMIT |b|=3.255882e-01
[phase2 outer 8] start |b|=3.255882e-01 max|b|=3.802871e-02 delta=2.736e-03
[diagnostic] step=15 |b|=3.255882e-01 max|b|=3.802871e-02
[timing] build AO Vp from S3 = 2.1s
[diagnostic] |vpl|=2.950187e-01 max|vpl|=3.540554e-02
[diagnostic] |vpr|=4.858233e-01 max|vpr|=2.952517e-02
[diagnostic] |vpref|=5.284704e-01 max|vpref|=3.539785e-02
dm0 check [[[ 1.51511372e-09  2.24391588e-08  1.89789887e-07 ... -1.14719093e-07
    7.42477099e-07  6.64944273e-08]
  [ 2.24391588e-08  3.34444533e-07  2.75067329e-06 ... -1.77767274e-06
    1.10110600e-05  1.04758054e-06]
  [ 1.89789887e-07  2.75067329e-06  2.57237853e-05 ... -1.02770061e-05
    9.27869448e-05  4.99877751e-06]
  ...
  [-1.14719093e-07 -1.77767274e-06 -1.02770061e-05 ...  2.27166689e-04
    1.81897069e-06 -1.91352270e-04]
  [ 7.42477099e-07  1.10110600e-05  9.27869448e-05 ...  1.81897069e-06
    4.79980246e-04 -1.62432564e-06]
  [ 6.64944273e-08  1.04758054e-06  4.99877751e-06 ... -1.91352270e-04
   -1.62432564e-06  6.55604894e-04]]

 [[ 2.14412338e-09  3.18475820e-08  2.65523747e-07 ... -7.48707819e-08
    1.03578267e-06  2.38439761e-08]
  [ 3.18475820e-08  4.74248180e-07  3.91397253e-06 ... -9.93114638e-07
    1.53190782e-05  2.50156987e-07]
  [ 2.65523747e-07  3.91397253e-06  3.37625589e-05 ... -1.10143003e-05
    1.30901561e-04  4.52869255e-06]
  ...
  [-7.48707819e-08 -9.93114638e-07 -1.10143003e-05 ...  2.49604180e-04
    2.27939034e-06 -2.10130201e-04]
  [ 1.03578267e-06  1.53190782e-05  1.30901561e-04 ...  2.27939034e-06
    5.52938955e-04 -2.04467335e-06]
  [ 2.38439761e-08  2.50156987e-07  4.52869255e-06 ... -2.10130201e-04
   -2.04467335e-06  7.46013504e-04]]]
converged SCF energy = -150.226693714539  <S^2> = 2.0045398  2S+1 = 3.003025
dm0 check [[[ 1.14640950e-09  1.70870672e-08  1.38753998e-07 ... -8.06196923e-08
    6.25414528e-07  4.56927575e-08]
  [ 1.70870672e-08  2.56085999e-07  2.02952844e-06 ... -1.06182717e-06
    9.18278812e-06  7.18408366e-07]
  [ 1.38753998e-07  2.02952844e-06  1.80707657e-05 ... -1.26946916e-05
    8.12949394e-05  3.19889097e-06]
  ...
  [-8.06196923e-08 -1.06182717e-06 -1.26946916e-05 ...  2.39058491e-04
   -1.61684954e-06 -1.68274881e-04]
  [ 6.25414528e-07  9.18278812e-06  8.12949394e-05 ... -1.61684954e-06
    4.44994860e-04 -4.06046422e-06]
  [ 4.56927575e-08  7.18408366e-07  3.19889097e-06 ... -1.68274881e-04
   -4.06046422e-06  5.95722431e-04]]

 [[ 2.53030337e-08  3.85040165e-07  2.83120916e-06 ... -1.48564827e-07
    1.05892783e-07  7.43920858e-08]
  [ 3.85040165e-07  5.86062040e-06  4.30449785e-05 ... -2.17963273e-06
    1.18324637e-06  1.05293947e-06]
  [ 2.83120916e-06  4.30449785e-05  3.17984949e-04 ... -1.75088531e-05
    2.68730390e-05  9.39090727e-06]
  ...
  [-1.48564827e-07 -2.17963273e-06 -1.75088531e-05 ...  2.30571462e-04
    2.08900721e-07 -1.91671059e-04]
  [ 1.05892783e-07  1.18324637e-06  2.68730390e-05 ...  2.08900721e-07
    4.63238031e-04 -3.50215169e-06]
  [ 7.43920858e-08  1.05293947e-06  9.39090727e-06 ... -1.91671059e-04
   -3.50215169e-06  6.49568295e-04]]]
converged SCF energy = -150.244985829837  <S^2> = 0.92979912  2S+1 = 2.1723712
[timing] left/O ensemble SCF = 10.5s
dm0 check [[ 3.79537716e-01  6.12228111e-01 -1.25222538e-01 ...  1.10387214e-06
  -5.80455746e-07 -2.89326295e-06]
 [ 6.12228111e-01  1.01515643e+00 -3.34040512e-01 ...  3.68085645e-06
  -2.36309763e-06 -8.38072166e-06]
 [-1.25222538e-01 -3.34040512e-01  6.75235805e-01 ... -8.34463936e-06
   5.59931552e-06  2.01851594e-05]
 ...
 [ 1.10387214e-06  3.68085645e-06 -8.34463936e-06 ...  8.61427287e-07
  -2.59678430e-07  9.43053860e-08]
 [-5.80455746e-07 -2.36309763e-06  5.59931552e-06 ... -2.59678430e-07
   5.72992386e-07  6.03306031e-08]
 [-2.89326295e-06 -8.38072166e-06  2.01851594e-05 ...  9.43053860e-08
   6.03306031e-08  3.76667180e-07]]


******** <class 'pyscf.scf.addons.SmearingDFRKS'> ********
method = SmearingDFRKS
initial guess = minao
damping factor = 0.15
level_shift factor = 0.2
DIIS = <class 'pyscf.scf.diis.CDIIS'>
diis_start_cycle = 1
diis_space = 12
diis_damp = 0
SCF conv_tol = 5e-05
SCF conv_tol_grad = None
SCF max_cycles = 200
direct_scf = True
direct_scf_tol = 1e-13
chkfile to save SCF result = /tmp/tmpiu3_m7in
max_memory 4000 MB (current use 87367 MB)
XC library pyscf.dft.libxc version 6.1.0
    S. Lehtola, C. Steigemann, M. J.T. Oliveira, and M. A.L. Marques.,  SoftwareX 7, 1–5 (2018)
XC functionals = pbe
    J. P. Perdew, K. Burke, and M. Ernzerhof.,  Phys. Rev. Lett. 77, 3865 (1996)
    J. P. Perdew, K. Burke, and M. Ernzerhof.,  Phys. Rev. Lett. 78, 1396 (1997)
    J. P. Perdew, K. Burke, and M. Ernzerhof.,  Phys. Rev. Lett. 77, 3865 (1996)
    J. P. Perdew, K. Burke, and M. Ernzerhof.,  Phys. Rev. Lett. 78, 1396 (1997)
small_rho_cutoff = 1e-06
Set gradient conv threshold to 0.00707107
    Total E(T) = -12115.2426201122  Free energy = -12116.2624187543  E0 = -12115.7525194333
init E= -12115.2426201122
    sigma = 0.02  Optimized mu = -0.0517939445587  entropy = 1.50147719828
    Total E(T) = -12115.2426067384  Free energy = -12115.2726362824  E0 = -12115.2576215104
cycle= 1 E= -12115.2426067384  delta_E= 1.34e-05  |g|= 0.0234  |ddm|= 16.7
    sigma = 0.02  Optimized mu = -0.0519921687675  entropy = 1.50087075594
    Total E(T) = -12115.2424531411  Free energy = -12115.2724705562  E0 = -12115.2574618487
cycle= 2 E= -12115.2424531411  delta_E= 0.000154  |g|= 0.0791  |ddm|= 71.4
    sigma = 0.02  Optimized mu = -0.0518580947929  entropy = 1.5011341418
    Total E(T) = -12115.2425448295  Free energy = -12115.2725675124  E0 = -12115.2575561709
cycle= 3 E= -12115.2425448295  delta_E= -9.17e-05  |g|= 0.0426  |ddm|= 29.3
    sigma = 0.02  Optimized mu = -0.051851606047  entropy = 1.50117952636
    Total E(T) = -12115.242583711  Free energy = -12115.2726073016  E0 = -12115.2575955063
cycle= 4 E= -12115.242583711  delta_E= -3.89e-05  |g|= 0.0296  |ddm|= 11.4
    sigma = 0.02  Optimized mu = -0.0518490557115  entropy = 1.5011931135
    Total E(T) = -12115.2426021968  Free energy = -12115.2726260591  E0 = -12115.257614128
cycle= 5 E= -12115.2426021968  delta_E= -1.85e-05  |g|= 0.021  |ddm|= 6.54
    sigma = 0.02  Optimized mu = -0.0518480689666  entropy = 1.50119498016
    Total E(T) = -12115.2426112576  Free energy = -12115.2726351572  E0 = -12115.2576232074
cycle= 6 E= -12115.2426112576  delta_E= -9.06e-06  |g|= 0.0154  |ddm|= 4.39
    sigma = 0.02  Optimized mu = -0.0518480698494  entropy = 1.50119761576
    Total E(T) = -12115.2426160277  Free energy = -12115.27263998  E0 = -12115.2576280038
cycle= 7 E= -12115.2426160277  delta_E= -4.77e-06  |g|= 0.0113  |ddm|= 2.71
    sigma = 0.02  Optimized mu = -0.0518450234913  entropy = 1.50121242606
    Total E(T) = -12115.242618484  Free energy = -12115.2726427325  E0 = -12115.2576306082
cycle= 8 E= -12115.242618484  delta_E= -2.46e-06  |g|= 0.00846  |ddm|= 1.95
    sigma = 0.02  Optimized mu = -0.0518474541362  entropy = 1.50120224377
    Total E(T) = -12115.242619861  Free energy = -12115.2726439059  E0 = -12115.2576318834
cycle= 9 E= -12115.242619861  delta_E= -1.38e-06  |g|= 0.00635  |ddm|= 1.29
    sigma = 0.02  Optimized mu = -0.151763966841  entropy = 50.9896920032
    Total E(T) = -12114.7158243076  Free energy = -12115.7356181477  E0 = -12115.2257212276
Extra cycle  E= -12114.7158243076  delta_E= 0.527  |g|= 0.414  |ddm|= 4.12e+03
converged SCF energy = -12114.7158243076
dm0 check [[[ 1.89790446e-01  3.06171852e-01 -6.27469459e-02 ...  4.54620645e-07
   -2.86305140e-07 -1.45903608e-06]
  [ 3.06171852e-01  5.07731869e-01 -1.67379149e-01 ...  1.57937833e-06
   -1.17135588e-06 -4.22270218e-06]
  [-6.27469459e-02 -1.67379149e-01  3.38447843e-01 ... -3.54879362e-06
    2.77866269e-06  1.01572052e-05]
  ...
  [ 4.54620645e-07  1.57937833e-06 -3.54879362e-06 ...  4.56567249e-07
   -1.34507200e-07  4.64252732e-08]
  [-2.86305140e-07 -1.17135588e-06  2.77866269e-06 ... -1.34507200e-07
    2.92103040e-07  3.53388699e-08]
  [-1.45903608e-06 -4.22270218e-06  1.01572052e-05 ...  4.64252732e-08
    3.53388699e-08  1.96653025e-07]]

 [[ 1.89770061e-01  3.06116233e-01 -6.26208920e-02 ...  6.91545390e-07
   -2.60860763e-07 -1.34441094e-06]
  [ 3.06116233e-01  5.07583356e-01 -1.67046726e-01 ...  2.21607891e-06
   -1.10082280e-06 -3.91455228e-06]
  [-6.26208920e-02 -1.67046726e-01  3.37706571e-01 ... -5.06863618e-06
    2.59170620e-06  9.42078526e-06]
  ...
  [ 6.91545390e-07  2.21607891e-06 -5.06863618e-06 ...  4.41331071e-07
   -1.36508900e-07  4.94667416e-08]
  [-2.60860763e-07 -1.10082280e-06  2.59170620e-06 ... -1.36508900e-07
    2.92299434e-07  3.27266292e-08]
  [-1.34441094e-06 -3.91455228e-06  9.42078526e-06 ...  4.94667416e-08
    3.27266292e-08  1.86973794e-07]]]


******** <class 'pyscf.scf.addons.SmearingDFUKS'> ********
method = SmearingDFUKS
initial guess = minao
damping factor = 0.15
level_shift factor = 0.2
DIIS = <class 'pyscf.scf.diis.CDIIS'>
diis_start_cycle = 1
diis_space = 12
diis_damp = 0
SCF conv_tol = 5e-05
SCF conv_tol_grad = None
SCF max_cycles = 200
direct_scf = True
direct_scf_tol = 1e-13
chkfile to save SCF result = /tmp/tmp2d_gj1bs
max_memory 4000 MB (current use 87367 MB)
number electrons alpha = 325  beta = 323
XC library pyscf.dft.libxc version 6.1.0
    S. Lehtola, C. Steigemann, M. J.T. Oliveira, and M. A.L. Marques.,  SoftwareX 7, 1–5 (2018)
XC functionals = pbe
    J. P. Perdew, K. Burke, and M. Ernzerhof.,  Phys. Rev. Lett. 77, 3865 (1996)
    J. P. Perdew, K. Burke, and M. Ernzerhof.,  Phys. Rev. Lett. 78, 1396 (1997)
    J. P. Perdew, K. Burke, and M. Ernzerhof.,  Phys. Rev. Lett. 77, 3865 (1996)
    J. P. Perdew, K. Burke, and M. Ernzerhof.,  Phys. Rev. Lett. 78, 1396 (1997)
small_rho_cutoff = 1e-06
Set gradient conv threshold to 0.00707107
    Total E(T) = -12114.7984367969  Free energy = -12114.8624693114  E0 = -12114.8304530541
init E= -12114.7984367969
    sigma = 0.005  Optimized mu_alpha = -0.196992378926  entropy = 3.30514451871e-07
    sigma = 0.005  Optimized mu_beta  = -0.199566275209  entropy = 3.30514451871e-07
    Total E(T) = -12114.7984287827  Free energy = -12114.7984287844  E0 = -12114.7984287835
cycle= 1 E= -12114.7984287827  delta_E= 8.01e-06  |g|= 0.0262  |ddm|= 11.7
    sigma = 0.005  Optimized mu_alpha = -0.197093045356  entropy = 3.29964787172e-07
    sigma = 0.005  Optimized mu_beta  = -0.199675576658  entropy = 3.29964787172e-07
    Total E(T) = -12114.7983418787  Free energy = -12114.7983418804  E0 = -12114.7983418795
cycle= 2 E= -12114.7983418787  delta_E= 8.69e-05  |g|= 0.0841  |ddm|= 43.7
    sigma = 0.005  Optimized mu_alpha = -0.197023214294  entropy = 3.30219385088e-07
    sigma = 0.005  Optimized mu_beta  = -0.199599492519  entropy = 3.30219385088e-07
    Total E(T) = -12114.7983935662  Free energy = -12114.7983935678  E0 = -12114.798393567
cycle= 3 E= -12114.7983935662  delta_E= -5.17e-05  |g|= 0.0451  |ddm|= 16.7
    sigma = 0.005  Optimized mu_alpha = -0.197022223095  entropy = 3.30243818631e-07
    sigma = 0.005  Optimized mu_beta  = -0.199598151813  entropy = 3.30243818631e-07
    Total E(T) = -12114.7984169957  Free energy = -12114.7984169974  E0 = -12114.7984169966
cycle= 4 E= -12114.7984169957  delta_E= -2.34e-05  |g|= 0.0304  |ddm|= 6.86
    sigma = 0.005  Optimized mu_alpha = -0.197018910814  entropy = 3.30261425155e-07
    sigma = 0.005  Optimized mu_beta  = -0.199594639659  entropy = 3.30261425155e-07
    Total E(T) = -12114.7984277327  Free energy = -12114.7984277343  E0 = -12114.7984277335
cycle= 5 E= -12114.7984277327  delta_E= -1.07e-05  |g|= 0.021  |ddm|= 4.11
    sigma = 0.005  Optimized mu_alpha = -0.197022281779  entropy = 3.30245540201e-07
    sigma = 0.005  Optimized mu_beta  = -0.199598108803  entropy = 3.30245540201e-07
    Total E(T) = -12114.7984328919  Free energy = -12114.7984328935  E0 = -12114.7984328927
cycle= 6 E= -12114.7984328919  delta_E= -5.16e-06  |g|= 0.0145  |ddm|= 2.54
    sigma = 0.005  Optimized mu_alpha = -0.19701869153  entropy = 3.30257608669e-07
    sigma = 0.005  Optimized mu_beta  = -0.199594469327  entropy = 3.30257608669e-07
    Total E(T) = -12114.7984353161  Free energy = -12114.7984353177  E0 = -12114.7984353169
cycle= 7 E= -12114.7984353161  delta_E= -2.42e-06  |g|= 0.0105  |ddm|=  1.9
    sigma = 0.005  Optimized mu_alpha = -0.197019052407  entropy = 3.30252252004e-07
    sigma = 0.005  Optimized mu_beta  = -0.199594889451  entropy = 3.30252252004e-07
    Total E(T) = -12114.798436535  Free energy = -12114.7984365367  E0 = -12114.7984365359
cycle= 8 E= -12114.798436535  delta_E= -1.22e-06  |g|= 0.00754  |ddm|= 1.22
    sigma = 0.005  Optimized mu_alpha = -0.197020036869  entropy = 3.30254876697e-07
    sigma = 0.005  Optimized mu_beta  = -0.199595759336  entropy = 3.30254876697e-07
    Total E(T) = -12114.7984371449  Free energy = -12114.7984371466  E0 = -12114.7984371457
cycle= 9 E= -12114.7984371449  delta_E= -6.1e-07  |g|= 0.00559  |ddm|= 0.857
    sigma = 0.005  Optimized mu_alpha = -0.296574454635  entropy = 12.8057157926
    sigma = 0.005  Optimized mu_beta  = -0.299474681979  entropy = 12.8057157926
    Total E(T) = -12114.7629106428  Free energy = -12114.8269392217  E0 = -12114.7949249322
Extra cycle  E= -12114.7629106428  delta_E= 0.0355  |g|= 0.216  |ddm|=  887
converged SCF energy = -12114.7629106428  <S^2> = 3.7625951  2S+1 = 4.0062926
[timing] right/Al ensemble SCF = 1170.1s
[timing] collect state = 0.0s
[timing] grad contraction = 4.2s
Npdft 666.0000340135183
[timing] checkpoint save = 0.0s
step=  15 L=-12265.71032631 Ef=-12265.71535497 L1=1.07845090e+00 |grad|=2.02656e-02 t=1386.8s
[diagnostic] step=16 |b|=3.383908e-01 max|b|=4.076459e-02
[timing] build AO Vp from S3 = 1.6s
[diagnostic] |vpl|=3.105021e-01 max|vpl|=3.818815e-02
[diagnostic] |vpr|=5.000698e-01 max|vpr|=3.147197e-02
[diagnostic] |vpref|=5.463513e-01 max|vpref|=3.817854e-02
dm0 check [[[ 1.51511402e-09  2.24391602e-08  1.89789932e-07 ... -1.14718949e-07
    7.42476676e-07  6.64942946e-08]
  [ 2.24391602e-08  3.34444480e-07  2.75067390e-06 ... -1.77767024e-06
    1.10110557e-05  1.04757811e-06]
  [ 1.89789932e-07  2.75067390e-06  2.57237925e-05 ... -1.02769862e-05
    9.27868828e-05  4.99875971e-06]
  ...
  [-1.14718949e-07 -1.77767024e-06 -1.02769862e-05 ...  2.27166757e-04
    1.81897141e-06 -1.91352326e-04]
  [ 7.42476676e-07  1.10110557e-05  9.27868828e-05 ...  1.81897141e-06
    4.79980286e-04 -1.62432518e-06]
  [ 6.64942946e-08  1.04757811e-06  4.99875971e-06 ... -1.91352326e-04
   -1.62432518e-06  6.55604983e-04]]

 [[ 2.14412355e-09  3.18475848e-08  2.65523729e-07 ... -7.48705124e-08
    1.03578252e-06  2.38437442e-08]
  [ 3.18475848e-08  4.74248193e-07  3.91397262e-06 ... -9.93112828e-07
    1.53190767e-05  2.50155360e-07]
  [ 2.65523729e-07  3.91397262e-06  3.37625552e-05 ... -1.10142821e-05
    1.30901534e-04  4.52867722e-06]
  ...
  [-7.48705124e-08 -9.93112828e-07 -1.10142821e-05 ...  2.49604229e-04
    2.27939085e-06 -2.10130242e-04]
  [ 1.03578252e-06  1.53190767e-05  1.30901534e-04 ...  2.27939085e-06
    5.52938815e-04 -2.04467279e-06]
  [ 2.38437442e-08  2.50155360e-07  4.52867722e-06 ... -2.10130242e-04
   -2.04467279e-06  7.46013397e-04]]]
converged SCF energy = -150.226693714539  <S^2> = 2.0045398  2S+1 = 3.003025
dm0 check [[[ 1.14641024e-09  1.70870792e-08  1.38754064e-07 ... -8.06198266e-08
    6.25414586e-07  4.56927794e-08]
  [ 1.70870792e-08  2.56086189e-07  2.02952959e-06 ... -1.06182794e-06
    9.18279031e-06  7.18408502e-07]
  [ 1.38754064e-07  2.02952959e-06  1.80707726e-05 ... -1.26946984e-05
    8.12949604e-05  3.19889201e-06]
  ...
  [-8.06198266e-08 -1.06182794e-06 -1.26946984e-05 ...  2.39058473e-04
   -1.61688238e-06 -1.68274911e-04]
  [ 6.25414586e-07  9.18279031e-06  8.12949604e-05 ... -1.61688238e-06
    4.44994935e-04 -4.06049348e-06]
  [ 4.56927794e-08  7.18408502e-07  3.19889201e-06 ... -1.68274911e-04
   -4.06049348e-06  5.95722523e-04]]

 [[ 2.53031342e-08  3.85041698e-07  2.83122026e-06 ... -1.48565081e-07
    1.05892012e-07  7.43928595e-08]
  [ 3.85041698e-07  5.86064379e-06  4.30451476e-05 ... -2.17963530e-06
    1.18323536e-06  1.05294996e-06]
  [ 2.83122026e-06  4.30451476e-05  3.17986172e-04 ... -1.75088770e-05
    2.68729610e-05  9.39098702e-06]
  ...
  [-1.48565081e-07 -2.17963530e-06 -1.75088770e-05 ...  2.30571501e-04
    2.08899297e-07 -1.91671094e-04]
  [ 1.05892012e-07  1.18323536e-06  2.68729610e-05 ...  2.08899297e-07
    4.63238099e-04 -3.50214714e-06]
  [ 7.43928595e-08  1.05294996e-06  9.39098702e-06 ... -1.91671094e-04
   -3.50214714e-06  6.49568416e-04]]]
converged SCF energy = -150.244985829833  <S^2> = 0.92979393  2S+1 = 2.1723664
[timing] left/O ensemble SCF = 11.5s
dm0 check [[ 3.79537717e-01  6.12228113e-01 -1.25222543e-01 ...  1.10420019e-06
  -5.80714284e-07 -2.89336406e-06]
 [ 6.12228113e-01  1.01515644e+00 -3.34040522e-01 ...  3.68174140e-06
  -2.36379487e-06 -8.38099422e-06]
 [-1.25222543e-01 -3.34040522e-01  6.75235823e-01 ... -8.34678357e-06
   5.60100303e-06  2.01858164e-05]
 ...
 [ 1.10420019e-06  3.68174140e-06 -8.34678357e-06 ...  8.61401154e-07
  -2.59658581e-07  9.42936087e-08]
 [-5.80714284e-07 -2.36379487e-06  5.60100303e-06 ... -2.59658581e-07
   5.72950228e-07  6.03423200e-08]
 [-2.89336406e-06 -8.38099422e-06  2.01858164e-05 ...  9.42936087e-08
   6.03423200e-08  3.76677077e-07]]


******** <class 'pyscf.scf.addons.SmearingDFRKS'> ********
method = SmearingDFRKS
initial guess = minao
damping factor = 0.15
level_shift factor = 0.2
DIIS = <class 'pyscf.scf.diis.CDIIS'>
diis_start_cycle = 1
diis_space = 12
diis_damp = 0
SCF conv_tol = 5e-05
SCF conv_tol_grad = None
SCF max_cycles = 200
direct_scf = True
direct_scf_tol = 1e-13
chkfile to save SCF result = /tmp/tmpiu3_m7in
max_memory 4000 MB (current use 87367 MB)
XC library pyscf.dft.libxc version 6.1.0
    S. Lehtola, C. Steigemann, M. J.T. Oliveira, and M. A.L. Marques.,  SoftwareX 7, 1–5 (2018)
XC functionals = pbe
    J. P. Perdew, K. Burke, and M. Ernzerhof.,  Phys. Rev. Lett. 77, 3865 (1996)
    J. P. Perdew, K. Burke, and M. Ernzerhof.,  Phys. Rev. Lett. 78, 1396 (1997)
    J. P. Perdew, K. Burke, and M. Ernzerhof.,  Phys. Rev. Lett. 77, 3865 (1996)
    J. P. Perdew, K. Burke, and M. Ernzerhof.,  Phys. Rev. Lett. 78, 1396 (1997)
small_rho_cutoff = 1e-06
Set gradient conv threshold to 0.00707107
    Total E(T) = -12115.2021661685  Free energy = -12116.2219600086  E0 = -12115.7120630885
init E= -12115.2021661685
    sigma = 0.02  Optimized mu = -0.0517566299782  entropy = 1.50212289636
    Total E(T) = -12115.2021382698  Free energy = -12115.2321807277  E0 = -12115.2171594987
cycle= 1 E= -12115.2021382698  delta_E= 2.79e-05  |g|= 0.0344  |ddm|= 22.5
    sigma = 0.02  Optimized mu = -0.0520803812841  entropy = 1.50134096791
    Total E(T) = -12115.2018057442  Free energy = -12115.2318325636  E0 = -12115.2168191539
cycle= 2 E= -12115.2018057442  delta_E= 0.000333  |g|= 0.115  |ddm|=  104
    sigma = 0.02  Optimized mu = -0.0518699099252  entropy = 1.50152434394
    Total E(T) = -12115.2020060228  Free energy = -12115.2320365096  E0 = -12115.2170212662
cycle= 3 E= -12115.2020060228  delta_E= -0.0002  |g|= 0.0618  |ddm|=   44
    sigma = 0.02  Optimized mu = -0.0518581991391  entropy = 1.50158851366
    Total E(T) = -12115.202091395  Free energy = -12115.2321231653  E0 = -12115.2171072802
cycle= 4 E= -12115.202091395  delta_E= -8.54e-05  |g|= 0.0425  |ddm|= 16.5
    sigma = 0.02  Optimized mu = -0.0518533807909  entropy = 1.50160958588
    Total E(T) = -12115.2021315815  Free energy = -12115.2321637732  E0 = -12115.2171476774
cycle= 5 E= -12115.2021315815  delta_E= -4.02e-05  |g|= 0.0294  |ddm|= 9.52
    sigma = 0.02  Optimized mu = -0.0518524360954  entropy = 1.50159820264
    Total E(T) = -12115.2021504578  Free energy = -12115.2321824218  E0 = -12115.2171664398
cycle= 6 E= -12115.2021504578  delta_E= -1.89e-05  |g|= 0.0215  |ddm|= 6.97
    sigma = 0.02  Optimized mu = -0.0518529675528  entropy = 1.50160013319
    Total E(T) = -12115.2021600369  Free energy = -12115.2321920396  E0 = -12115.2171760382
cycle= 7 E= -12115.2021600369  delta_E= -9.58e-06  |g|= 0.0156  |ddm|= 3.99
    sigma = 0.02  Optimized mu = -0.0518504988461  entropy = 1.5016100122
    Total E(T) = -12115.2021651333  Free energy = -12115.2321973335  E0 = -12115.2171812334
cycle= 8 E= -12115.2021651333  delta_E= -5.1e-06  |g|= 0.0114  |ddm|= 2.52
    sigma = 0.02  Optimized mu = -0.0518544898227  entropy = 1.50158919082
    Total E(T) = -12115.2021678918  Free energy = -12115.2321996756  E0 = -12115.2171837837
cycle= 9 E= -12115.2021678918  delta_E= -2.76e-06  |g|= 0.00815  |ddm|=  2.2
    sigma = 0.02  Optimized mu = -0.0518505172453  entropy = 1.50160957966
    Total E(T) = -12115.20216921  Free energy = -12115.2322014016  E0 = -12115.2171853058
cycle= 10 E= -12115.20216921  delta_E= -1.32e-06  |g|= 0.00622  |ddm|= 1.66
    sigma = 0.02  Optimized mu = -0.151762873854  entropy = 50.9904093718
    Total E(T) = -12114.6754450821  Free energy = -12115.6952532696  E0 = -12115.1853491759
Extra cycle  E= -12114.6754450821  delta_E= 0.527  |g|= 0.413  |ddm|= 4.11e+03
converged SCF energy = -12114.6754450821
dm0 check [[[ 1.89790446e-01  3.06171853e-01 -6.27469514e-02 ...  4.54764982e-07
   -2.86388151e-07 -1.45909651e-06]
  [ 3.06171853e-01  5.07731871e-01 -1.67379165e-01 ...  1.57976686e-06
   -1.17157976e-06 -4.22286513e-06]
  [-6.27469514e-02 -1.67379165e-01  3.38447906e-01 ... -3.54972734e-06
    2.77920521e-06  1.01575977e-05]
  ...
  [ 4.54764982e-07  1.57976686e-06 -3.54972734e-06 ...  4.56574352e-07
   -1.34503348e-07  4.64341535e-08]
  [-2.86388151e-07 -1.17157976e-06  2.77920521e-06 ... -1.34503348e-07
    2.92072792e-07  3.53350992e-08]
  [-1.45909651e-06 -4.22286513e-06  1.01575977e-05 ...  4.64341535e-08
    3.53350992e-08  1.96644951e-07]]

 [[ 1.89770063e-01  3.06116239e-01 -6.26209086e-02 ...  6.91555822e-07
   -2.61115725e-07 -1.34429945e-06]
  [ 3.06116239e-01  5.07583372e-01 -1.67046772e-01 ...  2.21610706e-06
   -1.10151129e-06 -3.91425103e-06]
  [-6.26209086e-02 -1.67046772e-01  3.37706693e-01 ... -5.06870523e-06
    2.59338090e-06  9.42004959e-06]
  ...
  [ 6.91555822e-07  2.21610706e-06 -5.06870523e-06 ...  4.41335416e-07
   -1.36497871e-07  4.94745636e-08]
  [-2.61115725e-07 -1.10151129e-06  2.59338090e-06 ... -1.36497871e-07
    2.92269899e-07  3.27261381e-08]
  [-1.34429945e-06 -3.91425103e-06  9.42004959e-06 ...  4.94745636e-08
    3.27261381e-08  1.86967699e-07]]]


******** <class 'pyscf.scf.addons.SmearingDFUKS'> ********
method = SmearingDFUKS
initial guess = minao
damping factor = 0.15
level_shift factor = 0.2
DIIS = <class 'pyscf.scf.diis.CDIIS'>
diis_start_cycle = 1
diis_space = 12
diis_damp = 0
SCF conv_tol = 5e-05
SCF conv_tol_grad = None
SCF max_cycles = 200
direct_scf = True
direct_scf_tol = 1e-13
chkfile to save SCF result = /tmp/tmp2d_gj1bs
max_memory 4000 MB (current use 87367 MB)
number electrons alpha = 325  beta = 323
XC library pyscf.dft.libxc version 6.1.0
    S. Lehtola, C. Steigemann, M. J.T. Oliveira, and M. A.L. Marques.,  SoftwareX 7, 1–5 (2018)
XC functionals = pbe
    J. P. Perdew, K. Burke, and M. Ernzerhof.,  Phys. Rev. Lett. 77, 3865 (1996)
    J. P. Perdew, K. Burke, and M. Ernzerhof.,  Phys. Rev. Lett. 78, 1396 (1997)
    J. P. Perdew, K. Burke, and M. Ernzerhof.,  Phys. Rev. Lett. 77, 3865 (1996)
    J. P. Perdew, K. Burke, and M. Ernzerhof.,  Phys. Rev. Lett. 78, 1396 (1997)
small_rho_cutoff = 1e-06
Set gradient conv threshold to 0.00707107
    Total E(T) = -12114.7580343351  Free energy = -12114.822062914  E0 = -12114.7900486246
init E= -12114.7580343351
    sigma = 0.005  Optimized mu_alpha = -0.196962813248  entropy = 3.3126899044e-07
    sigma = 0.005  Optimized mu_beta  = -0.199532702588  entropy = 3.3126899044e-07
    Total E(T) = -12114.7580213803  Free energy = -12114.758021382  E0 = -12114.7580213811
cycle= 1 E= -12114.7580213803  delta_E= 1.3e-05  |g|= 0.0344  |ddm|= 12.5
    sigma = 0.005  Optimized mu_alpha = -0.197148424199  entropy = 3.30330623359e-07
    sigma = 0.005  Optimized mu_beta  = -0.199731649518  entropy = 3.30330623359e-07
    Total E(T) = -12114.7578712637  Free energy = -12114.7578712654  E0 = -12114.7578712646
cycle= 2 E= -12114.7578712637  delta_E= 0.00015  |g|= 0.109  |ddm|= 56.2
    sigma = 0.005  Optimized mu_alpha = -0.197031265394  entropy = 3.30710934395e-07
    sigma = 0.005  Optimized mu_beta  = -0.199604726687  entropy = 3.30710934395e-07
    Total E(T) = -12114.7579623277  Free energy = -12114.7579623294  E0 = -12114.7579623285
cycle= 3 E= -12114.7579623277  delta_E= -9.11e-05  |g|= 0.0576  |ddm|= 22.9
    sigma = 0.005  Optimized mu_alpha = -0.197027932725  entropy = 3.30742138773e-07
    sigma = 0.005  Optimized mu_beta  = -0.199600952454  entropy = 3.30742138773e-07
    Total E(T) = -12114.7580037258  Free energy = -12114.7580037275  E0 = -12114.7580037267
cycle= 4 E= -12114.7580037258  delta_E= -4.14e-05  |g|= 0.0378  |ddm|= 9.06
    sigma = 0.005  Optimized mu_alpha = -0.197018598558  entropy = 3.30763488388e-07
    sigma = 0.005  Optimized mu_beta  = -0.199591345688  entropy = 3.30763488388e-07
    Total E(T) = -12114.7580223258  Free energy = -12114.7580223275  E0 = -12114.7580223266
cycle= 5 E= -12114.7580223258  delta_E= -1.86e-05  |g|= 0.0253  |ddm|= 5.32
    sigma = 0.005  Optimized mu_alpha = -0.19702655957  entropy = 3.30723105856e-07
    sigma = 0.005  Optimized mu_beta  = -0.199599578505  entropy = 3.30723105856e-07
    Total E(T) = -12114.758030814  Free energy = -12114.7580308157  E0 = -12114.7580308149
cycle= 6 E= -12114.758030814  delta_E= -8.49e-06  |g|= 0.0168  |ddm|=  3.4
    sigma = 0.005  Optimized mu_alpha = -0.197022577479  entropy = 3.3073147583e-07
    sigma = 0.005  Optimized mu_beta  = -0.19959547363  entropy = 3.3073147583e-07
    Total E(T) = -12114.7580345955  Free energy = -12114.7580345972  E0 = -12114.7580345964
cycle= 7 E= -12114.7580345955  delta_E= -3.78e-06  |g|= 0.0117  |ddm|= 2.39
    sigma = 0.005  Optimized mu_alpha = -0.197022923508  entropy = 3.30716642324e-07
    sigma = 0.005  Optimized mu_beta  = -0.199595962574  entropy = 3.30716642324e-07
    Total E(T) = -12114.7580363995  Free energy = -12114.7580364011  E0 = -12114.7580364003
cycle= 8 E= -12114.7580363995  delta_E= -1.8e-06  |g|= 0.00768  |ddm|=  1.5
    sigma = 0.005  Optimized mu_alpha = -0.197023015235  entropy = 3.30729922555e-07
    sigma = 0.005  Optimized mu_beta  = -0.199595878689  entropy = 3.30729922555e-07
    Total E(T) = -12114.7580372117  Free energy = -12114.7580372134  E0 = -12114.7580372126
cycle= 9 E= -12114.7580372117  delta_E= -8.12e-07  |g|= 0.00541  |ddm|= 1.33
    sigma = 0.005  Optimized mu_alpha = -0.296567210946  entropy = 12.807732861
    sigma = 0.005  Optimized mu_beta  = -0.299466016028  entropy = 12.807732861
    Total E(T) = -12114.7225070948  Free energy = -12114.7865457591  E0 = -12114.7545264269
Extra cycle  E= -12114.7225070948  delta_E= 0.0355  |g|= 0.217  |ddm|=  888
converged SCF energy = -12114.7225070948  <S^2> = 3.7626078  2S+1 = 4.0062989
[timing] right/Al ensemble SCF = 1216.4s
[timing] collect state = 0.0s
[timing] grad contraction = 1.6s
Npdft 666.0000340170064
[timing] checkpoint save = 0.0s
step=  16 L=-12265.68781796 Ef=-12265.69298425 L1=1.06687678e+00 |grad|=2.00716e-02 t=1430.0s
[phase2 outer 8] previous L = -12265.71037656
[phase2 outer 8] new L = -12265.68781796
[phase2 outer 8] dL = 2.25585923e-02
[phase2 outer 8] previous Ef = -12265.71541049
[phase2 outer 8] new Ef = -12265.69298425
[phase2 outer 8] dEf = 2.24262320e-02
[phase2 outer 8] |db| = 1.43085e-02
[phase2 outer 8] |grad| = 2.00716e-02
[phase2 outer 8] last_Ef = -12265.715410486851
[phase2 outer 8] adaptive max_step_norm = 1.000000e-01
[phase2 outer 8] delta = 2.735878e-03
[phase2 outer 8] raw_step_norm = 1.430846e-02
[phase2 outer 8] capped_step_norm = 1.430846e-02
[phase2 outer 8] dL = 0.02255859228898771
[phase2 outer 8] dEf = 0.02242623202437244
[phase2 outer 8] |grad| = 2.007157e-02
[phase2 outer 8] raw_step_norm=1.430846e-02 capped_step_norm=1.430846e-02 raw_max_abs_step=2.735878e-03 capped_max_abs_step=2.735878e-03 step_cap=1.000000e-01 line_search_alpha=n/a
[phase2 outer 8] res.fun = 12265.68781796
[phase2 outer 8] res.message = STOP: TOTAL NO. of ITERATIONS REACHED LIMIT
[phase2 outer 8] finished message=STOP: TOTAL NO. of ITERATIONS REACHED LIMIT |b|=3.383908e-01
[phase2 outer 9] start |b|=3.383908e-01 max|b|=4.076459e-02 delta=2.736e-03
[diagnostic] step=17 |b|=3.383908e-01 max|b|=4.076459e-02
[timing] build AO Vp from S3 = 1.6s
[diagnostic] |vpl|=3.105021e-01 max|vpl|=3.818815e-02
[diagnostic] |vpr|=5.000698e-01 max|vpr|=3.147197e-02
[diagnostic] |vpref|=5.463513e-01 max|vpref|=3.817854e-02
dm0 check [[[ 1.51511371e-09  2.24391587e-08  1.89789885e-07 ... -1.14719100e-07
    7.42477119e-07  6.64944335e-08]
  [ 2.24391587e-08  3.34444535e-07  2.75067326e-06 ... -1.77767285e-06
    1.10110602e-05  1.04758065e-06]
  [ 1.89789885e-07  2.75067326e-06  2.57237850e-05 ... -1.02770071e-05
    9.27869477e-05  4.99877835e-06]
  ...
  [-1.14719100e-07 -1.77767285e-06 -1.02770071e-05 ...  2.27166686e-04
    1.81897066e-06 -1.91352267e-04]
  [ 7.42477119e-07  1.10110602e-05  9.27869477e-05 ...  1.81897066e-06
    4.79980244e-04 -1.62432566e-06]
  [ 6.64944335e-08  1.04758065e-06  4.99877835e-06 ... -1.91352267e-04
   -1.62432566e-06  6.55604889e-04]]

 [[ 2.14412337e-09  3.18475819e-08  2.65523748e-07 ... -7.48707945e-08
    1.03578267e-06  2.38439869e-08]
  [ 3.18475819e-08  4.74248179e-07  3.91397252e-06 ... -9.93114723e-07
    1.53190782e-05  2.50157063e-07]
  [ 2.65523748e-07  3.91397252e-06  3.37625591e-05 ... -1.10143011e-05
    1.30901563e-04  4.52869327e-06]
  ...
  [-7.48707945e-08 -9.93114723e-07 -1.10143011e-05 ...  2.49604178e-04
    2.27939032e-06 -2.10130199e-04]
  [ 1.03578267e-06  1.53190782e-05  1.30901563e-04 ...  2.27939032e-06
    5.52938961e-04 -2.04467337e-06]
  [ 2.38439869e-08  2.50157063e-07  4.52869327e-06 ... -2.10130199e-04
   -2.04467337e-06  7.46013509e-04]]]
converged SCF energy = -150.22669371454  <S^2> = 2.0045398  2S+1 = 3.003025
dm0 check [[[ 1.14641175e-09  1.70870852e-08  1.38754190e-07 ... -8.06195304e-08
    6.25414482e-07  4.56923927e-08]
  [ 1.70870852e-08  2.56086076e-07  2.02952891e-06 ... -1.06182174e-06
    9.18277775e-06  7.18406689e-07]
  [ 1.38754190e-07  2.02952891e-06  1.80707782e-05 ... -1.26946986e-05
    8.12948828e-05  3.19886534e-06]
  ...
  [-8.06195304e-08 -1.06182174e-06 -1.26946986e-05 ...  2.39058859e-04
   -1.61686895e-06 -1.68274611e-04]
  [ 6.25414482e-07  9.18277775e-06  8.12948828e-05 ... -1.61686895e-06
    4.44994181e-04 -4.06041999e-06]
  [ 4.56923927e-08  7.18406689e-07  3.19886534e-06 ... -1.68274611e-04
   -4.06041999e-06  5.95721441e-04]]

 [[ 2.53023118e-08  3.85029194e-07  2.83113043e-06 ... -1.48563130e-07
    1.05896718e-07  7.43929118e-08]
  [ 3.85029194e-07  5.86045371e-06  4.30437812e-05 ... -2.17960991e-06
    1.18330086e-06  1.05295435e-06]
  [ 2.83113043e-06  4.30437812e-05  3.17976361e-04 ... -1.75086755e-05
    2.68734244e-05  9.39100466e-06]
  ...
  [-1.48563130e-07 -2.17960991e-06 -1.75086755e-05 ...  2.30571234e-04
    2.08936334e-07 -1.91670829e-04]
  [ 1.05896718e-07  1.18330086e-06  2.68734244e-05 ...  2.08936334e-07
    4.63237147e-04 -3.50203553e-06]
  [ 7.43929118e-08  1.05295435e-06  9.39100466e-06 ... -1.91670829e-04
   -3.50203553e-06  6.49567061e-04]]]
converged SCF energy = -150.244985829837  <S^2> = 0.92979876  2S+1 = 2.1723708
[timing] left/O ensemble SCF = 13.3s
dm0 check [[ 3.79537564e-01  6.12228023e-01 -1.25222500e-01 ...  1.13555479e-06
  -5.54935595e-07 -2.99701685e-06]
 [ 6.12228023e-01  1.01515634e+00 -3.34039831e-01 ...  3.76645541e-06
  -2.29430879e-06 -8.66064733e-06]
 [-1.25222500e-01 -3.34039831e-01  6.75233992e-01 ... -8.55295096e-06
   5.43334957e-06  2.08636298e-05]
 ...
 [ 1.13555479e-06  3.76645541e-06 -8.55295096e-06 ...  8.55657410e-07
  -2.60723913e-07  9.87684042e-08]
 [-5.54935595e-07 -2.29430879e-06  5.43334957e-06 ... -2.60723913e-07
   5.74317826e-07  5.75765305e-08]
 [-2.99701685e-06 -8.66064733e-06  2.08636298e-05 ...  9.87684042e-08
   5.75765305e-08  3.91967621e-07]]


******** <class 'pyscf.scf.addons.SmearingDFRKS'> ********
method = SmearingDFRKS
initial guess = minao
damping factor = 0.15
level_shift factor = 0.2
DIIS = <class 'pyscf.scf.diis.CDIIS'>
diis_start_cycle = 1
diis_space = 12
diis_damp = 0
SCF conv_tol = 5e-05
SCF conv_tol_grad = None
SCF max_cycles = 200
direct_scf = True
direct_scf_tol = 1e-13
chkfile to save SCF result = /tmp/tmpiu3_m7in
max_memory 4000 MB (current use 87330 MB)
XC library pyscf.dft.libxc version 6.1.0
    S. Lehtola, C. Steigemann, M. J.T. Oliveira, and M. A.L. Marques.,  SoftwareX 7, 1–5 (2018)
XC functionals = pbe
    J. P. Perdew, K. Burke, and M. Ernzerhof.,  Phys. Rev. Lett. 77, 3865 (1996)
    J. P. Perdew, K. Burke, and M. Ernzerhof.,  Phys. Rev. Lett. 78, 1396 (1997)
    J. P. Perdew, K. Burke, and M. Ernzerhof.,  Phys. Rev. Lett. 77, 3865 (1996)
    J. P. Perdew, K. Burke, and M. Ernzerhof.,  Phys. Rev. Lett. 78, 1396 (1997)
small_rho_cutoff = 1e-06
Set gradient conv threshold to 0.00707107
    Total E(T) = -12115.2021692108  Free energy = -12116.2219773982  E0 = -12115.7120733045
init E= -12115.2021692108
    sigma = 0.02  Optimized mu = -0.0518007992645  entropy = 1.50187318282
    Total E(T) = -12115.2021529642  Free energy = -12115.2321904279  E0 = -12115.217171696
cycle= 1 E= -12115.2021529642  delta_E= 1.62e-05  |g|= 0.0261  |ddm|=   18
    sigma = 0.02  Optimized mu = -0.0519889173467  entropy = 1.50138725513
    Total E(T) = -12115.201963177  Free energy = -12115.2319909221  E0 = -12115.2169770496
cycle= 2 E= -12115.201963177  delta_E= 0.00019  |g|= 0.0884  |ddm|= 77.9
    sigma = 0.02  Optimized mu = -0.0518625208731  entropy = 1.50153810801
    Total E(T) = -12115.2020754045  Free energy = -12115.2321061667  E0 = -12115.2170907856
cycle= 3 E= -12115.2020754045  delta_E= -0.000112  |g|= 0.048  |ddm|= 32.2
    sigma = 0.02  Optimized mu = -0.0518562708172  entropy = 1.50157839461
    Total E(T) = -12115.2021231931  Free energy = -12115.232154761  E0 = -12115.2171389771
cycle= 4 E= -12115.2021231931  delta_E= -4.78e-05  |g|= 0.0336  |ddm|= 12.3
    sigma = 0.02  Optimized mu = -0.0518539748526  entropy = 1.50159020004
    Total E(T) = -12115.2021461438  Free energy = -12115.2321779478  E0 = -12115.2171620458
cycle= 5 E= -12115.2021461438  delta_E= -2.3e-05  |g|= 0.024  |ddm|= 7.11
    sigma = 0.02  Optimized mu = -0.0518523289817  entropy = 1.50159513837
    Total E(T) = -12115.2021574966  Free energy = -12115.2321893994  E0 = -12115.217173448
cycle= 6 E= -12115.2021574966  delta_E= -1.14e-05  |g|= 0.0178  |ddm|= 4.78
    sigma = 0.02  Optimized mu = -0.0518526381127  entropy = 1.50159566544
    Total E(T) = -12115.2021635806  Free energy = -12115.2321954939  E0 = -12115.2171795372
cycle= 7 E= -12115.2021635806  delta_E= -6.08e-06  |g|= 0.0131  |ddm|= 2.98
    sigma = 0.02  Optimized mu = -0.0518491748784  entropy = 1.50161296263
    Total E(T) = -12115.2021667711  Free energy = -12115.2321990304  E0 = -12115.2171829007
cycle= 8 E= -12115.2021667711  delta_E= -3.19e-06  |g|= 0.00992  |ddm|= 2.13
    sigma = 0.02  Optimized mu = -0.0518519011435  entropy = 1.50160113468
    Total E(T) = -12115.2021685705  Free energy = -12115.2322005932  E0 = -12115.2171845818
cycle= 9 E= -12115.2021685705  delta_E= -1.8e-06  |g|= 0.00754  |ddm|= 1.45
    sigma = 0.02  Optimized mu = -0.0518519629431  entropy = 1.50160313948
    Total E(T) = -12115.202169549  Free energy = -12115.2322016118  E0 = -12115.2171855804
cycle= 10 E= -12115.202169549  delta_E= -9.79e-07  |g|= 0.0059  |ddm|= 1.05
    sigma = 0.02  Optimized mu = -0.151781553566  entropy = 50.9892701231
    Total E(T) = -12114.6758102612  Free energy = -12115.6955956637  E0 = -12115.1857029624
Extra cycle  E= -12114.6758102612  delta_E= 0.526  |g|= 0.407  |ddm|= 4.12e+03
converged SCF energy = -12114.6758102612
dm0 check [[[ 1.89790371e-01  3.06171808e-01 -6.27469321e-02 ...  4.68791392e-07
   -2.74473344e-07 -1.50755006e-06]
  [ 3.06171808e-01  5.07731820e-01 -1.67378827e-01 ...  1.61764745e-06
   -1.13948117e-06 -4.35351981e-06]
  [-6.27469321e-02 -1.67378827e-01  3.38447026e-01 ... -3.64174997e-06
    2.70192159e-06  1.04736216e-05]
  ...
  [ 4.68791392e-07  1.61764745e-06 -3.64174997e-06 ...  4.53591610e-07
   -1.35082946e-07  4.88208044e-08]
  [-2.74473344e-07 -1.13948117e-06  2.70192159e-06 ... -1.35082946e-07
    2.92651106e-07  3.41667309e-08]
  [-1.50755006e-06 -4.35351981e-06  1.04736216e-05 ...  4.88208044e-08
    3.41667309e-08  2.03970652e-07]]

 [[ 1.89769945e-01  3.06116087e-01 -6.26206239e-02 ...  7.04925159e-07
   -2.48808180e-07 -1.39250041e-06]
  [ 3.06116087e-01  5.07583037e-01 -1.67045714e-01 ...  2.25225098e-06
   -1.06832636e-06 -4.04433954e-06]
  [-6.26206239e-02 -1.67045714e-01  3.37704008e-01 ... -5.15689346e-06
    2.51322305e-06  9.73576425e-06]
  ...
  [ 7.04925159e-07  2.25225098e-06 -5.15689346e-06 ...  4.38397563e-07
   -1.37046672e-07  5.18427098e-08]
  [-2.48808180e-07 -1.06832636e-06  2.51322305e-06 ... -1.37046672e-07
    2.92921034e-07  3.14539109e-08]
  [-1.39250041e-06 -4.04433954e-06  9.73576425e-06 ...  5.18427098e-08
    3.14539109e-08  1.94148976e-07]]]


******** <class 'pyscf.scf.addons.SmearingDFUKS'> ********
method = SmearingDFUKS
initial guess = minao
damping factor = 0.15
level_shift factor = 0.2
DIIS = <class 'pyscf.scf.diis.CDIIS'>
diis_start_cycle = 1
diis_space = 12
diis_damp = 0
SCF conv_tol = 5e-05
SCF conv_tol_grad = None
SCF max_cycles = 200
direct_scf = True
direct_scf_tol = 1e-13
chkfile to save SCF result = /tmp/tmp2d_gj1bs
max_memory 4000 MB (current use 87311 MB)
number electrons alpha = 325  beta = 323
XC library pyscf.dft.libxc version 6.1.0
    S. Lehtola, C. Steigemann, M. J.T. Oliveira, and M. A.L. Marques.,  SoftwareX 7, 1–5 (2018)
XC functionals = pbe
    J. P. Perdew, K. Burke, and M. Ernzerhof.,  Phys. Rev. Lett. 77, 3865 (1996)
    J. P. Perdew, K. Burke, and M. Ernzerhof.,  Phys. Rev. Lett. 78, 1396 (1997)
    J. P. Perdew, K. Burke, and M. Ernzerhof.,  Phys. Rev. Lett. 77, 3865 (1996)
    J. P. Perdew, K. Burke, and M. Ernzerhof.,  Phys. Rev. Lett. 78, 1396 (1997)
small_rho_cutoff = 1e-06
Set gradient conv threshold to 0.00707107
    Total E(T) = -12114.7580372117  Free energy = -12114.822075876  E0 = -12114.7900565438
init E= -12114.7580372117
    sigma = 0.005  Optimized mu_alpha = -0.196999850906  entropy = 3.30923318655e-07
    sigma = 0.005  Optimized mu_beta  = -0.199571323081  entropy = 3.30923318655e-07
    Total E(T) = -12114.758031441  Free energy = -12114.7580314427  E0 = -12114.7580314419
cycle= 1 E= -12114.758031441  delta_E= 5.77e-06  |g|= 0.0223  |ddm|=  9.9
    sigma = 0.005  Optimized mu_alpha = -0.197086777222  entropy = 3.30449969471e-07
    sigma = 0.005  Optimized mu_beta  = -0.199665093426  entropy = 3.30449969471e-07
    Total E(T) = -12114.7579685636  Free energy = -12114.7579685653  E0 = -12114.7579685644
cycle= 2 E= -12114.7579685636  delta_E= 6.29e-05  |g|= 0.0718  |ddm|= 37.1
    sigma = 0.005  Optimized mu_alpha = -0.19702671622  entropy = 3.30687892818e-07
    sigma = 0.005  Optimized mu_beta  = -0.199600038947  entropy = 3.30687892818e-07
    Total E(T) = -12114.7580058293  Free energy = -12114.758005831  E0 = -12114.7580058301
cycle= 3 E= -12114.7580058293  delta_E= -3.73e-05  |g|= 0.0385  |ddm|= 14.2
    sigma = 0.005  Optimized mu_alpha = -0.197025718655  entropy = 3.30706799848e-07
    sigma = 0.005  Optimized mu_beta  = -0.199598788359  entropy = 3.30706799848e-07
    Total E(T) = -12114.7580227789  Free energy = -12114.7580227805  E0 = -12114.7580227797
cycle= 4 E= -12114.7580227789  delta_E= -1.69e-05  |g|= 0.0261  |ddm|=  5.8
    sigma = 0.005  Optimized mu_alpha = -0.197022860384  entropy = 3.30721270237e-07
    sigma = 0.005  Optimized mu_beta  = -0.199595773212  entropy = 3.30721270237e-07
    Total E(T) = -12114.7580305756  Free energy = -12114.7580305772  E0 = -12114.7580305764
cycle= 5 E= -12114.7580305756  delta_E= -7.8e-06  |g|= 0.0181  |ddm|= 3.48
    sigma = 0.005  Optimized mu_alpha = -0.197025644038  entropy = 3.30707944624e-07
    sigma = 0.005  Optimized mu_beta  = -0.199598679189  entropy = 3.30707944624e-07
    Total E(T) = -12114.7580343398  Free energy = -12114.7580343415  E0 = -12114.7580343407
cycle= 6 E= -12114.7580343398  delta_E= -3.76e-06  |g|= 0.0125  |ddm|= 2.15
    sigma = 0.005  Optimized mu_alpha = -0.197022589842  entropy = 3.30718811085e-07
    sigma = 0.005  Optimized mu_beta  = -0.199595570256  entropy = 3.30718811085e-07
    Total E(T) = -12114.7580361107  Free energy = -12114.7580361124  E0 = -12114.7580361115
cycle= 7 E= -12114.7580361107  delta_E= -1.77e-06  |g|= 0.0091  |ddm|= 1.61
    sigma = 0.005  Optimized mu_alpha = -0.197022915388  entropy = 3.30713868648e-07
    sigma = 0.005  Optimized mu_beta  = -0.199595910876  entropy = 3.30713868648e-07
    Total E(T) = -12114.7580370047  Free energy = -12114.7580370064  E0 = -12114.7580370055
cycle= 8 E= -12114.7580370047  delta_E= -8.94e-07  |g|= 0.00653  |ddm|= 1.04
    sigma = 0.005  Optimized mu_alpha = -0.296573291113  entropy = 12.8080022262
    sigma = 0.005  Optimized mu_beta  = -0.299472034722  entropy = 12.8080022262
    Total E(T) = -12114.722402688  Free energy = -12114.7864426991  E0 = -12114.7544226935
Extra cycle  E= -12114.722402688  delta_E= 0.0356  |g|= 0.229  |ddm|=  888
converged SCF energy = -12114.722402688  <S^2> = 3.7626088  2S+1 = 4.0062995
[timing] right/Al ensemble SCF = 1168.2s
[timing] collect state = 0.0s
[timing] grad contraction = 1.5s
Npdft 666.0000340160661
[timing] checkpoint save = 0.0s
step=  17 L=-12265.68813481 Ef=-12265.69329141 L1=1.06652433e+00 |grad|=2.00607e-02 t=1383.4s
[diagnostic] step=18 |b|=3.508987e-01 max|b|=4.350046e-02
[timing] build AO Vp from S3 = 1.6s
[diagnostic] |vpl|=3.259376e-01 max|vpl|=4.098520e-02
[diagnostic] |vpr|=5.136378e-01 max|vpr|=3.341068e-02
[diagnostic] |vpref|=5.636620e-01 max|vpref|=4.097359e-02
dm0 check [[[ 1.51511404e-09  2.24391602e-08  1.89789934e-07 ... -1.14718942e-07
    7.42476655e-07  6.64942881e-08]
  [ 2.24391602e-08  3.34444478e-07  2.75067393e-06 ... -1.77767012e-06
    1.10110555e-05  1.04757799e-06]
  [ 1.89789934e-07  2.75067393e-06  2.57237928e-05 ... -1.02769852e-05
    9.27868797e-05  4.99875884e-06]
  ...
  [-1.14718942e-07 -1.77767012e-06 -1.02769852e-05 ...  2.27166760e-04
    1.81897144e-06 -1.91352329e-04]
  [ 7.42476655e-07  1.10110555e-05  9.27868797e-05 ...  1.81897144e-06
    4.79980288e-04 -1.62432515e-06]
  [ 6.64942881e-08  1.04757799e-06  4.99875884e-06 ... -1.91352329e-04
   -1.62432515e-06  6.55604987e-04]]

 [[ 2.14412356e-09  3.18475850e-08  2.65523728e-07 ... -7.48704992e-08
    1.03578251e-06  2.38437329e-08]
  [ 3.18475850e-08  4.74248194e-07  3.91397263e-06 ... -9.93112739e-07
    1.53190766e-05  2.50155281e-07]
  [ 2.65523728e-07  3.91397263e-06  3.37625550e-05 ... -1.10142812e-05
    1.30901532e-04  4.52867647e-06]
  ...
  [-7.48704992e-08 -9.93112739e-07 -1.10142812e-05 ...  2.49604232e-04
    2.27939088e-06 -2.10130245e-04]
  [ 1.03578251e-06  1.53190766e-05  1.30901532e-04 ...  2.27939088e-06
    5.52938809e-04 -2.04467276e-06]
  [ 2.38437329e-08  2.50155281e-07  4.52867647e-06 ... -2.10130245e-04
   -2.04467276e-06  7.46013391e-04]]]
converged SCF energy = -150.226693714539  <S^2> = 2.0045398  2S+1 = 3.003025
dm0 check [[[ 1.14641023e-09  1.70870782e-08  1.38754053e-07 ... -8.06197550e-08
    6.25414557e-07  4.56927867e-08]
  [ 1.70870782e-08  2.56086162e-07  2.02952934e-06 ... -1.06182744e-06
    9.18278902e-06  7.18408623e-07]
  [ 1.38754053e-07  2.02952934e-06  1.80707706e-05 ... -1.26946953e-05
    8.12949544e-05  3.19889022e-06]
  ...
  [-8.06197550e-08 -1.06182744e-06 -1.26946953e-05 ...  2.39058503e-04
   -1.61689939e-06 -1.68274900e-04]
  [ 6.25414557e-07  9.18278902e-06  8.12949544e-05 ... -1.61689939e-06
    4.44994907e-04 -4.06050535e-06]
  [ 4.56927867e-08  7.18408623e-07  3.19889022e-06 ... -1.68274900e-04
   -4.06050535e-06  5.95722478e-04]]

 [[ 2.53030696e-08  3.85040721e-07  2.83121328e-06 ... -1.48564904e-07
    1.05892437e-07  7.43938900e-08]
  [ 3.85040721e-07  5.86062899e-06  4.30450421e-05 ... -2.17963319e-06
    1.18324188e-06  1.05296640e-06]
  [ 2.83121328e-06  4.30450421e-05  3.17985421e-04 ... -1.75088599e-05
    2.68730050e-05  9.39110412e-06]
  ...
  [-1.48564904e-07 -2.17963319e-06 -1.75088599e-05 ...  2.30571490e-04
    2.08898955e-07 -1.91671084e-04]
  [ 1.05892437e-07  1.18324188e-06  2.68730050e-05 ...  2.08898955e-07
    4.63238063e-04 -3.50213496e-06]
  [ 7.43938900e-08  1.05296640e-06  9.39110412e-06 ... -1.91671084e-04
   -3.50213496e-06  6.49568355e-04]]]
converged SCF energy = -150.244985829837  <S^2> = 0.92979854  2S+1 = 2.1723706
[timing] left/O ensemble SCF = 10.6s
dm0 check [[ 3.79537573e-01  6.12228044e-01 -1.25222559e-01 ...  1.13598889e-06
  -5.55285978e-07 -2.99705580e-06]
 [ 6.12228044e-01  1.01515639e+00 -3.34039985e-01 ...  3.76762627e-06
  -2.29525385e-06 -8.66075229e-06]
 [-1.25222559e-01 -3.34039985e-01  6.75234386e-01 ... -8.55578909e-06
   5.43564006e-06  2.08638832e-05]
 ...
 [ 1.13598889e-06  3.76762627e-06 -8.55578909e-06 ...  8.55628628e-07
  -2.60703299e-07  9.87651193e-08]
 [-5.55285978e-07 -2.29525385e-06  5.43564006e-06 ... -2.60703299e-07
   5.74266782e-07  5.75788750e-08]
 [-2.99705580e-06 -8.66075229e-06  2.08638832e-05 ...  9.87651193e-08
   5.75788750e-08  3.91966402e-07]]


******** <class 'pyscf.scf.addons.SmearingDFRKS'> ********
method = SmearingDFRKS
initial guess = minao
damping factor = 0.15
level_shift factor = 0.2
DIIS = <class 'pyscf.scf.diis.CDIIS'>
diis_start_cycle = 1
diis_space = 12
diis_damp = 0
SCF conv_tol = 5e-05
SCF conv_tol_grad = None
SCF max_cycles = 200
direct_scf = True
direct_scf_tol = 1e-13
chkfile to save SCF result = /tmp/tmpiu3_m7in
max_memory 4000 MB (current use 87367 MB)
XC library pyscf.dft.libxc version 6.1.0
    S. Lehtola, C. Steigemann, M. J.T. Oliveira, and M. A.L. Marques.,  SoftwareX 7, 1–5 (2018)
XC functionals = pbe
    J. P. Perdew, K. Burke, and M. Ernzerhof.,  Phys. Rev. Lett. 77, 3865 (1996)
    J. P. Perdew, K. Burke, and M. Ernzerhof.,  Phys. Rev. Lett. 78, 1396 (1997)
    J. P. Perdew, K. Burke, and M. Ernzerhof.,  Phys. Rev. Lett. 77, 3865 (1996)
    J. P. Perdew, K. Burke, and M. Ernzerhof.,  Phys. Rev. Lett. 78, 1396 (1997)
small_rho_cutoff = 1e-06
Set gradient conv threshold to 0.00707107
    Total E(T) = -12115.1638834782  Free energy = -12116.1836688806  E0 = -12115.6737761794
init E= -12115.1638834782
    sigma = 0.02  Optimized mu = -0.0517756054397  entropy = 1.50240793259
    Total E(T) = -12115.1638603481  Free energy = -12115.1939085067  E0 = -12115.1788844274
cycle= 1 E= -12115.1638603481  delta_E= 2.31e-05  |g|= 0.0317  |ddm|= 20.6
    sigma = 0.02  Optimized mu = -0.0520369756276  entropy = 1.50183721423
    Total E(T) = -12115.1635822401  Free energy = -12115.1936189844  E0 = -12115.1786006122
cycle= 2 E= -12115.1635822401  delta_E= 0.000278  |g|= 0.106  |ddm|=   94
    sigma = 0.02  Optimized mu = -0.0518706768835  entropy = 1.50191971111
    Total E(T) = -12115.1637484931  Free energy = -12115.1937868873  E0 = -12115.1787676902
cycle= 3 E= -12115.1637484931  delta_E= -0.000166  |g|= 0.0572  |ddm|=   40
    sigma = 0.02  Optimized mu = -0.0518608019402  entropy = 1.50196956826
    Total E(T) = -12115.1638198858  Free energy = -12115.1938592772  E0 = -12115.1788395815
cycle= 4 E= -12115.1638198858  delta_E= -7.14e-05  |g|= 0.0393  |ddm|= 14.7
    sigma = 0.02  Optimized mu = -0.0518571965903  entropy = 1.50198482657
    Total E(T) = -12115.1638537645  Free energy = -12115.193893461  E0 = -12115.1788736128
cycle= 5 E= -12115.1638537645  delta_E= -3.39e-05  |g|= 0.0275  |ddm|= 8.59
    sigma = 0.02  Optimized mu = -0.0518549558702  entropy = 1.5019804276
    Total E(T) = -12115.1638697129  Free energy = -12115.1939093215  E0 = -12115.1788895172
cycle= 6 E= -12115.1638697129  delta_E= -1.59e-05  |g|= 0.0203  |ddm|= 6.46
    sigma = 0.02  Optimized mu = -0.051856177057  entropy = 1.50197804958
    Total E(T) = -12115.1638779108  Free energy = -12115.1939174718  E0 = -12115.1788976913
cycle= 7 E= -12115.1638779108  delta_E= -8.2e-06  |g|= 0.0148  |ddm|= 3.67
    sigma = 0.02  Optimized mu = -0.0518538562447  entropy = 1.50198758967
    Total E(T) = -12115.163882333  Free energy = -12115.1939220848  E0 = -12115.1789022089
cycle= 8 E= -12115.163882333  delta_E= -4.42e-06  |g|= 0.0109  |ddm|= 2.29
    sigma = 0.02  Optimized mu = -0.0518576977658  entropy = 1.50196709928
    Total E(T) = -12115.1638847773  Free energy = -12115.1939241192  E0 = -12115.1789044483
cycle= 9 E= -12115.1638847773  delta_E= -2.44e-06  |g|= 0.00789  |ddm|= 1.97
    sigma = 0.02  Optimized mu = -0.0518541452965  entropy = 1.50198518376
    Total E(T) = -12115.1638859616  Free energy = -12115.1939256653  E0 = -12115.1789058134
cycle= 10 E= -12115.1638859616  delta_E= -1.18e-06  |g|= 0.00602  |ddm|= 1.53
    sigma = 0.02  Optimized mu = -0.151775749575  entropy = 50.99032609
    Total E(T) = -12114.6374678672  Free energy = -12115.657274389  E0 = -12115.1473711281
Extra cycle  E= -12114.6374678672  delta_E= 0.526  |g|= 0.409  |ddm|= 4.11e+03
converged SCF energy = -12114.6374678672
dm0 check [[[ 1.89790365e-01  3.06171792e-01 -6.27468900e-02 ...  4.68935936e-07
   -2.74512059e-07 -1.50760286e-06]
  [ 3.06171792e-01  5.07731777e-01 -1.67378716e-01 ...  1.61803679e-06
   -1.13958569e-06 -4.35366183e-06]
  [-6.27468900e-02 -1.67378716e-01  3.38446755e-01 ... -3.64268577e-06
    2.70217507e-06  1.04739580e-05]
  ...
  [ 4.68935936e-07  1.61803679e-06 -3.64268577e-06 ...  4.53613023e-07
   -1.35088440e-07  4.88256069e-08]
  [-2.74512059e-07 -1.13958569e-06  2.70217507e-06 ... -1.35088440e-07
    2.92645810e-07  3.41683311e-08]
  [-1.50760286e-06 -4.35366183e-06  1.04739580e-05 ...  4.88256069e-08
    3.41683311e-08  2.03969945e-07]]

 [[ 1.89769938e-01  3.06116068e-01 -6.26205737e-02 ...  7.04990556e-07
   -2.48987636e-07 -1.39238972e-06]
  [ 3.06116068e-01  5.07582986e-01 -1.67045580e-01 ...  2.25242741e-06
   -1.06881110e-06 -4.04404017e-06]
  [-6.26205737e-02 -1.67045580e-01  3.37703675e-01 ... -5.15731926e-06
    2.51440270e-06  9.73502815e-06]
  ...
  [ 7.04990556e-07  2.25242741e-06 -5.15731926e-06 ...  4.38416545e-07
   -1.37046774e-07  5.18468798e-08]
  [-2.48987636e-07 -1.06881110e-06  2.51440270e-06 ... -1.37046774e-07
    2.92916871e-07  3.14584887e-08]
  [-1.39238972e-06 -4.04404017e-06  9.73502815e-06 ...  5.18468798e-08
    3.14584887e-08  1.94148937e-07]]]


******** <class 'pyscf.scf.addons.SmearingDFUKS'> ********
method = SmearingDFUKS
initial guess = minao
damping factor = 0.15
level_shift factor = 0.2
DIIS = <class 'pyscf.scf.diis.CDIIS'>
diis_start_cycle = 1
diis_space = 12
diis_damp = 0
SCF conv_tol = 5e-05
SCF conv_tol_grad = None
SCF max_cycles = 200
direct_scf = True
direct_scf_tol = 1e-13
chkfile to save SCF result = /tmp/tmp2d_gj1bs
max_memory 4000 MB (current use 87367 MB)
number electrons alpha = 325  beta = 323
XC library pyscf.dft.libxc version 6.1.0
    S. Lehtola, C. Steigemann, M. J.T. Oliveira, and M. A.L. Marques.,  SoftwareX 7, 1–5 (2018)
XC functionals = pbe
    J. P. Perdew, K. Burke, and M. Ernzerhof.,  Phys. Rev. Lett. 77, 3865 (1996)
    J. P. Perdew, K. Burke, and M. Ernzerhof.,  Phys. Rev. Lett. 78, 1396 (1997)
    J. P. Perdew, K. Burke, and M. Ernzerhof.,  Phys. Rev. Lett. 77, 3865 (1996)
    J. P. Perdew, K. Burke, and M. Ernzerhof.,  Phys. Rev. Lett. 78, 1396 (1997)
small_rho_cutoff = 1e-06
Set gradient conv threshold to 0.00707107
    Total E(T) = -12114.7198002353  Free energy = -12114.7838402464  E0 = -12114.7518202409
init E= -12114.7198002353
    sigma = 0.005  Optimized mu_alpha = -0.196963395101  entropy = 3.31735684824e-07
    sigma = 0.005  Optimized mu_beta  = -0.199530550509  entropy = 3.31735684824e-07
    Total E(T) = -12114.7197843873  Free energy = -12114.7197843889  E0 = -12114.7197843881
cycle= 1 E= -12114.7197843873  delta_E= 1.58e-05  |g|= 0.0376  |ddm|= 13.4
    sigma = 0.005  Optimized mu_alpha = -0.197156450676  entropy = 3.30810031735e-07
    sigma = 0.005  Optimized mu_beta  = -0.199738080761  entropy = 3.30810031735e-07
    Total E(T) = -12114.7196044079  Free energy = -12114.7196044096  E0 = -12114.7196044088
cycle= 2 E= -12114.7196044079  delta_E= 0.00018  |g|= 0.119  |ddm|= 61.5
    sigma = 0.005  Optimized mu_alpha = -0.197034136284  entropy = 3.31138920329e-07
    sigma = 0.005  Optimized mu_beta  = -0.199605144698  entropy = 3.31138920329e-07
    Total E(T) = -12114.7197128669  Free energy = -12114.7197128686  E0 = -12114.7197128677
cycle= 3 E= -12114.7197128669  delta_E= -0.000108  |g|= 0.0633  |ddm|= 24.7
    sigma = 0.005  Optimized mu_alpha = -0.197030971655  entropy = 3.31175218005e-07
    sigma = 0.005  Optimized mu_beta  = -0.199601442832  entropy = 3.31175218005e-07
    Total E(T) = -12114.7197621735  Free energy = -12114.7197621752  E0 = -12114.7197621743
cycle= 4 E= -12114.7197621735  delta_E= -4.93e-05  |g|= 0.0421  |ddm|= 9.87
    sigma = 0.005  Optimized mu_alpha = -0.197022415347  entropy = 3.31198879836e-07
    sigma = 0.005  Optimized mu_beta  = -0.199592604492  entropy = 3.31198879836e-07
    Total E(T) = -12114.7197844975  Free energy = -12114.7197844992  E0 = -12114.7197844984
cycle= 5 E= -12114.7197844975  delta_E= -2.23e-05  |g|= 0.0284  |ddm|= 5.83
    sigma = 0.005  Optimized mu_alpha = -0.19703026664  entropy = 3.31158676371e-07
    sigma = 0.005  Optimized mu_beta  = -0.19960070028  entropy = 3.31158676371e-07
    Total E(T) = -12114.7197948081  Free energy = -12114.7197948097  E0 = -12114.7197948089
cycle= 6 E= -12114.7197948081  delta_E= -1.03e-05  |g|= 0.0192  |ddm|= 3.71
    sigma = 0.005  Optimized mu_alpha = -0.197025217987  entropy = 3.31167757682e-07
    sigma = 0.005  Optimized mu_beta  = -0.199595589143  entropy = 3.31167757682e-07
    Total E(T) = -12114.7197995301  Free energy = -12114.7197995318  E0 = -12114.7197995309
cycle= 7 E= -12114.7197995301  delta_E= -4.72e-06  |g|= 0.0135  |ddm|= 2.56
    sigma = 0.005  Optimized mu_alpha = -0.19702552721  entropy = 3.31156424247e-07
    sigma = 0.005  Optimized mu_beta  = -0.199595963947  entropy = 3.31156424247e-07
    Total E(T) = -12114.719801844  Free energy = -12114.7198018457  E0 = -12114.7198018448
cycle= 8 E= -12114.719801844  delta_E= -2.31e-06  |g|= 0.00905  |ddm|= 1.62
    sigma = 0.005  Optimized mu_alpha = -0.197025848828  entropy = 3.31170528034e-07
    sigma = 0.005  Optimized mu_beta  = -0.199596081367  entropy = 3.31170528034e-07
    Total E(T) = -12114.7198029109  Free energy = -12114.7198029126  E0 = -12114.7198029118
cycle= 9 E= -12114.7198029109  delta_E= -1.07e-06  |g|= 0.00647  |ddm|= 1.44
    sigma = 0.005  Optimized mu_alpha = -0.296565632469  entropy = 12.8097097852
    sigma = 0.005  Optimized mu_beta  = -0.299463122579  entropy = 12.8097097852
    Total E(T) = -12114.684160528  Free energy = -12114.7482090769  E0 = -12114.7161848024
Extra cycle  E= -12114.684160528  delta_E= 0.0356  |g|= 0.231  |ddm|=  889
converged SCF energy = -12114.684160528  <S^2> = 3.7626214  2S+1 = 4.0063057
[timing] right/Al ensemble SCF = 1241.6s
[timing] collect state = 0.0s
[timing] grad contraction = 1.6s
Npdft 666.0000340199266
[timing] checkpoint save = 0.0s
step=  18 L=-12265.66530434 Ef=-12265.67059739 L1=1.05602017e+00 |grad|=1.98898e-02 t=1452.3s
[phase2 outer 9] previous L = -12265.68781796
[phase2 outer 9] new L = -12265.66530434
[phase2 outer 9] dL = 2.25136206e-02
[phase2 outer 9] previous Ef = -12265.69298425
[phase2 outer 9] new Ef = -12265.67059739
[phase2 outer 9] dEf = 2.23868617e-02
[phase2 outer 9] |db| = 1.40156e-02
[phase2 outer 9] |grad| = 1.98898e-02
[phase2 outer 9] last_Ef = -12265.692984254827
[phase2 outer 9] adaptive max_step_norm = 1.000000e-01
[phase2 outer 9] delta = 2.735878e-03
[phase2 outer 9] raw_step_norm = 1.401558e-02
[phase2 outer 9] capped_step_norm = 1.401558e-02
[phase2 outer 9] dL = 0.022513620588142658
[phase2 outer 9] dEf = 0.02238686169948778
[phase2 outer 9] |grad| = 1.988978e-02
[phase2 outer 9] raw_step_norm=1.401558e-02 capped_step_norm=1.401558e-02 raw_max_abs_step=2.735878e-03 capped_max_abs_step=2.735878e-03 step_cap=1.000000e-01 line_search_alpha=n/a
[phase2 outer 9] res.fun = 12265.66530434
[phase2 outer 9] res.message = STOP: TOTAL NO. of ITERATIONS REACHED LIMIT
[phase2 outer 9] finished message=STOP: TOTAL NO. of ITERATIONS REACHED LIMIT |b|=3.508987e-01
[phase2 outer 10] start |b|=3.508987e-01 max|b|=4.350046e-02 delta=2.736e-03
[diagnostic] step=19 |b|=3.508987e-01 max|b|=4.350046e-02
[timing] build AO Vp from S3 = 1.6s
[diagnostic] |vpl|=3.259376e-01 max|vpl|=4.098520e-02
[diagnostic] |vpr|=5.136378e-01 max|vpr|=3.341068e-02
[diagnostic] |vpref|=5.636620e-01 max|vpref|=4.097359e-02
dm0 check [[[ 1.51511369e-09  2.24391586e-08  1.89789883e-07 ... -1.14719107e-07
    7.42477140e-07  6.64944402e-08]
  [ 2.24391586e-08  3.34444538e-07  2.75067323e-06 ... -1.77767298e-06
    1.10110605e-05  1.04758078e-06]
  [ 1.89789883e-07  2.75067323e-06  2.57237846e-05 ... -1.02770081e-05
    9.27869508e-05  4.99877925e-06]
  ...
  [-1.14719107e-07 -1.77767298e-06 -1.02770081e-05 ...  2.27166683e-04
    1.81897062e-06 -1.91352264e-04]
  [ 7.42477140e-07  1.10110605e-05  9.27869508e-05 ...  1.81897062e-06
    4.79980242e-04 -1.62432568e-06]
  [ 6.64944402e-08  1.04758078e-06  4.99877925e-06 ... -1.91352264e-04
   -1.62432568e-06  6.55604885e-04]]

 [[ 2.14412336e-09  3.18475818e-08  2.65523749e-07 ... -7.48708081e-08
    1.03578268e-06  2.38439987e-08]
  [ 3.18475818e-08  4.74248178e-07  3.91397252e-06 ... -9.93114815e-07
    1.53190783e-05  2.50157146e-07]
  [ 2.65523749e-07  3.91397252e-06  3.37625593e-05 ... -1.10143020e-05
    1.30901564e-04  4.52869405e-06]
  ...
  [-7.48708081e-08 -9.93114815e-07 -1.10143020e-05 ...  2.49604175e-04
    2.27939029e-06 -2.10130197e-04]
  [ 1.03578268e-06  1.53190783e-05  1.30901564e-04 ...  2.27939029e-06
    5.52938968e-04 -2.04467340e-06]
  [ 2.38439987e-08  2.50157146e-07  4.52869405e-06 ... -2.10130197e-04
   -2.04467340e-06  7.46013515e-04]]]
converged SCF energy = -150.226693714539  <S^2> = 2.0045398  2S+1 = 3.003025
dm0 check [[[ 1.14641022e-09  1.70870775e-08  1.38754054e-07 ... -8.06197335e-08
    6.25414528e-07  4.56927671e-08]
  [ 1.70870775e-08  2.56086144e-07  2.02952926e-06 ... -1.06182716e-06
    9.18278805e-06  7.18408692e-07]
  [ 1.38754054e-07  2.02952926e-06  1.80707706e-05 ... -1.26946947e-05
    8.12949525e-05  3.19888835e-06]
  ...
  [-8.06197335e-08 -1.06182716e-06 -1.26946947e-05 ...  2.39058520e-04
   -1.61693071e-06 -1.68274891e-04]
  [ 6.25414528e-07  9.18278805e-06  8.12949525e-05 ... -1.61693071e-06
    4.44994884e-04 -4.06052143e-06]
  [ 4.56927671e-08  7.18408692e-07  3.19888835e-06 ... -1.68274891e-04
   -4.06052143e-06  5.95722442e-04]]

 [[ 2.53030361e-08  3.85040209e-07  2.83120961e-06 ... -1.48564822e-07
    1.05892642e-07  7.43943495e-08]
  [ 3.85040209e-07  5.86062119e-06  4.30449860e-05 ... -2.17963218e-06
    1.18324479e-06  1.05297349e-06]
  [ 2.83120961e-06  4.30449860e-05  3.17985018e-04 ... -1.75088517e-05
    2.68730245e-05  9.39115548e-06]
  ...
  [-1.48564822e-07 -2.17963218e-06 -1.75088517e-05 ...  2.30571482e-04
    2.08898423e-07 -1.91671077e-04]
  [ 1.05892642e-07  1.18324479e-06  2.68730245e-05 ...  2.08898423e-07
    4.63238027e-04 -3.50211468e-06]
  [ 7.43943495e-08  1.05297349e-06  9.39115548e-06 ... -1.91671077e-04
   -3.50211468e-06  6.49568303e-04]]]
converged SCF energy = -150.244985829836  <S^2> = 0.92980127  2S+1 = 2.1723731
[timing] left/O ensemble SCF = 11.8s
dm0 check [[ 3.79537249e-01  6.12227848e-01 -1.25222280e-01 ...  1.16786052e-06
  -5.29195633e-07 -3.10120018e-06]
 [ 6.12227848e-01  1.01515640e+00 -3.34038891e-01 ...  3.85373840e-06
  -2.22493657e-06 -8.94173750e-06]
 [-1.25222280e-01 -3.34038891e-01  6.75231572e-01 ... -8.76534807e-06
   5.26597464e-06  2.15449242e-05]
 ...
 [ 1.16786052e-06  3.85373840e-06 -8.76534807e-06 ...  8.50004207e-07
  -2.61767661e-07  1.02970481e-07]
 [-5.29195633e-07 -2.22493657e-06  5.26597464e-06 ... -2.61767661e-07
   5.75714295e-07  5.46757207e-08]
 [-3.10120018e-06 -8.94173750e-06  2.15449242e-05 ...  1.02970481e-07
   5.46757207e-08  4.07967093e-07]]


******** <class 'pyscf.scf.addons.SmearingDFRKS'> ********
method = SmearingDFRKS
initial guess = minao
damping factor = 0.15
level_shift factor = 0.2
DIIS = <class 'pyscf.scf.diis.CDIIS'>
diis_start_cycle = 1
diis_space = 12
diis_damp = 0
SCF conv_tol = 5e-05
SCF conv_tol_grad = None
SCF max_cycles = 200
direct_scf = True
direct_scf_tol = 1e-13
chkfile to save SCF result = /tmp/tmpiu3_m7in
max_memory 4000 MB (current use 87442 MB)
XC library pyscf.dft.libxc version 6.1.0
    S. Lehtola, C. Steigemann, M. J.T. Oliveira, and M. A.L. Marques.,  SoftwareX 7, 1–5 (2018)
XC functionals = pbe
    J. P. Perdew, K. Burke, and M. Ernzerhof.,  Phys. Rev. Lett. 77, 3865 (1996)
    J. P. Perdew, K. Burke, and M. Ernzerhof.,  Phys. Rev. Lett. 78, 1396 (1997)
    J. P. Perdew, K. Burke, and M. Ernzerhof.,  Phys. Rev. Lett. 77, 3865 (1996)
    J. P. Perdew, K. Burke, and M. Ernzerhof.,  Phys. Rev. Lett. 78, 1396 (1997)
small_rho_cutoff = 1e-06
Set gradient conv threshold to 0.00707107
    Total E(T) = -12115.163885962  Free energy = -12116.1836924838  E0 = -12115.6737892229
init E= -12115.163885962
    sigma = 0.02  Optimized mu = -0.0518137527121  entropy = 1.50220021355
    Total E(T) = -12115.1638710131  Free energy = -12115.1939150173  E0 = -12115.1788930152
cycle= 1 E= -12115.1638710131  delta_E= 1.49e-05  |g|= 0.0253  |ddm|=   17
    sigma = 0.02  Optimized mu = -0.051964654223  entropy = 1.50187491133
    Total E(T) = -12115.1636944541  Free energy = -12115.1937319523  E0 = -12115.1787132032
cycle= 2 E= -12115.1636944541  delta_E= 0.000177  |g|= 0.0856  |ddm|= 74.2
    sigma = 0.02  Optimized mu = -0.051864077115  entropy = 1.50192951732
    Total E(T) = -12115.1637982496  Free energy = -12115.1938368399  E0 = -12115.1788175447
cycle= 3 E= -12115.1637982496  delta_E= -0.000104  |g|= 0.0468  |ddm|= 30.9
    sigma = 0.02  Optimized mu = -0.0518589959295  entropy = 1.5019596721
    Total E(T) = -12115.1638425652  Free energy = -12115.1938817587  E0 = -12115.178862162
cycle= 4 E= -12115.1638425652  delta_E= -4.43e-05  |g|= 0.0328  |ddm|= 11.6
    sigma = 0.02  Optimized mu = -0.0518572209018  entropy = 1.50196853527
    Total E(T) = -12115.1638639844  Free energy = -12115.1939033551  E0 = -12115.1788836698
cycle= 5 E= -12115.1638639844  delta_E= -2.14e-05  |g|= 0.0236  |ddm|= 6.76
    sigma = 0.02  Optimized mu = -0.0518554091675  entropy = 1.50197395473
    Total E(T) = -12115.1638746471  Free energy = -12115.1939141262  E0 = -12115.1788943866
cycle= 6 E= -12115.1638746471  delta_E= -1.07e-05  |g|= 0.0176  |ddm|= 4.55
    sigma = 0.02  Optimized mu = -0.0518558018082  entropy = 1.50197374703
    Total E(T) = -12115.163880408  Free energy = -12115.1939198829  E0 = -12115.1789001454
cycle= 7 E= -12115.163880408  delta_E= -5.76e-06  |g|= 0.013  |ddm|= 2.87
    sigma = 0.02  Optimized mu = -0.0518528258365  entropy = 1.50198886882
    Total E(T) = -12115.1638834648  Free energy = -12115.1939232422  E0 = -12115.1789033535
cycle= 8 E= -12115.1638834648  delta_E= -3.06e-06  |g|= 0.00987  |ddm|=    2
    sigma = 0.02  Optimized mu = -0.0518554772223  entropy = 1.5019769901
    Total E(T) = -12115.1638852085  Free energy = -12115.1939247483  E0 = -12115.1789049784
cycle= 9 E= -12115.1638852085  delta_E= -1.74e-06  |g|= 0.00754  |ddm|= 1.37
    sigma = 0.02  Optimized mu = -0.0518553706081  entropy = 1.50197956081
    Total E(T) = -12115.1638861634  Free energy = -12115.1939257546  E0 = -12115.178905959
cycle= 10 E= -12115.1638861634  delta_E= -9.55e-07  |g|= 0.00591  |ddm|= 1.03
    sigma = 0.02  Optimized mu = -0.151790422602  entropy = 50.9894629462
    Total E(T) = -12114.6377208468  Free energy = -12115.6575101057  E0 = -12115.1476154763
Extra cycle  E= -12114.6377208468  delta_E= 0.526  |g|= 0.405  |ddm|= 4.12e+03
converged SCF energy = -12114.6377208468
dm0 check [[[ 1.89790215e-01  3.06171721e-01 -6.27468256e-02 ...  4.83094859e-07
   -2.62515799e-07 -1.55621488e-06]
  [ 3.06171721e-01  5.07731847e-01 -1.67378371e-01 ...  1.65627629e-06
   -1.10727205e-06 -4.48474786e-06]
  [-6.27468256e-02 -1.67378371e-01  3.38445893e-01 ... -3.73558295e-06
    2.62437337e-06  1.07910396e-05]
  ...
  [ 4.83094859e-07  1.65627629e-06 -3.73558295e-06 ...  4.50696595e-07
   -1.35667878e-07  5.10974792e-08]
  [-2.62515799e-07 -1.10727205e-06  2.62437337e-06 ... -1.35667878e-07
    2.93260745e-07  3.29365946e-08]
  [-1.55621488e-06 -4.48474786e-06  1.07910396e-05 ...  5.10974792e-08
    3.29365946e-08  2.11610661e-07]]

 [[ 1.89769747e-01  3.06115893e-01 -6.26202545e-02 ...  7.18553361e-07
   -2.36590934e-07 -1.44080528e-06]
  [ 3.06115893e-01  5.07582783e-01 -1.67044543e-01 ...  2.28909518e-06
   -1.03539009e-06 -4.17471162e-06]
  [-6.26202545e-02 -1.67044543e-01  3.37701081e-01 ... -5.24677824e-06
    2.43367246e-06  1.00521721e-05]
  ...
  [ 7.18553361e-07  2.28909518e-06 -5.24677824e-06 ...  4.35542249e-07
   -1.37595040e-07  5.40993815e-08]
  [-2.36590934e-07 -1.03539009e-06  2.43367246e-06 ... -1.37595040e-07
    2.93603315e-07  3.01219274e-08]
  [-1.44080528e-06 -4.17471162e-06  1.00521721e-05 ...  5.40993815e-08
    3.01219274e-08  2.01648221e-07]]]


******** <class 'pyscf.scf.addons.SmearingDFUKS'> ********
method = SmearingDFUKS
initial guess = minao
damping factor = 0.15
level_shift factor = 0.2
DIIS = <class 'pyscf.scf.diis.CDIIS'>
diis_start_cycle = 1
diis_space = 12
diis_damp = 0
SCF conv_tol = 5e-05
SCF conv_tol_grad = None
SCF max_cycles = 200
direct_scf = True
direct_scf_tol = 1e-13
chkfile to save SCF result = /tmp/tmp2d_gj1bs
max_memory 4000 MB (current use 87442 MB)
number electrons alpha = 325  beta = 323
XC library pyscf.dft.libxc version 6.1.0
    S. Lehtola, C. Steigemann, M. J.T. Oliveira, and M. A.L. Marques.,  SoftwareX 7, 1–5 (2018)
XC functionals = pbe
    J. P. Perdew, K. Burke, and M. Ernzerhof.,  Phys. Rev. Lett. 77, 3865 (1996)
    J. P. Perdew, K. Burke, and M. Ernzerhof.,  Phys. Rev. Lett. 78, 1396 (1997)
    J. P. Perdew, K. Burke, and M. Ernzerhof.,  Phys. Rev. Lett. 77, 3865 (1996)
    J. P. Perdew, K. Burke, and M. Ernzerhof.,  Phys. Rev. Lett. 78, 1396 (1997)
small_rho_cutoff = 1e-06
Set gradient conv threshold to 0.00707107
    Total E(T) = -12114.7198029111  Free energy = -12114.78385146  E0 = -12114.7518271856
init E= -12114.7198029111
    sigma = 0.005  Optimized mu_alpha = -0.196998926861  entropy = 3.3140641133e-07
    sigma = 0.005  Optimized mu_beta  = -0.199567509192  entropy = 3.3140641133e-07
    Total E(T) = -12114.719794763  Free energy = -12114.7197947646  E0 = -12114.7197947638
cycle= 1 E= -12114.719794763  delta_E= 8.15e-06  |g|= 0.0266  |ddm|= 11.6
    sigma = 0.005  Optimized mu_alpha = -0.197098255208  entropy = 3.3091285139e-07
    sigma = 0.005  Optimized mu_beta  = -0.199674962144  entropy = 3.3091285139e-07
    Total E(T) = -12114.7197058715  Free energy = -12114.7197058732  E0 = -12114.7197058724
cycle= 2 E= -12114.7197058715  delta_E= 8.89e-05  |g|= 0.0853  |ddm|= 43.7
    sigma = 0.005  Optimized mu_alpha = -0.197029923026  entropy = 3.31120456739e-07
    sigma = 0.005  Optimized mu_beta  = -0.199600732417  entropy = 3.31120456739e-07
    Total E(T) = -12114.7197582651  Free energy = -12114.7197582668  E0 = -12114.7197582659
cycle= 3 E= -12114.7197582651  delta_E= -5.24e-05  |g|= 0.0461  |ddm|= 16.8
    sigma = 0.005  Optimized mu_alpha = -0.197028765845  entropy = 3.31143627778e-07
    sigma = 0.005  Optimized mu_beta  = -0.199599271775  entropy = 3.31143627778e-07
    Total E(T) = -12114.7197821933  Free energy = -12114.719782195  E0 = -12114.7197821942
cycle= 4 E= -12114.7197821933  delta_E= -2.39e-05  |g|= 0.0313  |ddm|= 6.83
    sigma = 0.005  Optimized mu_alpha = -0.197025586955  entropy = 3.31160212426e-07
    sigma = 0.005  Optimized mu_beta  = -0.199595935655  entropy = 3.31160212426e-07
    Total E(T) = -12114.7197932676  Free energy = -12114.7197932693  E0 = -12114.7197932685
cycle= 5 E= -12114.7197932676  delta_E= -1.11e-05  |g|= 0.0218  |ddm|= 4.09
    sigma = 0.005  Optimized mu_alpha = -0.19702897692  entropy = 3.31144332889e-07
    sigma = 0.005  Optimized mu_beta  = -0.199599416476  entropy = 3.31144332889e-07
    Total E(T) = -12114.7197986286  Free energy = -12114.7197986302  E0 = -12114.7197986294
cycle= 6 E= -12114.7197986286  delta_E= -5.36e-06  |g|= 0.0152  |ddm|= 2.54
    sigma = 0.005  Optimized mu_alpha = -0.197025141306  entropy = 3.31157785954e-07
    sigma = 0.005  Optimized mu_beta  = -0.19959552466  entropy = 3.31157785954e-07
    Total E(T) = -12114.7198012021  Free energy = -12114.7198012038  E0 = -12114.719801203
cycle= 7 E= -12114.7198012021  delta_E= -2.57e-06  |g|= 0.0111  |ddm|= 1.87
    sigma = 0.005  Optimized mu_alpha = -0.197025541278  entropy = 3.31153051364e-07
    sigma = 0.005  Optimized mu_beta  = -0.199595925138  entropy = 3.31153051364e-07
    Total E(T) = -12114.719802513  Free energy = -12114.7198025147  E0 = -12114.7198025139
cycle= 8 E= -12114.719802513  delta_E= -1.31e-06  |g|= 0.00794  |ddm|= 1.22
    sigma = 0.005  Optimized mu_alpha = -0.197026315729  entropy = 3.31157178977e-07
    sigma = 0.005  Optimized mu_beta  = -0.199596632818  entropy = 3.31157178977e-07
    Total E(T) = -12114.7198031824  Free energy = -12114.7198031841  E0 = -12114.7198031832
cycle= 9 E= -12114.7198031824  delta_E= -6.69e-07  |g|= 0.0059  |ddm|= 0.876
    sigma = 0.005  Optimized mu_alpha = -0.296578343416  entropy = 12.8090827478
    sigma = 0.005  Optimized mu_beta  = -0.299476141498  entropy = 12.8090827478
    Total E(T) = -12114.6842827935  Free energy = -12114.7483282072  E0 = -12114.7163055004
Extra cycle  E= -12114.6842827935  delta_E= 0.0355  |g|= 0.22  |ddm|=  888
converged SCF energy = -12114.6842827935  <S^2> = 3.7626236  2S+1 = 4.0063068
[timing] right/Al ensemble SCF = 1234.2s
[timing] collect state = 0.0s
[timing] grad contraction = 1.5s
Npdft 666.0000340191648
[timing] checkpoint save = 0.0s
step=  19 L=-12265.66554387 Ef=-12265.67082789 L1=1.05571133e+00 |grad|=1.98805e-02 t=1446.2s
[diagnostic] step=20 |b|=3.631426e-01 max|b|=4.623634e-02
[timing] build AO Vp from S3 = 1.6s
[diagnostic] |vpl|=3.413790e-01 max|vpl|=4.379548e-02
[diagnostic] |vpr|=5.267877e-01 max|vpr|=3.534200e-02
[diagnostic] |vpref|=5.806447e-01 max|vpref|=4.378181e-02
dm0 check [[[ 1.51511405e-09  2.24391603e-08  1.89789936e-07 ... -1.14718934e-07
    7.42476633e-07  6.64942809e-08]
  [ 2.24391603e-08  3.34444475e-07  2.75067396e-06 ... -1.77766999e-06
    1.10110552e-05  1.04757786e-06]
  [ 1.89789936e-07  2.75067396e-06  2.57237932e-05 ... -1.02769842e-05
    9.27868764e-05  4.99875789e-06]
  ...
  [-1.14718934e-07 -1.77766999e-06 -1.02769842e-05 ...  2.27166763e-04
    1.81897148e-06 -1.91352332e-04]
  [ 7.42476633e-07  1.10110552e-05  9.27868764e-05 ...  1.81897148e-06
    4.79980290e-04 -1.62432513e-06]
  [ 6.64942809e-08  1.04757786e-06  4.99875789e-06 ... -1.91352332e-04
   -1.62432513e-06  6.55604992e-04]]

 [[ 2.14412357e-09  3.18475851e-08  2.65523727e-07 ... -7.48704848e-08
    1.03578251e-06  2.38437205e-08]
  [ 3.18475851e-08  4.74248195e-07  3.91397263e-06 ... -9.93112643e-07
    1.53190765e-05  2.50155194e-07]
  [ 2.65523727e-07  3.91397263e-06  3.37625548e-05 ... -1.10142803e-05
    1.30901531e-04  4.52867565e-06]
  ...
  [-7.48704848e-08 -9.93112643e-07 -1.10142803e-05 ...  2.49604234e-04
    2.27939090e-06 -2.10130247e-04]
  [ 1.03578251e-06  1.53190765e-05  1.30901531e-04 ...  2.27939090e-06
    5.52938801e-04 -2.04467273e-06]
  [ 2.38437205e-08  2.50155194e-07  4.52867565e-06 ... -2.10130247e-04
   -2.04467273e-06  7.46013385e-04]]]
converged SCF energy = -150.226693714539  <S^2> = 2.0045398  2S+1 = 3.003025
dm0 check [[[ 1.14640938e-09  1.70870737e-08  1.38753980e-07 ... -8.06198750e-08
    6.25414572e-07  4.56929832e-08]
  [ 1.70870737e-08  2.56086194e-07  2.02952952e-06 ... -1.06183044e-06
    9.18279419e-06  7.18409967e-07]
  [ 1.38753980e-07  2.02952952e-06  1.80707666e-05 ... -1.26946937e-05
    8.12949957e-05  3.19890282e-06]
  ...
  [-8.06198750e-08 -1.06183044e-06 -1.26946937e-05 ...  2.39058316e-04
   -1.61696703e-06 -1.68275055e-04]
  [ 6.25414572e-07  9.18279419e-06  8.12949957e-05 ... -1.61696703e-06
    4.44995294e-04 -4.06057877e-06]
  [ 4.56929832e-08  7.18409967e-07  3.19890282e-06 ... -1.68275055e-04
   -4.06057877e-06  5.95723024e-04]]

 [[ 2.53034640e-08  3.85046717e-07  2.83125637e-06 ... -1.48565827e-07
    1.05890350e-07  7.43950440e-08]
  [ 3.85046717e-07  5.86072012e-06  4.30456975e-05 ... -2.17964538e-06
    1.18321306e-06  1.05298232e-06]
  [ 2.83125637e-06  4.30456975e-05  3.17990129e-04 ... -1.75089565e-05
    2.68728001e-05  9.39122699e-06]
  ...
  [-1.48565827e-07 -2.17964538e-06 -1.75089565e-05 ...  2.30571628e-04
    2.08875497e-07 -1.91671222e-04]
  [ 1.05890350e-07  1.18321306e-06  2.68728001e-05 ...  2.08875497e-07
    4.63238545e-04 -3.50216186e-06]
  [ 7.43950440e-08  1.05298232e-06  9.39122699e-06 ... -1.91671222e-04
   -3.50216186e-06  6.49569041e-04]]]
converged SCF energy = -150.244985829837  <S^2> = 0.92979875  2S+1 = 2.1723708
[timing] left/O ensemble SCF = 13.6s
dm0 check [[ 3.79537259e-01  6.12227870e-01 -1.25222342e-01 ...  1.16827865e-06
  -5.29493175e-07 -3.10123379e-06]
 [ 6.12227870e-01  1.01515646e+00 -3.34039053e-01 ...  3.85486628e-06
  -2.22573900e-06 -8.94182837e-06]
 [-1.25222342e-01 -3.34039053e-01  6.75231990e-01 ... -8.76808272e-06
   5.26791887e-06  2.15451475e-05]
 ...
 [ 1.16827865e-06  3.85486628e-06 -8.76808272e-06 ...  8.49973585e-07
  -2.61748605e-07  1.02963796e-07]
 [-5.29493175e-07 -2.22573900e-06  5.26791887e-06 ... -2.61748605e-07
   5.75670674e-07  5.46800896e-08]
 [-3.10123379e-06 -8.94182837e-06  2.15451475e-05 ...  1.02963796e-07
   5.46800896e-08  4.07968643e-07]]


******** <class 'pyscf.scf.addons.SmearingDFRKS'> ********
method = SmearingDFRKS
initial guess = minao
damping factor = 0.15
level_shift factor = 0.2
DIIS = <class 'pyscf.scf.diis.CDIIS'>
diis_start_cycle = 1
diis_space = 12
diis_damp = 0
SCF conv_tol = 5e-05
SCF conv_tol_grad = None
SCF max_cycles = 200
direct_scf = True
direct_scf_tol = 1e-13
chkfile to save SCF result = /tmp/tmpiu3_m7in
max_memory 4000 MB (current use 87309 MB)
XC library pyscf.dft.libxc version 6.1.0
    S. Lehtola, C. Steigemann, M. J.T. Oliveira, and M. A.L. Marques.,  SoftwareX 7, 1–5 (2018)
XC functionals = pbe
    J. P. Perdew, K. Burke, and M. Ernzerhof.,  Phys. Rev. Lett. 77, 3865 (1996)
    J. P. Perdew, K. Burke, and M. Ernzerhof.,  Phys. Rev. Lett. 78, 1396 (1997)
    J. P. Perdew, K. Burke, and M. Ernzerhof.,  Phys. Rev. Lett. 77, 3865 (1996)
    J. P. Perdew, K. Burke, and M. Ernzerhof.,  Phys. Rev. Lett. 78, 1396 (1997)
small_rho_cutoff = 1e-06
Set gradient conv threshold to 0.00707107
    Total E(T) = -12115.126527689  Free energy = -12116.1463169479  E0 = -12115.6364223185
init E= -12115.126527689
    sigma = 0.02  Optimized mu = -0.0517856165152  entropy = 1.50272273487
    Total E(T) = -12115.1265052971  Free energy = -12115.1565597518  E0 = -12115.1415325245
cycle= 1 E= -12115.1265052971  delta_E= 2.24e-05  |g|= 0.0313  |ddm|= 20.1
    sigma = 0.02  Optimized mu = -0.0520189255367  entropy = 1.50227808601
    Total E(T) = -12115.1262352932  Free energy = -12115.1562808549  E0 = -12115.1412580741
cycle= 2 E= -12115.1262352932  delta_E= 0.00027  |g|= 0.105  |ddm|= 91.8
    sigma = 0.02  Optimized mu = -0.051871951334  entropy = 1.50228507239
    Total E(T) = -12115.1263958913  Free energy = -12115.1564415927  E0 = -12115.141418742
cycle= 3 E= -12115.1263958913  delta_E= -0.000161  |g|= 0.0568  |ddm|= 39.1
    sigma = 0.02  Optimized mu = -0.0518632306485  entropy = 1.50232654908
    Total E(T) = -12115.1264649337  Free energy = -12115.1565114647  E0 = -12115.1414881992
cycle= 4 E= -12115.1264649337  delta_E= -6.9e-05  |g|= 0.0392  |ddm|= 14.3
    sigma = 0.02  Optimized mu = -0.0518600685005  entropy = 1.50233967679
    Total E(T) = -12115.1264978856  Free energy = -12115.1565446791  E0 = -12115.1415212824
cycle= 5 E= -12115.1264978856  delta_E= -3.3e-05  |g|= 0.0276  |ddm|= 8.37
    sigma = 0.02  Optimized mu = -0.0518577577992  entropy = 1.5023362062
    Total E(T) = -12115.1265135673  Free energy = -12115.1565602914  E0 = -12115.1415369293
cycle= 6 E= -12115.1265135673  delta_E= -1.57e-05  |g|= 0.0204  |ddm|= 6.24
    sigma = 0.02  Optimized mu = -0.0518587877376  entropy = 1.50233437181
    Total E(T) = -12115.1265216998  Free energy = -12115.1565683872  E0 = -12115.1415450435
cycle= 7 E= -12115.1265216998  delta_E= -8.13e-06  |g|= 0.015  |ddm|= 3.59
    sigma = 0.02  Optimized mu = -0.0518565796757  entropy = 1.50234341701
    Total E(T) = -12115.1265261191  Free energy = -12115.1565729875  E0 = -12115.1415495533
cycle= 8 E= -12115.1265261191  delta_E= -4.42e-06  |g|= 0.0111  |ddm|= 2.26
    sigma = 0.02  Optimized mu = -0.0518603912946  entropy = 1.50232318546
    Total E(T) = -12115.126528589  Free energy = -12115.1565750527  E0 = -12115.1415518208
cycle= 9 E= -12115.126528589  delta_E= -2.47e-06  |g|= 0.00809  |ddm|= 1.91
    sigma = 0.02  Optimized mu = -0.0518568386623  entropy = 1.50234096369
    Total E(T) = -12115.1265298066  Free energy = -12115.1565766258  E0 = -12115.1415532162
cycle= 10 E= -12115.1265298066  delta_E= -1.22e-06  |g|= 0.00617  |ddm|= 1.49
    sigma = 0.02  Optimized mu = -0.151781501093  entropy = 50.9907503201
    Total E(T) = -12114.6002218332  Free energy = -12115.6200368396  E0 = -12115.1101293364
Extra cycle  E= -12114.6002218332  delta_E= 0.526  |g|= 0.409  |ddm|= 4.11e+03
converged SCF energy = -12114.6002218332
dm0 check [[[ 1.89790216e-01  3.06171722e-01 -6.27468310e-02 ...  4.83235088e-07
   -2.62603229e-07 -1.55625800e-06]
  [ 3.06171722e-01  5.07731851e-01 -1.67378387e-01 ...  1.65665399e-06
   -1.10750787e-06 -4.48486415e-06]
  [-6.27468310e-02 -1.67378387e-01  3.38445947e-01 ... -3.73649309e-06
    2.62494510e-06  1.07913199e-05]
  ...
  [ 4.83235088e-07  1.65665399e-06 -3.73649309e-06 ...  4.50697967e-07
   -1.35663013e-07  5.11027278e-08]
  [-2.62603229e-07 -1.10750787e-06  2.62494510e-06 ... -1.35663013e-07
    2.93233365e-07  3.29333015e-08]
  [-1.55625800e-06 -4.48486415e-06  1.07913199e-05 ...  5.11027278e-08
    3.29333015e-08  2.11603630e-07]]

 [[ 1.89769750e-01  3.06115899e-01 -6.26202697e-02 ...  7.18586583e-07
   -2.36824619e-07 -1.44069710e-06]
  [ 3.06115899e-01  5.07582799e-01 -1.67044585e-01 ...  2.28918493e-06
   -1.03602110e-06 -4.17441938e-06]
  [-6.26202697e-02 -1.67044585e-01  3.37701190e-01 ... -5.24699778e-06
    2.43520728e-06  1.00514591e-05]
  ...
  [ 7.18586583e-07  2.28918493e-06 -5.24699778e-06 ...  4.35540918e-07
   -1.37584147e-07  5.41035716e-08]
  [-2.36824619e-07 -1.03602110e-06  2.43520728e-06 ... -1.37584147e-07
    2.93576338e-07  3.01218642e-08]
  [-1.44069710e-06 -4.17441938e-06  1.00514591e-05 ...  5.41035716e-08
    3.01218642e-08  2.01643053e-07]]]


******** <class 'pyscf.scf.addons.SmearingDFUKS'> ********
method = SmearingDFUKS
initial guess = minao
damping factor = 0.15
level_shift factor = 0.2
DIIS = <class 'pyscf.scf.diis.CDIIS'>
diis_start_cycle = 1
diis_space = 12
diis_damp = 0
SCF conv_tol = 5e-05
SCF conv_tol_grad = None
SCF max_cycles = 200
direct_scf = True
direct_scf_tol = 1e-13
chkfile to save SCF result = /tmp/tmp2d_gj1bs
max_memory 4000 MB (current use 87365 MB)
number electrons alpha = 325  beta = 323
XC library pyscf.dft.libxc version 6.1.0
    S. Lehtola, C. Steigemann, M. J.T. Oliveira, and M. A.L. Marques.,  SoftwareX 7, 1–5 (2018)
XC functionals = pbe
    J. P. Perdew, K. Burke, and M. Ernzerhof.,  Phys. Rev. Lett. 77, 3865 (1996)
    J. P. Perdew, K. Burke, and M. Ernzerhof.,  Phys. Rev. Lett. 78, 1396 (1997)
    J. P. Perdew, K. Burke, and M. Ernzerhof.,  Phys. Rev. Lett. 77, 3865 (1996)
    J. P. Perdew, K. Burke, and M. Ernzerhof.,  Phys. Rev. Lett. 78, 1396 (1997)
small_rho_cutoff = 1e-06
Set gradient conv threshold to 0.00707107
    Total E(T) = -12114.6824925565  Free energy = -12114.7465379702  E0 = -12114.7145152633
init E= -12114.6824925565
    sigma = 0.005  Optimized mu_alpha = -0.196969671785  entropy = 3.320820186e-07
    sigma = 0.005  Optimized mu_beta  = -0.19953492521  entropy = 3.320820186e-07
    Total E(T) = -12114.6824797438  Free energy = -12114.6824797455  E0 = -12114.6824797446
cycle= 1 E= -12114.6824797438  delta_E= 1.28e-05  |g|= 0.0342  |ddm|= 12.2
    sigma = 0.005  Optimized mu_alpha = -0.197145300192  entropy = 3.31251762834e-07
    sigma = 0.005  Optimized mu_beta  = -0.199722908721  entropy = 3.31251762834e-07
    Total E(T) = -12114.6823326926  Free energy = -12114.6823326943  E0 = -12114.6823326934
cycle= 2 E= -12114.6823326926  delta_E= 0.000147  |g|= 0.108  |ddm|= 55.2
    sigma = 0.005  Optimized mu_alpha = -0.197035628348  entropy = 3.31555538379e-07
    sigma = 0.005  Optimized mu_beta  = -0.199604198433  entropy = 3.31555538379e-07
    Total E(T) = -12114.6824207037  Free energy = -12114.6824207053  E0 = -12114.6824207045
cycle= 3 E= -12114.6824207037  delta_E= -8.8e-05  |g|= 0.0579  |ddm|= 22.3
    sigma = 0.005  Optimized mu_alpha = -0.197032301243  entropy = 3.31586321911e-07
    sigma = 0.005  Optimized mu_beta  = -0.199600427495  entropy = 3.31586321911e-07
    Total E(T) = -12114.6824610905  Free energy = -12114.6824610921  E0 = -12114.6824610913
cycle= 4 E= -12114.6824610905  delta_E= -4.04e-05  |g|= 0.0384  |ddm|= 8.79
    sigma = 0.005  Optimized mu_alpha = -0.197024386355  entropy = 3.3160690344e-07
    sigma = 0.005  Optimized mu_beta  = -0.199592299918  entropy = 3.3160690344e-07
    Total E(T) = -12114.6824795134  Free energy = -12114.6824795151  E0 = -12114.6824795142
cycle= 5 E= -12114.6824795134  delta_E= -1.84e-05  |g|= 0.0261  |ddm|= 5.21
    sigma = 0.005  Optimized mu_alpha = -0.197031618476  entropy = 3.31570045995e-07
    sigma = 0.005  Optimized mu_beta  = -0.199599765566  entropy = 3.31570045995e-07
    Total E(T) = -12114.6824880634  Free energy = -12114.682488065  E0 = -12114.6824880642
cycle= 6 E= -12114.6824880634  delta_E= -8.55e-06  |g|= 0.0177  |ddm|= 3.35
    sigma = 0.005  Optimized mu_alpha = -0.197026971068  entropy = 3.31579375559e-07
    sigma = 0.005  Optimized mu_beta  = -0.19959501142  entropy = 3.31579375559e-07
    Total E(T) = -12114.6824919934  Free energy = -12114.682491995  E0 = -12114.6824919942
cycle= 7 E= -12114.6824919934  delta_E= -3.93e-06  |g|= 0.0124  |ddm|= 2.31
    sigma = 0.005  Optimized mu_alpha = -0.197027228414  entropy = 3.31568358324e-07
    sigma = 0.005  Optimized mu_beta  = -0.19959532778  entropy = 3.31568358324e-07
    Total E(T) = -12114.6824939255  Free energy = -12114.6824939272  E0 = -12114.6824939263
cycle= 8 E= -12114.6824939255  delta_E= -1.93e-06  |g|= 0.00841  |ddm|= 1.46
    sigma = 0.005  Optimized mu_alpha = -0.197027468791  entropy = 3.31582027179e-07
    sigma = 0.005  Optimized mu_beta  = -0.199595393531  entropy = 3.31582027179e-07
    Total E(T) = -12114.6824948269  Free energy = -12114.6824948285  E0 = -12114.6824948277
cycle= 9 E= -12114.6824948269  delta_E= -9.01e-07  |g|= 0.00603  |ddm|=  1.3
    sigma = 0.005  Optimized mu_alpha = -0.29656875491  entropy = 12.8108414175
    sigma = 0.005  Optimized mu_beta  = -0.299465337645  entropy = 12.8108414175
    Total E(T) = -12114.6469365446  Free energy = -12114.7109907517  E0 = -12114.6789636481
Extra cycle  E= -12114.6469365446  delta_E= 0.0356  |g|= 0.224  |ddm|=  890
converged SCF energy = -12114.6469365446  <S^2> = 3.7626348  2S+1 = 4.0063124
[timing] right/Al ensemble SCF = 1230.5s
[timing] collect state = 0.0s
[timing] grad contraction = 1.5s
Npdft 666.0000340230947
[timing] checkpoint save = 0.0s
step=  20 L=-12265.64244888 Ef=-12265.64786879 L1=1.04623518e+00 |grad|=1.97291e-02 t=1445.1s
[phase2 outer 10] previous L = -12265.66530434
[phase2 outer 10] new L = -12265.64244888
[phase2 outer 10] dL = 2.28554596e-02
[phase2 outer 10] previous Ef = -12265.67059739
[phase2 outer 10] new Ef = -12265.64786879
[phase2 outer 10] dEf = 2.27286017e-02
[phase2 outer 10] |db| = 1.37567e-02
[phase2 outer 10] |grad| = 1.97291e-02
[phase2 outer 10] last_Ef = -12265.670597393128
[phase2 outer 10] adaptive max_step_norm = 1.000000e-01
[phase2 outer 10] delta = 2.735878e-03
[phase2 outer 10] raw_step_norm = 1.375667e-02
[phase2 outer 10] capped_step_norm = 1.375667e-02
[phase2 outer 10] dL = 0.022855459645143128
[phase2 outer 10] dEf = 0.02272860168159241
[phase2 outer 10] |grad| = 1.972915e-02
[phase2 outer 10] raw_step_norm=1.375667e-02 capped_step_norm=1.375667e-02 raw_max_abs_step=2.735878e-03 capped_max_abs_step=2.735878e-03 step_cap=1.000000e-01 line_search_alpha=n/a
[phase2 outer 10] res.fun = 12265.64244888
[phase2 outer 10] res.message = STOP: TOTAL NO. of ITERATIONS REACHED LIMIT
[phase2 outer 10] finished message=STOP: TOTAL NO. of ITERATIONS REACHED LIMIT |b|=3.631426e-01
[phase2 outer 11] start |b|=3.631426e-01 max|b|=4.623634e-02 delta=2.736e-03
[diagnostic] step=21 |b|=3.631426e-01 max|b|=4.623634e-02
[timing] build AO Vp from S3 = 1.6s
[diagnostic] |vpl|=3.413790e-01 max|vpl|=4.379548e-02
[diagnostic] |vpr|=5.267877e-01 max|vpr|=3.534200e-02
[diagnostic] |vpref|=5.806447e-01 max|vpref|=4.378181e-02
dm0 check [[[ 1.51511367e-09  2.24391586e-08  1.89789880e-07 ... -1.14719115e-07
    7.42477163e-07  6.64944475e-08]
  [ 2.24391586e-08  3.34444541e-07  2.75067319e-06 ... -1.77767312e-06
    1.10110607e-05  1.04758091e-06]
  [ 1.89789880e-07  2.75067319e-06  2.57237842e-05 ... -1.02770092e-05
    9.27869542e-05  4.99878024e-06]
  ...
  [-1.14719115e-07 -1.77767312e-06 -1.02770092e-05 ...  2.27166679e-04
    1.81897058e-06 -1.91352261e-04]
  [ 7.42477163e-07  1.10110607e-05  9.27869542e-05 ...  1.81897058e-06
    4.79980240e-04 -1.62432571e-06]
  [ 6.64944475e-08  1.04758091e-06  4.99878024e-06 ... -1.91352261e-04
   -1.62432571e-06  6.55604880e-04]]

 [[ 2.14412335e-09  3.18475816e-08  2.65523750e-07 ... -7.48708230e-08
    1.03578269e-06  2.38440115e-08]
  [ 3.18475816e-08  4.74248177e-07  3.91397251e-06 ... -9.93114915e-07
    1.53190784e-05  2.50157236e-07]
  [ 2.65523750e-07  3.91397251e-06  3.37625595e-05 ... -1.10143031e-05
    1.30901565e-04  4.52869490e-06]
  ...
  [-7.48708230e-08 -9.93114915e-07 -1.10143031e-05 ...  2.49604173e-04
    2.27939027e-06 -2.10130194e-04]
  [ 1.03578269e-06  1.53190784e-05  1.30901565e-04 ...  2.27939027e-06
    5.52938976e-04 -2.04467343e-06]
  [ 2.38440115e-08  2.50157236e-07  4.52869490e-06 ... -2.10130194e-04
   -2.04467343e-06  7.46013521e-04]]]
converged SCF energy = -150.226693714539  <S^2> = 2.0045398  2S+1 = 3.003025
dm0 check [[[ 1.14641018e-09  1.70870773e-08  1.38754051e-07 ... -8.06197551e-08
    6.25414516e-07  4.56928043e-08]
  [ 1.70870773e-08  2.56086145e-07  2.02952928e-06 ... -1.06182743e-06
    9.18278809e-06  7.18408998e-07]
  [ 1.38754051e-07  2.02952928e-06  1.80707707e-05 ... -1.26946953e-05
    8.12949562e-05  3.19888970e-06]
  ...
  [-8.06197551e-08 -1.06182743e-06 -1.26946953e-05 ...  2.39058504e-04
   -1.61694507e-06 -1.68274903e-04]
  [ 6.25414516e-07  9.18278809e-06  8.12949562e-05 ... -1.61694507e-06
    4.44994912e-04 -4.06053754e-06]
  [ 4.56928043e-08  7.18408998e-07  3.19888970e-06 ... -1.68274903e-04
   -4.06053754e-06  5.95722478e-04]]

 [[ 2.53030680e-08  3.85040696e-07  2.83121312e-06 ... -1.48564900e-07
    1.05892588e-07  7.43951769e-08]
  [ 3.85040696e-07  5.86062861e-06  4.30450396e-05 ... -2.17963315e-06
    1.18324416e-06  1.05298604e-06]
  [ 2.83121312e-06  4.30450396e-05  3.17985403e-04 ... -1.75088597e-05
    2.68730203e-05  9.39124695e-06]
  ...
  [-1.48564900e-07 -2.17963315e-06 -1.75088597e-05 ...  2.30571493e-04
    2.08895389e-07 -1.91671088e-04]
  [ 1.05892588e-07  1.18324416e-06  2.68730203e-05 ...  2.08895389e-07
    4.63238062e-04 -3.50211560e-06]
  [ 7.43951769e-08  1.05298604e-06  9.39124695e-06 ... -1.91671088e-04
   -3.50211560e-06  6.49568359e-04]]]
converged SCF energy = -150.244985829838  <S^2> = 0.92979869  2S+1 = 2.1723708
[timing] left/O ensemble SCF = 10.0s
dm0 check [[ 3.79537138e-01  6.12227771e-01 -1.25222254e-01 ...  1.20061175e-06
  -5.03102648e-07 -3.20583663e-06]
 [ 6.12227771e-01  1.01515625e+00 -3.34038259e-01 ...  3.94220103e-06
  -2.15459463e-06 -9.22403362e-06]
 [-1.25222254e-01 -3.34038259e-01  6.75229903e-01 ... -8.98054210e-06
   5.09617365e-06  2.22291225e-05]
 ...
 [ 1.20061175e-06  3.94220103e-06 -8.98054210e-06 ...  8.44483382e-07
  -2.62811168e-07  1.06909452e-07]
 [-5.03102648e-07 -2.15459463e-06  5.09617365e-06 ... -2.62811168e-07
   5.77202595e-07  5.16330887e-08]
 [-3.20583663e-06 -9.22403362e-06  2.22291225e-05 ...  1.06909452e-07
   5.16330887e-08  4.24683603e-07]]


******** <class 'pyscf.scf.addons.SmearingDFRKS'> ********
method = SmearingDFRKS
initial guess = minao
damping factor = 0.15
level_shift factor = 0.2
DIIS = <class 'pyscf.scf.diis.CDIIS'>
diis_start_cycle = 1
diis_space = 12
diis_damp = 0
SCF conv_tol = 5e-05
SCF conv_tol_grad = None
SCF max_cycles = 200
direct_scf = True
direct_scf_tol = 1e-13
chkfile to save SCF result = /tmp/tmpiu3_m7in
max_memory 4000 MB (current use 87144 MB)
XC library pyscf.dft.libxc version 6.1.0
    S. Lehtola, C. Steigemann, M. J.T. Oliveira, and M. A.L. Marques.,  SoftwareX 7, 1–5 (2018)
XC functionals = pbe
    J. P. Perdew, K. Burke, and M. Ernzerhof.,  Phys. Rev. Lett. 77, 3865 (1996)
    J. P. Perdew, K. Burke, and M. Ernzerhof.,  Phys. Rev. Lett. 78, 1396 (1997)
    J. P. Perdew, K. Burke, and M. Ernzerhof.,  Phys. Rev. Lett. 77, 3865 (1996)
    J. P. Perdew, K. Burke, and M. Ernzerhof.,  Phys. Rev. Lett. 78, 1396 (1997)
small_rho_cutoff = 1e-06
Set gradient conv threshold to 0.00707107
    Total E(T) = -12115.1265298071  Free energy = -12116.1463448135  E0 = -12115.6364373103
init E= -12115.1265298071
    sigma = 0.02  Optimized mu = -0.0518195966454  entropy = 1.50254200186
    Total E(T) = -12115.1265142622  Free energy = -12115.1565651023  E0 = -12115.1415396822
cycle= 1 E= -12115.1265142622  delta_E= 1.55e-05  |g|= 0.0259  |ddm|= 17.3
    sigma = 0.02  Optimized mu = -0.0519581163885  entropy = 1.50229837649
    Total E(T) = -12115.126329544  Free energy = -12115.1563755116  E0 = -12115.1413525278
cycle= 2 E= -12115.126329544  delta_E= 0.000185  |g|= 0.0878  |ddm|= 75.4
    sigma = 0.02  Optimized mu = -0.051866024782  entropy = 1.50229226392
    Total E(T) = -12115.126437798  Free energy = -12115.1564836433  E0 = -12115.1414607206
cycle= 3 E= -12115.126437798  delta_E= -0.000108  |g|= 0.048  |ddm|= 31.5
    sigma = 0.02  Optimized mu = -0.0518613703802  entropy = 1.50231789966
    Total E(T) = -12115.1264840847  Free energy = -12115.1565304427  E0 = -12115.1415072637
cycle= 4 E= -12115.1264840847  delta_E= -4.63e-05  |g|= 0.0337  |ddm|= 11.7
    sigma = 0.02  Optimized mu = -0.0518598037268  entropy = 1.50232549408
    Total E(T) = -12115.1265065248  Free energy = -12115.1565530347  E0 = -12115.1415297798
cycle= 5 E= -12115.1265065248  delta_E= -2.24e-05  |g|= 0.0244  |ddm|= 6.86
    sigma = 0.02  Optimized mu = -0.0518579265829  entropy = 1.50233088835
    Total E(T) = -12115.1265177288  Free energy = -12115.1565643466  E0 = -12115.1415410377
cycle= 6 E= -12115.1265177288  delta_E= -1.12e-05  |g|= 0.0181  |ddm|= 4.64
    sigma = 0.02  Optimized mu = -0.0518583717027  entropy = 1.50233036602
    Total E(T) = -12115.1265238057  Free energy = -12115.156570413  E0 = -12115.1415471094
cycle= 7 E= -12115.1265238057  delta_E= -6.08e-06  |g|= 0.0135  |ddm|= 2.92
    sigma = 0.02  Optimized mu = -0.0518555328876  entropy = 1.50234481876
    Total E(T) = -12115.1265270549  Free energy = -12115.1565739513  E0 = -12115.1415505031
cycle= 8 E= -12115.1265270549  delta_E= -3.25e-06  |g|= 0.0103  |ddm|= 2.02
    sigma = 0.02  Optimized mu = -0.051858201676  entropy = 1.50233268435
    Total E(T) = -12115.1265289215  Free energy = -12115.1565755752  E0 = -12115.1415522484
cycle= 9 E= -12115.1265289215  delta_E= -1.87e-06  |g|= 0.00784  |ddm|=  1.4
    sigma = 0.02  Optimized mu = -0.0518579724845  entropy = 1.50233577055
    Total E(T) = -12115.1265299474  Free energy = -12115.1565766628  E0 = -12115.1415533051
cycle= 10 E= -12115.1265299474  delta_E= -1.03e-06  |g|= 0.00615  |ddm|= 1.07
    sigma = 0.02  Optimized mu = -0.151794879926  entropy = 50.9899849179
    Total E(T) = -12114.6004313479  Free energy = -12115.6202310463  E0 = -12115.1103311971
Extra cycle  E= -12114.6004313479  delta_E= 0.526  |g|= 0.406  |ddm|= 4.11e+03
converged SCF energy = -12114.6004313479
dm0 check [[[ 1.89790161e-01  3.06171683e-01 -6.27468180e-02 ...  4.97690802e-07
   -2.50456717e-07 -1.60506169e-06]
  [ 3.06171683e-01  5.07731771e-01 -1.67378073e-01 ...  1.69568288e-06
   -1.07478074e-06 -4.61645821e-06]
  [-6.27468180e-02 -1.67378073e-01  3.38445141e-01 ... -3.83126848e-06
    2.54610761e-06  1.11096124e-05]
  ...
  [ 4.97690802e-07  1.69568288e-06 -3.83126848e-06 ...  4.47847649e-07
   -1.36249965e-07  5.32522354e-08]
  [-2.50456717e-07 -1.07478074e-06  2.54610761e-06 ... -1.36249965e-07
    2.93891890e-07  3.16392938e-08]
  [-1.60506169e-06 -4.61645821e-06  1.11096124e-05 ...  5.32522354e-08
    3.16392938e-08  2.19564627e-07]]

 [[ 1.89769659e-01  3.06115768e-01 -6.26200280e-02 ...  7.32347238e-07
   -2.24293265e-07 -1.48930102e-06]
  [ 3.06115768e-01  5.07582474e-01 -1.67043651e-01 ...  2.32637514e-06
   -1.00222823e-06 -4.30559028e-06]
  [-6.26200280e-02 -1.67043651e-01  3.37698827e-01 ... -5.33768622e-06
    2.35353634e-06  1.03697963e-05]
  ...
  [ 7.32347238e-07  2.32637514e-06 -5.33768622e-06 ...  4.32735835e-07
   -1.38140031e-07  5.62337209e-08]
  [-2.24293265e-07 -1.00222823e-06  2.35353634e-06 ... -1.38140031e-07
    2.94305721e-07  2.87210114e-08]
  [-1.48930102e-06 -4.30559028e-06  1.03697963e-05 ...  5.62337209e-08
    2.87210114e-08  2.09462885e-07]]]


******** <class 'pyscf.scf.addons.SmearingDFUKS'> ********
method = SmearingDFUKS
initial guess = minao
damping factor = 0.15
level_shift factor = 0.2
DIIS = <class 'pyscf.scf.diis.CDIIS'>
diis_start_cycle = 1
diis_space = 12
diis_damp = 0
SCF conv_tol = 5e-05
SCF conv_tol_grad = None
SCF max_cycles = 200
direct_scf = True
direct_scf_tol = 1e-13
chkfile to save SCF result = /tmp/tmp2d_gj1bs
max_memory 4000 MB (current use 87255 MB)
number electrons alpha = 325  beta = 323
XC library pyscf.dft.libxc version 6.1.0
    S. Lehtola, C. Steigemann, M. J.T. Oliveira, and M. A.L. Marques.,  SoftwareX 7, 1–5 (2018)
XC functionals = pbe
    J. P. Perdew, K. Burke, and M. Ernzerhof.,  Phys. Rev. Lett. 77, 3865 (1996)
    J. P. Perdew, K. Burke, and M. Ernzerhof.,  Phys. Rev. Lett. 78, 1396 (1997)
    J. P. Perdew, K. Burke, and M. Ernzerhof.,  Phys. Rev. Lett. 77, 3865 (1996)
    J. P. Perdew, K. Burke, and M. Ernzerhof.,  Phys. Rev. Lett. 78, 1396 (1997)
small_rho_cutoff = 1e-06
Set gradient conv threshold to 0.00707107
    Total E(T) = -12114.6824948268  Free energy = -12114.7465490339  E0 = -12114.7145219303
init E= -12114.6824948268
    sigma = 0.005  Optimized mu_alpha = -0.197002406378  entropy = 3.31789123952e-07
    sigma = 0.005  Optimized mu_beta  = -0.199568953856  entropy = 3.31789123952e-07
    Total E(T) = -12114.6824878209  Free energy = -12114.6824878225  E0 = -12114.6824878217
cycle= 1 E= -12114.6824878209  delta_E= 7.01e-06  |g|= 0.0248  |ddm|= 10.7
    sigma = 0.005  Optimized mu_alpha = -0.197094541353  entropy = 3.31353648685e-07
    sigma = 0.005  Optimized mu_beta  = -0.199668122032  entropy = 3.31353648685e-07
    Total E(T) = -12114.6824110169  Free energy = -12114.6824110186  E0 = -12114.6824110178
cycle= 2 E= -12114.6824110169  delta_E= 7.68e-05  |g|= 0.0797  |ddm|= 40.5
    sigma = 0.005  Optimized mu_alpha = -0.197031576367  entropy = 3.31537256848e-07
    sigma = 0.005  Optimized mu_beta  = -0.199599992404  entropy = 3.31537256848e-07
    Total E(T) = -12114.6824560203  Free energy = -12114.682456022  E0 = -12114.6824560211
cycle= 3 E= -12114.6824560203  delta_E= -4.5e-05  |g|= 0.0432  |ddm|= 15.5
    sigma = 0.005  Optimized mu_alpha = -0.19703030423  entropy = 3.3155699833e-07
    sigma = 0.005  Optimized mu_beta  = -0.199598464658  entropy = 3.3155699833e-07
    Total E(T) = -12114.6824766915  Free energy = -12114.6824766932  E0 = -12114.6824766924
cycle= 4 E= -12114.6824766915  delta_E= -2.07e-05  |g|= 0.0295  |ddm|=  6.3
    sigma = 0.005  Optimized mu_alpha = -0.197027415253  entropy = 3.31571582833e-07
    sigma = 0.005  Optimized mu_beta  = -0.199595411838  entropy = 3.31571582833e-07
    Total E(T) = -12114.6824863148  Free energy = -12114.6824863165  E0 = -12114.6824863156
cycle= 5 E= -12114.6824863148  delta_E= -9.62e-06  |g|= 0.0206  |ddm|= 3.76
    sigma = 0.005  Optimized mu_alpha = -0.197030512606  entropy = 3.31556918975e-07
    sigma = 0.005  Optimized mu_beta  = -0.199598659459  entropy = 3.31556918975e-07
    Total E(T) = -12114.6824909976  Free energy = -12114.6824909992  E0 = -12114.6824909984
cycle= 6 E= -12114.6824909976  delta_E= -4.68e-06  |g|= 0.0144  |ddm|= 2.36
    sigma = 0.005  Optimized mu_alpha = -0.197026890105  entropy = 3.31570015211e-07
    sigma = 0.005  Optimized mu_beta  = -0.199594951079  entropy = 3.31570015211e-07
    Total E(T) = -12114.6824932676  Free energy = -12114.6824932693  E0 = -12114.6824932685
cycle= 7 E= -12114.6824932676  delta_E= -2.27e-06  |g|= 0.0105  |ddm|= 1.71
    sigma = 0.005  Optimized mu_alpha = -0.197027245128  entropy = 3.31565574015e-07
    sigma = 0.005  Optimized mu_beta  = -0.199595345371  entropy = 3.31565574015e-07
    Total E(T) = -12114.6824944286  Free energy = -12114.6824944302  E0 = -12114.6824944294
cycle= 8 E= -12114.6824944286  delta_E= -1.16e-06  |g|= 0.00757  |ddm|= 1.14
    sigma = 0.005  Optimized mu_alpha = -0.197027897907  entropy = 3.31570064792e-07
    sigma = 0.005  Optimized mu_beta  = -0.19959590695  entropy = 3.31570064792e-07
    Total E(T) = -12114.6824950255  Free energy = -12114.6824950272  E0 = -12114.6824950263
cycle= 9 E= -12114.6824950255  delta_E= -5.97e-07  |g|= 0.00563  |ddm|= 0.806
    sigma = 0.005  Optimized mu_alpha = -0.296579801861  entropy = 12.8103542437
    sigma = 0.005  Optimized mu_beta  = -0.299476629996  entropy = 12.8103542437
    Total E(T) = -12114.6470294116  Free energy = -12114.7110811828  E0 = -12114.6790552972
Extra cycle  E= -12114.6470294116  delta_E= 0.0355  |g|= 0.216  |ddm|=  889
converged SCF energy = -12114.6470294116  <S^2> = 3.7626368  2S+1 = 4.0063134
[timing] right/Al ensemble SCF = 1215.3s
[timing] collect state = 0.0s
[timing] grad contraction = 1.6s
Npdft 666.0000340224053
[timing] checkpoint save = 0.0s
step=  21 L=-12265.64264639 Ef=-12265.64805804 L1=1.04597520e+00 |grad|=1.97214e-02 t=1426.1s
[diagnostic] step=22 |b|=3.751507e-01 max|b|=4.897222e-02
[timing] build AO Vp from S3 = 1.6s
[diagnostic] |vpl|=3.568169e-01 max|vpl|=4.661760e-02
[diagnostic] |vpr|=5.395016e-01 max|vpr|=3.726670e-02
[diagnostic] |vpref|=5.972865e-01 max|vpref|=4.660180e-02
dm0 check [[[ 1.51511407e-09  2.24391604e-08  1.89789939e-07 ... -1.14718926e-07
    7.42476608e-07  6.64942732e-08]
  [ 2.24391604e-08  3.34444472e-07  2.75067400e-06 ... -1.77766984e-06
    1.10110550e-05  1.04757772e-06]
  [ 1.89789939e-07  2.75067400e-06  2.57237936e-05 ... -1.02769830e-05
    9.27868729e-05  4.99875685e-06]
  ...
  [-1.14718926e-07 -1.77766984e-06 -1.02769830e-05 ...  2.27166767e-04
    1.81897152e-06 -1.91352335e-04]
  [ 7.42476608e-07  1.10110550e-05  9.27868729e-05 ...  1.81897152e-06
    4.79980292e-04 -1.62432510e-06]
  [ 6.64942732e-08  1.04757772e-06  4.99875685e-06 ... -1.91352335e-04
   -1.62432510e-06  6.55604997e-04]]

 [[ 2.14412358e-09  3.18475853e-08  2.65523726e-07 ... -7.48704692e-08
    1.03578250e-06  2.38437071e-08]
  [ 3.18475853e-08  4.74248195e-07  3.91397264e-06 ... -9.93112538e-07
    1.53190764e-05  2.50155100e-07]
  [ 2.65523726e-07  3.91397264e-06  3.37625546e-05 ... -1.10142792e-05
    1.30901529e-04  4.52867476e-06]
  ...
  [-7.48704692e-08 -9.93112538e-07 -1.10142792e-05 ...  2.49604237e-04
    2.27939093e-06 -2.10130249e-04]
  [ 1.03578250e-06  1.53190764e-05  1.30901529e-04 ...  2.27939093e-06
    5.52938793e-04 -2.04467270e-06]
  [ 2.38437071e-08  2.50155100e-07  4.52867476e-06 ... -2.10130249e-04
   -2.04467270e-06  7.46013379e-04]]]
converged SCF energy = -150.226693714539  <S^2> = 2.0045398  2S+1 = 3.003025
dm0 check [[[ 1.14641032e-09  1.70870795e-08  1.38754064e-07 ... -8.06197558e-08
    6.25414542e-07  4.56928093e-08]
  [ 1.70870795e-08  2.56086179e-07  2.02952949e-06 ... -1.06182745e-06
    9.18278846e-06  7.18409095e-07]
  [ 1.38754064e-07  2.02952949e-06  1.80707720e-05 ... -1.26946952e-05
    8.12949606e-05  3.19888937e-06]
  ...
  [-8.06197558e-08 -1.06182745e-06 -1.26946952e-05 ...  2.39058499e-04
   -1.61695813e-06 -1.68274901e-04]
  [ 6.25414542e-07  9.18278846e-06  8.12949606e-05 ... -1.61695813e-06
    4.44994915e-04 -4.06054622e-06]
  [ 4.56928093e-08  7.18409095e-07  3.19888937e-06 ... -1.68274901e-04
   -4.06054622e-06  5.95722479e-04]]

 [[ 2.53030561e-08  3.85040514e-07  2.83121181e-06 ... -1.48564893e-07
    1.05892561e-07  7.43954955e-08]
  [ 3.85040514e-07  5.86062583e-06  4.30450195e-05 ... -2.17963304e-06
    1.18324376e-06  1.05299090e-06]
  [ 2.83121181e-06  4.30450195e-05  3.17985260e-04 ... -1.75088589e-05
    2.68730171e-05  9.39128221e-06]
  ...
  [-1.48564893e-07 -2.17963304e-06 -1.75088589e-05 ...  2.30571489e-04
    2.08894065e-07 -1.91671086e-04]
  [ 1.05892561e-07  1.18324376e-06  2.68730171e-05 ...  2.08894065e-07
    4.63238064e-04 -3.50210959e-06]
  [ 7.43954955e-08  1.05299090e-06  9.39128221e-06 ... -1.91671086e-04
   -3.50210959e-06  6.49568350e-04]]]
converged SCF energy = -150.244985829837  <S^2> = 0.92979976  2S+1 = 2.1723718
[timing] left/O ensemble SCF = 11.3s
dm0 check [[ 3.79537148e-01  6.12227793e-01 -1.25222317e-01 ...  1.20097085e-06
  -5.03378153e-07 -3.20584583e-06]
 [ 6.12227793e-01  1.01515630e+00 -3.34038422e-01 ...  3.94316973e-06
  -2.15533766e-06 -9.22405876e-06]
 [-1.25222317e-01 -3.34038422e-01  6.75230324e-01 ... -8.98289251e-06
   5.09797460e-06  2.22291884e-05]
 ...
 [ 1.20097085e-06  3.94316973e-06 -8.98289251e-06 ...  8.44453958e-07
  -2.62792613e-07  1.06900359e-07]
 [-5.03378153e-07 -2.15533766e-06  5.09797460e-06 ... -2.62792613e-07
   5.77161082e-07  5.16375575e-08]
 [-3.20584583e-06 -9.22405876e-06  2.22291884e-05 ...  1.06900359e-07
   5.16375575e-08  4.24685865e-07]]


******** <class 'pyscf.scf.addons.SmearingDFRKS'> ********
method = SmearingDFRKS
initial guess = minao
damping factor = 0.15
level_shift factor = 0.2
DIIS = <class 'pyscf.scf.diis.CDIIS'>
diis_start_cycle = 1
diis_space = 12
diis_damp = 0
SCF conv_tol = 5e-05
SCF conv_tol_grad = None
SCF max_cycles = 200
direct_scf = True
direct_scf_tol = 1e-13
chkfile to save SCF result = /tmp/tmpiu3_m7in
max_memory 4000 MB (current use 87311 MB)
XC library pyscf.dft.libxc version 6.1.0
    S. Lehtola, C. Steigemann, M. J.T. Oliveira, and M. A.L. Marques.,  SoftwareX 7, 1–5 (2018)
XC functionals = pbe
    J. P. Perdew, K. Burke, and M. Ernzerhof.,  Phys. Rev. Lett. 77, 3865 (1996)
    J. P. Perdew, K. Burke, and M. Ernzerhof.,  Phys. Rev. Lett. 78, 1396 (1997)
    J. P. Perdew, K. Burke, and M. Ernzerhof.,  Phys. Rev. Lett. 77, 3865 (1996)
    J. P. Perdew, K. Burke, and M. Ernzerhof.,  Phys. Rev. Lett. 78, 1396 (1997)
small_rho_cutoff = 1e-06
Set gradient conv threshold to 0.00707107
    Total E(T) = -12115.0905934306  Free energy = -12116.110393129  E0 = -12115.6004932798
init E= -12115.0905934306
    sigma = 0.02  Optimized mu = -0.0517910535126  entropy = 1.50304284844
    Total E(T) = -12115.0905701799  Free energy = -12115.1206310369  E0 = -12115.1056006084
cycle= 1 E= -12115.0905701799  delta_E= 2.33e-05  |g|= 0.032  |ddm|= 20.2
    sigma = 0.02  Optimized mu = -0.0520114033492  entropy = 1.50268329111
    Total E(T) = -12115.0902898659  Free energy = -12115.1203435317  E0 = -12115.1053166988
cycle= 2 E= -12115.0902898659  delta_E= 0.00028  |g|= 0.107  |ddm|=   93
    sigma = 0.02  Optimized mu = -0.0518733039117  entropy = 1.50262671366
    Total E(T) = -12115.0904557475  Free energy = -12115.1205082818  E0 = -12115.1054820146
cycle= 3 E= -12115.0904557475  delta_E= -0.000166  |g|= 0.0582  |ddm|= 39.5
    sigma = 0.02  Optimized mu = -0.0518651584562  entropy = 1.50266354361
    Total E(T) = -12115.0905271801  Free energy = -12115.120580451  E0 = -12115.1055538155
cycle= 4 E= -12115.0905271801  delta_E= -7.14e-05  |g|= 0.0404  |ddm|= 14.4
    sigma = 0.02  Optimized mu = -0.0518624605694  entropy = 1.50267450761
    Total E(T) = -12115.0905614263  Free energy = -12115.1206149165  E0 = -12115.1055881714
cycle= 5 E= -12115.0905614263  delta_E= -3.42e-05  |g|= 0.0286  |ddm|= 8.47
    sigma = 0.02  Optimized mu = -0.05185960528  entropy = 1.50267451709
    Total E(T) = -12115.0905778484  Free energy = -12115.1206313387  E0 = -12115.1056045935
cycle= 6 E= -12115.0905778484  delta_E= -1.64e-05  |g|= 0.0212  |ddm|= 6.31
    sigma = 0.02  Optimized mu = -0.0518607979374  entropy = 1.50267183692
    Total E(T) = -12115.0905864701  Free energy = -12115.1206399069  E0 = -12115.1056131885
cycle= 7 E= -12115.0905864701  delta_E= -8.62e-06  |g|= 0.0157  |ddm|= 3.65
    sigma = 0.02  Optimized mu = -0.0518585961398  entropy = 1.50268086321
    Total E(T) = -12115.0905912009  Free energy = -12115.1206448181  E0 = -12115.1056180095
cycle= 8 E= -12115.0905912009  delta_E= -4.73e-06  |g|= 0.0117  |ddm|= 2.29
    sigma = 0.02  Optimized mu = -0.0518623035163  entropy = 1.50266097805
    Total E(T) = -12115.0905938762  Free energy = -12115.1206470957  E0 = -12115.1056204859
cycle= 9 E= -12115.0905938762  delta_E= -2.68e-06  |g|= 0.00863  |ddm|= 1.89
    sigma = 0.02  Optimized mu = -0.0518589077664  entropy = 1.50267789188
    Total E(T) = -12115.090595231  Free energy = -12115.1206487888  E0 = -12115.1056220099
cycle= 10 E= -12115.090595231  delta_E= -1.35e-06  |g|= 0.0066  |ddm|= 1.49
    sigma = 0.02  Optimized mu = -0.151784718737  entropy = 50.9913540657
    Total E(T) = -12114.5642945805  Free energy = -12115.5841216618  E0 = -12115.0742081212
Extra cycle  E= -12114.5642945805  delta_E= 0.526  |g|= 0.411  |ddm|= 4.11e+03
converged SCF energy = -12114.5642945805
dm0 check [[[ 1.89790162e-01  3.06171684e-01 -6.27468213e-02 ...  4.97833510e-07
   -2.50525454e-07 -1.60511010e-06]
  [ 3.06171684e-01  5.07731772e-01 -1.67378083e-01 ...  1.69606723e-06
   -1.07496616e-06 -4.61658876e-06]
  [-6.27468213e-02 -1.67378083e-01  3.38445180e-01 ... -3.83219410e-06
    2.54655745e-06  1.11099271e-05]
  ...
  [ 4.97833510e-07  1.69606723e-06 -3.83219410e-06 ...  4.47851171e-07
   -1.36246878e-07  5.32577972e-08]
  [-2.50525454e-07 -1.07496616e-06  2.54655745e-06 ... -1.36246878e-07
    2.93869642e-07  3.16371735e-08]
  [-1.60511010e-06 -4.61658876e-06  1.11099271e-05 ...  5.32577972e-08
    3.16371735e-08  2.19558454e-07]]

 [[ 1.89769660e-01  3.06115772e-01 -6.26200399e-02 ...  7.32366655e-07
   -2.24500143e-07 -1.48918940e-06]
  [ 3.06115772e-01  5.07582487e-01 -1.67043683e-01 ...  2.32642758e-06
   -1.00278692e-06 -4.30528870e-06]
  [-6.26200399e-02 -1.67043683e-01  3.37698912e-01 ... -5.33781441e-06
    2.35489588e-06  1.03690602e-05]
  ...
  [ 7.32366655e-07  2.32642758e-06 -5.33781441e-06 ...  4.32737557e-07
   -1.38131328e-07  5.62382772e-08]
  [-2.24500143e-07 -1.00278692e-06  2.35489588e-06 ... -1.38131328e-07
    2.94283671e-07  2.87220277e-08]
  [-1.48918940e-06 -4.30528870e-06  1.03690602e-05 ...  5.62382772e-08
    2.87220277e-08  2.09458138e-07]]]


******** <class 'pyscf.scf.addons.SmearingDFUKS'> ********
method = SmearingDFUKS
initial guess = minao
damping factor = 0.15
level_shift factor = 0.2
DIIS = <class 'pyscf.scf.diis.CDIIS'>
diis_start_cycle = 1
diis_space = 12
diis_damp = 0
SCF conv_tol = 5e-05
SCF conv_tol_grad = None
SCF max_cycles = 200
direct_scf = True
direct_scf_tol = 1e-13
chkfile to save SCF result = /tmp/tmp2d_gj1bs
max_memory 4000 MB (current use 87311 MB)
number electrons alpha = 325  beta = 323
XC library pyscf.dft.libxc version 6.1.0
    S. Lehtola, C. Steigemann, M. J.T. Oliveira, and M. A.L. Marques.,  SoftwareX 7, 1–5 (2018)
XC functionals = pbe
    J. P. Perdew, K. Burke, and M. Ernzerhof.,  Phys. Rev. Lett. 77, 3865 (1996)
    J. P. Perdew, K. Burke, and M. Ernzerhof.,  Phys. Rev. Lett. 78, 1396 (1997)
    J. P. Perdew, K. Burke, and M. Ernzerhof.,  Phys. Rev. Lett. 77, 3865 (1996)
    J. P. Perdew, K. Burke, and M. Ernzerhof.,  Phys. Rev. Lett. 78, 1396 (1997)
small_rho_cutoff = 1e-06
Set gradient conv threshold to 0.00707107
    Total E(T) = -12114.6466048376  Free energy = -12114.7106566088  E0 = -12114.6786307232
init E= -12114.6466048376
    sigma = 0.005  Optimized mu_alpha = -0.196972228762  entropy = 3.32437132071e-07
    sigma = 0.005  Optimized mu_beta  = -0.199535625254  entropy = 3.32437132071e-07
    Total E(T) = -12114.6465932657  Free energy = -12114.6465932674  E0 = -12114.6465932665
cycle= 1 E= -12114.6465932657  delta_E= 1.16e-05  |g|= 0.0326  |ddm|= 11.6
    sigma = 0.005  Optimized mu_alpha = -0.197142119132  entropy = 3.31653178795e-07
    sigma = 0.005  Optimized mu_beta  = -0.199716892975  entropy = 3.31653178795e-07
    Total E(T) = -12114.6464600144  Free energy = -12114.6464600161  E0 = -12114.6464600152
cycle= 2 E= -12114.6464600144  delta_E= 0.000133  |g|= 0.103  |ddm|= 52.4
    sigma = 0.005  Optimized mu_alpha = -0.197036457351  entropy = 3.3194571179e-07
    sigma = 0.005  Optimized mu_beta  = -0.199602873818  entropy = 3.3194571179e-07
    Total E(T) = -12114.6465393467  Free energy = -12114.6465393484  E0 = -12114.6465393476
cycle= 3 E= -12114.6465393467  delta_E= -7.93e-05  |g|= 0.0555  |ddm|= 21.1
    sigma = 0.005  Optimized mu_alpha = -0.197033046011  entropy = 3.31973609694e-07
    sigma = 0.005  Optimized mu_beta  = -0.199599074161  entropy = 3.31973609694e-07
    Total E(T) = -12114.6465759126  Free energy = -12114.6465759143  E0 = -12114.6465759135
cycle= 4 E= -12114.6465759126  delta_E= -3.66e-05  |g|= 0.037  |ddm|= 8.31
    sigma = 0.005  Optimized mu_alpha = -0.197025764527  entropy = 3.31992957731e-07
    sigma = 0.005  Optimized mu_beta  = -0.199591589677  entropy = 3.31992957731e-07
    Total E(T) = -12114.6465926835  Free energy = -12114.6465926852  E0 = -12114.6465926844
cycle= 5 E= -12114.6465926835  delta_E= -1.68e-05  |g|= 0.0252  |ddm|= 4.93
    sigma = 0.005  Optimized mu_alpha = -0.197032443257  entropy = 3.31958882491e-07
    sigma = 0.005  Optimized mu_beta  = -0.199598469595  entropy = 3.31958882491e-07
    Total E(T) = -12114.6466005127  Free energy = -12114.6466005143  E0 = -12114.6466005135
cycle= 6 E= -12114.6466005127  delta_E= -7.83e-06  |g|= 0.0172  |ddm|= 3.19
    sigma = 0.005  Optimized mu_alpha = -0.197027893237  entropy = 3.31968228593e-07
    sigma = 0.005  Optimized mu_beta  = -0.19959382937  entropy = 3.31968228593e-07
    Total E(T) = -12114.6466041513  Free energy = -12114.646604153  E0 = -12114.6466041521
cycle= 7 E= -12114.6466041513  delta_E= -3.64e-06  |g|= 0.0121  |ddm|= 2.17
    sigma = 0.005  Optimized mu_alpha = -0.197028115741  entropy = 3.31959128262e-07
    sigma = 0.005  Optimized mu_beta  = -0.199594086809  entropy = 3.31959128262e-07
    Total E(T) = -12114.6466059496  Free energy = -12114.6466059513  E0 = -12114.6466059505
cycle= 8 E= -12114.6466059496  delta_E= -1.8e-06  |g|= 0.00825  |ddm|= 1.39
    sigma = 0.005  Optimized mu_alpha = -0.197028428691  entropy = 3.31972169453e-07
    sigma = 0.005  Optimized mu_beta  = -0.199594232924  entropy = 3.31972169453e-07
    Total E(T) = -12114.6466067955  Free energy = -12114.6466067972  E0 = -12114.6466067963
cycle= 9 E= -12114.6466067955  delta_E= -8.46e-07  |g|= 0.00597  |ddm|= 1.24
    sigma = 0.005  Optimized mu_alpha = -0.296568942923  entropy = 12.8120492644
    sigma = 0.005  Optimized mu_beta  = -0.29946462047  entropy = 12.8120492644
    Total E(T) = -12114.6110786311  Free energy = -12114.6751388774  E0 = -12114.6431087542
Extra cycle  E= -12114.6110786311  delta_E= 0.0355  |g|= 0.223  |ddm|=  891
converged SCF energy = -12114.6110786311  <S^2> = 3.7626474  2S+1 = 4.0063187
[timing] right/Al ensemble SCF = 1219.6s
[timing] collect state = 0.0s
[timing] grad contraction = 1.5s
Npdft 666.0000340264395
[timing] checkpoint save = 0.0s
step=  22 L=-12265.61932919 Ef=-12265.62487673 L1=1.03743002e+00 |grad|=1.95870e-02 t=1431.3s
[phase2 outer 11] previous L = -12265.64244888
[phase2 outer 11] new L = -12265.61932919
[phase2 outer 11] dL = 2.31196951e-02
[phase2 outer 11] previous Ef = -12265.64786879
[phase2 outer 11] new Ef = -12265.62487673
[phase2 outer 11] dEf = 2.29920651e-02
[phase2 outer 11] |db| = 1.35275e-02
[phase2 outer 11] |grad| = 1.95870e-02
[phase2 outer 11] last_Ef = -12265.647868791446
[phase2 outer 11] adaptive max_step_norm = 1.000000e-01
[phase2 outer 11] delta = 2.735878e-03
[phase2 outer 11] raw_step_norm = 1.352754e-02
[phase2 outer 11] capped_step_norm = 1.352754e-02
[phase2 outer 11] dL = 0.023119695120840333
[phase2 outer 11] dEf = 0.022992065063590417
[phase2 outer 11] |grad| = 1.958700e-02
[phase2 outer 11] raw_step_norm=1.352754e-02 capped_step_norm=1.352754e-02 raw_max_abs_step=2.735878e-03 capped_max_abs_step=2.735878e-03 step_cap=1.000000e-01 line_search_alpha=n/a
[phase2 outer 11] res.fun = 12265.61932919
[phase2 outer 11] res.message = STOP: TOTAL NO. of ITERATIONS REACHED LIMIT
[phase2 outer 11] finished message=STOP: TOTAL NO. of ITERATIONS REACHED LIMIT |b|=3.751507e-01
[phase2 outer 12] start |b|=3.751507e-01 max|b|=4.897222e-02 delta=2.736e-03
[diagnostic] step=23 |b|=3.751507e-01 max|b|=4.897222e-02
[timing] build AO Vp from S3 = 1.6s
[diagnostic] |vpl|=3.568169e-01 max|vpl|=4.661760e-02
[diagnostic] |vpr|=5.395016e-01 max|vpr|=3.726670e-02
[diagnostic] |vpref|=5.972865e-01 max|vpref|=4.660180e-02
dm0 check [[[ 1.51511366e-09  2.24391585e-08  1.89789878e-07 ... -1.14719124e-07
    7.42477189e-07  6.64944555e-08]
  [ 2.24391585e-08  3.34444544e-07  2.75067316e-06 ... -1.77767327e-06
    1.10110610e-05  1.04758106e-06]
  [ 1.89789878e-07  2.75067316e-06  2.57237837e-05 ... -1.02770104e-05
    9.27869580e-05  4.99878131e-06]
  ...
  [-1.14719124e-07 -1.77767327e-06 -1.02770104e-05 ...  2.27166675e-04
    1.81897054e-06 -1.91352258e-04]
  [ 7.42477189e-07  1.10110610e-05  9.27869580e-05 ...  1.81897054e-06
    4.79980238e-04 -1.62432573e-06]
  [ 6.64944555e-08  1.04758106e-06  4.99878131e-06 ... -1.91352258e-04
   -1.62432573e-06  6.55604875e-04]]

 [[ 2.14412334e-09  3.18475814e-08  2.65523751e-07 ... -7.48708393e-08
    1.03578270e-06  2.38440255e-08]
  [ 3.18475814e-08  4.74248177e-07  3.91397251e-06 ... -9.93115024e-07
    1.53190785e-05  2.50157334e-07]
  [ 2.65523751e-07  3.91397251e-06  3.37625597e-05 ... -1.10143042e-05
    1.30901567e-04  4.52869582e-06]
  ...
  [-7.48708393e-08 -9.93115024e-07 -1.10143042e-05 ...  2.49604170e-04
    2.27939024e-06 -2.10130192e-04]
  [ 1.03578270e-06  1.53190785e-05  1.30901567e-04 ...  2.27939024e-06
    5.52938984e-04 -2.04467346e-06]
  [ 2.38440255e-08  2.50157334e-07  4.52869582e-06 ... -2.10130192e-04
   -2.04467346e-06  7.46013527e-04]]]
converged SCF energy = -150.226693714539  <S^2> = 2.0045398  2S+1 = 3.003025
dm0 check [[[ 1.14640985e-09  1.70870760e-08  1.38754019e-07 ... -8.06197435e-08
    6.25414518e-07  4.56928642e-08]
  [ 1.70870760e-08  2.56086166e-07  2.02952941e-06 ... -1.06182839e-06
    9.18279030e-06  7.18409270e-07]
  [ 1.38754019e-07  2.02952941e-06  1.80707688e-05 ... -1.26946914e-05
    8.12949723e-05  3.19889176e-06]
  ...
  [-8.06197435e-08 -1.06182839e-06 -1.26946914e-05 ...  2.39058443e-04
   -1.61698493e-06 -1.68274966e-04]
  [ 6.25414518e-07  9.18279030e-06  8.12949723e-05 ... -1.61698493e-06
    4.44995073e-04 -4.06057380e-06]
  [ 4.56928642e-08  7.18409270e-07  3.19889176e-06 ... -1.68274966e-04
   -4.06057380e-06  5.95722709e-04]]

 [[ 2.53032252e-08  3.85043084e-07  2.83123027e-06 ... -1.48565223e-07
    1.05891443e-07  7.43958777e-08]
  [ 3.85043084e-07  5.86066487e-06  4.30453004e-05 ... -2.17963774e-06
    1.18322818e-06  1.05299645e-06]
  [ 2.83123027e-06  4.30453004e-05  3.17987277e-04 ... -1.75088947e-05
    2.68729037e-05  9.39132444e-06]
  ...
  [-1.48565223e-07 -2.17963774e-06 -1.75088947e-05 ...  2.30571548e-04
    2.08886314e-07 -1.91671144e-04]
  [ 1.05891443e-07  1.18322818e-06  2.68729037e-05 ...  2.08886314e-07
    4.63238247e-04 -3.50211876e-06]
  [ 7.43958777e-08  1.05299645e-06  9.39132444e-06 ... -1.91671144e-04
   -3.50211876e-06  6.49568607e-04]]]
converged SCF energy = -150.24498582981  <S^2> = 0.92978616  2S+1 = 2.1723592
[timing] left/O ensemble SCF = 11.2s
dm0 check [[ 3.79536877e-01  6.12227622e-01 -1.25222092e-01 ...  1.23371184e-06
  -4.76701027e-07 -3.31088525e-06]
 [ 6.12227622e-01  1.01515627e+00 -3.34037473e-01 ...  4.03160854e-06
  -2.08342927e-06 -9.50744885e-06]
 [-1.25222092e-01 -3.34037473e-01  6.75227918e-01 ... -9.19803113e-06
   4.92438337e-06  2.29160463e-05]
 ...
 [ 1.23371184e-06  4.03160854e-06 -9.19803113e-06 ...  8.39099539e-07
  -2.63849530e-07  1.10589097e-07]
 [-4.76701027e-07 -2.08342927e-06  4.92438337e-06 ... -2.63849530e-07
   5.78774061e-07  4.84436404e-08]
 [-3.31088525e-06 -9.50744885e-06  2.29160463e-05 ...  1.10589097e-07
   4.84436404e-08  4.42122757e-07]]


******** <class 'pyscf.scf.addons.SmearingDFRKS'> ********
method = SmearingDFRKS
initial guess = minao
damping factor = 0.15
level_shift factor = 0.2
DIIS = <class 'pyscf.scf.diis.CDIIS'>
diis_start_cycle = 1
diis_space = 12
diis_damp = 0
SCF conv_tol = 5e-05
SCF conv_tol_grad = None
SCF max_cycles = 200
direct_scf = True
direct_scf_tol = 1e-13
chkfile to save SCF result = /tmp/tmpiu3_m7in
max_memory 4000 MB (current use 87293 MB)
XC library pyscf.dft.libxc version 6.1.0
    S. Lehtola, C. Steigemann, M. J.T. Oliveira, and M. A.L. Marques.,  SoftwareX 7, 1–5 (2018)
XC functionals = pbe
    J. P. Perdew, K. Burke, and M. Ernzerhof.,  Phys. Rev. Lett. 77, 3865 (1996)
    J. P. Perdew, K. Burke, and M. Ernzerhof.,  Phys. Rev. Lett. 78, 1396 (1997)
    J. P. Perdew, K. Burke, and M. Ernzerhof.,  Phys. Rev. Lett. 77, 3865 (1996)
    J. P. Perdew, K. Burke, and M. Ernzerhof.,  Phys. Rev. Lett. 78, 1396 (1997)
small_rho_cutoff = 1e-06
Set gradient conv threshold to 0.00707107
    Total E(T) = -12115.0905952308  Free energy = -12116.1104223121  E0 = -12115.6005087714
init E= -12115.0905952308
    sigma = 0.02  Optimized mu = -0.0518228550964  entropy = 1.50287848372
    Total E(T) = -12115.0905776791  Free energy = -12115.1206352488  E0 = -12115.105606464
cycle= 1 E= -12115.0905776791  delta_E= 1.76e-05  |g|= 0.0276  |ddm|= 18.3
    sigma = 0.02  Optimized mu = -0.0519559947003  entropy = 1.50271466877
    Total E(T) = -12115.0903679432  Free energy = -12115.1204222365  E0 = -12115.1053950899
cycle= 2 E= -12115.0903679432  delta_E= 0.00021  |g|= 0.0936  |ddm|= 79.9
    sigma = 0.02  Optimized mu = -0.051867708869  entropy = 1.50263436167
    Total E(T) = -12115.0904904754  Free energy = -12115.1205431627  E0 = -12115.1055168191
cycle= 3 E= -12115.0904904754  delta_E= -0.000123  |g|= 0.0513  |ddm|= 33.4
    sigma = 0.02  Optimized mu = -0.0518632249224  entropy = 1.502656588
    Total E(T) = -12115.0905429519  Free energy = -12115.1205960837  E0 = -12115.1055695178
cycle= 4 E= -12115.0905429519  delta_E= -5.25e-05  |g|= 0.0362  |ddm|= 12.4
    sigma = 0.02  Optimized mu = -0.051861765812  entropy = 1.50266332101
    Total E(T) = -12115.0905684627  Free energy = -12115.1206217291  E0 = -12115.1055950959
cycle= 5 E= -12115.0905684627  delta_E= -2.55e-05  |g|= 0.0261  |ddm|= 7.26
    sigma = 0.02  Optimized mu = -0.0518598082526  entropy = 1.50266870092
    Total E(T) = -12115.0905812453  Free energy = -12115.1206346193  E0 = -12115.1056079323
cycle= 6 E= -12115.0905812453  delta_E= -1.28e-05  |g|= 0.0195  |ddm|= 4.92
    sigma = 0.02  Optimized mu = -0.0518603171085  entropy = 1.50266783637
    Total E(T) = -12115.0905882007  Free energy = -12115.1206415574  E0 = -12115.1056148791
cycle= 7 E= -12115.0905882007  delta_E= -6.96e-06  |g|= 0.0146  |ddm|= 3.11
    sigma = 0.02  Optimized mu = -0.0518574526324  entropy = 1.50268235385
    Total E(T) = -12115.0905919509  Free energy = -12115.120645598  E0 = -12115.1056187744
cycle= 8 E= -12115.0905919509  delta_E= -3.75e-06  |g|= 0.0111  |ddm|= 2.12
    sigma = 0.02  Optimized mu = -0.0518602486982  entropy = 1.50266945854
    Total E(T) = -12115.0905941141  Free energy = -12115.1206475032  E0 = -12115.1056208087
cycle= 9 E= -12115.0905941141  delta_E= -2.16e-06  |g|= 0.0085  |ddm|= 1.48
    sigma = 0.02  Optimized mu = -0.0518599013794  entropy = 1.50267307875
    Total E(T) = -12115.0905953103  Free energy = -12115.1206487719  E0 = -12115.1056220411
cycle= 10 E= -12115.0905953103  delta_E= -1.2e-06  |g|= 0.00666  |ddm|= 1.15
    sigma = 0.02  Optimized mu = -0.151797509009  entropy = 50.9906362324
    Total E(T) = -12114.5644732639  Free energy = -12115.5842859886  E0 = -12115.0743796263
Extra cycle  E= -12114.5644732639  delta_E= 0.526  |g|= 0.409  |ddm|= 4.11e+03
converged SCF energy = -12114.5644732639
dm0 check [[[ 1.89790032e-01  3.06171608e-01 -6.27467384e-02 ...  5.12511859e-07
   -2.38255276e-07 -1.65410742e-06]
  [ 3.06171608e-01  5.07731778e-01 -1.67377688e-01 ...  1.73569845e-06
   -1.04191022e-06 -4.74870854e-06]
  [-6.27467384e-02 -1.67377688e-01  3.38444203e-01 ... -3.92843237e-06
    2.46692854e-06  1.14294983e-05]
  ...
  [ 5.12511859e-07  1.73569845e-06 -3.92843237e-06 ...  4.45063027e-07
   -1.36834494e-07  5.52899683e-08]
  [-2.38255276e-07 -1.04191022e-06  2.46692854e-06 ... -1.36834494e-07
    2.94567647e-07  3.02787000e-08]
  [-1.65410742e-06 -4.74870854e-06  1.14294983e-05 ...  5.52899683e-08
    3.02787000e-08  2.27842582e-07]]

 [[ 1.89769496e-01  3.06115610e-01 -6.26197434e-02 ...  7.46322729e-07
   -2.11854791e-07 -1.53800477e-06]
  [ 3.06115610e-01  5.07582263e-01 -1.67042708e-01 ...  2.36414719e-06
   -9.68690971e-07 -4.43703361e-06]
  [-6.26197434e-02 -1.67042708e-01  3.37696480e-01 ... -5.42978708e-06
    2.27249177e-06  1.06887972e-05]
  ...
  [ 7.46322729e-07  2.36414719e-06 -5.42978708e-06 ...  4.29995195e-07
   -1.38687522e-07  5.82505904e-08]
  [-2.11854791e-07 -9.68690971e-07  2.27249177e-06 ... -1.38687522e-07
    2.95051631e-07  2.72551423e-08]
  [-1.53800477e-06 -4.43703361e-06  1.06887972e-05 ...  5.82505904e-08
    2.72551423e-08  2.17602691e-07]]]


******** <class 'pyscf.scf.addons.SmearingDFUKS'> ********
method = SmearingDFUKS
initial guess = minao
damping factor = 0.15
level_shift factor = 0.2
DIIS = <class 'pyscf.scf.diis.CDIIS'>
diis_start_cycle = 1
diis_space = 12
diis_damp = 0
SCF conv_tol = 5e-05
SCF conv_tol_grad = None
SCF max_cycles = 200
direct_scf = True
direct_scf_tol = 1e-13
chkfile to save SCF result = /tmp/tmp2d_gj1bs
max_memory 4000 MB (current use 87311 MB)
number electrons alpha = 325  beta = 323
XC library pyscf.dft.libxc version 6.1.0
    S. Lehtola, C. Steigemann, M. J.T. Oliveira, and M. A.L. Marques.,  SoftwareX 7, 1–5 (2018)
XC functionals = pbe
    J. P. Perdew, K. Burke, and M. Ernzerhof.,  Phys. Rev. Lett. 77, 3865 (1996)
    J. P. Perdew, K. Burke, and M. Ernzerhof.,  Phys. Rev. Lett. 78, 1396 (1997)
    J. P. Perdew, K. Burke, and M. Ernzerhof.,  Phys. Rev. Lett. 77, 3865 (1996)
    J. P. Perdew, K. Burke, and M. Ernzerhof.,  Phys. Rev. Lett. 78, 1396 (1997)
small_rho_cutoff = 1e-06
Set gradient conv threshold to 0.00707107
    Total E(T) = -12114.6466067964  Free energy = -12114.7106670427  E0 = -12114.6786369195
init E= -12114.6466067964
    sigma = 0.005  Optimized mu_alpha = -0.197002978951  entropy = 3.32171856417e-07
    sigma = 0.005  Optimized mu_beta  = -0.199567474559  entropy = 3.32171856417e-07
    Total E(T) = -12114.6465999828  Free energy = -12114.6465999845  E0 = -12114.6465999836
cycle= 1 E= -12114.6465999828  delta_E= 6.81e-06  |g|= 0.0245  |ddm|= 10.4
    sigma = 0.005  Optimized mu_alpha = -0.197095766314  entropy = 3.31761443406e-07
    sigma = 0.005  Optimized mu_beta  = -0.19966694759  entropy = 3.31761443406e-07
    Total E(T) = -12114.6465250306  Free energy = -12114.6465250323  E0 = -12114.6465250314
cycle= 2 E= -12114.6465250306  delta_E= 7.5e-05  |g|= 0.0789  |ddm|= 39.8
    sigma = 0.005  Optimized mu_alpha = -0.19703267786  entropy = 3.3192928623e-07
    sigma = 0.005  Optimized mu_beta  = -0.199598983963  entropy = 3.3192928623e-07
    Total E(T) = -12114.6465687568  Free energy = -12114.6465687584  E0 = -12114.6465687576
cycle= 3 E= -12114.6465687568  delta_E= -4.37e-05  |g|= 0.0429  |ddm|= 15.3
    sigma = 0.005  Optimized mu_alpha = -0.197031218639  entropy = 3.31947424068e-07
    sigma = 0.005  Optimized mu_beta  = -0.199597281353  entropy = 3.31947424068e-07
    Total E(T) = -12114.6465889112  Free energy = -12114.6465889129  E0 = -12114.646588912
cycle= 4 E= -12114.6465889112  delta_E= -2.02e-05  |g|= 0.0294  |ddm|= 6.19
    sigma = 0.005  Optimized mu_alpha = -0.197028395512  entropy = 3.31961345889e-07
    sigma = 0.005  Optimized mu_beta  = -0.199594288896  entropy = 3.31961345889e-07
    Total E(T) = -12114.6465983356  Free energy = -12114.6465983372  E0 = -12114.6465983364
cycle= 5 E= -12114.6465983356  delta_E= -9.42e-06  |g|= 0.0206  |ddm|= 3.69
    sigma = 0.005  Optimized mu_alpha = -0.197031390783  entropy = 3.31947331049e-07
    sigma = 0.005  Optimized mu_beta  = -0.199597398756  entropy = 3.31947331049e-07
    Total E(T) = -12114.6466029412  Free energy = -12114.6466029429  E0 = -12114.646602942
cycle= 6 E= -12114.6466029412  delta_E= -4.61e-06  |g|= 0.0145  |ddm|= 2.31
    sigma = 0.005  Optimized mu_alpha = -0.197027779137  entropy = 3.31960655755e-07
    sigma = 0.005  Optimized mu_beta  = -0.19959371392  entropy = 3.31960655755e-07
    Total E(T) = -12114.6466051919  Free energy = -12114.6466051936  E0 = -12114.6466051927
cycle= 7 E= -12114.6466051919  delta_E= -2.25e-06  |g|= 0.0106  |ddm|= 1.67
    sigma = 0.005  Optimized mu_alpha = -0.1970281462  entropy = 3.31956557793e-07
    sigma = 0.005  Optimized mu_beta  = -0.19959408936  entropy = 3.31956557793e-07
    Total E(T) = -12114.6466063521  Free energy = -12114.6466063537  E0 = -12114.6466063529
cycle= 8 E= -12114.6466063521  delta_E= -1.16e-06  |g|= 0.00764  |ddm|= 1.11
    sigma = 0.005  Optimized mu_alpha = -0.197028743585  entropy = 3.31961161401e-07
    sigma = 0.005  Optimized mu_beta  = -0.199594622275  entropy = 3.31961161401e-07
    Total E(T) = -12114.6466069525  Free energy = -12114.6466069541  E0 = -12114.6466069533
cycle= 9 E= -12114.6466069525  delta_E= -6e-07  |g|= 0.00569  |ddm|= 0.795
    sigma = 0.005  Optimized mu_alpha = -0.296579388221  entropy = 12.8116303652
    sigma = 0.005  Optimized mu_beta  = -0.299475282323  entropy = 12.8116303652
    Total E(T) = -12114.611154619  Free energy = -12114.6752127708  E0 = -12114.6431836949
Extra cycle  E= -12114.611154619  delta_E= 0.0355  |g|= 0.217  |ddm|=  890
converged SCF energy = -12114.611154619  <S^2> = 3.7626493  2S+1 = 4.0063197
[timing] right/Al ensemble SCF = 1215.4s
[timing] collect state = 0.0s
[timing] grad contraction = 1.6s
Npdft 666.0000340258483
[timing] checkpoint save = 0.0s
step=  23 L=-12265.61949730 Ef=-12265.62503707 L1=1.03720779e+00 |grad|=1.95801e-02 t=1427.4s
[diagnostic] step=24 |b|=3.869477e-01 max|b|=5.170810e-02
[timing] build AO Vp from S3 = 1.6s
[diagnostic] |vpl|=3.722778e-01 max|vpl|=4.945040e-02
[diagnostic] |vpr|=5.519119e-01 max|vpr|=3.918542e-02
[diagnostic] |vpref|=6.137097e-01 max|vpref|=4.943240e-02
dm0 check [[[ 1.51511409e-09  2.24391605e-08  1.89789942e-07 ... -1.14718917e-07
    7.42476581e-07  6.64942649e-08]
  [ 2.24391605e-08  3.34444468e-07  2.75067404e-06 ... -1.77766969e-06
    1.10110547e-05  1.04757757e-06]
  [ 1.89789942e-07  2.75067404e-06  2.57237941e-05 ... -1.02769818e-05
    9.27868689e-05  4.99875573e-06]
  ...
  [-1.14718917e-07 -1.77766969e-06 -1.02769818e-05 ...  2.27166772e-04
    1.81897157e-06 -1.91352339e-04]
  [ 7.42476581e-07  1.10110547e-05  9.27868689e-05 ...  1.81897157e-06
    4.79980295e-04 -1.62432507e-06]
  [ 6.64942649e-08  1.04757757e-06  4.99875573e-06 ... -1.91352339e-04
   -1.62432507e-06  6.55605003e-04]]

 [[ 2.14412359e-09  3.18475855e-08  2.65523725e-07 ... -7.48704522e-08
    1.03578249e-06  2.38436924e-08]
  [ 3.18475855e-08  4.74248196e-07  3.91397264e-06 ... -9.93112423e-07
    1.53190763e-05  2.50154997e-07]
  [ 2.65523725e-07  3.91397264e-06  3.37625543e-05 ... -1.10142781e-05
    1.30901527e-04  4.52867379e-06]
  ...
  [-7.48704522e-08 -9.93112423e-07 -1.10142781e-05 ...  2.49604240e-04
    2.27939097e-06 -2.10130252e-04]
  [ 1.03578249e-06  1.53190763e-05  1.30901527e-04 ...  2.27939097e-06
    5.52938784e-04 -2.04467267e-06]
  [ 2.38436924e-08  2.50154997e-07  4.52867379e-06 ... -2.10130252e-04
   -2.04467267e-06  7.46013372e-04]]]
converged SCF energy = -150.226693714539  <S^2> = 2.0045398  2S+1 = 3.003025
dm0 check [[[ 1.14641505e-09  1.70871083e-08  1.38754483e-07 ... -8.06192230e-08
    6.25414419e-07  4.56918647e-08]
  [ 1.70871083e-08  2.56086100e-07  2.02952921e-06 ... -1.06181294e-06
    9.18275961e-06  7.18404835e-07]
  [ 1.38754483e-07  2.02952921e-06  1.80707972e-05 ... -1.26947073e-05
    8.12947853e-05  3.19882690e-06]
  ...
  [-8.06192230e-08 -1.06181294e-06 -1.26947073e-05 ...  2.39059410e-04
   -1.61689695e-06 -1.68274138e-04]
  [ 6.25414419e-07  9.18275961e-06  8.12947853e-05 ... -1.61689695e-06
    4.44993000e-04 -4.06034952e-06]
  [ 4.56918647e-08  7.18404835e-07  3.19882690e-06 ... -1.68274138e-04
   -4.06034952e-06  5.95719735e-04]]

 [[ 2.53010807e-08  3.85010479e-07  2.83099597e-06 ... -1.48560310e-07
    1.05903906e-07  7.43949198e-08]
  [ 3.85010479e-07  5.86016929e-06  4.30417363e-05 ... -2.17957256e-06
    1.18340060e-06  1.05298960e-06]
  [ 2.83099597e-06  4.30417363e-05  3.17961677e-04 ... -1.75083804e-05
    2.68741326e-05  9.39124084e-06]
  ...
  [-1.48560310e-07 -2.17957256e-06 -1.75083804e-05 ...  2.30570809e-04
    2.08989862e-07 -1.91670409e-04]
  [ 1.05903906e-07  1.18340060e-06  2.68741326e-05 ...  2.08989862e-07
    4.63235654e-04 -3.50184808e-06]
  [ 7.43949198e-08  1.05298960e-06  9.39124084e-06 ... -1.91670409e-04
   -3.50184808e-06  6.49564955e-04]]]
converged SCF energy = -150.244985829837  <S^2> = 0.92979879  2S+1 = 2.1723709
[timing] left/O ensemble SCF = 17.5s
dm0 check [[ 3.79536887e-01  6.12227644e-01 -1.25222154e-01 ...  1.23401565e-06
  -4.76983074e-07 -3.31085642e-06]
 [ 6.12227644e-01  1.01515633e+00 -3.34037635e-01 ...  4.03242793e-06
  -2.08418999e-06 -9.50737145e-06]
 [-1.25222154e-01 -3.34037635e-01  6.75228336e-01 ... -9.20001828e-06
   4.92622769e-06  2.29158643e-05]
 ...
 [ 1.23401565e-06  4.03242793e-06 -9.20001828e-06 ...  8.39067356e-07
  -2.63829333e-07  1.10575645e-07]
 [-4.76983074e-07 -2.08418999e-06  4.92622769e-06 ... -2.63829333e-07
   5.78730865e-07  4.84473063e-08]
 [-3.31085642e-06 -9.50737145e-06  2.29158643e-05 ...  1.10575645e-07
   4.84473063e-08  4.42124996e-07]]


******** <class 'pyscf.scf.addons.SmearingDFRKS'> ********
method = SmearingDFRKS
initial guess = minao
damping factor = 0.15
level_shift factor = 0.2
DIIS = <class 'pyscf.scf.diis.CDIIS'>
diis_start_cycle = 1
diis_space = 12
diis_damp = 0
SCF conv_tol = 5e-05
SCF conv_tol_grad = None
SCF max_cycles = 200
direct_scf = True
direct_scf_tol = 1e-13
chkfile to save SCF result = /tmp/tmpiu3_m7in
max_memory 4000 MB (current use 87367 MB)
XC library pyscf.dft.libxc version 6.1.0
    S. Lehtola, C. Steigemann, M. J.T. Oliveira, and M. A.L. Marques.,  SoftwareX 7, 1–5 (2018)
XC functionals = pbe
    J. P. Perdew, K. Burke, and M. Ernzerhof.,  Phys. Rev. Lett. 77, 3865 (1996)
    J. P. Perdew, K. Burke, and M. Ernzerhof.,  Phys. Rev. Lett. 78, 1396 (1997)
    J. P. Perdew, K. Burke, and M. Ernzerhof.,  Phys. Rev. Lett. 77, 3865 (1996)
    J. P. Perdew, K. Burke, and M. Ernzerhof.,  Phys. Rev. Lett. 78, 1396 (1997)
small_rho_cutoff = 1e-06
Set gradient conv threshold to 0.00707107
    Total E(T) = -12115.0555746634  Free energy = -12116.0753873881  E0 = -12115.5654810257
init E= -12115.0555746634
    sigma = 0.02  Optimized mu = -0.0517945783513  entropy = 1.50335776691
    Total E(T) = -12115.0555487884  Free energy = -12115.0856159438  E0 = -12115.0705823661
cycle= 1 E= -12115.0555487884  delta_E= 2.59e-05  |g|= 0.0338  |ddm|= 21.1
    sigma = 0.02  Optimized mu = -0.0520068763899  entropy = 1.50309923433
    Total E(T) = -12115.0552367502  Free energy = -12115.0852987348  E0 = -12115.0702677425
cycle= 2 E= -12115.0552367502  delta_E= 0.000312  |g|= 0.114  |ddm|= 97.6
    sigma = 0.02  Optimized mu = -0.0518742937537  entropy = 1.50295039494
    Total E(T) = -12115.0554204617  Free energy = -12115.0854794696  E0 = -12115.0704499656
cycle= 3 E= -12115.0554204617  delta_E= -0.000184  |g|= 0.0618  |ddm|= 41.4
    sigma = 0.02  Optimized mu = -0.0518665617716  entropy = 1.50298277578
    Total E(T) = -12115.0554996248  Free energy = -12115.0855592804  E0 = -12115.0705294526
cycle= 4 E= -12115.0554996248  delta_E= -7.92e-05  |g|= 0.0431  |ddm|=   15
    sigma = 0.02  Optimized mu = -0.0518640695179  entropy = 1.5029925411
    Total E(T) = -12115.0555377748  Free energy = -12115.0855976256  E0 = -12115.0705677002
cycle= 5 E= -12115.0555377748  delta_E= -3.81e-05  |g|= 0.0307  |ddm|= 8.87
    sigma = 0.02  Optimized mu = -0.0518610840208  entropy = 1.50299359297
    Total E(T) = -12115.055556275  Free energy = -12115.0856161468  E0 = -12115.0705862109
cycle= 6 E= -12115.055556275  delta_E= -1.85e-05  |g|= 0.0229  |ddm|= 6.55
    sigma = 0.02  Optimized mu = -0.0518622001889  entropy = 1.50299124165
    Total E(T) = -12115.0555660921  Free energy = -12115.0856259169  E0 = -12115.0705960045
cycle= 7 E= -12115.0555660921  delta_E= -9.82e-06  |g|= 0.017  |ddm|= 3.84
    sigma = 0.02  Optimized mu = -0.0518598829937  entropy = 1.50300069727
    Total E(T) = -12115.055571513  Free energy = -12115.085631527  E0 = -12115.07060152
cycle= 8 E= -12115.055571513  delta_E= -5.42e-06  |g|= 0.0127  |ddm|= 2.42
    sigma = 0.02  Optimized mu = -0.0518636826428  entropy = 1.50298048573
    Total E(T) = -12115.0555746031  Free energy = -12115.0856342128  E0 = -12115.0706044079
cycle= 9 E= -12115.0555746031  delta_E= -3.09e-06  |g|= 0.00946  |ddm|= 1.95
    sigma = 0.02  Optimized mu = -0.0518603438552  entropy = 1.50299714301
    Total E(T) = -12115.055576203  Free energy = -12115.0856361458  E0 = -12115.0706061744
cycle= 10 E= -12115.055576203  delta_E= -1.6e-06  |g|= 0.00728  |ddm|= 1.55
    sigma = 0.02  Optimized mu = -0.0518610159717  entropy = 1.50299273384
    Total E(T) = -12115.0555771443  Free energy = -12115.085636999  E0 = -12115.0706070717
cycle= 11 E= -12115.0555771443  delta_E= -9.41e-07  |g|= 0.00565  |ddm|= 1.09
    sigma = 0.02  Optimized mu = -0.151795032841  entropy = 50.9915222289
    Total E(T) = -12114.5296746718  Free energy = -12115.5495051164  E0 = -12115.0395898941
Extra cycle  E= -12114.5296746718  delta_E= 0.526  |g|= 0.403  |ddm|= 4.11e+03
converged SCF energy = -12114.5296746718
dm0 check [[[ 1.89790032e-01  3.06171608e-01 -6.27467410e-02 ...  5.12659028e-07
   -2.38327804e-07 -1.65415103e-06]
  [ 3.06171608e-01  5.07731779e-01 -1.67377696e-01 ...  1.73609488e-06
   -1.04210582e-06 -4.74882613e-06]
  [-6.27467410e-02 -1.67377696e-01  3.38444234e-01 ... -3.92938713e-06
    2.46740224e-06  1.14297810e-05]
  ...
  [ 5.12659028e-07  1.73609488e-06 -3.92938713e-06 ...  4.45064812e-07
   -1.36831134e-07  5.52937765e-08]
  [-2.38327804e-07 -1.04210582e-06  2.46740224e-06 ... -1.36831134e-07
    2.94546643e-07  3.02768389e-08]
  [-1.65415103e-06 -4.74882613e-06  1.14297810e-05 ...  5.52937765e-08
    3.02768389e-08  2.27837279e-07]]

 [[ 1.89769498e-01  3.06115614e-01 -6.26197538e-02 ...  7.46356751e-07
   -2.12055488e-07 -1.53789583e-06]
  [ 3.06115614e-01  5.07582274e-01 -1.67042736e-01 ...  2.36423901e-06
   -9.69232886e-07 -4.43673928e-06]
  [-6.26197538e-02 -1.67042736e-01  3.37696554e-01 ... -5.43000979e-06
    2.27380940e-06  1.06880782e-05]
  ...
  [ 7.46356751e-07  2.36423901e-06 -5.43000979e-06 ...  4.29995247e-07
   -1.38679009e-07  5.82533530e-08]
  [-2.12055488e-07 -9.69232886e-07  2.27380940e-06 ... -1.38679009e-07
    2.95030743e-07  2.72564120e-08]
  [-1.53789583e-06 -4.43673928e-06  1.06880782e-05 ...  5.82533530e-08
    2.72564120e-08  2.17598715e-07]]]


******** <class 'pyscf.scf.addons.SmearingDFUKS'> ********
method = SmearingDFUKS
initial guess = minao
damping factor = 0.15
level_shift factor = 0.2
DIIS = <class 'pyscf.scf.diis.CDIIS'>
diis_start_cycle = 1
diis_space = 12
diis_damp = 0
SCF conv_tol = 5e-05
SCF conv_tol_grad = None
SCF max_cycles = 200
direct_scf = True
direct_scf_tol = 1e-13
chkfile to save SCF result = /tmp/tmp2d_gj1bs
max_memory 4000 MB (current use 87461 MB)
number electrons alpha = 325  beta = 323
XC library pyscf.dft.libxc version 6.1.0
    S. Lehtola, C. Steigemann, M. J.T. Oliveira, and M. A.L. Marques.,  SoftwareX 7, 1–5 (2018)
XC functionals = pbe
    J. P. Perdew, K. Burke, and M. Ernzerhof.,  Phys. Rev. Lett. 77, 3865 (1996)
    J. P. Perdew, K. Burke, and M. Ernzerhof.,  Phys. Rev. Lett. 78, 1396 (1997)
    J. P. Perdew, K. Burke, and M. Ernzerhof.,  Phys. Rev. Lett. 77, 3865 (1996)
    J. P. Perdew, K. Burke, and M. Ernzerhof.,  Phys. Rev. Lett. 78, 1396 (1997)
small_rho_cutoff = 1e-06
Set gradient conv threshold to 0.00707107
    Total E(T) = -12114.611631164  Free energy = -12114.6756893158  E0 = -12114.6436602399
init E= -12114.611631164
    sigma = 0.005  Optimized mu_alpha = -0.196972856628  entropy = 3.32789789509e-07
    sigma = 0.005  Optimized mu_beta  = -0.199534494947  entropy = 3.32789789509e-07
    Total E(T) = -12114.611619728  Free energy = -12114.6116197296  E0 = -12114.6116197288
cycle= 1 E= -12114.611619728  delta_E= 1.14e-05  |g|= 0.0324  |ddm|= 11.5
    sigma = 0.005  Optimized mu_alpha = -0.197141285815  entropy = 3.32049896894e-07
    sigma = 0.005  Optimized mu_beta  = -0.19971383101  entropy = 3.32049896894e-07
    Total E(T) = -12114.6114883541  Free energy = -12114.6114883558  E0 = -12114.611488355
cycle= 2 E= -12114.6114883541  delta_E= 0.000131  |g|= 0.103  |ddm|= 51.9
    sigma = 0.005  Optimized mu_alpha = -0.197036737705  entropy = 3.32313402257e-07
    sigma = 0.005  Optimized mu_beta  = -0.199601203424  entropy = 3.32313402257e-07
    Total E(T) = -12114.6115661177  Free energy = -12114.6115661193  E0 = -12114.6115661185
cycle= 3 E= -12114.6115661177  delta_E= -7.78e-05  |g|= 0.0555  |ddm|= 20.9
    sigma = 0.005  Optimized mu_alpha = -0.197033238043  entropy = 3.32339899808e-07
    sigma = 0.005  Optimized mu_beta  = -0.199597340423  entropy = 3.32339899808e-07
    Total E(T) = -12114.6116020801  Free energy = -12114.6116020818  E0 = -12114.6116020809
cycle= 4 E= -12114.6116020801  delta_E= -3.6e-05  |g|= 0.0372  |ddm|=  8.2
    sigma = 0.005  Optimized mu_alpha = -0.197026326552  entropy = 3.32359171213e-07
    sigma = 0.005  Optimized mu_beta  = -0.199590237747  entropy = 3.32359171213e-07
    Total E(T) = -12114.6116186687  Free energy = -12114.6116186703  E0 = -12114.6116186695
cycle= 5 E= -12114.6116186687  delta_E= -1.66e-05  |g|= 0.0255  |ddm|= 4.87
    sigma = 0.005  Optimized mu_alpha = -0.197032615404  entropy = 3.32327106865e-07
    sigma = 0.005  Optimized mu_beta  = -0.199596702142  entropy = 3.32327106865e-07
    Total E(T) = -12114.6116264908  Free energy = -12114.6116264925  E0 = -12114.6116264916
cycle= 6 E= -12114.6116264908  delta_E= -7.82e-06  |g|= 0.0175  |ddm|= 3.14
    sigma = 0.005  Optimized mu_alpha = -0.197027957398  entropy = 3.32337851364e-07
    sigma = 0.005  Optimized mu_beta  = -0.199591976569  entropy = 3.32337851364e-07
    Total E(T) = -12114.6116301663  Free energy = -12114.6116301679  E0 = -12114.6116301671
cycle= 7 E= -12114.6116301663  delta_E= -3.68e-06  |g|= 0.0125  |ddm|= 2.15
    sigma = 0.005  Optimized mu_alpha = -0.197028168566  entropy = 3.32329254437e-07
    sigma = 0.005  Optimized mu_beta  = -0.199592237394  entropy = 3.32329254437e-07
    Total E(T) = -12114.6116320041  Free energy = -12114.6116320057  E0 = -12114.6116320049
cycle= 8 E= -12114.6116320041  delta_E= -1.84e-06  |g|= 0.00856  |ddm|= 1.38
    sigma = 0.005  Optimized mu_alpha = -0.197028640951  entropy = 3.32341618072e-07
    sigma = 0.005  Optimized mu_beta  = -0.199592512464  entropy = 3.32341618072e-07
    Total E(T) = -12114.6116328846  Free energy = -12114.6116328863  E0 = -12114.6116328854
cycle= 9 E= -12114.6116328846  delta_E= -8.81e-07  |g|= 0.00622  |ddm|=  1.2
    sigma = 0.005  Optimized mu_alpha = -0.296568179684  entropy = 12.8132780576
    sigma = 0.005  Optimized mu_beta  = -0.299462987494  entropy = 12.8132780576
    Total E(T) = -12114.5760956782  Free energy = -12114.6401620685  E0 = -12114.6081288733
Extra cycle  E= -12114.5760956782  delta_E= 0.0355  |g|= 0.226  |ddm|=  891
converged SCF energy = -12114.5760956782  <S^2> = 3.7626593  2S+1 = 4.0063246
[timing] right/Al ensemble SCF = 1292.4s
[timing] collect state = 0.0s
[timing] grad contraction = 1.5s
Npdft 666.0000340292074
[timing] checkpoint save = 0.0s
step=  24 L=-12265.59640617 Ef=-12265.60207286 L1=1.02920197e+00 |grad|=1.94507e-02 t=1510.6s
[phase2 outer 12] previous L = -12265.61932919
[phase2 outer 12] new L = -12265.59640617
[phase2 outer 12] dL = 2.29230235e-02
[phase2 outer 12] previous Ef = -12265.62487673
[phase2 outer 12] new Ef = -12265.60207286
[phase2 outer 12] dEf = 2.28038655e-02
[phase2 outer 12] |db| = 1.33243e-02
[phase2 outer 12] |grad| = 1.94507e-02
[phase2 outer 12] last_Ef = -12265.624876726382
[phase2 outer 12] adaptive max_step_norm = 1.000000e-01
[phase2 outer 12] delta = 2.735878e-03
[phase2 outer 12] raw_step_norm = 1.332428e-02
[phase2 outer 12] capped_step_norm = 1.332428e-02
[phase2 outer 12] dL = 0.022923023516341345
[phase2 outer 12] dEf = 0.022803865524110734
[phase2 outer 12] |grad| = 1.945071e-02
[phase2 outer 12] raw_step_norm=1.332428e-02 capped_step_norm=1.332428e-02 raw_max_abs_step=2.735878e-03 capped_max_abs_step=2.735878e-03 step_cap=1.000000e-01 line_search_alpha=n/a
[phase2 outer 12] res.fun = 12265.59640617
[phase2 outer 12] res.message = STOP: TOTAL NO. of ITERATIONS REACHED LIMIT
[phase2 outer 12] finished message=STOP: TOTAL NO. of ITERATIONS REACHED LIMIT |b|=3.869477e-01
[phase2 outer 13] start |b|=3.869477e-01 max|b|=5.170810e-02 delta=2.736e-03
[diagnostic] step=25 |b|=3.869477e-01 max|b|=5.170810e-02
[timing] build AO Vp from S3 = 1.6s
[diagnostic] |vpl|=3.722778e-01 max|vpl|=4.945040e-02
[diagnostic] |vpr|=5.519119e-01 max|vpr|=3.918542e-02
[diagnostic] |vpref|=6.137097e-01 max|vpref|=4.943240e-02
dm0 check [[[ 1.51511364e-09  2.24391584e-08  1.89789875e-07 ... -1.14719133e-07
    7.42477217e-07  6.64944642e-08]
  [ 2.24391584e-08  3.34444548e-07  2.75067312e-06 ... -1.77767344e-06
    1.10110612e-05  1.04758122e-06]
  [ 1.89789875e-07  2.75067312e-06  2.57237833e-05 ... -1.02770117e-05
    9.27869621e-05  4.99878249e-06]
  ...
  [-1.14719133e-07 -1.77767344e-06 -1.02770117e-05 ...  2.27166671e-04
    1.81897049e-06 -1.91352254e-04]
  [ 7.42477217e-07  1.10110612e-05  9.27869621e-05 ...  1.81897049e-06
    4.79980235e-04 -1.62432576e-06]
  [ 6.64944642e-08  1.04758122e-06  4.99878249e-06 ... -1.91352254e-04
   -1.62432576e-06  6.55604869e-04]]

 [[ 2.14412333e-09  3.18475812e-08  2.65523752e-07 ... -7.48708571e-08
    1.03578271e-06  2.38440408e-08]
  [ 3.18475812e-08  4.74248176e-07  3.91397250e-06 ... -9.93115144e-07
    1.53190786e-05  2.50157442e-07]
  [ 2.65523752e-07  3.91397250e-06  3.37625600e-05 ... -1.10143054e-05
    1.30901569e-04  4.52869684e-06]
  ...
  [-7.48708571e-08 -9.93115144e-07 -1.10143054e-05 ...  2.49604166e-04
    2.27939020e-06 -2.10130189e-04]
  [ 1.03578271e-06  1.53190786e-05  1.30901569e-04 ...  2.27939020e-06
    5.52938994e-04 -2.04467350e-06]
  [ 2.38440408e-08  2.50157442e-07  4.52869684e-06 ... -2.10130189e-04
   -2.04467350e-06  7.46013534e-04]]]
converged SCF energy = -150.226693714539  <S^2> = 2.0045398  2S+1 = 3.003025
dm0 check [[[ 1.14641022e-09  1.70870777e-08  1.38754056e-07 ... -8.06197428e-08
    6.25414509e-07  4.56928101e-08]
  [ 1.70870777e-08  2.56086148e-07  2.02952932e-06 ... -1.06182724e-06
    9.18278769e-06  7.18409213e-07]
  [ 1.38754056e-07  2.02952932e-06  1.80707715e-05 ... -1.26946935e-05
    8.12949598e-05  3.19888806e-06]
  ...
  [-8.06197428e-08 -1.06182724e-06 -1.26946935e-05 ...  2.39058495e-04
   -1.61698637e-06 -1.68274903e-04]
  [ 6.25414509e-07  9.18278769e-06  8.12949598e-05 ... -1.61698637e-06
    4.44994906e-04 -4.06056603e-06]
  [ 4.56928101e-08  7.18409213e-07  3.19888806e-06 ... -1.68274903e-04
   -4.06056603e-06  5.95722465e-04]]

 [[ 2.53030739e-08  3.85040785e-07  2.83121382e-06 ... -1.48564882e-07
    1.05892661e-07  7.43963352e-08]
  [ 3.85040785e-07  5.86062995e-06  4.30450501e-05 ... -2.17963292e-06
    1.18324526e-06  1.05300374e-06]
  [ 2.83121382e-06  4.30450501e-05  3.17985487e-04 ... -1.75088582e-05
    2.68730259e-05  9.39137565e-06]
  ...
  [-1.48564882e-07 -2.17963292e-06 -1.75088582e-05 ...  2.30571489e-04
    2.08892102e-07 -1.91671086e-04]
  [ 1.05892661e-07  1.18324526e-06  2.68730259e-05 ...  2.08892102e-07
    4.63238054e-04 -3.50209762e-06]
  [ 7.43963352e-08  1.05300374e-06  9.39137565e-06 ... -1.91671086e-04
   -3.50209762e-06  6.49568349e-04]]]
converged SCF energy = -150.244985829838  <S^2> = 0.92979859  2S+1 = 2.1723707
[timing] left/O ensemble SCF = 11.2s
dm0 check [[ 3.79536710e-01  6.12227514e-01 -1.25222000e-01 ...  1.26747395e-06
  -4.50113587e-07 -3.41631147e-06]
 [ 6.12227514e-01  1.01515618e+00 -3.34036795e-01 ...  4.12278844e-06
  -2.01175381e-06 -9.79187374e-06]
 [-1.25222000e-01 -3.34036795e-01  6.75226187e-01 ... -9.41977123e-06
   4.75130743e-06  2.36054017e-05]
 ...
 [ 1.26747395e-06  4.12278844e-06 -9.41977123e-06 ...  8.33797168e-07
  -2.64865863e-07  1.13995113e-07]
 [-4.50113587e-07 -2.01175381e-06  4.75130743e-06 ... -2.64865863e-07
   5.80392906e-07  4.50978317e-08]
 [-3.41631147e-06 -9.79187374e-06  2.36054017e-05 ...  1.13995113e-07
   4.50978317e-08  4.60289420e-07]]


******** <class 'pyscf.scf.addons.SmearingDFRKS'> ********
method = SmearingDFRKS
initial guess = minao
damping factor = 0.15
level_shift factor = 0.2
DIIS = <class 'pyscf.scf.diis.CDIIS'>
diis_start_cycle = 1
diis_space = 12
diis_damp = 0
SCF conv_tol = 5e-05
SCF conv_tol_grad = None
SCF max_cycles = 200
direct_scf = True
direct_scf_tol = 1e-13
chkfile to save SCF result = /tmp/tmpiu3_m7in
max_memory 4000 MB (current use 87367 MB)
XC library pyscf.dft.libxc version 6.1.0
    S. Lehtola, C. Steigemann, M. J.T. Oliveira, and M. A.L. Marques.,  SoftwareX 7, 1–5 (2018)
XC functionals = pbe
    J. P. Perdew, K. Burke, and M. Ernzerhof.,  Phys. Rev. Lett. 77, 3865 (1996)
    J. P. Perdew, K. Burke, and M. Ernzerhof.,  Phys. Rev. Lett. 78, 1396 (1997)
    J. P. Perdew, K. Burke, and M. Ernzerhof.,  Phys. Rev. Lett. 77, 3865 (1996)
    J. P. Perdew, K. Burke, and M. Ernzerhof.,  Phys. Rev. Lett. 78, 1396 (1997)
small_rho_cutoff = 1e-06
Set gradient conv threshold to 0.00707107
    Total E(T) = -12115.0555771444  Free energy = -12116.075407589  E0 = -12115.5654923667
init E= -12115.0555771444
    sigma = 0.02  Optimized mu = -0.0518331555523  entropy = 1.50314544129
    Total E(T) = -12115.0555646042  Free energy = -12115.0856275131  E0 = -12115.0705960587
cycle= 1 E= -12115.0555646042  delta_E= 1.25e-05  |g|= 0.0235  |ddm|= 15.7
    sigma = 0.02  Optimized mu = -0.0519335380381  entropy = 1.50301366332
    Total E(T) = -12115.0554150587  Free energy = -12115.085475332  E0 = -12115.0704451953
cycle= 2 E= -12115.0554150587  delta_E= 0.00015  |g|= 0.0793  |ddm|= 68.3
    sigma = 0.02  Optimized mu = -0.0518667103809  entropy = 1.50296345722
    Total E(T) = -12115.0555022044  Free energy = -12115.0855614736  E0 = -12115.070531839
cycle= 3 E= -12115.0555022044  delta_E= -8.71e-05  |g|= 0.0435  |ddm|= 28.3
    sigma = 0.02  Optimized mu = -0.051863410759  entropy = 1.5029801683
    Total E(T) = -12115.0555397052  Free energy = -12115.0855993086  E0 = -12115.0705695069
cycle= 4 E= -12115.0555397052  delta_E= -3.75e-05  |g|= 0.0307  |ddm|= 10.5
    sigma = 0.02  Optimized mu = -0.0518623712896  entropy = 1.50298512639
    Total E(T) = -12115.0555579874  Free energy = -12115.08561769  E0 = -12115.0705878387
cycle= 5 E= -12115.0555579874  delta_E= -1.83e-05  |g|= 0.0222  |ddm|= 6.18
    sigma = 0.02  Optimized mu = -0.0518609130039  entropy = 1.50298907968
    Total E(T) = -12115.0555671554  Free energy = -12115.085626937  E0 = -12115.0705970462
cycle= 6 E= -12115.0555671554  delta_E= -9.17e-06  |g|= 0.0166  |ddm|= 4.27
    sigma = 0.02  Optimized mu = -0.0518613690684  entropy = 1.50298828885
    Total E(T) = -12115.0555721554  Free energy = -12115.0856319212  E0 = -12115.0706020383
cycle= 7 E= -12115.0555721554  delta_E= -5e-06  |g|= 0.0124  |ddm|= 2.68
    sigma = 0.02  Optimized mu = -0.0518589571129  entropy = 1.50300033338
    Total E(T) = -12115.0555748411  Free energy = -12115.0856348478  E0 = -12115.0706048445
cycle= 8 E= -12115.0555748411  delta_E= -2.69e-06  |g|= 0.0094  |ddm|=  1.8
    sigma = 0.02  Optimized mu = -0.0518614908784  entropy = 1.50298853352
    Total E(T) = -12115.0555763945  Free energy = -12115.0856361652  E0 = -12115.0706062798
cycle= 9 E= -12115.0555763945  delta_E= -1.55e-06  |g|= 0.0072  |ddm|= 1.29
    sigma = 0.02  Optimized mu = -0.0518609909544  entropy = 1.50299258865
    Total E(T) = -12115.0555772388  Free energy = -12115.0856370906  E0 = -12115.0706071647
cycle= 10 E= -12115.0555772388  delta_E= -8.44e-07  |g|= 0.00567  |ddm|=    1
    sigma = 0.02  Optimized mu = -0.151804829693  entropy = 50.9909818275
    Total E(T) = -12114.5298182623  Free energy = -12115.5496378989  E0 = -12115.0397280806
Extra cycle  E= -12114.5298182623  delta_E= 0.526  |g|= 0.401  |ddm|= 4.11e+03
converged SCF energy = -12114.5298182623
dm0 check [[[ 1.89789949e-01  3.06171554e-01 -6.27466965e-02 ...  5.27544486e-07
   -2.25952316e-07 -1.70334076e-06]
  [ 3.06171554e-01  5.07731731e-01 -1.67377363e-01 ...  1.77627819e-06
   -1.00876163e-06 -4.88146042e-06]
  [-6.27466965e-02 -1.67377363e-01  3.38443412e-01 ... -4.02694311e-06
    2.38705335e-06  1.17505921e-05]
  ...
  [ 5.27544486e-07  1.77627819e-06 -4.02694311e-06 ...  4.42339570e-07
   -1.37417927e-07  5.72099476e-08]
  [-2.25952316e-07 -1.00876163e-06  2.38705335e-06 ... -1.37417927e-07
    2.95282838e-07  2.88526975e-08]
  [-1.70334076e-06 -4.88146042e-06  1.17505921e-05 ...  5.72099476e-08
    2.88526975e-08  2.36448582e-07]]

 [[ 1.89769383e-01  3.06115479e-01 -6.26195100e-02 ...  7.60517891e-07
   -1.99312167e-07 -1.58693235e-06]
  [ 3.06115479e-01  5.07582013e-01 -1.67041863e-01 ...  2.40250532e-06
   -9.34868171e-07 -4.56907663e-06]
  [-6.26195100e-02 -1.67041863e-01  3.37694375e-01 ... -5.52328550e-06
    2.19072834e-06  1.10092481e-05]
  ...
  [ 7.60517891e-07  2.40250532e-06 -5.52328550e-06 ...  4.27315556e-07
   -1.39234044e-07  6.01490630e-08]
  [-1.99312167e-07 -9.34868171e-07  2.19072834e-06 ... -1.39234044e-07
    2.95836168e-07  2.57222238e-08]
  [-1.58693235e-06 -4.56907663e-06  1.10092481e-05 ...  6.01490630e-08
    2.57222238e-08  2.26072218e-07]]]


******** <class 'pyscf.scf.addons.SmearingDFUKS'> ********
method = SmearingDFUKS
initial guess = minao
damping factor = 0.15
level_shift factor = 0.2
DIIS = <class 'pyscf.scf.diis.CDIIS'>
diis_start_cycle = 1
diis_space = 12
diis_damp = 0
SCF conv_tol = 5e-05
SCF conv_tol_grad = None
SCF max_cycles = 200
direct_scf = True
direct_scf_tol = 1e-13
chkfile to save SCF result = /tmp/tmp2d_gj1bs
max_memory 4000 MB (current use 87218 MB)
number electrons alpha = 325  beta = 323
XC library pyscf.dft.libxc version 6.1.0
    S. Lehtola, C. Steigemann, M. J.T. Oliveira, and M. A.L. Marques.,  SoftwareX 7, 1–5 (2018)
XC functionals = pbe
    J. P. Perdew, K. Burke, and M. Ernzerhof.,  Phys. Rev. Lett. 77, 3865 (1996)
    J. P. Perdew, K. Burke, and M. Ernzerhof.,  Phys. Rev. Lett. 78, 1396 (1997)
    J. P. Perdew, K. Burke, and M. Ernzerhof.,  Phys. Rev. Lett. 77, 3865 (1996)
    J. P. Perdew, K. Burke, and M. Ernzerhof.,  Phys. Rev. Lett. 78, 1396 (1997)
small_rho_cutoff = 1e-06
Set gradient conv threshold to 0.00707107
    Total E(T) = -12114.6116328852  Free energy = -12114.6756992755  E0 = -12114.6436660803
init E= -12114.6116328852
    sigma = 0.005  Optimized mu_alpha = -0.19700257413  entropy = 3.32545610106e-07
    sigma = 0.005  Optimized mu_beta  = -0.199565157844  entropy = 3.32545610106e-07
    Total E(T) = -12114.611625572  Free energy = -12114.6116255737  E0 = -12114.6116255728
cycle= 1 E= -12114.611625572  delta_E= 7.31e-06  |g|= 0.0254  |ddm|= 10.7
    sigma = 0.005  Optimized mu_alpha = -0.19709688609  entropy = 3.3215968493e-07
    sigma = 0.005  Optimized mu_beta  = -0.199666144816  entropy = 3.3215968493e-07
    Total E(T) = -12114.6115449493  Free energy = -12114.6115449509  E0 = -12114.6115449501
cycle= 2 E= -12114.6115449493  delta_E= 8.06e-05  |g|= 0.0819  |ddm|= 41.1
    sigma = 0.005  Optimized mu_alpha = -0.197033041652  entropy = 3.32298801353e-07
    sigma = 0.005  Optimized mu_beta  = -0.199597394998  entropy = 3.32298801353e-07
    Total E(T) = -12114.6115917687  Free energy = -12114.6115917703  E0 = -12114.6115917695
cycle= 3 E= -12114.6115917687  delta_E= -4.68e-05  |g|= 0.0448  |ddm|= 15.9
    sigma = 0.005  Optimized mu_alpha = -0.19703149376  entropy = 3.3231701821e-07
    sigma = 0.005  Optimized mu_beta  = -0.199595570797  entropy = 3.3231701821e-07
    Total E(T) = -12114.611613433  Free energy = -12114.6116134347  E0 = -12114.6116134338
cycle= 4 E= -12114.611613433  delta_E= -2.17e-05  |g|= 0.0307  |ddm|= 6.37
    sigma = 0.005  Optimized mu_alpha = -0.197028647807  entropy = 3.32330781802e-07
    sigma = 0.005  Optimized mu_beta  = -0.199592616057  entropy = 3.32330781802e-07
    Total E(T) = -12114.6116236108  Free energy = -12114.6116236125  E0 = -12114.6116236117
cycle= 5 E= -12114.6116236108  delta_E= -1.02e-05  |g|= 0.0216  |ddm|= 3.79
    sigma = 0.005  Optimized mu_alpha = -0.19703175794  entropy = 3.32316426286e-07
    sigma = 0.005  Optimized mu_beta  = -0.199595845333  entropy = 3.32316426286e-07
    Total E(T) = -12114.611628598  Free energy = -12114.6116285997  E0 = -12114.6116285988
cycle= 6 E= -12114.611628598  delta_E= -4.99e-06  |g|= 0.0153  |ddm|=  2.4
    sigma = 0.005  Optimized mu_alpha = -0.197028001551  entropy = 3.32330204269e-07
    sigma = 0.005  Optimized mu_beta  = -0.199592000763  entropy = 3.32330204269e-07
    Total E(T) = -12114.6116310664  Free energy = -12114.6116310681  E0 = -12114.6116310673
cycle= 7 E= -12114.6116310664  delta_E= -2.47e-06  |g|= 0.0112  |ddm|= 1.71
    sigma = 0.005  Optimized mu_alpha = -0.197028335789  entropy = 3.32326564131e-07
    sigma = 0.005  Optimized mu_beta  = -0.199592362627  entropy = 3.32326564131e-07
    Total E(T) = -12114.611632343  Free energy = -12114.6116323446  E0 = -12114.6116323438
cycle= 8 E= -12114.611632343  delta_E= -1.28e-06  |g|= 0.0081  |ddm|= 1.15
    sigma = 0.005  Optimized mu_alpha = -0.197028898153  entropy = 3.32331648981e-07
    sigma = 0.005  Optimized mu_beta  = -0.19959283347  entropy = 3.32331648981e-07
    Total E(T) = -12114.6116330078  Free energy = -12114.6116330095  E0 = -12114.6116330087
cycle= 9 E= -12114.6116330078  delta_E= -6.65e-07  |g|= 0.00605  |ddm|= 0.819
    sigma = 0.005  Optimized mu_alpha = -0.296577760179  entropy = 12.8129043448
    sigma = 0.005  Optimized mu_beta  = -0.299472760834  entropy = 12.8129043448
    Total E(T) = -12114.5761577538  Free energy = -12114.6402222755  E0 = -12114.6081900147
Extra cycle  E= -12114.5761577538  delta_E= 0.0355  |g|= 0.221  |ddm|=  891
converged SCF energy = -12114.5761577538  <S^2> = 3.7626611  2S+1 = 4.0063256
[timing] right/Al ensemble SCF = 1234.2s
[timing] collect state = 0.0s
[timing] grad contraction = 1.5s
Npdft 666.0000340286662
[timing] checkpoint save = 0.0s
step=  25 L=-12265.59654137 Ef=-12265.60220151 L1=1.02894763e+00 |grad|=1.94455e-02 t=1447.3s
[diagnostic] step=26 |b|=3.985335e-01 max|b|=5.444398e-02
[timing] build AO Vp from S3 = 1.6s
[diagnostic] |vpl|=3.877270e-01 max|vpl|=5.229314e-02
[diagnostic] |vpr|=5.638211e-01 max|vpr|=4.109839e-02
[diagnostic] |vpref|=6.297348e-01 max|vpref|=5.227288e-02
dm0 check [[[ 1.51511411e-09  2.24391606e-08  1.89789945e-07 ... -1.14718907e-07
    7.42476552e-07  6.64942556e-08]
  [ 2.24391606e-08  3.34444465e-07  2.75067408e-06 ... -1.77766951e-06
    1.10110544e-05  1.04757740e-06]
  [ 1.89789945e-07  2.75067408e-06  2.57237946e-05 ... -1.02769804e-05
    9.27868646e-05  4.99875449e-06]
  ...
  [-1.14718907e-07 -1.77766951e-06 -1.02769804e-05 ...  2.27166776e-04
    1.81897161e-06 -1.91352343e-04]
  [ 7.42476552e-07  1.10110544e-05  9.27868646e-05 ...  1.81897161e-06
    4.79980297e-04 -1.62432504e-06]
  [ 6.64942556e-08  1.04757740e-06  4.99875449e-06 ... -1.91352343e-04
   -1.62432504e-06  6.55605009e-04]]

 [[ 2.14412360e-09  3.18475856e-08  2.65523724e-07 ... -7.48704335e-08
    1.03578248e-06  2.38436764e-08]
  [ 3.18475856e-08  4.74248197e-07  3.91397265e-06 ... -9.93112298e-07
    1.53190762e-05  2.50154884e-07]
  [ 2.65523724e-07  3.91397265e-06  3.37625541e-05 ... -1.10142768e-05
    1.30901525e-04  4.52867273e-06]
  ...
  [-7.48704335e-08 -9.93112298e-07 -1.10142768e-05 ...  2.49604244e-04
    2.27939100e-06 -2.10130255e-04]
  [ 1.03578248e-06  1.53190762e-05  1.30901525e-04 ...  2.27939100e-06
    5.52938774e-04 -2.04467263e-06]
  [ 2.38436764e-08  2.50154884e-07  4.52867273e-06 ... -2.10130255e-04
   -2.04467263e-06  7.46013365e-04]]]
converged SCF energy = -150.226693714539  <S^2> = 2.0045398  2S+1 = 3.003025
dm0 check [[[ 1.14641048e-09  1.70870812e-08  1.38754080e-07 ... -8.06197812e-08
    6.25414531e-07  4.56928232e-08]
  [ 1.70870812e-08  2.56086198e-07  2.02952961e-06 ... -1.06182741e-06
    9.18278764e-06  7.18409566e-07]
  [ 1.38754080e-07  2.02952961e-06  1.80707734e-05 ... -1.26946965e-05
    8.12949641e-05  3.19888949e-06]
  ...
  [-8.06197812e-08 -1.06182741e-06 -1.26946965e-05 ...  2.39058495e-04
   -1.61700056e-06 -1.68274893e-04]
  [ 6.25414531e-07  9.18278764e-06  8.12949641e-05 ... -1.61700056e-06
    4.44994893e-04 -4.06057357e-06]
  [ 4.56928232e-08  7.18409566e-07  3.19888949e-06 ... -1.68274893e-04
   -4.06057357e-06  5.95722439e-04]]

 [[ 2.53030368e-08  3.85040225e-07  2.83120975e-06 ... -1.48564865e-07
    1.05892884e-07  7.43965858e-08]
  [ 3.85040225e-07  5.86062150e-06  4.30449887e-05 ... -2.17963245e-06
    1.18324850e-06  1.05300729e-06]
  [ 2.83120975e-06  4.30449887e-05  3.17985040e-04 ... -1.75088551e-05
    2.68730509e-05  9.39140193e-06]
  ...
  [-1.48564865e-07 -2.17963245e-06 -1.75088551e-05 ...  2.30571481e-04
    2.08891623e-07 -1.91671078e-04]
  [ 1.05892884e-07  1.18324850e-06  2.68730509e-05 ...  2.08891623e-07
    4.63238039e-04 -3.50208852e-06]
  [ 7.43965858e-08  1.05300729e-06  9.39140193e-06 ... -1.91671078e-04
   -3.50208852e-06  6.49568321e-04]]]
converged SCF energy = -150.244985829837  <S^2> = 0.92980103  2S+1 = 2.1723729
[timing] left/O ensemble SCF = 11.6s
dm0 check [[ 3.79536719e-01  6.12227535e-01 -1.25222060e-01 ...  1.26781977e-06
  -4.50305689e-07 -3.41643303e-06]
 [ 6.12227535e-01  1.01515623e+00 -3.34036953e-01 ...  4.12372186e-06
  -2.01227217e-06 -9.79220137e-06]
 [-1.25222060e-01 -3.34036953e-01  6.75226594e-01 ... -9.42204109e-06
   4.75256757e-06  2.36061942e-05]
 ...
 [ 1.26781977e-06  4.12372186e-06 -9.42204109e-06 ...  8.33783148e-07
  -2.64856163e-07  1.13998080e-07]
 [-4.50305689e-07 -2.01227217e-06  4.75256757e-06 ... -2.64856163e-07
   5.80370198e-07  4.51040568e-08]
 [-3.41643303e-06 -9.79220137e-06  2.36061942e-05 ...  1.13998080e-07
   4.51040568e-08  4.60286955e-07]]


******** <class 'pyscf.scf.addons.SmearingDFRKS'> ********
method = SmearingDFRKS
initial guess = minao
damping factor = 0.15
level_shift factor = 0.2
DIIS = <class 'pyscf.scf.diis.CDIIS'>
diis_start_cycle = 1
diis_space = 12
diis_damp = 0
SCF conv_tol = 5e-05
SCF conv_tol_grad = None
SCF max_cycles = 200
direct_scf = True
direct_scf_tol = 1e-13
chkfile to save SCF result = /tmp/tmpiu3_m7in
max_memory 4000 MB (current use 87349 MB)
XC library pyscf.dft.libxc version 6.1.0
    S. Lehtola, C. Steigemann, M. J.T. Oliveira, and M. A.L. Marques.,  SoftwareX 7, 1–5 (2018)
XC functionals = pbe
    J. P. Perdew, K. Burke, and M. Ernzerhof.,  Phys. Rev. Lett. 77, 3865 (1996)
    J. P. Perdew, K. Burke, and M. Ernzerhof.,  Phys. Rev. Lett. 78, 1396 (1997)
    J. P. Perdew, K. Burke, and M. Ernzerhof.,  Phys. Rev. Lett. 77, 3865 (1996)
    J. P. Perdew, K. Burke, and M. Ernzerhof.,  Phys. Rev. Lett. 78, 1396 (1997)
small_rho_cutoff = 1e-06
Set gradient conv threshold to 0.00707107
    Total E(T) = -12115.0219824502  Free energy = -12116.0418020867  E0 = -12115.5318922684
init E= -12115.0219824502
    sigma = 0.02  Optimized mu = -0.0518028865652  entropy = 1.50360390524
    Total E(T) = -12115.0219631764  Free energy = -12115.0520352545  E0 = -12115.0369992155
cycle= 1 E= -12115.0219631764  delta_E= 1.93e-05  |g|= 0.0292  |ddm|= 18.5
    sigma = 0.02  Optimized mu = -0.0519872658868  entropy = 1.50332028682
    Total E(T) = -12115.0217311536  Free energy = -12115.0517975593  E0 = -12115.0367643564
cycle= 2 E= -12115.0217311536  delta_E= 0.000232  |g|= 0.098  |ddm|= 84.6
    sigma = 0.02  Optimized mu = -0.0518729711915  entropy = 1.50325734795
    Total E(T) = -12115.0218677853  Free energy = -12115.0519329322  E0 = -12115.0369003587
cycle= 3 E= -12115.0218677853  delta_E= -0.000137  |g|= 0.0533  |ddm|= 35.8
    sigma = 0.02  Optimized mu = -0.0518662752714  entropy = 1.50328671796
    Total E(T) = -12115.0219268404  Free energy = -12115.0519925748  E0 = -12115.0369597076
cycle= 4 E= -12115.0219268404  delta_E= -5.91e-05  |g|= 0.0372  |ddm|= 12.9
    sigma = 0.02  Optimized mu = -0.0518642612892  entropy = 1.50329488085
    Total E(T) = -12115.0219552784  Free energy = -12115.052021176  E0 = -12115.0369882272
cycle= 5 E= -12115.0219552784  delta_E= -2.84e-05  |g|= 0.0264  |ddm|= 7.67
    sigma = 0.02  Optimized mu = -0.0518613191467  entropy = 1.50329755756
    Total E(T) = -12115.021968995  Free energy = -12115.0520349461  E0 = -12115.0370019706
cycle= 6 E= -12115.021968995  delta_E= -1.37e-05  |g|= 0.0197  |ddm|= 5.78
    sigma = 0.02  Optimized mu = -0.0518625976727  entropy = 1.50329417896
    Total E(T) = -12115.0219762618  Free energy = -12115.0520421454  E0 = -12115.0370092036
cycle= 7 E= -12115.0219762618  delta_E= -7.27e-06  |g|= 0.0147  |ddm|= 3.35
    sigma = 0.02  Optimized mu = -0.0518605815487  entropy = 1.50330244319
    Total E(T) = -12115.0219802806  Free energy = -12115.0520463295  E0 = -12115.0370133051
cycle= 8 E= -12115.0219802806  delta_E= -4.02e-06  |g|= 0.011  |ddm|= 2.09
    sigma = 0.02  Optimized mu = -0.0518638938703  entropy = 1.50328457253
    Total E(T) = -12115.0219825821  Free energy = -12115.0520482736  E0 = -12115.0370154279
cycle= 9 E= -12115.0219825821  delta_E= -2.3e-06  |g|= 0.00814  |ddm|= 1.68
    sigma = 0.02  Optimized mu = -0.0518609626748  entropy = 1.50329922352
    Total E(T) = -12115.021983763  Free energy = -12115.0520497475  E0 = -12115.0370167553
cycle= 10 E= -12115.021983763  delta_E= -1.18e-06  |g|= 0.00625  |ddm|= 1.35
    sigma = 0.02  Optimized mu = -0.151792688755  entropy = 50.9924592025
    Total E(T) = -12114.4959854303  Free energy = -12115.5158346143  E0 = -12115.0059100223
Extra cycle  E= -12114.4959854303  delta_E= 0.526  |g|= 0.407  |ddm|= 4.11e+03
converged SCF energy = -12114.4959854303
dm0 check [[[ 1.89789949e-01  3.06171555e-01 -6.27467005e-02 ...  5.27676834e-07
   -2.26027998e-07 -1.70337150e-06]
  [ 3.06171555e-01  5.07731734e-01 -1.67377375e-01 ...  1.77663487e-06
   -1.00896579e-06 -4.88154347e-06]
  [-6.27467005e-02 -1.67377375e-01  3.38443450e-01 ... -4.02780409e-06
    2.38754853e-06  1.17507928e-05]
  ...
  [ 5.27676834e-07  1.77663487e-06 -4.02780409e-06 ...  4.42339156e-07
   -1.37413992e-07  5.72120985e-08]
  [-2.26027998e-07 -1.00896579e-06  2.38754853e-06 ... -1.37413992e-07
    2.95262789e-07  2.88512004e-08]
  [-1.70337150e-06 -4.88154347e-06  1.17507928e-05 ...  5.72120985e-08
    2.88512004e-08  2.36443789e-07]]

 [[ 1.89769384e-01  3.06115483e-01 -6.26195210e-02 ...  7.60557492e-07
   -1.99503203e-07 -1.58682546e-06]
  [ 3.06115483e-01  5.07582025e-01 -1.67041893e-01 ...  2.40261238e-06
   -9.35384086e-07 -4.56878797e-06]
  [-6.26195210e-02 -1.67041893e-01  3.37694451e-01 ... -5.52354741e-06
    2.19198385e-06  1.10085447e-05]
  ...
  [ 7.60557492e-07  2.40261238e-06 -5.52354741e-06 ...  4.27313175e-07
   -1.39225425e-07  6.01502144e-08]
  [-1.99503203e-07 -9.35384086e-07  2.19198385e-06 ... -1.39225425e-07
    2.95816238e-07  2.57237759e-08]
  [-1.58682546e-06 -4.56878797e-06  1.10085447e-05 ...  6.01502144e-08
    2.57237759e-08  2.26068696e-07]]]


******** <class 'pyscf.scf.addons.SmearingDFUKS'> ********
method = SmearingDFUKS
initial guess = minao
damping factor = 0.15
level_shift factor = 0.2
DIIS = <class 'pyscf.scf.diis.CDIIS'>
diis_start_cycle = 1
diis_space = 12
diis_damp = 0
SCF conv_tol = 5e-05
SCF conv_tol_grad = None
SCF max_cycles = 200
direct_scf = True
direct_scf_tol = 1e-13
chkfile to save SCF result = /tmp/tmp2d_gj1bs
max_memory 4000 MB (current use 87405 MB)
number electrons alpha = 325  beta = 323
XC library pyscf.dft.libxc version 6.1.0
    S. Lehtola, C. Steigemann, M. J.T. Oliveira, and M. A.L. Marques.,  SoftwareX 7, 1–5 (2018)
XC functionals = pbe
    J. P. Perdew, K. Burke, and M. Ernzerhof.,  Phys. Rev. Lett. 77, 3865 (1996)
    J. P. Perdew, K. Burke, and M. Ernzerhof.,  Phys. Rev. Lett. 78, 1396 (1997)
    J. P. Perdew, K. Burke, and M. Ernzerhof.,  Phys. Rev. Lett. 77, 3865 (1996)
    J. P. Perdew, K. Burke, and M. Ernzerhof.,  Phys. Rev. Lett. 78, 1396 (1997)
small_rho_cutoff = 1e-06
Set gradient conv threshold to 0.00707107
    Total E(T) = -12114.5780816609  Free energy = -12114.6421461826  E0 = -12114.6101139218
init E= -12114.5780816609
    sigma = 0.005  Optimized mu_alpha = -0.196972412598  entropy = 3.33133900043e-07
    sigma = 0.005  Optimized mu_beta  = -0.199532324809  entropy = 3.33133900043e-07
    Total E(T) = -12114.5780697686  Free energy = -12114.5780697703  E0 = -12114.5780697694
cycle= 1 E= -12114.5780697686  delta_E= 1.19e-05  |g|= 0.033  |ddm|= 11.7
    sigma = 0.005  Optimized mu_alpha = -0.197140337909  entropy = 3.32438846092e-07
    sigma = 0.005  Optimized mu_beta  = -0.199711034391  entropy = 3.32438846092e-07
    Total E(T) = -12114.577933835  Free energy = -12114.5779338367  E0 = -12114.5779338359
cycle= 2 E= -12114.577933835  delta_E= 0.000136  |g|= 0.105  |ddm|= 52.6
    sigma = 0.005  Optimized mu_alpha = -0.197036274537  entropy = 3.32659904446e-07
    sigma = 0.005  Optimized mu_beta  = -0.199599019327  entropy = 3.32659904446e-07
    Total E(T) = -12114.5780136781  Free energy = -12114.5780136797  E0 = -12114.5780136789
cycle= 3 E= -12114.5780136781  delta_E= -7.98e-05  |g|= 0.0571  |ddm|= 21.1
    sigma = 0.005  Optimized mu_alpha = -0.197032698813  entropy = 3.32686522676e-07
    sigma = 0.005  Optimized mu_beta  = -0.199595064448  entropy = 3.32686522676e-07
    Total E(T) = -12114.5780508337  Free energy = -12114.5780508354  E0 = -12114.5780508345
cycle= 4 E= -12114.5780508337  delta_E= -3.72e-05  |g|= 0.0385  |ddm|= 8.25
    sigma = 0.005  Optimized mu_alpha = -0.197026487741  entropy = 3.32704929104e-07
    sigma = 0.005  Optimized mu_beta  = -0.199588674652  entropy = 3.32704929104e-07
    Total E(T) = -12114.5780681112  Free energy = -12114.5780681129  E0 = -12114.578068112
cycle= 5 E= -12114.5780681112  delta_E= -1.73e-05  |g|= 0.0265  |ddm|= 4.91
    sigma = 0.005  Optimized mu_alpha = -0.197032539783  entropy = 3.32674541974e-07
    sigma = 0.005  Optimized mu_beta  = -0.199594888638  entropy = 3.32674541974e-07
    Total E(T) = -12114.5780762888  Free energy = -12114.5780762904  E0 = -12114.5780762896
cycle= 6 E= -12114.5780762888  delta_E= -8.18e-06  |g|= 0.0184  |ddm|= 3.23
    sigma = 0.005  Optimized mu_alpha = -0.197027639205  entropy = 3.3268454019e-07
    sigma = 0.005  Optimized mu_beta  = -0.199589924806  entropy = 3.3268454019e-07
    Total E(T) = -12114.5780802148  Free energy = -12114.5780802165  E0 = -12114.5780802157
cycle= 7 E= -12114.5780802148  delta_E= -3.93e-06  |g|= 0.0131  |ddm|= 2.14
    sigma = 0.005  Optimized mu_alpha = -0.197027762267  entropy = 3.32679532994e-07
    sigma = 0.005  Optimized mu_beta  = -0.199590056274  entropy = 3.32679532994e-07
    Total E(T) = -12114.5780822042  Free energy = -12114.5780822059  E0 = -12114.578082205
cycle= 8 E= -12114.5780822042  delta_E= -1.99e-06  |g|= 0.00917  |ddm|= 1.37
    sigma = 0.005  Optimized mu_alpha = -0.197028367196  entropy = 3.32691126787e-07
    sigma = 0.005  Optimized mu_beta  = -0.199590482985  entropy = 3.32691126787e-07
    Total E(T) = -12114.5780831584  Free energy = -12114.57808316  E0 = -12114.5780831592
cycle= 9 E= -12114.5780831584  delta_E= -9.54e-07  |g|= 0.00679  |ddm|= 1.23
    sigma = 0.005  Optimized mu_alpha = -0.296564119947  entropy = 12.8143896289
    sigma = 0.005  Optimized mu_beta  = -0.299458116333  entropy = 12.8143896289
    Total E(T) = -12114.5424950869  Free energy = -12114.606567035  E0 = -12114.574531061
Extra cycle  E= -12114.5424950869  delta_E= 0.0356  |g|= 0.234  |ddm|=  892
converged SCF energy = -12114.5424950869  <S^2> = 3.7626706  2S+1 = 4.0063303
[timing] right/Al ensemble SCF = 1211.3s
[timing] collect state = 0.0s
[timing] grad contraction = 1.6s
Npdft 666.0000340326517
[timing] checkpoint save = 0.0s
step=  26 L=-12265.57290001 Ef=-12265.57869656 L1=1.02193941e+00 |grad|=1.93382e-02 t=1425.1s
[phase2 outer 13] previous L = -12265.59640617
[phase2 outer 13] new L = -12265.57290001
[phase2 outer 13] dL = 2.35061592e-02
[phase2 outer 13] previous Ef = -12265.60207286
[phase2 outer 13] new Ef = -12265.57869656
[phase2 outer 13] dEf = 2.33762963e-02
[phase2 outer 13] |db| = 1.31294e-02
[phase2 outer 13] |grad| = 1.93382e-02
[phase2 outer 13] last_Ef = -12265.602072860858
[phase2 outer 13] adaptive max_step_norm = 1.000000e-01
[phase2 outer 13] delta = 2.735878e-03
[phase2 outer 13] raw_step_norm = 1.312942e-02
[phase2 outer 13] capped_step_norm = 1.312942e-02
[phase2 outer 13] dL = 0.023506159222961287
[phase2 outer 13] dEf = 0.023376296298010857
[phase2 outer 13] |grad| = 1.933819e-02
[phase2 outer 13] raw_step_norm=1.312942e-02 capped_step_norm=1.312942e-02 raw_max_abs_step=2.735878e-03 capped_max_abs_step=2.735878e-03 step_cap=1.000000e-01 line_search_alpha=n/a
[phase2 outer 13] res.fun = 12265.57290001
[phase2 outer 13] res.message = STOP: TOTAL NO. of ITERATIONS REACHED LIMIT
[phase2 outer 13] finished message=STOP: TOTAL NO. of ITERATIONS REACHED LIMIT |b|=3.985335e-01
[phase2 outer 14] start |b|=3.985335e-01 max|b|=5.444398e-02 delta=2.736e-03
[diagnostic] step=27 |b|=3.985335e-01 max|b|=5.444398e-02
[timing] build AO Vp from S3 = 1.6s
[diagnostic] |vpl|=3.877270e-01 max|vpl|=5.229314e-02
[diagnostic] |vpr|=5.638211e-01 max|vpr|=4.109839e-02
[diagnostic] |vpref|=6.297348e-01 max|vpref|=5.227288e-02
dm0 check [[[ 1.51511361e-09  2.24391583e-08  1.89789871e-07 ... -1.14719144e-07
    7.42477248e-07  6.64944738e-08]
  [ 2.24391583e-08  3.34444551e-07  2.75067307e-06 ... -1.77767362e-06
    1.10110616e-05  1.04758139e-06]
  [ 1.89789871e-07  2.75067307e-06  2.57237827e-05 ... -1.02770131e-05
    9.27869666e-05  4.99878378e-06]
  ...
  [-1.14719144e-07 -1.77767362e-06 -1.02770131e-05 ...  2.27166666e-04
    1.81897044e-06 -1.91352250e-04]
  [ 7.42477248e-07  1.10110616e-05  9.27869666e-05 ...  1.81897044e-06
    4.79980232e-04 -1.62432580e-06]
  [ 6.64944738e-08  1.04758139e-06  4.99878378e-06 ... -1.91352250e-04
   -1.62432580e-06  6.55604862e-04]]

 [[ 2.14412331e-09  3.18475810e-08  2.65523754e-07 ... -7.48708766e-08
    1.03578272e-06  2.38440575e-08]
  [ 3.18475810e-08  4.74248175e-07  3.91397250e-06 ... -9.93115275e-07
    1.53190787e-05  2.50157559e-07]
  [ 2.65523754e-07  3.91397250e-06  3.37625603e-05 ... -1.10143067e-05
    1.30901571e-04  4.52869795e-06]
  ...
  [-7.48708766e-08 -9.93115275e-07 -1.10143067e-05 ...  2.49604163e-04
    2.27939016e-06 -2.10130186e-04]
  [ 1.03578272e-06  1.53190787e-05  1.30901571e-04 ...  2.27939016e-06
    5.52939004e-04 -2.04467354e-06]
  [ 2.38440575e-08  2.50157559e-07  4.52869795e-06 ... -2.10130186e-04
   -2.04467354e-06  7.46013542e-04]]]
converged SCF energy = -150.226693714539  <S^2> = 2.0045398  2S+1 = 3.003025
dm0 check [[[ 1.14640931e-09  1.70870723e-08  1.38753975e-07 ... -8.06198130e-08
    6.25414502e-07  4.56929798e-08]
  [ 1.70870723e-08  2.56086166e-07  2.02952941e-06 ... -1.06182992e-06
    9.18279272e-06  7.18410035e-07]
  [ 1.38753975e-07  2.02952941e-06  1.80707664e-05 ... -1.26946903e-05
    8.12949927e-05  3.19889805e-06]
  ...
  [-8.06198130e-08 -1.06182992e-06 -1.26946903e-05 ...  2.39058338e-04
   -1.61702685e-06 -1.68275046e-04]
  [ 6.25414502e-07  9.18279272e-06  8.12949927e-05 ... -1.61702685e-06
    4.44995274e-04 -4.06061978e-06]
  [ 4.56929798e-08  7.18410035e-07  3.19889805e-06 ... -1.68275046e-04
   -4.06061978e-06  5.95722991e-04]]

 [[ 2.53034253e-08  3.85046128e-07  2.83125216e-06 ... -1.48565708e-07
    1.05890392e-07  7.43969908e-08]
  [ 3.85046128e-07  5.86071118e-06  4.30456336e-05 ... -2.17964397e-06
    1.18321398e-06  1.05301247e-06]
  [ 2.83125216e-06  4.30456336e-05  3.17989671e-04 ... -1.75089447e-05
    2.68728020e-05  9.39144470e-06]
  ...
  [-1.48565708e-07 -2.17964397e-06 -1.75089447e-05 ...  2.30571617e-04
    2.08873160e-07 -1.91671215e-04]
  [ 1.05890392e-07  1.18321398e-06  2.68728020e-05 ...  2.08873160e-07
    4.63238500e-04 -3.50213231e-06]
  [ 7.43969908e-08  1.05301247e-06  9.39144470e-06 ... -1.91671215e-04
   -3.50213231e-06  6.49568962e-04]]]
converged SCF energy = -150.244985829837  <S^2> = 0.92979875  2S+1 = 2.1723708
[timing] left/O ensemble SCF = 13.7s
dm0 check [[ 3.79536478e-01  6.12227374e-01 -1.25221850e-01 ...  1.30156962e-06
  -4.23058720e-07 -3.52247350e-06]
 [ 6.12227374e-01  1.01515617e+00 -3.34036075e-01 ...  4.21486795e-06
  -1.93882098e-06 -1.00782850e-05]
 [-1.25221850e-01 -3.34036075e-01  6.75224399e-01 ... -9.64369255e-06
   4.57517906e-06  2.42995679e-05]
 ...
 [ 1.30156962e-06  4.21486795e-06 -9.64369255e-06 ...  8.28679165e-07
  -2.65891703e-07  1.17172967e-07]
 [-4.23058720e-07 -1.93882098e-06  4.57517906e-06 ... -2.65891703e-07
   5.82142795e-07  4.16096499e-08]
 [-3.52247350e-06 -1.00782850e-05  2.42995679e-05 ...  1.17172967e-07
   4.16096499e-08  4.79197893e-07]]


******** <class 'pyscf.scf.addons.SmearingDFRKS'> ********
method = SmearingDFRKS
initial guess = minao
damping factor = 0.15
level_shift factor = 0.2
DIIS = <class 'pyscf.scf.diis.CDIIS'>
diis_start_cycle = 1
diis_space = 12
diis_damp = 0
SCF conv_tol = 5e-05
SCF conv_tol_grad = None
SCF max_cycles = 200
direct_scf = True
direct_scf_tol = 1e-13
chkfile to save SCF result = /tmp/tmpiu3_m7in
max_memory 4000 MB (current use 87461 MB)
XC library pyscf.dft.libxc version 6.1.0
    S. Lehtola, C. Steigemann, M. J.T. Oliveira, and M. A.L. Marques.,  SoftwareX 7, 1–5 (2018)
XC functionals = pbe
    J. P. Perdew, K. Burke, and M. Ernzerhof.,  Phys. Rev. Lett. 77, 3865 (1996)
    J. P. Perdew, K. Burke, and M. Ernzerhof.,  Phys. Rev. Lett. 78, 1396 (1997)
    J. P. Perdew, K. Burke, and M. Ernzerhof.,  Phys. Rev. Lett. 77, 3865 (1996)
    J. P. Perdew, K. Burke, and M. Ernzerhof.,  Phys. Rev. Lett. 78, 1396 (1997)
small_rho_cutoff = 1e-06
Set gradient conv threshold to 0.00707107
    Total E(T) = -12115.0219837626  Free energy = -12116.0418329467  E0 = -12115.5319083547
init E= -12115.0219837626
    sigma = 0.02  Optimized mu = -0.0518308235161  entropy = 1.50346657318
    Total E(T) = -12115.0219682449  Free energy = -12115.0520375763  E0 = -12115.0370029106
cycle= 1 E= -12115.0219682449  delta_E= 1.55e-05  |g|= 0.0261  |ddm|= 17.2
    sigma = 0.02  Optimized mu = -0.0519413742828  entropy = 1.50336925969
    Total E(T) = -12115.0217823719  Free energy = -12115.0518497571  E0 = -12115.0368160645
cycle= 2 E= -12115.0217823719  delta_E= 0.000186  |g|= 0.0883  |ddm|= 74.9
    sigma = 0.02  Optimized mu = -0.0518682524281  entropy = 1.50326472689
    Total E(T) = -12115.0218906644  Free energy = -12115.0519559589  E0 = -12115.0369233117
cycle= 3 E= -12115.0218906644  delta_E= -0.000108  |g|= 0.0484  |ddm|= 31.4
    sigma = 0.02  Optimized mu = -0.0518645382297  entropy = 1.50328165021
    Total E(T) = -12115.0219371588  Free energy = -12115.0520027918  E0 = -12115.0369699753
cycle= 4 E= -12115.0219371588  delta_E= -4.65e-05  |g|= 0.0343  |ddm|= 11.5
    sigma = 0.02  Optimized mu = -0.0518633651095  entropy = 1.50328696676
    Total E(T) = -12115.0219598215  Free energy = -12115.0520255609  E0 = -12115.0369926912
cycle= 5 E= -12115.0219598215  delta_E= -2.27e-05  |g|= 0.0248  |ddm|=  6.8
    sigma = 0.02  Optimized mu = -0.051861640509  entropy = 1.5032913688
    Total E(T) = -12115.021971202  Free energy = -12115.0520370293  E0 = -12115.0370041157
cycle= 6 E= -12115.021971202  delta_E= -1.14e-05  |g|= 0.0185  |ddm|= 4.65
    sigma = 0.02  Optimized mu = -0.0518621390599  entropy = 1.50329049923
    Total E(T) = -12115.0219774116  Free energy = -12115.0520432216  E0 = -12115.0370103166
cycle= 7 E= -12115.0219774116  delta_E= -6.21e-06  |g|= 0.0139  |ddm|= 2.93
    sigma = 0.02  Optimized mu = -0.0518596115205  entropy = 1.50330321333
    Total E(T) = -12115.0219807761  Free energy = -12115.0520468404  E0 = -12115.0370138082
cycle= 8 E= -12115.0219807761  delta_E= -3.36e-06  |g|= 0.0106  |ddm|= 1.98
    sigma = 0.02  Optimized mu = -0.051862226179  entropy = 1.50329103877
    Total E(T) = -12115.0219827253  Free energy = -12115.0520485461  E0 = -12115.0370156357
cycle= 9 E= -12115.0219827253  delta_E= -1.95e-06  |g|= 0.00809  |ddm|=  1.4
    sigma = 0.02  Optimized mu = -0.0518617115479  entropy = 1.50329524344
    Total E(T) = -12115.0219838027  Free energy = -12115.0520497076  E0 = -12115.0370167551
cycle= 10 E= -12115.0219838027  delta_E= -1.08e-06  |g|= 0.00634  |ddm|= 1.11
    sigma = 0.02  Optimized mu = -0.151803356169  entropy = 50.9918865951
    Total E(T) = -12114.4961189197  Free energy = -12115.5159566516  E0 = -12115.0060377856
Extra cycle  E= -12114.4961189197  delta_E= 0.526  |g|= 0.405  |ddm|= 4.11e+03
converged SCF energy = -12114.4961189197
dm0 check [[[ 1.89789833e-01  3.06171481e-01 -6.27466163e-02 ...  5.42736888e-07
   -2.13537909e-07 -1.75276219e-06]
  [ 3.06171481e-01  5.07731717e-01 -1.67376993e-01 ...  1.81728844e-06
   -9.75314356e-07 -5.01472065e-06]
  [-6.27466163e-02 -1.67376993e-01  3.38442520e-01 ... -4.12649556e-06
    2.30645270e-06  1.20729180e-05]
  ...
  [ 5.42736888e-07  1.81728844e-06 -4.12649556e-06 ...  4.39673750e-07
   -1.37998021e-07  5.90133609e-08]
  [-2.13537909e-07 -9.75314356e-07  2.30645270e-06 ... -1.37998021e-07
    2.96035929e-07  2.73604453e-08]
  [-1.75276219e-06 -5.01472065e-06  1.20729180e-05 ...  5.90133609e-08
    2.73604453e-08  2.45385278e-07]]

 [[ 1.89769239e-01  3.06115334e-01 -6.26192509e-02 ...  7.74899442e-07
   -1.86653379e-07 -1.63609840e-06]
  [ 3.06115334e-01  5.07581809e-01 -1.67041006e-01 ...  2.44136601e-06
   -9.00733619e-07 -4.70176418e-06]
  [-6.26192509e-02 -1.67041006e-01  3.37692254e-01 ... -5.61799798e-06
    2.10820373e-06  1.13312658e-05]
  ...
  [ 7.74899442e-07  2.44136601e-06 -5.61799798e-06 ...  4.24692987e-07
   -1.39777271e-07  6.19305048e-08]
  [-1.86653379e-07 -9.00733619e-07  2.10820373e-06 ... -1.39777271e-07
    2.96657960e-07  2.41212182e-08]
  [-1.63609840e-06 -4.70176418e-06  1.13312658e-05 ...  6.19305048e-08
    2.41212182e-08  2.34874371e-07]]]


******** <class 'pyscf.scf.addons.SmearingDFUKS'> ********
method = SmearingDFUKS
initial guess = minao
damping factor = 0.15
level_shift factor = 0.2
DIIS = <class 'pyscf.scf.diis.CDIIS'>
diis_start_cycle = 1
diis_space = 12
diis_damp = 0
SCF conv_tol = 5e-05
SCF conv_tol_grad = None
SCF max_cycles = 200
direct_scf = True
direct_scf_tol = 1e-13
chkfile to save SCF result = /tmp/tmp2d_gj1bs
max_memory 4000 MB (current use 87461 MB)
number electrons alpha = 325  beta = 323
XC library pyscf.dft.libxc version 6.1.0
    S. Lehtola, C. Steigemann, M. J.T. Oliveira, and M. A.L. Marques.,  SoftwareX 7, 1–5 (2018)
XC functionals = pbe
    J. P. Perdew, K. Burke, and M. Ernzerhof.,  Phys. Rev. Lett. 77, 3865 (1996)
    J. P. Perdew, K. Burke, and M. Ernzerhof.,  Phys. Rev. Lett. 78, 1396 (1997)
    J. P. Perdew, K. Burke, and M. Ernzerhof.,  Phys. Rev. Lett. 77, 3865 (1996)
    J. P. Perdew, K. Burke, and M. Ernzerhof.,  Phys. Rev. Lett. 78, 1396 (1997)
small_rho_cutoff = 1e-06
Set gradient conv threshold to 0.00707107
    Total E(T) = -12114.5780831579  Free energy = -12114.6421551061  E0 = -12114.610119132
init E= -12114.5780831579
    sigma = 0.005  Optimized mu_alpha = -0.196998834162  entropy = 3.3291454244e-07
    sigma = 0.005  Optimized mu_beta  = -0.199559600605  entropy = 3.3291454244e-07
    Total E(T) = -12114.578074602  Free energy = -12114.5780746036  E0 = -12114.5780746028
cycle= 1 E= -12114.578074602  delta_E= 8.56e-06  |g|= 0.0276  |ddm|= 11.4
    sigma = 0.005  Optimized mu_alpha = -0.197103709832  entropy = 3.32547459569e-07
    sigma = 0.005  Optimized mu_beta  = -0.19967152729  entropy = 3.32547459569e-07
    Total E(T) = -12114.57797994  Free energy = -12114.5779799417  E0 = -12114.5779799409
cycle= 2 E= -12114.57797994  delta_E= 9.47e-05  |g|= 0.089  |ddm|= 44.1
    sigma = 0.005  Optimized mu_alpha = -0.19703337585  entropy = 3.32646334464e-07
    sigma = 0.005  Optimized mu_beta  = -0.199595968461  entropy = 3.32646334464e-07
    Total E(T) = -12114.5780345383  Free energy = -12114.5780345399  E0 = -12114.5780345391
cycle= 3 E= -12114.5780345383  delta_E= -5.46e-05  |g|= 0.0489  |ddm|= 17.1
    sigma = 0.005  Optimized mu_alpha = -0.197031313  entropy = 3.32664925397e-07
    sigma = 0.005  Optimized mu_beta  = -0.199593702979  entropy = 3.32664925397e-07
    Total E(T) = -12114.5780599491  Free energy = -12114.5780599507  E0 = -12114.5780599499
cycle= 4 E= -12114.5780599491  delta_E= -2.54e-05  |g|= 0.0337  |ddm|= 6.83
    sigma = 0.005  Optimized mu_alpha = -0.197028287305  entropy = 3.32679066963e-07
    sigma = 0.005  Optimized mu_beta  = -0.199590524029  entropy = 3.32679066963e-07
    Total E(T) = -12114.5780719677  Free energy = -12114.5780719694  E0 = -12114.5780719686
cycle= 5 E= -12114.5780719677  delta_E= -1.2e-05  |g|= 0.0238  |ddm|= 4.06
    sigma = 0.005  Optimized mu_alpha = -0.197031514707  entropy = 3.32664583337e-07
    sigma = 0.005  Optimized mu_beta  = -0.19959385391  entropy = 3.32664583337e-07
    Total E(T) = -12114.5780778827  Free energy = -12114.5780778844  E0 = -12114.5780778836
cycle= 6 E= -12114.5780778827  delta_E= -5.91e-06  |g|= 0.017  |ddm|= 2.59
    sigma = 0.005  Optimized mu_alpha = -0.197027506249  entropy = 3.32679292718e-07
    sigma = 0.005  Optimized mu_beta  = -0.199589750537  entropy = 3.32679292718e-07
    Total E(T) = -12114.5780808546  Free energy = -12114.5780808563  E0 = -12114.5780808555
cycle= 7 E= -12114.5780808546  delta_E= -2.97e-06  |g|= 0.0124  |ddm|= 1.81
    sigma = 0.005  Optimized mu_alpha = -0.197027802299  entropy = 3.3267648046e-07
    sigma = 0.005  Optimized mu_beta  = -0.199590062426  entropy = 3.3267648046e-07
    Total E(T) = -12114.578082404  Free energy = -12114.5780824057  E0 = -12114.5780824048
cycle= 8 E= -12114.578082404  delta_E= -1.55e-06  |g|= 0.00907  |ddm|= 1.22
    sigma = 0.005  Optimized mu_alpha = -0.197028438423  entropy = 3.32681591725e-07
    sigma = 0.005  Optimized mu_beta  = -0.199590610182  entropy = 3.32681591725e-07
    Total E(T) = -12114.5780832172  Free energy = -12114.5780832189  E0 = -12114.578083218
cycle= 9 E= -12114.5780832172  delta_E= -8.13e-07  |g|= 0.00681  |ddm|= 0.871
    sigma = 0.005  Optimized mu_alpha = -0.296572776467  entropy = 12.81405271
    sigma = 0.005  Optimized mu_beta  = -0.299466950153  entropy = 12.81405271
    Total E(T) = -12114.5425311863  Free energy = -12114.6066014499  E0 = -12114.5745663181
Extra cycle  E= -12114.5425311863  delta_E= 0.0356  |g|= 0.232  |ddm|=  892
converged SCF energy = -12114.5425311863  <S^2> = 3.7626723  2S+1 = 4.0063312
[timing] right/Al ensemble SCF = 1214.0s
[timing] collect state = 0.0s
[timing] grad contraction = 1.5s
Npdft 666.0000340322056
[timing] checkpoint save = 0.0s
step=  27 L=-12265.57302347 Ef=-12265.57881334 L1=1.02176656e+00 |grad|=1.93333e-02 t=1429.5s
[diagnostic] step=28 |b|=4.099504e-01 max|b|=5.717986e-02
[timing] build AO Vp from S3 = 1.6s
[diagnostic] |vpl|=4.032147e-01 max|vpl|=5.514431e-02
[diagnostic] |vpr|=5.755495e-01 max|vpr|=4.300651e-02
[diagnostic] |vpref|=6.456548e-01 max|vpref|=5.512175e-02
dm0 check [[[ 1.51511414e-09  2.24391607e-08  1.89789948e-07 ... -1.14718896e-07
    7.42476520e-07  6.64942456e-08]
  [ 2.24391607e-08  3.34444461e-07  2.75067412e-06 ... -1.77766932e-06
    1.10110541e-05  1.04757722e-06]
  [ 1.89789948e-07  2.75067412e-06  2.57237951e-05 ... -1.02769789e-05
    9.27868599e-05  4.99875315e-06]
  ...
  [-1.14718896e-07 -1.77766932e-06 -1.02769789e-05 ...  2.27166781e-04
    1.81897167e-06 -1.91352347e-04]
  [ 7.42476520e-07  1.10110541e-05  9.27868599e-05 ...  1.81897167e-06
    4.79980300e-04 -1.62432501e-06]
  [ 6.64942456e-08  1.04757722e-06  4.99875315e-06 ... -1.91352347e-04
   -1.62432501e-06  6.55605016e-04]]

 [[ 2.14412362e-09  3.18475859e-08  2.65523722e-07 ... -7.48704131e-08
    1.03578247e-06  2.38436588e-08]
  [ 3.18475859e-08  4.74248198e-07  3.91397265e-06 ... -9.93112161e-07
    1.53190761e-05  2.50154761e-07]
  [ 2.65523722e-07  3.91397265e-06  3.37625538e-05 ... -1.10142754e-05
    1.30901523e-04  4.52867157e-06]
  ...
  [-7.48704131e-08 -9.93112161e-07 -1.10142754e-05 ...  2.49604248e-04
    2.27939104e-06 -2.10130258e-04]
  [ 1.03578247e-06  1.53190761e-05  1.30901523e-04 ...  2.27939104e-06
    5.52938764e-04 -2.04467259e-06]
  [ 2.38436588e-08  2.50154761e-07  4.52867157e-06 ... -2.10130258e-04
   -2.04467259e-06  7.46013357e-04]]]
converged SCF energy = -150.226693714539  <S^2> = 2.0045398  2S+1 = 3.003025
dm0 check [[[ 1.14641056e-09  1.70870833e-08  1.38754088e-07 ... -8.06197590e-08
    6.25414561e-07  4.56928278e-08]
  [ 1.70870833e-08  2.56086239e-07  2.02952986e-06 ... -1.06182751e-06
    9.18278852e-06  7.18409479e-07]
  [ 1.38754088e-07  2.02952986e-06  1.80707743e-05 ... -1.26946953e-05
    8.12949696e-05  3.19888831e-06]
  ...
  [-8.06197590e-08 -1.06182751e-06 -1.26946953e-05 ...  2.39058493e-04
   -1.61700876e-06 -1.68274901e-04]
  [ 6.25414561e-07  9.18278852e-06  8.12949696e-05 ... -1.61700876e-06
    4.44994922e-04 -4.06058210e-06]
  [ 4.56928278e-08  7.18409479e-07  3.19888831e-06 ... -1.68274901e-04
   -4.06058210e-06  5.95722482e-04]]

 [[ 2.53030633e-08  3.85040623e-07  2.83121260e-06 ... -1.48564907e-07
    1.05892509e-07  7.43969869e-08]
  [ 3.85040623e-07  5.86062750e-06  4.30450317e-05 ... -2.17963325e-06
    1.18324300e-06  1.05301363e-06]
  [ 2.83121260e-06  4.30450317e-05  3.17985348e-04 ... -1.75088604e-05
    2.68730105e-05  9.39144764e-06]
  ...
  [-1.48564907e-07 -2.17963325e-06 -1.75088604e-05 ...  2.30571488e-04
    2.08890602e-07 -1.91671086e-04]
  [ 1.05892509e-07  1.18324300e-06  2.68730105e-05 ...  2.08890602e-07
    4.63238061e-04 -3.50208940e-06]
  [ 7.43969869e-08  1.05301363e-06  9.39144764e-06 ... -1.91671086e-04
   -3.50208940e-06  6.49568343e-04]]]
converged SCF energy = -150.244985829838  <S^2> = 0.9297987  2S+1 = 2.1723708
[timing] left/O ensemble SCF = 10.0s
dm0 check [[ 3.79536487e-01  6.12227396e-01 -1.25221911e-01 ...  1.30189619e-06
  -4.23298406e-07 -3.52246508e-06]
 [ 6.12227396e-01  1.01515623e+00 -3.34036233e-01 ...  4.21574907e-06
  -1.93946743e-06 -1.00782627e-05]
 [-1.25221911e-01 -3.34036233e-01  6.75224804e-01 ... -9.64583236e-06
   4.57674628e-06  2.42995202e-05]
 ...
 [ 1.30189619e-06  4.21574907e-06 -9.64583236e-06 ...  8.28644095e-07
  -2.65872036e-07  1.17155090e-07]
 [-4.23298406e-07 -1.93946743e-06  4.57674628e-06 ... -2.65872036e-07
   5.82103963e-07  4.16137978e-08]
 [-3.52246508e-06 -1.00782627e-05  2.42995202e-05 ...  1.17155090e-07
   4.16137978e-08  4.79202801e-07]]


******** <class 'pyscf.scf.addons.SmearingDFRKS'> ********
method = SmearingDFRKS
initial guess = minao
damping factor = 0.15
level_shift factor = 0.2
DIIS = <class 'pyscf.scf.diis.CDIIS'>
diis_start_cycle = 1
diis_space = 12
diis_damp = 0
SCF conv_tol = 5e-05
SCF conv_tol_grad = None
SCF max_cycles = 200
direct_scf = True
direct_scf_tol = 1e-13
chkfile to save SCF result = /tmp/tmpiu3_m7in
max_memory 4000 MB (current use 87237 MB)
XC library pyscf.dft.libxc version 6.1.0
    S. Lehtola, C. Steigemann, M. J.T. Oliveira, and M. A.L. Marques.,  SoftwareX 7, 1–5 (2018)
XC functionals = pbe
    J. P. Perdew, K. Burke, and M. Ernzerhof.,  Phys. Rev. Lett. 77, 3865 (1996)
    J. P. Perdew, K. Burke, and M. Ernzerhof.,  Phys. Rev. Lett. 78, 1396 (1997)
    J. P. Perdew, K. Burke, and M. Ernzerhof.,  Phys. Rev. Lett. 77, 3865 (1996)
    J. P. Perdew, K. Burke, and M. Ernzerhof.,  Phys. Rev. Lett. 78, 1396 (1997)
small_rho_cutoff = 1e-06
Set gradient conv threshold to 0.00707107
    Total E(T) = -12114.9891096707  Free energy = -12116.0089474026  E0 = -12115.4990285367
init E= -12114.9891096707
    sigma = 0.02  Optimized mu = -0.0518021643602  entropy = 1.50390278334
    Total E(T) = -12114.9890867371  Free energy = -12115.0191647928  E0 = -12115.004125765
cycle= 1 E= -12114.9890867371  delta_E= 2.29e-05  |g|= 0.0319  |ddm|= 19.8
    sigma = 0.02  Optimized mu = -0.0519898051157  entropy = 1.50369217884
    Total E(T) = -12114.9888107448  Free energy = -12115.0188845884  E0 = -12115.0038476666
cycle= 2 E= -12114.9888107448  delta_E= 0.000276  |g|= 0.107  |ddm|= 91.4
    sigma = 0.02  Optimized mu = -0.0518735300344  entropy = 1.50354489173
    Total E(T) = -12114.9889726459  Free energy = -12115.0190435437  E0 = -12115.0040080948
cycle= 3 E= -12114.9889726459  delta_E= -0.000162  |g|= 0.0586  |ddm|= 38.8
    sigma = 0.02  Optimized mu = -0.0518667793238  entropy = 1.50357249142
    Total E(T) = -12114.989042533  Free energy = -12115.0191139829  E0 = -12115.0040782579
cycle= 4 E= -12114.989042533  delta_E= -6.99e-05  |g|= 0.041  |ddm|=   14
    sigma = 0.02  Optimized mu = -0.0518646587192  entropy = 1.5035808641
    Total E(T) = -12114.9890763336  Free energy = -12115.0191479508  E0 = -12115.0041121422
cycle= 5 E= -12114.9890763336  delta_E= -3.38e-05  |g|= 0.0293  |ddm|= 8.29
    sigma = 0.02  Optimized mu = -0.0518618374396  entropy = 1.50358284907
    Total E(T) = -12114.9890928436  Free energy = -12115.0191645006  E0 = -12115.0041286721
cycle= 6 E= -12114.9890928436  delta_E= -1.65e-05  |g|= 0.0218  |ddm|= 6.08
    sigma = 0.02  Optimized mu = -0.0518628687986  entropy = 1.50358073243
    Total E(T) = -12114.989101662  Free energy = -12115.0191732767  E0 = -12115.0041374693
cycle= 7 E= -12114.989101662  delta_E= -8.82e-06  |g|= 0.0163  |ddm|=  3.6
    sigma = 0.02  Optimized mu = -0.0518606550298  entropy = 1.5035899152
    Total E(T) = -12114.9891065426  Free energy = -12115.0191783409  E0 = -12115.0041424418
cycle= 8 E= -12114.9891065426  delta_E= -4.88e-06  |g|= 0.0122  |ddm|= 2.27
    sigma = 0.02  Optimized mu = -0.0518641841187  entropy = 1.50357130886
    Total E(T) = -12114.9891093474  Free energy = -12115.0191807735  E0 = -12115.0041450605
cycle= 9 E= -12114.9891093474  delta_E= -2.8e-06  |g|= 0.00911  |ddm|=  1.8
    sigma = 0.02  Optimized mu = -0.0518612355052  entropy = 1.50358616843
    Total E(T) = -12114.9891108114  Free energy = -12115.0191825348  E0 = -12115.0041466731
cycle= 10 E= -12114.9891108114  delta_E= -1.46e-06  |g|= 0.00702  |ddm|= 1.46
    sigma = 0.02  Optimized mu = -0.151791040046  entropy = 50.9933914686
    Total E(T) = -12114.4629646175  Free energy = -12115.4828324469  E0 = -12114.9728985322
Extra cycle  E= -12114.4629646175  delta_E= 0.526  |g|= 0.413  |ddm|= 4.11e+03
converged SCF energy = -12114.4629646175
dm0 check [[[ 1.89789834e-01  3.06171483e-01 -6.27466203e-02 ...  5.42846285e-07
   -2.13616518e-07 -1.75276831e-06]
  [ 3.06171483e-01  5.07731721e-01 -1.67377005e-01 ...  1.81758321e-06
   -9.75526378e-07 -5.01473726e-06]
  [-6.27466203e-02 -1.67377005e-01  3.38442555e-01 ... -4.12720656e-06
    2.30696669e-06  1.20729582e-05]
  ...
  [ 5.42846285e-07  1.81758321e-06 -4.12720656e-06 ...  4.39672898e-07
   -1.37993749e-07  5.90129405e-08]
  [-2.13616518e-07 -9.75526378e-07  2.30696669e-06 ... -1.37993749e-07
    2.96016458e-07  2.73596085e-08]
  [-1.75276831e-06 -5.01473726e-06  1.20729582e-05 ...  5.90129405e-08
    2.73596085e-08  2.45381930e-07]]

 [[ 1.89769240e-01  3.06115339e-01 -6.26192627e-02 ...  7.74953316e-07
   -1.86833389e-07 -1.63599161e-06]
  [ 3.06115339e-01  5.07581822e-01 -1.67041038e-01 ...  2.44151146e-06
   -9.01219668e-07 -4.70147584e-06]
  [-6.26192627e-02 -1.67041038e-01  3.37692334e-01 ... -5.61835181e-06
    2.10938593e-06  1.13305641e-05]
  ...
  [ 7.74953316e-07  2.44151146e-06 -5.61835181e-06 ...  4.24689298e-07
   -1.39768856e-07  6.19291355e-08]
  [-1.86833389e-07 -9.01219668e-07  2.10938593e-06 ... -1.39768856e-07
    2.96638796e-07  2.41233386e-08]
  [-1.63599161e-06 -4.70147584e-06  1.13305641e-05 ...  6.19291355e-08
    2.41233386e-08  2.34872383e-07]]]


******** <class 'pyscf.scf.addons.SmearingDFUKS'> ********
method = SmearingDFUKS
initial guess = minao
damping factor = 0.15
level_shift factor = 0.2
DIIS = <class 'pyscf.scf.diis.CDIIS'>
diis_start_cycle = 1
diis_space = 12
diis_damp = 0
SCF conv_tol = 5e-05
SCF conv_tol_grad = None
SCF max_cycles = 200
direct_scf = True
direct_scf_tol = 1e-13
chkfile to save SCF result = /tmp/tmp2d_gj1bs
max_memory 4000 MB (current use 87274 MB)
number electrons alpha = 325  beta = 323
XC library pyscf.dft.libxc version 6.1.0
    S. Lehtola, C. Steigemann, M. J.T. Oliveira, and M. A.L. Marques.,  SoftwareX 7, 1–5 (2018)
XC functionals = pbe
    J. P. Perdew, K. Burke, and M. Ernzerhof.,  Phys. Rev. Lett. 77, 3865 (1996)
    J. P. Perdew, K. Burke, and M. Ernzerhof.,  Phys. Rev. Lett. 78, 1396 (1997)
    J. P. Perdew, K. Burke, and M. Ernzerhof.,  Phys. Rev. Lett. 77, 3865 (1996)
    J. P. Perdew, K. Burke, and M. Ernzerhof.,  Phys. Rev. Lett. 78, 1396 (1997)
small_rho_cutoff = 1e-06
Set gradient conv threshold to 0.00707107
    Total E(T) = -12114.5452510937  Free energy = -12114.6093213572  E0 = -12114.5772862255
init E= -12114.5452510937
    sigma = 0.005  Optimized mu_alpha = -0.196968326927  entropy = 3.334820156e-07
    sigma = 0.005  Optimized mu_beta  = -0.19952665775  entropy = 3.334820156e-07
    Total E(T) = -12114.5452371445  Free energy = -12114.5452371461  E0 = -12114.5452371453
cycle= 1 E= -12114.5452371445  delta_E= 1.39e-05  |g|= 0.0357  |ddm|= 12.6
    sigma = 0.005  Optimized mu_alpha = -0.197146893784  entropy = 3.32848042717e-07
    sigma = 0.005  Optimized mu_beta  = -0.199716310663  entropy = 3.32848042717e-07
    Total E(T) = -12114.5450786884  Free energy = -12114.54507869  E0 = -12114.5450786892
cycle= 2 E= -12114.5450786884  delta_E= 0.000158  |g|= 0.114  |ddm|= 56.6
    sigma = 0.005  Optimized mu_alpha = -0.197036060144  entropy = 3.32986293295e-07
    sigma = 0.005  Optimized mu_beta  = -0.199597185258  entropy = 3.32986293295e-07
    Total E(T) = -12114.5451709754  Free energy = -12114.545170977  E0 = -12114.5451709762
cycle= 3 E= -12114.5451709754  delta_E= -9.23e-05  |g|= 0.0622  |ddm|= 22.6
    sigma = 0.005  Optimized mu_alpha = -0.197032002124  entropy = 3.33013014129e-07
    sigma = 0.005  Optimized mu_beta  = -0.199592798366  entropy = 3.33013014129e-07
    Total E(T) = -12114.5452140916  Free energy = -12114.5452140932  E0 = -12114.5452140924
cycle= 4 E= -12114.5452140916  delta_E= -4.31e-05  |g|= 0.0423  |ddm|= 8.84
    sigma = 0.005  Optimized mu_alpha = -0.197025816679  entropy = 3.33032596812e-07
    sigma = 0.005  Optimized mu_beta  = -0.199586433109  entropy = 3.33032596812e-07
    Total E(T) = -12114.5452342985  Free energy = -12114.5452343001  E0 = -12114.5452342993
cycle= 5 E= -12114.5452342985  delta_E= -2.02e-05  |g|= 0.0294  |ddm|= 5.26
    sigma = 0.005  Optimized mu_alpha = -0.197031691488  entropy = 3.33003213922e-07
    sigma = 0.005  Optimized mu_beta  = -0.199592449793  entropy = 3.33003213922e-07
    Total E(T) = -12114.5452440138  Free energy = -12114.5452440155  E0 = -12114.5452440146
cycle= 6 E= -12114.5452440138  delta_E= -9.72e-06  |g|= 0.0206  |ddm|= 3.42
    sigma = 0.005  Optimized mu_alpha = -0.197026292262  entropy = 3.33016901403e-07
    sigma = 0.005  Optimized mu_beta  = -0.199586993169  entropy = 3.33016901403e-07
    Total E(T) = -12114.5452487472  Free energy = -12114.5452487489  E0 = -12114.545248748
cycle= 7 E= -12114.5452487472  delta_E= -4.73e-06  |g|= 0.0149  |ddm|= 2.31
    sigma = 0.005  Optimized mu_alpha = -0.197026462874  entropy = 3.33011148947e-07
    sigma = 0.005  Optimized mu_beta  = -0.199587149384  entropy = 3.33011148947e-07
    Total E(T) = -12114.5452511869  Free energy = -12114.5452511885  E0 = -12114.5452511877
cycle= 8 E= -12114.5452511869  delta_E= -2.44e-06  |g|= 0.0105  |ddm|= 1.49
    sigma = 0.005  Optimized mu_alpha = -0.197027299501  entropy = 3.33022674646e-07
    sigma = 0.005  Optimized mu_beta  = -0.199587784105  entropy = 3.33022674646e-07
    Total E(T) = -12114.5452523954  Free energy = -12114.5452523971  E0 = -12114.5452523962
cycle= 9 E= -12114.5452523954  delta_E= -1.21e-06  |g|= 0.00782  |ddm|= 1.28
    sigma = 0.005  Optimized mu_alpha = -0.197028114331  entropy = 3.33009089219e-07
    sigma = 0.005  Optimized mu_beta  = -0.199588726876  entropy = 3.33009089219e-07
    Total E(T) = -12114.5452530221  Free energy = -12114.5452530238  E0 = -12114.545253023
cycle= 10 E= -12114.5452530221  delta_E= -6.27e-07  |g|= 0.00577  |ddm|= 0.909
    sigma = 0.005  Optimized mu_alpha = -0.296567014337  entropy = 12.8149863442
    sigma = 0.005  Optimized mu_beta  = -0.299460452169  entropy = 12.8149863442
    Total E(T) = -12114.5098109478  Free energy = -12114.5738858795  E0 = -12114.5418484137
Extra cycle  E= -12114.5098109478  delta_E= 0.0354  |g|= 0.22  |ddm|=  892
converged SCF energy = -12114.5098109478  <S^2> = 3.7626813  2S+1 = 4.0063356
[timing] right/Al ensemble SCF = 1266.0s
[timing] collect state = 0.0s
[timing] grad contraction = 1.6s
Npdft 666.0000340362565
[timing] checkpoint save = 0.0s
step=  28 L=-12265.54925344 Ef=-12265.55517933 L1=1.01539823e+00 |grad|=1.92356e-02 t=1477.9s
[phase2 outer 14] previous L = -12265.57290001
[phase2 outer 14] new L = -12265.54925344
[phase2 outer 14] dL = 2.36465715e-02
[phase2 outer 14] previous Ef = -12265.57869656
[phase2 outer 14] new Ef = -12265.55517933
[phase2 outer 14] dEf = 2.35172334e-02
[phase2 outer 14] |db| = 1.29686e-02
[phase2 outer 14] |grad| = 1.92356e-02
[phase2 outer 14] last_Ef = -12265.57869656456
[phase2 outer 14] adaptive max_step_norm = 1.000000e-01
[phase2 outer 14] delta = 2.735878e-03
[phase2 outer 14] raw_step_norm = 1.296858e-02
[phase2 outer 14] capped_step_norm = 1.296858e-02
[phase2 outer 14] dL = 0.023646571495191893
[phase2 outer 14] dEf = 0.023517233441452845
[phase2 outer 14] |grad| = 1.923565e-02
[phase2 outer 14] raw_step_norm=1.296858e-02 capped_step_norm=1.296858e-02 raw_max_abs_step=2.735878e-03 capped_max_abs_step=2.735878e-03 step_cap=1.000000e-01 line_search_alpha=n/a
[phase2 outer 14] res.fun = 12265.54925344
[phase2 outer 14] res.message = STOP: TOTAL NO. of ITERATIONS REACHED LIMIT
[phase2 outer 14] finished message=STOP: TOTAL NO. of ITERATIONS REACHED LIMIT |b|=4.099504e-01
[phase2 outer 15] start |b|=4.099504e-01 max|b|=5.717986e-02 delta=2.736e-03
[diagnostic] step=29 |b|=4.099504e-01 max|b|=5.717986e-02
[timing] build AO Vp from S3 = 1.6s
[diagnostic] |vpl|=4.032147e-01 max|vpl|=5.514431e-02
[diagnostic] |vpr|=5.755495e-01 max|vpr|=4.300651e-02
[diagnostic] |vpref|=6.456548e-01 max|vpref|=5.512175e-02
dm0 check [[[ 1.51511359e-09  2.24391582e-08  1.89789868e-07 ... -1.14719155e-07
    7.42477281e-07  6.64944843e-08]
  [ 2.24391582e-08  3.34444556e-07  2.75067302e-06 ... -1.77767381e-06
    1.10110619e-05  1.04758159e-06]
  [ 1.89789868e-07  2.75067302e-06  2.57237822e-05 ... -1.02770147e-05
    9.27869715e-05  4.99878519e-06]
  ...
  [-1.14719155e-07 -1.77767381e-06 -1.02770147e-05 ...  2.27166660e-04
    1.81897039e-06 -1.91352246e-04]
  [ 7.42477281e-07  1.10110619e-05  9.27869715e-05 ...  1.81897039e-06
    4.79980229e-04 -1.62432583e-06]
  [ 6.64944843e-08  1.04758159e-06  4.99878519e-06 ... -1.91352246e-04
   -1.62432583e-06  6.55604855e-04]]

 [[ 2.14412330e-09  3.18475808e-08  2.65523755e-07 ... -7.48708979e-08
    1.03578273e-06  2.38440759e-08]
  [ 3.18475808e-08  4.74248174e-07  3.91397249e-06 ... -9.93115418e-07
    1.53190788e-05  2.50157688e-07]
  [ 2.65523755e-07  3.91397249e-06  3.37625606e-05 ... -1.10143081e-05
    1.30901573e-04  4.52869916e-06]
  ...
  [-7.48708979e-08 -9.93115418e-07 -1.10143081e-05 ...  2.49604159e-04
    2.27939012e-06 -2.10130183e-04]
  [ 1.03578273e-06  1.53190788e-05  1.30901573e-04 ...  2.27939012e-06
    5.52939015e-04 -2.04467359e-06]
  [ 2.38440759e-08  2.50157688e-07  4.52869916e-06 ... -2.10130183e-04
   -2.04467359e-06  7.46013551e-04]]]
converged SCF energy = -150.226693714539  <S^2> = 2.0045398  2S+1 = 3.003025
dm0 check [[[ 1.14641021e-09  1.70870781e-08  1.38754057e-07 ... -8.06197156e-08
    6.25414482e-07  4.56928129e-08]
  [ 1.70870781e-08  2.56086158e-07  2.02952942e-06 ... -1.06182727e-06
    9.18278743e-06  7.18409305e-07]
  [ 1.38754057e-07  2.02952942e-06  1.80707715e-05 ... -1.26946925e-05
    8.12949616e-05  3.19888655e-06]
  ...
  [-8.06197156e-08 -1.06182727e-06 -1.26946925e-05 ...  2.39058502e-04
   -1.61701905e-06 -1.68274906e-04]
  [ 6.25414482e-07  9.18278743e-06  8.12949616e-05 ... -1.61701905e-06
    4.44994922e-04 -4.06058767e-06]
  [ 4.56928129e-08  7.18409305e-07  3.19888655e-06 ... -1.68274906e-04
   -4.06058767e-06  5.95722486e-04]]

 [[ 2.53030592e-08  3.85040560e-07  2.83121214e-06 ... -1.48564865e-07
    1.05892576e-07  7.43971273e-08]
  [ 3.85040560e-07  5.86062651e-06  4.30450245e-05 ... -2.17963286e-06
    1.18324424e-06  1.05301599e-06]
  [ 2.83121214e-06  4.30450245e-05  3.17985295e-04 ... -1.75088568e-05
    2.68730172e-05  9.39146432e-06]
  ...
  [-1.48564865e-07 -2.17963286e-06 -1.75088568e-05 ...  2.30571492e-04
    2.08890324e-07 -1.91671091e-04]
  [ 1.05892576e-07  1.18324424e-06  2.68730172e-05 ...  2.08890324e-07
    4.63238059e-04 -3.50208309e-06]
  [ 7.43971273e-08  1.05301599e-06  9.39146432e-06 ... -1.91671091e-04
   -3.50208309e-06  6.49568342e-04]]]
converged SCF energy = -150.244985829837  <S^2> = 0.92979939  2S+1 = 2.1723714
[timing] left/O ensemble SCF = 11.7s
dm0 check [[ 3.79536307e-01  6.12227264e-01 -1.25221754e-01 ...  1.33597596e-06
  -3.95815927e-07 -3.62895405e-06]
 [ 6.12227264e-01  1.01515611e+00 -3.34035463e-01 ...  4.30777549e-06
  -1.86537541e-06 -1.03655507e-05]
 [-1.25221754e-01 -3.34035463e-01  6.75222886e-01 ... -9.86958484e-06
   4.39776986e-06  2.49958078e-05]
 ...
 [ 1.33597596e-06  4.30777549e-06 -9.86958484e-06 ...  8.23667194e-07
  -2.66890251e-07  1.20072510e-07]
 [-3.95815927e-07 -1.86537541e-06  4.39776986e-06 ... -2.66890251e-07
   5.83950590e-07  3.79639350e-08]
 [-3.62895405e-06 -1.03655507e-05  2.49958078e-05 ...  1.20072510e-07
   3.79639350e-08  4.98864990e-07]]


******** <class 'pyscf.scf.addons.SmearingDFRKS'> ********
method = SmearingDFRKS
initial guess = minao
damping factor = 0.15
level_shift factor = 0.2
DIIS = <class 'pyscf.scf.diis.CDIIS'>
diis_start_cycle = 1
diis_space = 12
diis_damp = 0
SCF conv_tol = 5e-05
SCF conv_tol_grad = None
SCF max_cycles = 200
direct_scf = True
direct_scf_tol = 1e-13
chkfile to save SCF result = /tmp/tmpiu3_m7in
max_memory 4000 MB (current use 87386 MB)
XC library pyscf.dft.libxc version 6.1.0
    S. Lehtola, C. Steigemann, M. J.T. Oliveira, and M. A.L. Marques.,  SoftwareX 7, 1–5 (2018)
XC functionals = pbe
    J. P. Perdew, K. Burke, and M. Ernzerhof.,  Phys. Rev. Lett. 77, 3865 (1996)
    J. P. Perdew, K. Burke, and M. Ernzerhof.,  Phys. Rev. Lett. 78, 1396 (1997)
    J. P. Perdew, K. Burke, and M. Ernzerhof.,  Phys. Rev. Lett. 77, 3865 (1996)
    J. P. Perdew, K. Burke, and M. Ernzerhof.,  Phys. Rev. Lett. 78, 1396 (1997)
small_rho_cutoff = 1e-06
Set gradient conv threshold to 0.00707107
    Total E(T) = -12114.9891108121  Free energy = -12116.0089786415  E0 = -12115.4990447268
init E= -12114.9891108121
    sigma = 0.02  Optimized mu = -0.0518291175433  entropy = 1.50377421511
    Total E(T) = -12114.9890913749  Free energy = -12115.0191668592  E0 = -12115.0041291171
cycle= 1 E= -12114.9890913749  delta_E= 1.94e-05  |g|= 0.0293  |ddm|= 19.2
    sigma = 0.02  Optimized mu = -0.0519465122489  entropy = 1.50374070984
    Total E(T) = -12114.9888577396  Free energy = -12115.0189325538  E0 = -12115.0038951467
cycle= 2 E= -12114.9888577396  delta_E= 0.000234  |g|= 0.099  |ddm|= 83.7
    sigma = 0.02  Optimized mu = -0.0518688976215  entropy = 1.50355304001
    Total E(T) = -12114.9889935553  Free energy = -12115.0190646161  E0 = -12115.0040290857
cycle= 3 E= -12114.9889935553  delta_E= -0.000136  |g|= 0.0545  |ddm|= 35.2
    sigma = 0.02  Optimized mu = -0.0518649323891  entropy = 1.50356882545
    Total E(T) = -12114.9890519379  Free energy = -12115.0191233144  E0 = -12115.0040876262
cycle= 4 E= -12114.9890519379  delta_E= -5.84e-05  |g|= 0.0386  |ddm|= 12.8
    sigma = 0.02  Optimized mu = -0.0518637175109  entropy = 1.50357392819
    Total E(T) = -12114.9890804456  Free energy = -12115.0191519242  E0 = -12115.0041161849
cycle= 5 E= -12114.9890804456  delta_E= -2.85e-05  |g|= 0.028  |ddm|= 7.59
    sigma = 0.02  Optimized mu = -0.0518617902792  entropy = 1.50357894585
    Total E(T) = -12114.9890947902  Free energy = -12115.0191663691  E0 = -12115.0041305797
cycle= 6 E= -12114.9890947902  delta_E= -1.43e-05  |g|= 0.0209  |ddm|= 5.19
    sigma = 0.02  Optimized mu = -0.0518623930552  entropy = 1.50357756831
    Total E(T) = -12114.9891026409  Free energy = -12115.0191741923  E0 = -12115.0041384166
cycle= 7 E= -12114.9891026409  delta_E= -7.85e-06  |g|= 0.0157  |ddm|= 3.27
    sigma = 0.02  Optimized mu = -0.0518596532728  entropy = 1.50359125033
    Total E(T) = -12114.989106918  Free energy = -12115.019178743  E0 = -12115.0041428305
cycle= 8 E= -12114.989106918  delta_E= -4.28e-06  |g|= 0.012  |ddm|= 2.21
    sigma = 0.02  Optimized mu = -0.0518625255258  entropy = 1.50357772364
    Total E(T) = -12114.9891094009  Free energy = -12115.0191809554  E0 = -12115.0041451781
cycle= 9 E= -12114.9891094009  delta_E= -2.48e-06  |g|= 0.00919  |ddm|= 1.58
    sigma = 0.02  Optimized mu = -0.051861911955  entropy = 1.5035824737
    Total E(T) = -12114.9891107858  Free energy = -12115.0191824353  E0 = -12115.0041466106
cycle= 10 E= -12114.9891107858  delta_E= -1.38e-06  |g|= 0.0072  |ddm|= 1.24
    sigma = 0.02  Optimized mu = -0.0518616120851  entropy = 1.50358200223
    Total E(T) = -12114.9891116007  Free energy = -12115.0191832407  E0 = -12115.0041474207
cycle= 11 E= -12114.9891116007  delta_E= -8.15e-07  |g|= 0.00576  |ddm|= 0.944
    sigma = 0.02  Optimized mu = -0.151807163749  entropy = 50.9924778553
    Total E(T) = -12114.4634713063  Free energy = -12115.4833208634  E0 = -12114.9733960848
Extra cycle  E= -12114.4634713063  delta_E= 0.526  |g|= 0.401  |ddm|= 4.11e+03
converged SCF energy = -12114.4634713063
dm0 check [[[ 1.89789746e-01  3.06171422e-01 -6.27465561e-02 ...  5.58192581e-07
   -2.01061017e-07 -1.80233274e-06]
  [ 3.06171422e-01  5.07731672e-01 -1.67376659e-01 ...  1.85900428e-06
   -9.41695986e-07 -5.14837999e-06]
  [-6.27465561e-02 -1.67376659e-01  3.38441713e-01 ... -4.22774313e-06
    2.22542145e-06  1.23962039e-05]
  ...
  [ 5.58192581e-07  1.85900428e-06 -4.22774313e-06 ...  4.37051993e-07
   -1.38567837e-07  6.06969322e-08]
  [-2.01061017e-07 -9.41695986e-07  2.22542145e-06 ... -1.38567837e-07
    2.96805262e-07  2.57911681e-08]
  [-1.80233274e-06 -5.14837999e-06  1.23962039e-05 ...  6.06969322e-08
    2.57911681e-08  2.54650015e-07]]

 [[ 1.89769128e-01  3.06115214e-01 -6.26190402e-02 ...  7.89538854e-07
   -1.73977879e-07 -1.68545559e-06]
  [ 3.06115214e-01  5.07581604e-01 -1.67040262e-01 ...  2.48091781e-06
   -8.66551163e-07 -4.83496475e-06]
  [-6.26190402e-02 -1.67040262e-01  3.37690407e-01 ... -5.71436964e-06
    2.02554335e-06  1.16545254e-05]
  ...
  [ 7.89538854e-07  2.48091781e-06 -5.71436964e-06 ...  4.22114020e-07
   -1.40309097e-07  6.35910916e-08]
  [-1.73977879e-07 -8.66551163e-07  2.02554335e-06 ... -1.40309097e-07
    2.97495412e-07  2.24423123e-08]
  [-1.68545559e-06 -4.83496475e-06  1.16545254e-05 ...  6.35910916e-08
    2.24423123e-08  2.44007240e-07]]]


******** <class 'pyscf.scf.addons.SmearingDFUKS'> ********
method = SmearingDFUKS
initial guess = minao
damping factor = 0.15
level_shift factor = 0.2
DIIS = <class 'pyscf.scf.diis.CDIIS'>
diis_start_cycle = 1
diis_space = 12
diis_damp = 0
SCF conv_tol = 5e-05
SCF conv_tol_grad = None
SCF max_cycles = 200
direct_scf = True
direct_scf_tol = 1e-13
chkfile to save SCF result = /tmp/tmp2d_gj1bs
max_memory 4000 MB (current use 87461 MB)
number electrons alpha = 325  beta = 323
XC library pyscf.dft.libxc version 6.1.0
    S. Lehtola, C. Steigemann, M. J.T. Oliveira, and M. A.L. Marques.,  SoftwareX 7, 1–5 (2018)
XC functionals = pbe
    J. P. Perdew, K. Burke, and M. Ernzerhof.,  Phys. Rev. Lett. 77, 3865 (1996)
    J. P. Perdew, K. Burke, and M. Ernzerhof.,  Phys. Rev. Lett. 78, 1396 (1997)
    J. P. Perdew, K. Burke, and M. Ernzerhof.,  Phys. Rev. Lett. 77, 3865 (1996)
    J. P. Perdew, K. Burke, and M. Ernzerhof.,  Phys. Rev. Lett. 78, 1396 (1997)
small_rho_cutoff = 1e-06
Set gradient conv threshold to 0.00707107
    Total E(T) = -12114.545253022  Free energy = -12114.6093279537  E0 = -12114.5772904879
init E= -12114.545253022
    sigma = 0.005  Optimized mu_alpha = -0.197001902028  entropy = 3.3319727477e-07
    sigma = 0.005  Optimized mu_beta  = -0.199561365841  entropy = 3.3319727477e-07
    Total E(T) = -12114.5452469867  Free energy = -12114.5452469884  E0 = -12114.5452469875
cycle= 1 E= -12114.5452469867  delta_E= 6.04e-06  |g|= 0.0234  |ddm|= 9.28
    sigma = 0.005  Optimized mu_alpha = -0.197089889546  entropy = 3.32868373447e-07
    sigma = 0.005  Optimized mu_beta  = -0.199654868976  entropy = 3.32868373447e-07
    Total E(T) = -12114.5451799746  Free energy = -12114.5451799762  E0 = -12114.5451799754
cycle= 2 E= -12114.5451799746  delta_E= 6.7e-05  |g|= 0.0751  |ddm|= 36.5
    sigma = 0.005  Optimized mu_alpha = -0.197031896909  entropy = 3.32980751487e-07
    sigma = 0.005  Optimized mu_beta  = -0.199592822836  entropy = 3.32980751487e-07
    Total E(T) = -12114.5452183206  Free energy = -12114.5452183223  E0 = -12114.5452183214
cycle= 3 E= -12114.5452183206  delta_E= -3.83e-05  |g|= 0.0414  |ddm|= 14.4
    sigma = 0.005  Optimized mu_alpha = -0.197029823521  entropy = 3.32996995012e-07
    sigma = 0.005  Optimized mu_beta  = -0.199590553778  entropy = 3.32996995012e-07
    Total E(T) = -12114.5452363656  Free energy = -12114.5452363672  E0 = -12114.5452363664
cycle= 4 E= -12114.5452363656  delta_E= -1.8e-05  |g|= 0.0286  |ddm|= 5.64
    sigma = 0.005  Optimized mu_alpha = -0.197027365618  entropy = 3.33007612496e-07
    sigma = 0.005  Optimized mu_beta  = -0.199587982066  entropy = 3.33007612496e-07
    Total E(T) = -12114.5452449668  Free energy = -12114.5452449685  E0 = -12114.5452449677
cycle= 5 E= -12114.5452449668  delta_E= -8.6e-06  |g|= 0.0202  |ddm|= 3.35
    sigma = 0.005  Optimized mu_alpha = -0.19702996052  entropy = 3.32996760967e-07
    sigma = 0.005  Optimized mu_beta  = -0.199590662373  entropy = 3.32996760967e-07
    Total E(T) = -12114.5452491847  Free energy = -12114.5452491864  E0 = -12114.5452491855
cycle= 6 E= -12114.5452491847  delta_E= -4.22e-06  |g|= 0.0146  |ddm|= 2.21
    sigma = 0.005  Optimized mu_alpha = -0.197026947183  entropy = 3.33006193438e-07
    sigma = 0.005  Optimized mu_beta  = -0.199587620822  entropy = 3.33006193438e-07
    Total E(T) = -12114.5452513388  Free energy = -12114.5452513404  E0 = -12114.5452513396
cycle= 7 E= -12114.5452513388  delta_E= -2.15e-06  |g|= 0.0106  |ddm|= 1.46
    sigma = 0.005  Optimized mu_alpha = -0.197026912702  entropy = 3.33005961946e-07
    sigma = 0.005  Optimized mu_beta  = -0.199587572859  entropy = 3.33005961946e-07
    Total E(T) = -12114.5452524652  Free energy = -12114.5452524669  E0 = -12114.5452524661
cycle= 8 E= -12114.5452524652  delta_E= -1.13e-06  |g|= 0.00781  |ddm|= 0.983
    sigma = 0.005  Optimized mu_alpha = -0.197027749729  entropy = 3.33005298595e-07
    sigma = 0.005  Optimized mu_beta  = -0.199588359665  entropy = 3.33005298595e-07
    Total E(T) = -12114.5452530426  Free energy = -12114.5452530442  E0 = -12114.5452530434
cycle= 9 E= -12114.5452530426  delta_E= -5.77e-07  |g|= 0.00594  |ddm|= 0.703
    sigma = 0.005  Optimized mu_alpha = -0.296570214676  entropy = 12.8149799355
    sigma = 0.005  Optimized mu_beta  = -0.299463665144  entropy = 12.8149799355
    Total E(T) = -12114.5098093309  Free energy = -12114.5738842305  E0 = -12114.5418467807
Extra cycle  E= -12114.5098093309  delta_E= 0.0354  |g|= 0.221  |ddm|=  892
converged SCF energy = -12114.5098093309  <S^2> = 3.7626826  2S+1 = 4.0063363
[timing] right/Al ensemble SCF = 1275.9s
[timing] collect state = 0.0s
[timing] grad contraction = 1.7s
Npdft 666.0000340352262
[timing] checkpoint save = 0.0s
step=  29 L=-12265.54970781 Ef=-12265.55561991 L1=1.01499729e+00 |grad|=1.92244e-02 t=1489.5s
[diagnostic] step=30 |b|=4.211950e-01 max|b|=5.991573e-02
[timing] build AO Vp from S3 = 3.2s
[diagnostic] |vpl|=4.187027e-01 max|vpl|=5.800362e-02
[diagnostic] |vpr|=5.868497e-01 max|vpr|=4.508579e-02
[diagnostic] |vpref|=6.612464e-01 max|vpref|=5.797869e-02
dm0 check [[[ 1.51511416e-09  2.24391608e-08  1.89789952e-07 ... -1.14718884e-07
    7.42476485e-07  6.64942346e-08]
  [ 2.24391608e-08  3.34444456e-07  2.75067417e-06 ... -1.77766912e-06
    1.10110537e-05  1.04757702e-06]
  [ 1.89789952e-07  2.75067417e-06  2.57237957e-05 ... -1.02769772e-05
    9.27868548e-05  4.99875167e-06]
  ...
  [-1.14718884e-07 -1.77766912e-06 -1.02769772e-05 ...  2.27166787e-04
    1.81897173e-06 -1.91352352e-04]
  [ 7.42476485e-07  1.10110537e-05  9.27868548e-05 ...  1.81897173e-06
    4.79980304e-04 -1.62432497e-06]
  [ 6.64942346e-08  1.04757702e-06  4.99875167e-06 ... -1.91352352e-04
   -1.62432497e-06  6.55605023e-04]]

 [[ 2.14412363e-09  3.18475861e-08  2.65523721e-07 ... -7.48703908e-08
    1.03578245e-06  2.38436396e-08]
  [ 3.18475861e-08  4.74248199e-07  3.91397266e-06 ... -9.93112011e-07
    1.53190760e-05  2.50154626e-07]
  [ 2.65523721e-07  3.91397266e-06  3.37625535e-05 ... -1.10142739e-05
    1.30901521e-04  4.52867030e-06]
  ...
  [-7.48703908e-08 -9.93112011e-07 -1.10142739e-05 ...  2.49604252e-04
    2.27939108e-06 -2.10130261e-04]
  [ 1.03578245e-06  1.53190760e-05  1.30901521e-04 ...  2.27939108e-06
    5.52938752e-04 -2.04467254e-06]
  [ 2.38436396e-08  2.50154626e-07  4.52867030e-06 ... -2.10130261e-04
   -2.04467254e-06  7.46013348e-04]]]
converged SCF energy = -150.226693714539  <S^2> = 2.0045398  2S+1 = 3.003025
dm0 check [[[ 1.14641039e-09  1.70870821e-08  1.38754074e-07 ... -8.06198344e-08
    6.25414557e-07  4.56928978e-08]
  [ 1.70870821e-08  2.56086240e-07  2.02952987e-06 ... -1.06182845e-06
    9.18278925e-06  7.18410228e-07]
  [ 1.38754074e-07  2.02952987e-06  1.80707736e-05 ... -1.26946973e-05
    8.12949805e-05  3.19889420e-06]
  ...
  [-8.06198344e-08 -1.06182845e-06 -1.26946973e-05 ...  2.39058436e-04
   -1.61703032e-06 -1.68274939e-04]
  [ 6.25414557e-07  9.18278925e-06  8.12949805e-05 ... -1.61703032e-06
    4.44995006e-04 -4.06060328e-06]
  [ 4.56928978e-08  7.18410228e-07  3.19889420e-06 ... -1.68274939e-04
   -4.06060328e-06  5.95722592e-04]]

 [[ 2.53031630e-08  3.85042142e-07  2.83122351e-06 ... -1.48565158e-07
    1.05892331e-07  7.43973902e-08]
  [ 3.85042142e-07  5.86065062e-06  4.30451978e-05 ... -2.17963637e-06
    1.18324063e-06  1.05301910e-06]
  [ 2.83122351e-06  4.30451978e-05  3.17986540e-04 ... -1.75088861e-05
    2.68729964e-05  9.39148983e-06]
  ...
  [-1.48565158e-07 -2.17963637e-06 -1.75088861e-05 ...  2.30571520e-04
    2.08883711e-07 -1.91671118e-04]
  [ 1.05892331e-07  1.18324063e-06  2.68729964e-05 ...  2.08883711e-07
    4.63238178e-04 -3.50209300e-06]
  [ 7.43973902e-08  1.05301910e-06  9.39148983e-06 ... -1.91671118e-04
   -3.50209300e-06  6.49568527e-04]]]
converged SCF energy = -150.244985829826  <S^2> = 0.92979073  2S+1 = 2.1723634
[timing] left/O ensemble SCF = 11.5s
dm0 check [[ 3.79536305e-01  6.12227263e-01 -1.25221740e-01 ...  1.33630105e-06
  -3.96071260e-07 -3.62884402e-06]
 [ 6.12227263e-01  1.01515611e+00 -3.34035432e-01 ...  4.30865304e-06
  -1.86606503e-06 -1.03652535e-05]
 [-1.25221740e-01 -3.34035432e-01  6.75222769e-01 ... -9.87171391e-06
   4.39944687e-06  2.49950747e-05]
 ...
 [ 1.33630105e-06  4.30865304e-06 -9.87171391e-06 ...  8.23621745e-07
  -2.66869905e-07  1.20058430e-07]
 [-3.96071260e-07 -1.86606503e-06  4.39944687e-06 ... -2.66869905e-07
   5.83895420e-07  3.79621202e-08]
 [-3.62884402e-06 -1.03652535e-05  2.49950747e-05 ...  1.20058430e-07
   3.79621202e-08  4.98860964e-07]]


******** <class 'pyscf.scf.addons.SmearingDFRKS'> ********
method = SmearingDFRKS
initial guess = minao
damping factor = 0.15
level_shift factor = 0.2
DIIS = <class 'pyscf.scf.diis.CDIIS'>
diis_start_cycle = 1
diis_space = 12
diis_damp = 0
SCF conv_tol = 5e-05
SCF conv_tol_grad = None
SCF max_cycles = 200
direct_scf = True
direct_scf_tol = 1e-13
chkfile to save SCF result = /tmp/tmpiu3_m7in
max_memory 4000 MB (current use 87423 MB)
XC library pyscf.dft.libxc version 6.1.0
    S. Lehtola, C. Steigemann, M. J.T. Oliveira, and M. A.L. Marques.,  SoftwareX 7, 1–5 (2018)
XC functionals = pbe
    J. P. Perdew, K. Burke, and M. Ernzerhof.,  Phys. Rev. Lett. 77, 3865 (1996)
    J. P. Perdew, K. Burke, and M. Ernzerhof.,  Phys. Rev. Lett. 78, 1396 (1997)
    J. P. Perdew, K. Burke, and M. Ernzerhof.,  Phys. Rev. Lett. 77, 3865 (1996)
    J. P. Perdew, K. Burke, and M. Ernzerhof.,  Phys. Rev. Lett. 78, 1396 (1997)
small_rho_cutoff = 1e-06
Set gradient conv threshold to 0.00707107
    Total E(T) = -12114.9575672873  Free energy = -12115.9774168444  E0 = -12115.4674920659
init E= -12114.9575672873
    sigma = 0.02  Optimized mu = -0.0518068063321  entropy = 1.50414069691
    Total E(T) = -12114.9575485044  Free energy = -12114.9876313184  E0 = -12114.9725899114
cycle= 1 E= -12114.9575485044  delta_E= 1.88e-05  |g|= 0.0289  |ddm|=   18
    sigma = 0.02  Optimized mu = -0.0519762341273  entropy = 1.50390971498
    Total E(T) = -12114.9573229271  Free energy = -12114.9874011214  E0 = -12114.9723620243
cycle= 2 E= -12114.9573229271  delta_E= 0.000226  |g|= 0.0969  |ddm|= 83.2
    sigma = 0.02  Optimized mu = -0.0518718777448  entropy = 1.50381914634
    Total E(T) = -12114.957455081  Free energy = -12114.987531464  E0 = -12114.9724932725
cycle= 3 E= -12114.957455081  delta_E= -0.000132  |g|= 0.053  |ddm|= 35.1
    sigma = 0.02  Optimized mu = -0.0518657873952  entropy = 1.50384532778
    Total E(T) = -12114.9575123222  Free energy = -12114.9875892288  E0 = -12114.9725507755
cycle= 4 E= -12114.9575123222  delta_E= -5.72e-05  |g|= 0.037  |ddm|= 12.6
    sigma = 0.02  Optimized mu = -0.0518640798688  entropy = 1.50385224326
    Total E(T) = -12114.9575400165  Free energy = -12114.9876170613  E0 = -12114.9725785389
cycle= 5 E= -12114.9575400165  delta_E= -2.77e-05  |g|= 0.0265  |ddm|= 7.52
    sigma = 0.02  Optimized mu = -0.0518610852108  entropy = 1.50385685453
    Total E(T) = -12114.9575535177  Free energy = -12114.9876306548  E0 = -12114.9725920863
cycle= 6 E= -12114.9575535177  delta_E= -1.35e-05  |g|= 0.0199  |ddm|= 5.63
    sigma = 0.02  Optimized mu = -0.0518622918789  entropy = 1.50385373072
    Total E(T) = -12114.9575607425  Free energy = -12114.9876378171  E0 = -12114.9725992798
cycle= 7 E= -12114.9575607425  delta_E= -7.22e-06  |g|= 0.0148  |ddm|=  3.3
    sigma = 0.02  Optimized mu = -0.0518603122994  entropy = 1.50386187446
    Total E(T) = -12114.9575647513  Free energy = -12114.9876419888  E0 = -12114.9726033701
cycle= 8 E= -12114.9575647513  delta_E= -4.01e-06  |g|= 0.0112  |ddm|= 2.07
    sigma = 0.02  Optimized mu = -0.0518635064594  entropy = 1.50384479302
    Total E(T) = -12114.9575670612  Free energy = -12114.9876439571  E0 = -12114.9726055092
cycle= 9 E= -12114.9575670612  delta_E= -2.31e-06  |g|= 0.00834  |ddm|= 1.63
    sigma = 0.02  Optimized mu = -0.051860862801  entropy = 1.50385824587
    Total E(T) = -12114.9575682678  Free energy = -12114.9876454327  E0 = -12114.9726068502
cycle= 10 E= -12114.9575682678  delta_E= -1.21e-06  |g|= 0.00642  |ddm|= 1.32
    sigma = 0.02  Optimized mu = -0.151794559476  entropy = 50.9939642243
    Total E(T) = -12114.431669512  Free energy = -12115.4515487965  E0 = -12114.9416091543
Extra cycle  E= -12114.431669512  delta_E= 0.526  |g|= 0.408  |ddm|= 4.11e+03
converged SCF energy = -12114.431669512
dm0 check [[[ 1.89789746e-01  3.06171420e-01 -6.27465559e-02 ...  5.58286342e-07
   -2.01081880e-07 -1.80239072e-06]
  [ 3.06171420e-01  5.07731669e-01 -1.67376659e-01 ...  1.85925664e-06
   -9.41752200e-07 -5.14853633e-06]
  [-6.27465559e-02 -1.67376659e-01  3.38441724e-01 ... -4.22834884e-06
    2.22555772e-06  1.23965808e-05]
  ...
  [ 5.58286342e-07  1.85925664e-06 -4.22834884e-06 ...  4.37063512e-07
   -1.38571484e-07  6.07032397e-08]
  [-2.01081880e-07 -9.41752200e-07  2.22555772e-06 ... -1.38571484e-07
    2.96799239e-07  2.57946626e-08]
  [-1.80239072e-06 -5.14853633e-06  1.23965808e-05 ...  6.07032397e-08
    2.57946626e-08  2.54647904e-07]]

 [[ 1.89769128e-01  3.06115215e-01 -6.26190435e-02 ...  7.89491595e-07
   -1.74090696e-07 -1.68535243e-06]
  [ 3.06115215e-01  5.07581606e-01 -1.67040270e-01 ...  2.48079021e-06
   -8.66855888e-07 -4.83468578e-06]
  [-6.26190435e-02 -1.67040270e-01  3.37690434e-01 ... -5.71405953e-06
    2.02628575e-06  1.16538422e-05]
  ...
  [ 7.89491595e-07  2.48079021e-06 -5.71405953e-06 ...  4.22124912e-07
   -1.40308571e-07  6.35970226e-08]
  [-1.74090696e-07 -8.66855888e-07  2.02628575e-06 ... -1.40308571e-07
    2.97489332e-07  2.24483057e-08]
  [-1.68535243e-06 -4.83468578e-06  1.16538422e-05 ...  6.35970226e-08
    2.24483057e-08  2.44005402e-07]]]


******** <class 'pyscf.scf.addons.SmearingDFUKS'> ********
method = SmearingDFUKS
initial guess = minao
damping factor = 0.15
level_shift factor = 0.2
DIIS = <class 'pyscf.scf.diis.CDIIS'>
diis_start_cycle = 1
diis_space = 12
diis_damp = 0
SCF conv_tol = 5e-05
SCF conv_tol_grad = None
SCF max_cycles = 200
direct_scf = True
direct_scf_tol = 1e-13
chkfile to save SCF result = /tmp/tmp2d_gj1bs
max_memory 4000 MB (current use 87349 MB)
number electrons alpha = 325  beta = 323
XC library pyscf.dft.libxc version 6.1.0
    S. Lehtola, C. Steigemann, M. J.T. Oliveira, and M. A.L. Marques.,  SoftwareX 7, 1–5 (2018)
XC functionals = pbe
    J. P. Perdew, K. Burke, and M. Ernzerhof.,  Phys. Rev. Lett. 77, 3865 (1996)
    J. P. Perdew, K. Burke, and M. Ernzerhof.,  Phys. Rev. Lett. 78, 1396 (1997)
    J. P. Perdew, K. Burke, and M. Ernzerhof.,  Phys. Rev. Lett. 77, 3865 (1996)
    J. P. Perdew, K. Burke, and M. Ernzerhof.,  Phys. Rev. Lett. 78, 1396 (1997)
small_rho_cutoff = 1e-06
Set gradient conv threshold to 0.00707107
    Total E(T) = -12114.513749578  Free energy = -12114.5778244777  E0 = -12114.5457870278
init E= -12114.513749578
    sigma = 0.005  Optimized mu_alpha = -0.196966742938  entropy = 3.33763041015e-07
    sigma = 0.005  Optimized mu_beta  = -0.199523679276  entropy = 3.33763041015e-07
    Total E(T) = -12114.5137385527  Free energy = -12114.5137385544  E0 = -12114.5137385536
cycle= 1 E= -12114.5137385527  delta_E= 1.1e-05  |g|= 0.0317  |ddm|= 11.1
    sigma = 0.005  Optimized mu_alpha = -0.197145771532  entropy = 3.3303002568e-07
    sigma = 0.005  Optimized mu_beta  = -0.199713093381  entropy = 3.3303002568e-07
    Total E(T) = -12114.5136127701  Free energy = -12114.5136127718  E0 = -12114.513612771
cycle= 2 E= -12114.5136127701  delta_E= 0.000126  |g|= 0.101  |ddm|= 50.4
    sigma = 0.005  Optimized mu_alpha = -0.197034220186  entropy = 3.33296992622e-07
    sigma = 0.005  Optimized mu_beta  = -0.199593879932  entropy = 3.33296992622e-07
    Total E(T) = -12114.5136862561  Free energy = -12114.5136862577  E0 = -12114.5136862569
cycle= 3 E= -12114.5136862561  delta_E= -7.35e-05  |g|= 0.055  |ddm|= 20.2
    sigma = 0.005  Optimized mu_alpha = -0.197029967959  entropy = 3.33322351934e-07
    sigma = 0.005  Optimized mu_beta  = -0.1995893264  entropy = 3.33322351934e-07
    Total E(T) = -12114.5137204943  Free energy = -12114.513720496  E0 = -12114.5137204952
cycle= 4 E= -12114.5137204943  delta_E= -3.42e-05  |g|= 0.0373  |ddm|= 7.93
    sigma = 0.005  Optimized mu_alpha = -0.197024234326  entropy = 3.33341082855e-07
    sigma = 0.005  Optimized mu_beta  = -0.199583405588  entropy = 3.33341082855e-07
    Total E(T) = -12114.5137364894  Free energy = -12114.5137364911  E0 = -12114.5137364903
cycle= 5 E= -12114.5137364894  delta_E= -1.6e-05  |g|= 0.0259  |ddm|= 4.69
    sigma = 0.005  Optimized mu_alpha = -0.197029148595  entropy = 3.33316831339e-07
    sigma = 0.005  Optimized mu_beta  = -0.19958842535  entropy = 3.33316831339e-07
    Total E(T) = -12114.5137441444  Free energy = -12114.513744146  E0 = -12114.5137441452
cycle= 6 E= -12114.5137441444  delta_E= -7.65e-06  |g|= 0.0181  |ddm|= 3.06
    sigma = 0.005  Optimized mu_alpha = -0.197024695764  entropy = 3.3332644447e-07
    sigma = 0.005  Optimized mu_beta  = -0.199583928533  entropy = 3.3332644447e-07
    Total E(T) = -12114.5137478721  Free energy = -12114.5137478737  E0 = -12114.5137478729
cycle= 7 E= -12114.5137478721  delta_E= -3.73e-06  |g|= 0.013  |ddm|= 2.04
    sigma = 0.005  Optimized mu_alpha = -0.19702482247  entropy = 3.33324403135e-07
    sigma = 0.005  Optimized mu_beta  = -0.199584046016  entropy = 3.33324403135e-07
    Total E(T) = -12114.5137497862  Free energy = -12114.5137497878  E0 = -12114.513749787
cycle= 8 E= -12114.5137497862  delta_E= -1.91e-06  |g|= 0.00924  |ddm|= 1.31
    sigma = 0.005  Optimized mu_alpha = -0.197025879938  entropy = 3.33330778816e-07
    sigma = 0.005  Optimized mu_beta  = -0.199584938934  entropy = 3.33330778816e-07
    Total E(T) = -12114.5137507172  Free energy = -12114.5137507188  E0 = -12114.513750718
cycle= 9 E= -12114.5137507172  delta_E= -9.31e-07  |g|= 0.0069  |ddm|= 1.14
    sigma = 0.005  Optimized mu_alpha = -0.296556054863  entropy = 12.8164108454
    sigma = 0.005  Optimized mu_beta  = -0.299448588953  entropy = 12.8164108454
    Total E(T) = -12114.4781640486  Free energy = -12114.5422461028  E0 = -12114.5102050757
Extra cycle  E= -12114.4781640486  delta_E= 0.0356  |g|= 0.236  |ddm|=  894
converged SCF energy = -12114.4781640486  <S^2> = 3.7626911  2S+1 = 4.0063405
[timing] right/Al ensemble SCF = 1208.3s
[timing] collect state = 0.0s
[timing] grad contraction = 1.6s
Npdft 666.0000340391684
[timing] checkpoint save = 0.0s
step=  30 L=-12265.52582273 Ef=-12265.53187300 L1=1.00917170e+00 |grad|=1.91371e-02 t=1423.0s
[phase2 outer 15] previous L = -12265.54925344
[phase2 outer 15] new L = -12265.52582273
[phase2 outer 15] dL = 2.34307087e-02
[phase2 outer 15] previous Ef = -12265.55517933
[phase2 outer 15] new Ef = -12265.53187300
[phase2 outer 15] dEf = 2.33063287e-02
[phase2 outer 15] |db| = 1.28120e-02
[phase2 outer 15] |grad| = 1.91371e-02
[phase2 outer 15] last_Ef = -12265.555179331119
[phase2 outer 15] adaptive max_step_norm = 1.000000e-01
[phase2 outer 15] delta = 2.735878e-03
[phase2 outer 15] raw_step_norm = 1.281205e-02
[phase2 outer 15] capped_step_norm = 1.281205e-02
[phase2 outer 15] dL = 0.023430708666637656
[phase2 outer 15] dEf = 0.023306328697799472
[phase2 outer 15] |grad| = 1.913711e-02
[phase2 outer 15] raw_step_norm=1.281205e-02 capped_step_norm=1.281205e-02 raw_max_abs_step=2.735878e-03 capped_max_abs_step=2.735878e-03 step_cap=1.000000e-01 line_search_alpha=n/a
[phase2 outer 15] res.fun = 12265.52582273
[phase2 outer 15] res.message = STOP: TOTAL NO. of ITERATIONS REACHED LIMIT
[phase2 outer 15] finished message=STOP: TOTAL NO. of ITERATIONS REACHED LIMIT |b|=4.211950e-01
[phase2 outer 16] start |b|=4.211950e-01 max|b|=5.991573e-02 delta=2.736e-03
[diagnostic] step=31 |b|=4.211950e-01 max|b|=5.991573e-02
[timing] build AO Vp from S3 = 1.6s
[diagnostic] |vpl|=4.187027e-01 max|vpl|=5.800362e-02
[diagnostic] |vpr|=5.868497e-01 max|vpr|=4.508579e-02
[diagnostic] |vpref|=6.612464e-01 max|vpref|=5.797869e-02
dm0 check [[[ 1.51511356e-09  2.24391581e-08  1.89789864e-07 ... -1.14719168e-07
    7.42477318e-07  6.64944958e-08]
  [ 2.24391581e-08  3.34444560e-07  2.75067297e-06 ... -1.77767403e-06
    1.10110623e-05  1.04758180e-06]
  [ 1.89789864e-07  2.75067297e-06  2.57237816e-05 ... -1.02770164e-05
    9.27869768e-05  4.99878673e-06]
  ...
  [-1.14719168e-07 -1.77767403e-06 -1.02770164e-05 ...  2.27166655e-04
    1.81897033e-06 -1.91352241e-04]
  [ 7.42477318e-07  1.10110623e-05  9.27869768e-05 ...  1.81897033e-06
    4.79980226e-04 -1.62432587e-06]
  [ 6.64944958e-08  1.04758180e-06  4.99878673e-06 ... -1.91352241e-04
   -1.62432587e-06  6.55604847e-04]]

 [[ 2.14412328e-09  3.18475806e-08  2.65523757e-07 ... -7.48709212e-08
    1.03578274e-06  2.38440960e-08]
  [ 3.18475806e-08  4.74248172e-07  3.91397248e-06 ... -9.93115575e-07
    1.53190789e-05  2.50157829e-07]
  [ 2.65523757e-07  3.91397248e-06  3.37625609e-05 ... -1.10143097e-05
    1.30901576e-04  4.52870049e-06]
  ...
  [-7.48709212e-08 -9.93115575e-07 -1.10143097e-05 ...  2.49604155e-04
    2.27939008e-06 -2.10130179e-04]
  [ 1.03578274e-06  1.53190789e-05  1.30901576e-04 ...  2.27939008e-06
    5.52939027e-04 -2.04467363e-06]
  [ 2.38440960e-08  2.50157829e-07  4.52870049e-06 ... -2.10130179e-04
   -2.04467363e-06  7.46013560e-04]]]
converged SCF energy = -150.22669371454  <S^2> = 2.0045398  2S+1 = 3.003025
dm0 check [[[ 1.14641293e-09  1.70870923e-08  1.38754299e-07 ... -8.06193735e-08
    6.25414360e-07  4.56922128e-08]
  [ 1.70870923e-08  2.56086051e-07  2.02952891e-06 ... -1.06181796e-06
    9.18276873e-06  7.18406452e-07]
  [ 1.38754299e-07  2.02952891e-06  1.80707857e-05 ... -1.26946995e-05
    8.12948446e-05  3.19884639e-06]
  ...
  [-8.06193735e-08 -1.06181796e-06 -1.26946995e-05 ...  2.39059079e-04
   -1.61697218e-06 -1.68274419e-04]
  [ 6.25414360e-07  9.18276873e-06  8.12948446e-05 ... -1.61697218e-06
    4.44993708e-04 -4.06045859e-06]
  [ 4.56922128e-08  7.18406452e-07  3.19884639e-06 ... -1.68274419e-04
   -4.06045859e-06  5.95720748e-04]]

 [[ 2.53018046e-08  3.85021487e-07  2.83107508e-06 ... -1.48561958e-07
    1.05899608e-07  7.43966788e-08]
  [ 3.85021487e-07  5.86033662e-06  4.30429398e-05 ... -2.17959437e-06
    1.18334153e-06  1.05301383e-06]
  [ 2.83107508e-06  4.30429398e-05  3.17970323e-04 ... -1.75085526e-05
    2.68737082e-05  9.39142837e-06]
  ...
  [-1.48561958e-07 -2.17959437e-06 -1.75085526e-05 ...  2.30571058e-04
    2.08951467e-07 -1.91670660e-04]
  [ 1.05899608e-07  1.18334153e-06  2.68737082e-05 ...  2.08951467e-07
    4.63236529e-04 -3.50192189e-06]
  [ 7.43966788e-08  1.05301383e-06  9.39142837e-06 ... -1.91670660e-04
   -3.50192189e-06  6.49566178e-04]]]
converged SCF energy = -150.244985829837  <S^2> = 0.92979876  2S+1 = 2.1723708
[timing] left/O ensemble SCF = 17.7s
dm0 check [[ 3.79536149e-01  6.12227152e-01 -1.25221645e-01 ...  1.37102165e-06
  -3.68324019e-07 -3.73597979e-06]
 [ 6.12227152e-01  1.01515600e+00 -3.34034827e-01 ...  4.40240161e-06
  -1.79125521e-06 -1.06542826e-05]
 [-1.25221645e-01 -3.34034827e-01  6.75221317e-01 ... -1.00996199e-05
   4.21869984e-06  2.56955794e-05]
 ...
 [ 1.37102165e-06  4.40240161e-06 -1.00996199e-05 ...  8.18755201e-07
  -2.67869477e-07  1.22719012e-07]
 [-3.68324019e-07 -1.79125521e-06  4.21869984e-06 ... -2.67869477e-07
   5.85822918e-07  3.41561865e-08]
 [-3.73597979e-06 -1.06542826e-05  2.56955794e-05 ...  1.22719012e-07
   3.41561865e-08  5.19284557e-07]]


******** <class 'pyscf.scf.addons.SmearingDFRKS'> ********
method = SmearingDFRKS
initial guess = minao
damping factor = 0.15
level_shift factor = 0.2
DIIS = <class 'pyscf.scf.diis.CDIIS'>
diis_start_cycle = 1
diis_space = 12
diis_damp = 0
SCF conv_tol = 5e-05
SCF conv_tol_grad = None
SCF max_cycles = 200
direct_scf = True
direct_scf_tol = 1e-13
chkfile to save SCF result = /tmp/tmpiu3_m7in
max_memory 4000 MB (current use 87237 MB)
XC library pyscf.dft.libxc version 6.1.0
    S. Lehtola, C. Steigemann, M. J.T. Oliveira, and M. A.L. Marques.,  SoftwareX 7, 1–5 (2018)
XC functionals = pbe
    J. P. Perdew, K. Burke, and M. Ernzerhof.,  Phys. Rev. Lett. 77, 3865 (1996)
    J. P. Perdew, K. Burke, and M. Ernzerhof.,  Phys. Rev. Lett. 78, 1396 (1997)
    J. P. Perdew, K. Burke, and M. Ernzerhof.,  Phys. Rev. Lett. 77, 3865 (1996)
    J. P. Perdew, K. Burke, and M. Ernzerhof.,  Phys. Rev. Lett. 78, 1396 (1997)
small_rho_cutoff = 1e-06
Set gradient conv threshold to 0.00707107
    Total E(T) = -12114.9575682681  Free energy = -12115.9774475526  E0 = -12115.4675079104
init E= -12114.9575682681
    sigma = 0.02  Optimized mu = -0.0518325756163  entropy = 1.50401964836
    Total E(T) = -12114.9575521385  Free energy = -12114.9876325315  E0 = -12114.972592335
cycle= 1 E= -12114.9575521385  delta_E= 1.61e-05  |g|= 0.0267  |ddm|= 17.5
    sigma = 0.02  Optimized mu = -0.0519355375842  entropy = 1.50397625256
    Total E(T) = -12114.9573584529  Free energy = -12114.987437978  E0 = -12114.9723982155
cycle= 2 E= -12114.9573584529  delta_E= 0.000194  |g|= 0.0902  |ddm|= 76.3
    sigma = 0.02  Optimized mu = -0.0518676072434  entropy = 1.50382809571
    Total E(T) = -12114.9574710037  Free energy = -12114.9875475656  E0 = -12114.9725092846
cycle= 3 E= -12114.9574710037  delta_E= -0.000113  |g|= 0.0497  |ddm|=   32
    sigma = 0.02  Optimized mu = -0.0518641185756  entropy = 1.50384237986
    Total E(T) = -12114.9575194356  Free energy = -12114.9875962832  E0 = -12114.9725578594
cycle= 4 E= -12114.9575194356  delta_E= -4.84e-05  |g|= 0.0351  |ddm|= 11.7
    sigma = 0.02  Optimized mu = -0.0518630489437  entropy = 1.50384704787
    Total E(T) = -12114.957543099  Free energy = -12114.98762004  E0 = -12114.9725815695
cycle= 5 E= -12114.957543099  delta_E= -2.37e-05  |g|= 0.0255  |ddm|= 6.91
    sigma = 0.02  Optimized mu = -0.0518613615949  entropy = 1.50385131902
    Total E(T) = -12114.957555006  Free energy = -12114.9876320323  E0 = -12114.9725935192
cycle= 6 E= -12114.957555006  delta_E= -1.19e-05  |g|= 0.0191  |ddm|= 4.75
    sigma = 0.02  Optimized mu = -0.0518618965623  entropy = 1.50385025499
    Total E(T) = -12114.9575615217  Free energy = -12114.9876385268  E0 = -12114.9726000242
cycle= 7 E= -12114.9575615217  delta_E= -6.52e-06  |g|= 0.0143  |ddm|= 2.99
    sigma = 0.02  Optimized mu = -0.0518594299659  entropy = 1.50386254743
    Total E(T) = -12114.9575650685  Free energy = -12114.9876423195  E0 = -12114.972603694
cycle= 8 E= -12114.9575650685  delta_E= -3.55e-06  |g|= 0.0109  |ddm|= 2.01
    sigma = 0.02  Optimized mu = -0.0518620785473  entropy = 1.50385010514
    Total E(T) = -12114.9575671297  Free energy = -12114.9876441318  E0 = -12114.9726056308
cycle= 9 E= -12114.9575671297  delta_E= -2.06e-06  |g|= 0.00837  |ddm|= 1.44
    sigma = 0.02  Optimized mu = -0.0518614221943  entropy = 1.50385490343
    Total E(T) = -12114.957568271  Free energy = -12114.9876453691  E0 = -12114.9726068201
cycle= 10 E= -12114.957568271  delta_E= -1.14e-06  |g|= 0.00656  |ddm|= 1.13
    sigma = 0.02  Optimized mu = -0.151804447714  entropy = 50.9934370119
    Total E(T) = -12114.4317804545  Free energy = -12115.4516491948  E0 = -12114.9417148247
Extra cycle  E= -12114.4317804545  delta_E= 0.526  |g|= 0.407  |ddm|= 4.11e+03
converged SCF energy = -12114.4317804545
dm0 check [[[ 1.89789668e-01  3.06171362e-01 -6.27464984e-02 ...  5.73782470e-07
   -1.88359495e-07 -1.85222658e-06]
  [ 3.06171362e-01  5.07731611e-01 -1.67376334e-01 ...  1.90107858e-06
   -9.07470433e-07 -5.28290937e-06]
  [-6.27464984e-02 -1.67376334e-01  3.38440945e-01 ... -4.32984526e-06
    2.14290853e-06  1.27215924e-05]
  ...
  [ 5.73782470e-07  1.90107858e-06 -4.32984526e-06 ...  4.34509349e-07
   -1.39145210e-07  6.22720410e-08]
  [-1.88359495e-07 -9.07470433e-07  2.14290853e-06 ... -1.39145210e-07
    2.97646004e-07  2.41680864e-08]
  [-1.85222658e-06 -5.28290937e-06  1.27215924e-05 ...  6.22720410e-08
    2.41680864e-08  2.64266821e-07]]

 [[ 1.89769023e-01  3.06115091e-01 -6.26188226e-02 ...  8.04238356e-07
   -1.61019670e-07 -1.73510784e-06]
  [ 3.06115091e-01  5.07581372e-01 -1.67039502e-01 ...  2.52062832e-06
   -8.31604334e-07 -4.96895936e-06]
  [-6.26188226e-02 -1.67039502e-01  3.37688542e-01 ... -5.81111108e-06
    1.94101503e-06  1.19797058e-05]
  ...
  [ 8.04238356e-07  2.52062832e-06 -5.81111108e-06 ...  4.19616734e-07
   -1.40849363e-07  6.51435839e-08]
  [-1.61019670e-07 -8.31604334e-07  1.94101503e-06 ... -1.40849363e-07
    2.98403655e-07  2.07063606e-08]
  [-1.73510784e-06 -4.96895936e-06  1.19797058e-05 ...  6.51435839e-08
    2.07063606e-08  2.53492109e-07]]]


******** <class 'pyscf.scf.addons.SmearingDFUKS'> ********
method = SmearingDFUKS
initial guess = minao
damping factor = 0.15
level_shift factor = 0.2
DIIS = <class 'pyscf.scf.diis.CDIIS'>
diis_start_cycle = 1
diis_space = 12
diis_damp = 0
SCF conv_tol = 5e-05
SCF conv_tol_grad = None
SCF max_cycles = 200
direct_scf = True
direct_scf_tol = 1e-13
chkfile to save SCF result = /tmp/tmp2d_gj1bs
max_memory 4000 MB (current use 87274 MB)
number electrons alpha = 325  beta = 323
XC library pyscf.dft.libxc version 6.1.0
    S. Lehtola, C. Steigemann, M. J.T. Oliveira, and M. A.L. Marques.,  SoftwareX 7, 1–5 (2018)
XC functionals = pbe
    J. P. Perdew, K. Burke, and M. Ernzerhof.,  Phys. Rev. Lett. 77, 3865 (1996)
    J. P. Perdew, K. Burke, and M. Ernzerhof.,  Phys. Rev. Lett. 78, 1396 (1997)
    J. P. Perdew, K. Burke, and M. Ernzerhof.,  Phys. Rev. Lett. 77, 3865 (1996)
    J. P. Perdew, K. Burke, and M. Ernzerhof.,  Phys. Rev. Lett. 78, 1396 (1997)
small_rho_cutoff = 1e-06
Set gradient conv threshold to 0.00707107
    Total E(T) = -12114.5137507176  Free energy = -12114.5778327719  E0 = -12114.5457917448
init E= -12114.5137507176
    sigma = 0.005  Optimized mu_alpha = -0.196991244531  entropy = 3.33580859595e-07
    sigma = 0.005  Optimized mu_beta  = -0.199548823701  entropy = 3.33580859595e-07
    Total E(T) = -12114.5137419271  Free energy = -12114.5137419288  E0 = -12114.5137419279
cycle= 1 E= -12114.5137419271  delta_E= 8.79e-06  |g|= 0.028  |ddm|= 11.4
    sigma = 0.005  Optimized mu_alpha = -0.197112181382  entropy = 3.3314429304e-07
    sigma = 0.005  Optimized mu_beta  = -0.199677279838  entropy = 3.3314429304e-07
    Total E(T) = -12114.5136447021  Free energy = -12114.5136447038  E0 = -12114.513644703
cycle= 2 E= -12114.5136447021  delta_E= 9.72e-05  |g|= 0.0898  |ddm|= 44.4
    sigma = 0.005  Optimized mu_alpha = -0.197031482322  entropy = 3.33285852982e-07
    sigma = 0.005  Optimized mu_beta  = -0.1995910224  entropy = 3.33285852982e-07
    Total E(T) = -12114.5137007242  Free energy = -12114.5137007258  E0 = -12114.513700725
cycle= 3 E= -12114.5137007242  delta_E= -5.6e-05  |g|= 0.0494  |ddm|= 17.4
    sigma = 0.005  Optimized mu_alpha = -0.197028829872  entropy = 3.33305859139e-07
    sigma = 0.005  Optimized mu_beta  = -0.199588152946  entropy = 3.33305859139e-07
    Total E(T) = -12114.513726811  Free energy = -12114.5137268127  E0 = -12114.5137268119
cycle= 4 E= -12114.513726811  delta_E= -2.61e-05  |g|= 0.0341  |ddm|= 6.91
    sigma = 0.005  Optimized mu_alpha = -0.197025510941  entropy = 3.33321386604e-07
    sigma = 0.005  Optimized mu_beta  = -0.199584658276  entropy = 3.33321386604e-07
    Total E(T) = -12114.5137391551  Free energy = -12114.5137391567  E0 = -12114.5137391559
cycle= 5 E= -12114.5137391551  delta_E= -1.23e-05  |g|= 0.0241  |ddm|= 4.09
    sigma = 0.005  Optimized mu_alpha = -0.197028462652  entropy = 3.33308508257e-07
    sigma = 0.005  Optimized mu_beta  = -0.199587703937  entropy = 3.33308508257e-07
    Total E(T) = -12114.5137452455  Free energy = -12114.5137452472  E0 = -12114.5137452464
cycle= 6 E= -12114.5137452455  delta_E= -6.09e-06  |g|= 0.0172  |ddm|=  2.6
    sigma = 0.005  Optimized mu_alpha = -0.197024563767  entropy = 3.33323513007e-07
    sigma = 0.005  Optimized mu_beta  = -0.199583706665  entropy = 3.33323513007e-07
    Total E(T) = -12114.5137483054  Free energy = -12114.5137483071  E0 = -12114.5137483063
cycle= 7 E= -12114.5137483054  delta_E= -3.06e-06  |g|= 0.0126  |ddm|= 1.83
    sigma = 0.005  Optimized mu_alpha = -0.197024828716  entropy = 3.33321275689e-07
    sigma = 0.005  Optimized mu_beta  = -0.199583993606  entropy = 3.33321275689e-07
    Total E(T) = -12114.5137499112  Free energy = -12114.5137499128  E0 = -12114.513749912
cycle= 8 E= -12114.5137499112  delta_E= -1.61e-06  |g|= 0.00924  |ddm|= 1.21
    sigma = 0.005  Optimized mu_alpha = -0.197025564289  entropy = 3.33326327442e-07
    sigma = 0.005  Optimized mu_beta  = -0.199584628888  entropy = 3.33326327442e-07
    Total E(T) = -12114.5137507546  Free energy = -12114.5137507562  E0 = -12114.5137507554
cycle= 9 E= -12114.5137507546  delta_E= -8.43e-07  |g|= 0.00696  |ddm|= 0.886
    sigma = 0.005  Optimized mu_alpha = -0.296565348045  entropy = 12.8161018168
    sigma = 0.005  Optimized mu_beta  = -0.299458058222  entropy = 12.8161018168
    Total E(T) = -12114.4781953207  Free energy = -12114.5422758298  E0 = -12114.5102355753
Extra cycle  E= -12114.4781953207  delta_E= 0.0356  |g|= 0.235  |ddm|=  893
converged SCF energy = -12114.4781953207  <S^2> = 3.7626928  2S+1 = 4.0063414
[timing] right/Al ensemble SCF = 1196.1s
[timing] collect state = 0.0s
[timing] grad contraction = 3.1s
Npdft 666.0000340388872
[timing] checkpoint save = 0.0s
step=  31 L=-12265.52592547 Ef=-12265.53196971 L1=1.00903201e+00 |grad|=1.91336e-02 t=1416.5s
[diagnostic] step=32 |b|=4.323051e-01 max|b|=6.265161e-02
[timing] build AO Vp from S3 = 1.6s
[diagnostic] |vpl|=4.342339e-01 max|vpl|=6.086965e-02
[diagnostic] |vpr|=5.980315e-01 max|vpr|=4.741048e-02
[diagnostic] |vpref|=6.767892e-01 max|vpref|=6.084230e-02
dm0 check [[[ 1.51511419e-09  2.24391609e-08  1.89789956e-07 ... -1.14718871e-07
    7.42476447e-07  6.64942226e-08]
  [ 2.24391609e-08  3.34444452e-07  2.75067423e-06 ... -1.77766889e-06
    1.10110533e-05  1.04757680e-06]
  [ 1.89789956e-07  2.75067423e-06  2.57237964e-05 ... -1.02769754e-05
    9.27868492e-05  4.99875006e-06]
  ...
  [-1.14718871e-07 -1.77766889e-06 -1.02769754e-05 ...  2.27166793e-04
    1.81897179e-06 -1.91352357e-04]
  [ 7.42476447e-07  1.10110533e-05  9.27868492e-05 ...  1.81897179e-06
    4.79980307e-04 -1.62432493e-06]
  [ 6.64942226e-08  1.04757680e-06  4.99875006e-06 ... -1.91352357e-04
   -1.62432493e-06  6.55605031e-04]]

 [[ 2.14412365e-09  3.18475863e-08  2.65523719e-07 ... -7.48703664e-08
    1.03578244e-06  2.38436187e-08]
  [ 3.18475863e-08  4.74248201e-07  3.91397267e-06 ... -9.93111847e-07
    1.53190758e-05  2.50154479e-07]
  [ 2.65523719e-07  3.91397267e-06  3.37625531e-05 ... -1.10142723e-05
    1.30901518e-04  4.52866891e-06]
  ...
  [-7.48703664e-08 -9.93111847e-07 -1.10142723e-05 ...  2.49604256e-04
    2.27939113e-06 -2.10130265e-04]
  [ 1.03578244e-06  1.53190758e-05  1.30901518e-04 ...  2.27939113e-06
    5.52938740e-04 -2.04467249e-06]
  [ 2.38436187e-08  2.50154479e-07  4.52866891e-06 ... -2.10130265e-04
   -2.04467249e-06  7.46013338e-04]]]
converged SCF energy = -150.226693714538  <S^2> = 2.0045398  2S+1 = 3.003025
dm0 check [[[ 1.14641058e-09  1.70870836e-08  1.38754091e-07 ... -8.06197530e-08
    6.25414556e-07  4.56928317e-08]
  [ 1.70870836e-08  2.56086243e-07  2.02952989e-06 ... -1.06182743e-06
    9.18278834e-06  7.18409585e-07]
  [ 1.38754091e-07  2.02952989e-06  1.80707747e-05 ... -1.26946942e-05
    8.12949715e-05  3.19888751e-06]
  ...
  [-8.06197530e-08 -1.06182743e-06 -1.26946942e-05 ...  2.39058485e-04
   -1.61702968e-06 -1.68274901e-04]
  [ 6.25414556e-07  9.18278834e-06  8.12949715e-05 ... -1.61702968e-06
    4.44994920e-04 -4.06059658e-06]
  [ 4.56928317e-08  7.18409585e-07  3.19888751e-06 ... -1.68274901e-04
   -4.06059658e-06  5.95722476e-04]]

 [[ 2.53030646e-08  3.85040644e-07  2.83121277e-06 ... -1.48564899e-07
    1.05892535e-07  7.43975703e-08]
  [ 3.85040644e-07  5.86062780e-06  4.30450342e-05 ... -2.17963313e-06
    1.18324342e-06  1.05302253e-06]
  [ 2.83121277e-06  4.30450342e-05  3.17985369e-04 ... -1.75088597e-05
    2.68730124e-05  9.39151241e-06]
  ...
  [-1.48564899e-07 -2.17963313e-06 -1.75088597e-05 ...  2.30571485e-04
    2.08888789e-07 -1.91671086e-04]
  [ 1.05892535e-07  1.18324342e-06  2.68730124e-05 ...  2.08888789e-07
    4.63238060e-04 -3.50208066e-06]
  [ 7.43975703e-08  1.05302253e-06  9.39151241e-06 ... -1.91671086e-04
   -3.50208066e-06  6.49568339e-04]]]
converged SCF energy = -150.244985829838  <S^2> = 0.92979868  2S+1 = 2.1723708
[timing] left/O ensemble SCF = 10.3s
dm0 check [[ 3.79536157e-01  6.12227171e-01 -1.25221698e-01 ...  1.37132727e-06
  -3.68547961e-07 -3.73595991e-06]
 [ 6.12227171e-01  1.01515605e+00 -3.34034966e-01 ...  4.40322641e-06
  -1.79185936e-06 -1.06542294e-05]
 [-1.25221698e-01 -3.34034966e-01  6.75221668e-01 ... -1.01016252e-05
   4.22016628e-06  2.56954561e-05]
 ...
 [ 1.37132727e-06  4.40322641e-06 -1.01016252e-05 ...  8.18719693e-07
  -2.67850203e-07  1.22697432e-07]
 [-3.68547961e-07 -1.79185936e-06  4.22016628e-06 ... -2.67850203e-07
   5.85785840e-07  3.41603735e-08]
 [-3.73595991e-06 -1.06542294e-05  2.56954561e-05 ...  1.22697432e-07
   3.41603735e-08  5.19290254e-07]]


******** <class 'pyscf.scf.addons.SmearingDFRKS'> ********
method = SmearingDFRKS
initial guess = minao
damping factor = 0.15
level_shift factor = 0.2
DIIS = <class 'pyscf.scf.diis.CDIIS'>
diis_start_cycle = 1
diis_space = 12
diis_damp = 0
SCF conv_tol = 5e-05
SCF conv_tol_grad = None
SCF max_cycles = 200
direct_scf = True
direct_scf_tol = 1e-13
chkfile to save SCF result = /tmp/tmpiu3_m7in
max_memory 4000 MB (current use 87293 MB)
XC library pyscf.dft.libxc version 6.1.0
    S. Lehtola, C. Steigemann, M. J.T. Oliveira, and M. A.L. Marques.,  SoftwareX 7, 1–5 (2018)
XC functionals = pbe
    J. P. Perdew, K. Burke, and M. Ernzerhof.,  Phys. Rev. Lett. 77, 3865 (1996)
    J. P. Perdew, K. Burke, and M. Ernzerhof.,  Phys. Rev. Lett. 78, 1396 (1997)
    J. P. Perdew, K. Burke, and M. Ernzerhof.,  Phys. Rev. Lett. 77, 3865 (1996)
    J. P. Perdew, K. Burke, and M. Ernzerhof.,  Phys. Rev. Lett. 78, 1396 (1997)
small_rho_cutoff = 1e-06
Set gradient conv threshold to 0.00707107
    Total E(T) = -12114.9267551868  Free energy = -12115.9466239271  E0 = -12115.436689557
init E= -12114.9267551868
    sigma = 0.02  Optimized mu = -0.0518047887138  entropy = 1.50441516188
    Total E(T) = -12114.9267318477  Free energy = -12114.9568201509  E0 = -12114.9417759993
cycle= 1 E= -12114.9267318477  delta_E= 2.33e-05  |g|= 0.0322  |ddm|= 19.8
    sigma = 0.02  Optimized mu = -0.0519786747077  entropy = 1.50427628637
    Total E(T) = -12114.9264512858  Free energy = -12114.9565368115  E0 = -12114.9414940487
cycle= 2 E= -12114.9264512858  delta_E= 0.000281  |g|= 0.108  |ddm|= 91.7
    sigma = 0.02  Optimized mu = -0.051871529202  entropy = 1.50407949992
    Total E(T) = -12114.9266150952  Free energy = -12114.9566966852  E0 = -12114.9416558902
cycle= 3 E= -12114.9266150952  delta_E= -0.000164  |g|= 0.0593  |ddm|= 38.9
    sigma = 0.02  Optimized mu = -0.0518653147367  entropy = 1.50410336588
    Total E(T) = -12114.926685925  Free energy = -12114.9567679923  E0 = -12114.9417269586
cycle= 4 E= -12114.926685925  delta_E= -7.08e-05  |g|= 0.0416  |ddm|=   14
    sigma = 0.02  Optimized mu = -0.0518634429218  entropy = 1.50411060515
    Total E(T) = -12114.9267203323  Free energy = -12114.9568025444  E0 = -12114.9417614384
cycle= 5 E= -12114.9267203323  delta_E= -3.44e-05  |g|= 0.03  |ddm|=  8.3
    sigma = 0.02  Optimized mu = -0.0518606081834  entropy = 1.50411391465
    Total E(T) = -12114.926737295  Free energy = -12114.9568195733  E0 = -12114.9417784341
cycle= 6 E= -12114.926737295  delta_E= -1.7e-05  |g|= 0.0225  |ddm|= 6.03
    sigma = 0.02  Optimized mu = -0.0518616317275  entropy = 1.50411176116
    Total E(T) = -12114.9267464341  Free energy = -12114.9568286693  E0 = -12114.9417875517
cycle= 7 E= -12114.9267464341  delta_E= -9.14e-06  |g|= 0.0168  |ddm|= 3.62
    sigma = 0.02  Optimized mu = -0.0518593633859  entropy = 1.50412127924
    Total E(T) = -12114.9267515121  Free energy = -12114.9568339377  E0 = -12114.9417927249
cycle= 8 E= -12114.9267515121  delta_E= -5.08e-06  |g|= 0.0127  |ddm|=  2.3
    sigma = 0.02  Optimized mu = -0.0518628062024  entropy = 1.50410331422
    Total E(T) = -12114.9267544472  Free energy = -12114.9568365135  E0 = -12114.9417954803
cycle= 9 E= -12114.9267544472  delta_E= -2.94e-06  |g|= 0.00951  |ddm|= 1.79
    sigma = 0.02  Optimized mu = -0.0518601682798  entropy = 1.50411689749
    Total E(T) = -12114.9267560063  Free energy = -12114.9568383443  E0 = -12114.9417971753
cycle= 10 E= -12114.9267560063  delta_E= -1.56e-06  |g|= 0.00734  |ddm|= 1.46
    sigma = 0.02  Optimized mu = -0.0518607228996  entropy = 1.50411290811
    Total E(T) = -12114.9267569363  Free energy = -12114.9568391945  E0 = -12114.9417980654
cycle= 11 E= -12114.9267569363  delta_E= -9.3e-07  |g|= 0.00574  |ddm|= 1.07
    sigma = 0.02  Optimized mu = -0.151798830721  entropy = 50.9945334716
    Total E(T) = -12114.4011048558  Free energy = -12115.4209955253  E0 = -12114.9110501905
Extra cycle  E= -12114.4011048558  delta_E= 0.526  |g|= 0.402  |ddm|= 4.1e+03
converged SCF energy = -12114.4011048558
dm0 check [[[ 1.89789670e-01  3.06171368e-01 -6.27465123e-02 ...  5.73901350e-07
   -1.88447931e-07 -1.85222243e-06]
  [ 3.06171368e-01  5.07731625e-01 -1.67376372e-01 ...  1.90139899e-06
   -9.07708920e-07 -5.28289836e-06]
  [-6.27465123e-02 -1.67376372e-01  3.38441041e-01 ... -4.33061928e-06
    2.14348626e-06  1.27215667e-05]
  ...
  [ 5.73901350e-07  1.90139899e-06 -4.33061928e-06 ...  4.34503853e-07
   -1.39139328e-07  6.22687604e-08]
  [-1.88447931e-07 -9.07708920e-07  2.14348626e-06 ... -1.39139328e-07
    2.97627495e-07  2.41685902e-08]
  [-1.85222243e-06 -5.28289836e-06  1.27215667e-05 ...  6.22687604e-08
    2.41685902e-08  2.64265244e-07]]

 [[ 1.89769026e-01  3.06115099e-01 -6.26188431e-02 ...  8.04305190e-07
   -1.61188342e-07 -1.73500052e-06]
  [ 3.06115099e-01  5.07581394e-01 -1.67039557e-01 ...  2.52080874e-06
   -8.32059689e-07 -4.96866969e-06]
  [-6.26188431e-02 -1.67039557e-01  3.37688678e-01 ... -5.81154986e-06
    1.94212194e-06  1.19790021e-05]
  ...
  [ 8.04305190e-07  2.52080874e-06 -5.81154986e-06 ...  4.19608979e-07
   -1.40840107e-07  6.51393880e-08]
  [-1.61188342e-07 -8.32059689e-07  1.94212194e-06 ... -1.40840107e-07
    2.98385231e-07  2.07095527e-08]
  [-1.73500052e-06 -4.96866969e-06  1.19790021e-05 ...  6.51393880e-08
    2.07095527e-08  2.53491644e-07]]]


******** <class 'pyscf.scf.addons.SmearingDFUKS'> ********
method = SmearingDFUKS
initial guess = minao
damping factor = 0.15
level_shift factor = 0.2
DIIS = <class 'pyscf.scf.diis.CDIIS'>
diis_start_cycle = 1
diis_space = 12
diis_damp = 0
SCF conv_tol = 5e-05
SCF conv_tol_grad = None
SCF max_cycles = 200
direct_scf = True
direct_scf_tol = 1e-13
chkfile to save SCF result = /tmp/tmp2d_gj1bs
max_memory 4000 MB (current use 87330 MB)
number electrons alpha = 325  beta = 323
XC library pyscf.dft.libxc version 6.1.0
    S. Lehtola, C. Steigemann, M. J.T. Oliveira, and M. A.L. Marques.,  SoftwareX 7, 1–5 (2018)
XC functionals = pbe
    J. P. Perdew, K. Burke, and M. Ernzerhof.,  Phys. Rev. Lett. 77, 3865 (1996)
    J. P. Perdew, K. Burke, and M. Ernzerhof.,  Phys. Rev. Lett. 78, 1396 (1997)
    J. P. Perdew, K. Burke, and M. Ernzerhof.,  Phys. Rev. Lett. 77, 3865 (1996)
    J. P. Perdew, K. Burke, and M. Ernzerhof.,  Phys. Rev. Lett. 78, 1396 (1997)
small_rho_cutoff = 1e-06
Set gradient conv threshold to 0.00707107
    Total E(T) = -12114.482977227  Free energy = -12114.5470577361  E0 = -12114.5150174815
init E= -12114.482977227
    sigma = 0.005  Optimized mu_alpha = -0.196962811972  entropy = 3.34085632705e-07
    sigma = 0.005  Optimized mu_beta  = -0.199518347485  entropy = 3.34085632705e-07
    Total E(T) = -12114.4829633201  Free energy = -12114.4829633218  E0 = -12114.4829633209
cycle= 1 E= -12114.4829633201  delta_E= 1.39e-05  |g|= 0.0356  |ddm|= 12.5
    sigma = 0.005  Optimized mu_alpha = -0.197146860404  entropy = 3.33446864478e-07
    sigma = 0.005  Optimized mu_beta  = -0.19971335903  entropy = 3.33446864478e-07
    Total E(T) = -12114.4828061833  Free energy = -12114.482806185  E0 = -12114.4828061842
cycle= 2 E= -12114.4828061833  delta_E= 0.000157  |g|= 0.114  |ddm|= 56.2
    sigma = 0.005  Optimized mu_alpha = -0.197032519059  entropy = 3.33589906028e-07
    sigma = 0.005  Optimized mu_beta  = -0.199590854738  entropy = 3.33589906028e-07
    Total E(T) = -12114.4828972604  Free energy = -12114.4828972621  E0 = -12114.4828972612
cycle= 3 E= -12114.4828972604  delta_E= -9.11e-05  |g|= 0.0622  |ddm|= 22.4
    sigma = 0.005  Optimized mu_alpha = -0.197028141873  entropy = 3.33617238223e-07
    sigma = 0.005  Optimized mu_beta  = -0.199586120773  entropy = 3.33617238223e-07
    Total E(T) = -12114.4829398983  Free energy = -12114.4829399  E0 = -12114.4829398992
cycle= 4 E= -12114.4829398983  delta_E= -4.26e-05  |g|= 0.0424  |ddm|= 8.76
    sigma = 0.005  Optimized mu_alpha = -0.197022284332  entropy = 3.33637070663e-07
    sigma = 0.005  Optimized mu_beta  = -0.199580123154  entropy = 3.33637070663e-07
    Total E(T) = -12114.4829599705  Free energy = -12114.4829599721  E0 = -12114.4829599713
cycle= 5 E= -12114.4829599705  delta_E= -2.01e-05  |g|= 0.0297  |ddm|=  5.2
    sigma = 0.005  Optimized mu_alpha = -0.197027527487  entropy = 3.33611533048e-07
    sigma = 0.005  Optimized mu_beta  = -0.199585484724  entropy = 3.33611533048e-07
    Total E(T) = -12114.482969685  Free energy = -12114.4829696866  E0 = -12114.4829696858
cycle= 6 E= -12114.482969685  delta_E= -9.71e-06  |g|= 0.0209  |ddm|= 3.38
    sigma = 0.005  Optimized mu_alpha = -0.197022369659  entropy = 3.33625128674e-07
    sigma = 0.005  Optimized mu_beta  = -0.199580258064  entropy = 3.33625128674e-07
    Total E(T) = -12114.4829744807  Free energy = -12114.4829744823  E0 = -12114.4829744815
cycle= 7 E= -12114.4829744807  delta_E= -4.8e-06  |g|= 0.0152  |ddm|= 2.27
    sigma = 0.005  Optimized mu_alpha = -0.19702254897  entropy = 3.33621415445e-07
    sigma = 0.005  Optimized mu_beta  = -0.199580365425  entropy = 3.33621415445e-07
    Total E(T) = -12114.4829769757  Free energy = -12114.4829769774  E0 = -12114.4829769765
cycle= 8 E= -12114.4829769757  delta_E= -2.5e-06  |g|= 0.0109  |ddm|= 1.45
    sigma = 0.005  Optimized mu_alpha = -0.197023557856  entropy = 3.33630303525e-07
    sigma = 0.005  Optimized mu_beta  = -0.199581243059  entropy = 3.33630303525e-07
    Total E(T) = -12114.4829782258  Free energy = -12114.4829782275  E0 = -12114.4829782267
cycle= 9 E= -12114.4829782258  delta_E= -1.25e-06  |g|= 0.00815  |ddm|= 1.23
    sigma = 0.005  Optimized mu_alpha = -0.19702404774  entropy = 3.33618686497e-07
    sigma = 0.005  Optimized mu_beta  = -0.199581854325  entropy = 3.33618686497e-07
    Total E(T) = -12114.4829788947  Free energy = -12114.4829788964  E0 = -12114.4829788956
cycle= 10 E= -12114.4829788947  delta_E= -6.69e-07  |g|= 0.00602  |ddm|= 0.86
    sigma = 0.005  Optimized mu_alpha = -0.296559706869  entropy = 12.8169463332
    sigma = 0.005  Optimized mu_beta  = -0.299451789593  entropy = 12.8169463332
    Total E(T) = -12114.4475244488  Free energy = -12114.5116091805  E0 = -12114.4795668147
Extra cycle  E= -12114.4475244488  delta_E= 0.0355  |g|= 0.223  |ddm|=  893
converged SCF energy = -12114.4475244488  <S^2> = 3.7627008  2S+1 = 4.0063454
[timing] right/Al ensemble SCF = 1319.1s
[timing] collect state = 0.0s
[timing] grad contraction = 3.1s
Npdft 666.00003404219
[timing] checkpoint save = 0.0s
step=  32 L=-12265.50233221 Ef=-12265.50850504 L1=1.00347502e+00 |grad|=1.90457e-02 t=1533.0s
[phase2 outer 16] previous L = -12265.52582273
[phase2 outer 16] new L = -12265.50233221
[phase2 outer 16] dL = 2.34905160e-02
[phase2 outer 16] previous Ef = -12265.53187300
[phase2 outer 16] new Ef = -12265.50850504
[phase2 outer 16] dEf = 2.33679660e-02
[phase2 outer 16] |db| = 1.26837e-02
[phase2 outer 16] |grad| = 1.90457e-02
[phase2 outer 16] last_Ef = -12265.531873002421
[phase2 outer 16] adaptive max_step_norm = 1.000000e-01
[phase2 outer 16] delta = 2.735878e-03
[phase2 outer 16] raw_step_norm = 1.268369e-02
[phase2 outer 16] capped_step_norm = 1.268369e-02
[phase2 outer 16] dL = 0.02349051604142005
[phase2 outer 16] dEf = 0.023367965966826887
[phase2 outer 16] |grad| = 1.904574e-02
[phase2 outer 16] raw_step_norm=1.268369e-02 capped_step_norm=1.268369e-02 raw_max_abs_step=2.735878e-03 capped_max_abs_step=2.735878e-03 step_cap=1.000000e-01 line_search_alpha=n/a
[phase2 outer 16] res.fun = 12265.50233221
[phase2 outer 16] res.message = STOP: TOTAL NO. of ITERATIONS REACHED LIMIT
[phase2 outer 16] finished message=STOP: TOTAL NO. of ITERATIONS REACHED LIMIT |b|=4.323051e-01
[phase2 outer 17] start |b|=4.323051e-01 max|b|=6.265161e-02 delta=2.736e-03
[diagnostic] step=33 |b|=4.323051e-01 max|b|=6.265161e-02
[timing] build AO Vp from S3 = 1.6s
[diagnostic] |vpl|=4.342339e-01 max|vpl|=6.086965e-02
[diagnostic] |vpr|=5.980315e-01 max|vpr|=4.741048e-02
[diagnostic] |vpref|=6.767892e-01 max|vpref|=6.084230e-02
dm0 check [[[ 1.51511353e-09  2.24391579e-08  1.89789860e-07 ... -1.14719181e-07
    7.42477358e-07  6.64945084e-08]
  [ 2.24391579e-08  3.34444565e-07  2.75067291e-06 ... -1.77767427e-06
    1.10110627e-05  1.04758203e-06]
  [ 1.89789860e-07  2.75067291e-06  2.57237809e-05 ... -1.02770183e-05
    9.27869827e-05  4.99878842e-06]
  ...
  [-1.14719181e-07 -1.77767427e-06 -1.02770183e-05 ...  2.27166648e-04
    1.81897026e-06 -1.91352235e-04]
  [ 7.42477358e-07  1.10110627e-05  9.27869827e-05 ...  1.81897026e-06
    4.79980222e-04 -1.62432592e-06]
  [ 6.64945084e-08  1.04758203e-06  4.99878842e-06 ... -1.91352235e-04
   -1.62432592e-06  6.55604839e-04]]

 [[ 2.14412327e-09  3.18475803e-08  2.65523758e-07 ... -7.48709467e-08
    1.03578276e-06  2.38441179e-08]
  [ 3.18475803e-08  4.74248171e-07  3.91397247e-06 ... -9.93115747e-07
    1.53190791e-05  2.50157983e-07]
  [ 2.65523758e-07  3.91397247e-06  3.37625612e-05 ... -1.10143114e-05
    1.30901578e-04  4.52870194e-06]
  ...
  [-7.48709467e-08 -9.93115747e-07 -1.10143114e-05 ...  2.49604150e-04
    2.27939003e-06 -2.10130175e-04]
  [ 1.03578276e-06  1.53190791e-05  1.30901578e-04 ...  2.27939003e-06
    5.52939040e-04 -2.04467369e-06]
  [ 2.38441179e-08  2.50157983e-07  4.52870194e-06 ... -2.10130175e-04
   -2.04467369e-06  7.46013570e-04]]]
converged SCF energy = -150.226693714539  <S^2> = 2.0045398  2S+1 = 3.003025
dm0 check [[[ 1.14641027e-09  1.70870789e-08  1.38754062e-07 ... -8.06197149e-08
    6.25414480e-07  4.56928192e-08]
  [ 1.70870789e-08  2.56086169e-07  2.02952949e-06 ... -1.06182724e-06
    9.18278730e-06  7.18409426e-07]
  [ 1.38754062e-07  2.02952949e-06  1.80707721e-05 ... -1.26946923e-05
    8.12949635e-05  3.19888610e-06]
  ...
  [-8.06197149e-08 -1.06182724e-06 -1.26946923e-05 ...  2.39058501e-04
   -1.61703610e-06 -1.68274906e-04]
  [ 6.25414480e-07  9.18278730e-06  8.12949635e-05 ... -1.61703610e-06
    4.44994921e-04 -4.06059986e-06]
  [ 4.56928192e-08  7.18409426e-07  3.19888610e-06 ... -1.68274906e-04
   -4.06059986e-06  5.95722483e-04]]

 [[ 2.53030551e-08  3.85040499e-07  2.83121170e-06 ... -1.48564858e-07
    1.05892617e-07  7.43976574e-08]
  [ 3.85040499e-07  5.86062559e-06  4.30450180e-05 ... -2.17963275e-06
    1.18324490e-06  1.05302407e-06]
  [ 2.83121170e-06  4.30450180e-05  3.17985249e-04 ... -1.75088560e-05
    2.68730213e-05  9.39152307e-06]
  ...
  [-1.48564858e-07 -2.17963275e-06 -1.75088560e-05 ...  2.30571491e-04
    2.08889089e-07 -1.91671091e-04]
  [ 1.05892617e-07  1.18324490e-06  2.68730213e-05 ...  2.08889089e-07
    4.63238056e-04 -3.50207591e-06]
  [ 7.43976574e-08  1.05302407e-06  9.39152307e-06 ... -1.91671091e-04
   -3.50207591e-06  6.49568337e-04]]]
converged SCF energy = -150.244985829837  <S^2> = 0.92979971  2S+1 = 2.1723717
[timing] left/O ensemble SCF = 11.0s
dm0 check [[ 3.79535872e-01  6.12226980e-01 -1.25221409e-01 ...  1.40657367e-06
  -3.40587049e-07 -3.84344721e-06]
 [ 6.12226980e-01  1.01515603e+00 -3.34034034e-01 ...  4.49839916e-06
  -1.71648198e-06 -1.09442147e-05]
 [-1.25221409e-01 -3.34034034e-01  6.75219385e-01 ... -1.03329889e-05
   4.03805402e-06  2.63982775e-05]
 ...
 [ 1.40657367e-06  4.49839916e-06 -1.03329889e-05 ...  8.13935011e-07
  -2.68816517e-07  1.25082064e-07]
 [-3.40587049e-07 -1.71648198e-06  4.03805402e-06 ... -2.68816517e-07
   5.87754813e-07  3.01867883e-08]
 [-3.84344721e-06 -1.09442147e-05  2.63982775e-05 ...  1.25082064e-07
   3.01867883e-08  5.40488260e-07]]


******** <class 'pyscf.scf.addons.SmearingDFRKS'> ********
method = SmearingDFRKS
initial guess = minao
damping factor = 0.15
level_shift factor = 0.2
DIIS = <class 'pyscf.scf.diis.CDIIS'>
diis_start_cycle = 1
diis_space = 12
diis_damp = 0
SCF conv_tol = 5e-05
SCF conv_tol_grad = None
SCF max_cycles = 200
direct_scf = True
direct_scf_tol = 1e-13
chkfile to save SCF result = /tmp/tmpiu3_m7in
max_memory 4000 MB (current use 87405 MB)
XC library pyscf.dft.libxc version 6.1.0
    S. Lehtola, C. Steigemann, M. J.T. Oliveira, and M. A.L. Marques.,  SoftwareX 7, 1–5 (2018)
XC functionals = pbe
    J. P. Perdew, K. Burke, and M. Ernzerhof.,  Phys. Rev. Lett. 77, 3865 (1996)
    J. P. Perdew, K. Burke, and M. Ernzerhof.,  Phys. Rev. Lett. 78, 1396 (1997)
    J. P. Perdew, K. Burke, and M. Ernzerhof.,  Phys. Rev. Lett. 77, 3865 (1996)
    J. P. Perdew, K. Burke, and M. Ernzerhof.,  Phys. Rev. Lett. 78, 1396 (1997)
small_rho_cutoff = 1e-06
Set gradient conv threshold to 0.00707107
    Total E(T) = -12114.926756936  Free energy = -12115.9466476055  E0 = -12115.4367022707
init E= -12114.926756936
    sigma = 0.02  Optimized mu = -0.0518367275549  entropy = 1.50424880527
    Total E(T) = -12114.9267442403  Free energy = -12114.9568292164  E0 = -12114.9417867283
cycle= 1 E= -12114.9267442403  delta_E= 1.27e-05  |g|= 0.0237  |ddm|= 15.7
    sigma = 0.02  Optimized mu = -0.0519221563395  entropy = 1.50419821623
    Total E(T) = -12114.9265921619  Free energy = -12114.9566761262  E0 = -12114.941634144
cycle= 2 E= -12114.9265921619  delta_E= 0.000152  |g|= 0.0802  |ddm|= 68.5
    sigma = 0.02  Optimized mu = -0.0518654811262  entropy = 1.5040909773
    Total E(T) = -12114.9266804067  Free energy = -12114.9567622262  E0 = -12114.9417213164
cycle= 3 E= -12114.9266804067  delta_E= -8.82e-05  |g|= 0.0442  |ddm|= 28.5
    sigma = 0.02  Optimized mu = -0.0518626494363  entropy = 1.50410314168
    Total E(T) = -12114.9267185003  Free energy = -12114.9568005631  E0 = -12114.9417595317
cycle= 4 E= -12114.9267185003  delta_E= -3.81e-05  |g|= 0.0312  |ddm|= 10.4
    sigma = 0.02  Optimized mu = -0.0518618002198  entropy = 1.50410697562
    Total E(T) = -12114.9267371422  Free energy = -12114.9568192817  E0 = -12114.9417782119
cycle= 5 E= -12114.9267371422  delta_E= -1.86e-05  |g|= 0.0226  |ddm|= 6.18
    sigma = 0.02  Optimized mu = -0.0518604381647  entropy = 1.50411066894
    Total E(T) = -12114.9267465225  Free energy = -12114.9568287359  E0 = -12114.9417876292
cycle= 6 E= -12114.9267465225  delta_E= -9.38e-06  |g|= 0.017  |ddm|= 4.32
    sigma = 0.02  Optimized mu = -0.0518609269534  entropy = 1.50410962323
    Total E(T) = -12114.9267516675  Free energy = -12114.95683386  E0 = -12114.9417927637
cycle= 7 E= -12114.9267516675  delta_E= -5.14e-06  |g|= 0.0127  |ddm|=  2.7
    sigma = 0.02  Optimized mu = -0.0518587079346  entropy = 1.50412051271
    Total E(T) = -12114.9267544585  Free energy = -12114.9568368688  E0 = -12114.9417956636
cycle= 8 E= -12114.9267544585  delta_E= -2.79e-06  |g|= 0.00968  |ddm|= 1.78
    sigma = 0.02  Optimized mu = -0.0518612016936  entropy = 1.5041087745
    Total E(T) = -12114.9267560769  Free energy = -12114.9568382524  E0 = -12114.9417971647
cycle= 9 E= -12114.9267560769  delta_E= -1.62e-06  |g|= 0.00743  |ddm|=  1.3
    sigma = 0.02  Optimized mu = -0.0518604829407  entropy = 1.50411372028
    Total E(T) = -12114.9267569642  Free energy = -12114.9568392386  E0 = -12114.9417981014
cycle= 10 E= -12114.9267569642  delta_E= -8.87e-07  |g|= 0.00585  |ddm|= 1.01
    sigma = 0.02  Optimized mu = -0.151807038357  entropy = 50.9940857643
    Total E(T) = -12114.4012073462  Free energy = -12115.4210890615  E0 = -12114.9111482038
Extra cycle  E= -12114.4012073462  delta_E= 0.526  |g|= 0.401  |ddm|= 4.11e+03
converged SCF energy = -12114.4012073462
dm0 check [[[ 1.89789530e-01  3.06171277e-01 -6.27463828e-02 ...  5.89631748e-07
   -1.75675325e-07 -1.90220674e-06]
  [ 3.06171277e-01  5.07731624e-01 -1.67375947e-01 ...  1.94385541e-06
   -8.73295903e-07 -5.41767559e-06]
  [-6.27463828e-02 -1.67375947e-01  3.38440025e-01 ... -4.43365647e-06
    2.06052355e-06  1.30475600e-05]
  ...
  [ 5.89631748e-07  1.94385541e-06 -4.43365647e-06 ...  4.31996956e-07
   -1.39701259e-07  6.37220408e-08]
  [-1.75675325e-07 -8.73295903e-07  2.06052355e-06 ... -1.39701259e-07
    2.98487478e-07  2.24625591e-08]
  [-1.90220674e-06 -5.41767559e-06  1.30475600e-05 ...  6.37220408e-08
    2.24625591e-08  2.74219002e-07]]

 [[ 1.89768865e-01  3.06114954e-01 -6.26185801e-02 ...  8.19260904e-07
   -1.48123098e-07 -1.78493412e-06]
  [ 3.06114954e-01  5.07581252e-01 -1.67038769e-01 ...  2.56121347e-06
   -7.96827776e-07 -5.10342802e-06]
  [-6.26185801e-02 -1.67038769e-01  3.37686746e-01 ... -5.90997737e-06
    1.85690095e-06  1.23060475e-05]
  ...
  [ 8.19260904e-07  2.56121347e-06 -5.90997737e-06 ...  4.17147828e-07
   -1.41367310e-07  6.65689940e-08]
  [-1.48123098e-07 -7.96827776e-07  1.85690095e-06 ... -1.41367310e-07
    2.99312014e-07  1.88870990e-08]
  [-1.78493412e-06 -5.10342802e-06  1.23060475e-05 ...  6.65689940e-08
    1.88870990e-08  2.63316307e-07]]]


******** <class 'pyscf.scf.addons.SmearingDFUKS'> ********
method = SmearingDFUKS
initial guess = minao
damping factor = 0.15
level_shift factor = 0.2
DIIS = <class 'pyscf.scf.diis.CDIIS'>
diis_start_cycle = 1
diis_space = 12
diis_damp = 0
SCF conv_tol = 5e-05
SCF conv_tol_grad = None
SCF max_cycles = 200
direct_scf = True
direct_scf_tol = 1e-13
chkfile to save SCF result = /tmp/tmp2d_gj1bs
max_memory 4000 MB (current use 87423 MB)
number electrons alpha = 325  beta = 323
XC library pyscf.dft.libxc version 6.1.0
    S. Lehtola, C. Steigemann, M. J.T. Oliveira, and M. A.L. Marques.,  SoftwareX 7, 1–5 (2018)
XC functionals = pbe
    J. P. Perdew, K. Burke, and M. Ernzerhof.,  Phys. Rev. Lett. 77, 3865 (1996)
    J. P. Perdew, K. Burke, and M. Ernzerhof.,  Phys. Rev. Lett. 78, 1396 (1997)
    J. P. Perdew, K. Burke, and M. Ernzerhof.,  Phys. Rev. Lett. 77, 3865 (1996)
    J. P. Perdew, K. Burke, and M. Ernzerhof.,  Phys. Rev. Lett. 78, 1396 (1997)
small_rho_cutoff = 1e-06
Set gradient conv threshold to 0.00707107
    Total E(T) = -12114.4829788948  Free energy = -12114.5470636265  E0 = -12114.5150212606
init E= -12114.4829788948
    sigma = 0.005  Optimized mu_alpha = -0.196995074353  entropy = 3.33826406411e-07
    sigma = 0.005  Optimized mu_beta  = -0.199551614029  entropy = 3.33826406411e-07
    Total E(T) = -12114.4829723172  Free energy = -12114.4829723188  E0 = -12114.482972318
cycle= 1 E= -12114.4829723172  delta_E= 6.58e-06  |g|= 0.0243  |ddm|= 9.64
    sigma = 0.005  Optimized mu_alpha = -0.197092827368  entropy = 3.3346331096e-07
    sigma = 0.005  Optimized mu_beta  = -0.199655289654  entropy = 3.3346331096e-07
    Total E(T) = -12114.4828993451  Free energy = -12114.4828993468  E0 = -12114.482899346
cycle= 2 E= -12114.4828993451  delta_E= 7.3e-05  |g|= 0.0784  |ddm|=   38
    sigma = 0.005  Optimized mu_alpha = -0.197028409692  entropy = 3.33587643305e-07
    sigma = 0.005  Optimized mu_beta  = -0.199586528089  entropy = 3.33587643305e-07
    Total E(T) = -12114.4829410619  Free energy = -12114.4829410636  E0 = -12114.4829410627
cycle= 3 E= -12114.4829410619  delta_E= -4.17e-05  |g|= 0.0432  |ddm|=   15
    sigma = 0.005  Optimized mu_alpha = -0.197026007288  entropy = 3.33605309855e-07
    sigma = 0.005  Optimized mu_beta  = -0.199583924743  entropy = 3.33605309855e-07
    Total E(T) = -12114.4829607074  Free energy = -12114.482960709  E0 = -12114.4829607082
cycle= 4 E= -12114.4829607074  delta_E= -1.96e-05  |g|= 0.0298  |ddm|= 5.87
    sigma = 0.005  Optimized mu_alpha = -0.197023360687  entropy = 3.3361705331e-07
    sigma = 0.005  Optimized mu_beta  = -0.199581166574  entropy = 3.3361705331e-07
    Total E(T) = -12114.4829700788  Free energy = -12114.4829700805  E0 = -12114.4829700796
cycle= 5 E= -12114.4829700788  delta_E= -9.37e-06  |g|= 0.0211  |ddm|= 3.48
    sigma = 0.005  Optimized mu_alpha = -0.197025940211  entropy = 3.33606561908e-07
    sigma = 0.005  Optimized mu_beta  = -0.199583827736  entropy = 3.33606561908e-07
    Total E(T) = -12114.4829746821  Free energy = -12114.4829746838  E0 = -12114.4829746829
cycle= 6 E= -12114.4829746821  delta_E= -4.6e-06  |g|= 0.0152  |ddm|=  2.3
    sigma = 0.005  Optimized mu_alpha = -0.197022866175  entropy = 3.33616488879e-07
    sigma = 0.005  Optimized mu_beta  = -0.199580712255  entropy = 3.33616488879e-07
    Total E(T) = -12114.4829770369  Free energy = -12114.4829770386  E0 = -12114.4829770378
cycle= 7 E= -12114.4829770369  delta_E= -2.35e-06  |g|= 0.0111  |ddm|= 1.53
    sigma = 0.005  Optimized mu_alpha = -0.197022876845  entropy = 3.33616638877e-07
    sigma = 0.005  Optimized mu_beta  = -0.19958069189  entropy = 3.33616638877e-07
    Total E(T) = -12114.4829782685  Free energy = -12114.4829782701  E0 = -12114.4829782693
cycle= 8 E= -12114.4829782685  delta_E= -1.23e-06  |g|= 0.00818  |ddm|= 1.02
    sigma = 0.005  Optimized mu_alpha = -0.197023701498  entropy = 3.3361571649e-07
    sigma = 0.005  Optimized mu_beta  = -0.199581513516  entropy = 3.3361571649e-07
    Total E(T) = -12114.4829789052  Free energy = -12114.4829789068  E0 = -12114.482978906
cycle= 9 E= -12114.4829789052  delta_E= -6.37e-07  |g|= 0.0062  |ddm|= 0.727
    sigma = 0.005  Optimized mu_alpha = -0.296563286675  entropy = 12.8169724229
    sigma = 0.005  Optimized mu_beta  = -0.299455377272  entropy = 12.8169724229
    Total E(T) = -12114.4475212658  Free energy = -12114.5116061279  E0 = -12114.4795636968
Extra cycle  E= -12114.4475212658  delta_E= 0.0355  |g|= 0.224  |ddm|=  893
converged SCF energy = -12114.4475212658  <S^2> = 3.7627021  2S+1 = 4.006346
[timing] right/Al ensemble SCF = 1201.6s
[timing] collect state = 0.0s
[timing] grad contraction = 3.1s
Npdft 666.00003404188
[timing] checkpoint save = 0.0s
step=  33 L=-12265.50242382 Ef=-12265.50859160 L1=1.00329994e+00 |grad|=1.90429e-02 t=1415.0s
[diagnostic] step=34 |b|=4.432718e-01 max|b|=6.538749e-02
[timing] build AO Vp from S3 = 1.6s
[diagnostic] |vpl|=4.497691e-01 max|vpl|=6.374230e-02
[diagnostic] |vpr|=6.088178e-01 max|vpr|=4.974281e-02
[diagnostic] |vpref|=6.920349e-01 max|vpref|=6.371249e-02
dm0 check [[[ 1.51511422e-09  2.24391610e-08  1.89789960e-07 ... -1.14718857e-07
    7.42476405e-07  6.64942094e-08]
  [ 2.24391610e-08  3.34444446e-07  2.75067429e-06 ... -1.77766865e-06
    1.10110529e-05  1.04757656e-06]
  [ 1.89789960e-07  2.75067429e-06  2.57237971e-05 ... -1.02769734e-05
    9.27868431e-05  4.99874830e-06]
  ...
  [-1.14718857e-07 -1.77766865e-06 -1.02769734e-05 ...  2.27166800e-04
    1.81897186e-06 -1.91352362e-04]
  [ 7.42476405e-07  1.10110529e-05  9.27868431e-05 ...  1.81897186e-06
    4.79980311e-04 -1.62432488e-06]
  [ 6.64942094e-08  1.04757656e-06  4.99874830e-06 ... -1.91352362e-04
   -1.62432488e-06  6.55605040e-04]]

 [[ 2.14412367e-09  3.18475866e-08  2.65523717e-07 ... -7.48703397e-08
    1.03578243e-06  2.38435957e-08]
  [ 3.18475866e-08  4.74248202e-07  3.91397268e-06 ... -9.93111668e-07
    1.53190757e-05  2.50154318e-07]
  [ 2.65523717e-07  3.91397268e-06  3.37625528e-05 ... -1.10142705e-05
    1.30901516e-04  4.52866739e-06]
  ...
  [-7.48703397e-08 -9.93111668e-07 -1.10142705e-05 ...  2.49604261e-04
    2.27939118e-06 -2.10130269e-04]
  [ 1.03578243e-06  1.53190757e-05  1.30901516e-04 ...  2.27939118e-06
    5.52938726e-04 -2.04467243e-06]
  [ 2.38435957e-08  2.50154318e-07  4.52866739e-06 ... -2.10130269e-04
   -2.04467243e-06  7.46013327e-04]]]
converged SCF energy = -150.226693714539  <S^2> = 2.0045398  2S+1 = 3.003025
dm0 check [[[ 1.14641031e-09  1.70870819e-08  1.38754067e-07 ... -8.06198498e-08
    6.25414557e-07  4.56929310e-08]
  [ 1.70870819e-08  2.56086249e-07  2.02952993e-06 ... -1.06182884e-06
    9.18278982e-06  7.18410491e-07]
  [ 1.38754067e-07  2.02952993e-06  1.80707734e-05 ... -1.26946970e-05
    8.12949868e-05  3.19889570e-06]
  ...
  [-8.06198498e-08 -1.06182884e-06 -1.26946970e-05 ...  2.39058410e-04
   -1.61704780e-06 -1.68274959e-04]
  [ 6.25414557e-07  9.18278982e-06  8.12949868e-05 ... -1.61704780e-06
    4.44995056e-04 -4.06061989e-06]
  [ 4.56929310e-08  7.18410491e-07  3.19889570e-06 ... -1.68274959e-04
   -4.06061989e-06  5.95722662e-04]]

 [[ 2.53032124e-08  3.85042894e-07  2.83122891e-06 ... -1.48565276e-07
    1.05892092e-07  7.43979015e-08]
  [ 3.85042894e-07  5.86066205e-06  4.30452800e-05 ... -2.17963791e-06
    1.18323740e-06  1.05302671e-06]
  [ 2.83122891e-06  4.30452800e-05  3.17987131e-04 ... -1.75088984e-05
    2.68729732e-05  9.39154593e-06]
  ...
  [-1.48565276e-07 -2.17963791e-06 -1.75088984e-05 ...  2.30571537e-04
    2.08879954e-07 -1.91671136e-04]
  [ 1.05892092e-07  1.18323740e-06  2.68729732e-05 ...  2.08879954e-07
    4.63238241e-04 -3.50209316e-06]
  [ 7.43979015e-08  1.05302671e-06  9.39154593e-06 ... -1.91671136e-04
   -3.50209316e-06  6.49568615e-04]]]
converged SCF energy = -150.244985829814  <S^2> = 0.92978691  2S+1 = 2.1723599
[timing] left/O ensemble SCF = 12.3s
dm0 check [[ 3.79535879e-01  6.12226996e-01 -1.25221454e-01 ...  1.40685909e-06
  -3.40745293e-07 -3.84353988e-06]
 [ 6.12226996e-01  1.01515607e+00 -3.34034150e-01 ...  4.49916945e-06
  -1.71690897e-06 -1.09444643e-05]
 [-1.25221454e-01 -3.34034150e-01  6.75219684e-01 ... -1.03348605e-05
   4.03909147e-06  2.63988796e-05]
 ...
 [ 1.40685909e-06  4.49916945e-06 -1.03348605e-05 ...  8.13923521e-07
  -2.68808331e-07  1.25082471e-07]
 [-3.40745293e-07 -1.71690897e-06  4.03909147e-06 ... -2.68808331e-07
   5.87735998e-07  3.01938723e-08]
 [-3.84353988e-06 -1.09444643e-05  2.63988796e-05 ...  1.25082471e-07
   3.01938723e-08  5.40486432e-07]]


******** <class 'pyscf.scf.addons.SmearingDFRKS'> ********
method = SmearingDFRKS
initial guess = minao
damping factor = 0.15
level_shift factor = 0.2
DIIS = <class 'pyscf.scf.diis.CDIIS'>
diis_start_cycle = 1
diis_space = 12
diis_damp = 0
SCF conv_tol = 5e-05
SCF conv_tol_grad = None
SCF max_cycles = 200
direct_scf = True
direct_scf_tol = 1e-13
chkfile to save SCF result = /tmp/tmpiu3_m7in
max_memory 4000 MB (current use 87274 MB)
XC library pyscf.dft.libxc version 6.1.0
    S. Lehtola, C. Steigemann, M. J.T. Oliveira, and M. A.L. Marques.,  SoftwareX 7, 1–5 (2018)
XC functionals = pbe
    J. P. Perdew, K. Burke, and M. Ernzerhof.,  Phys. Rev. Lett. 77, 3865 (1996)
    J. P. Perdew, K. Burke, and M. Ernzerhof.,  Phys. Rev. Lett. 78, 1396 (1997)
    J. P. Perdew, K. Burke, and M. Ernzerhof.,  Phys. Rev. Lett. 77, 3865 (1996)
    J. P. Perdew, K. Burke, and M. Ernzerhof.,  Phys. Rev. Lett. 78, 1396 (1997)
small_rho_cutoff = 1e-06
Set gradient conv threshold to 0.00707107
    Total E(T) = -12114.8971925994  Free energy = -12115.9170743147  E0 = -12115.4071334571
init E= -12114.8971925994
    sigma = 0.02  Optimized mu = -0.0518081633832  entropy = 1.50462524087
    Total E(T) = -12114.8971739285  Free energy = -12114.9272664333  E0 = -12114.9122201809
cycle= 1 E= -12114.8971739285  delta_E= 1.87e-05  |g|= 0.0288  |ddm|= 17.9
    sigma = 0.02  Optimized mu = -0.0519652790147  entropy = 1.50444988258
    Total E(T) = -12114.8969501405  Free energy = -12114.9270391382  E0 = -12114.9119946393
cycle= 2 E= -12114.8969501405  delta_E= 0.000224  |g|= 0.0965  |ddm|= 82.4
    sigma = 0.02  Optimized mu = -0.0518690416515  entropy = 1.50432661616
    Total E(T) = -12114.8970806457  Free energy = -12114.927167178  E0 = -12114.9121239119
cycle= 3 E= -12114.8970806457  delta_E= -0.000131  |g|= 0.0531  |ddm|= 34.7
    sigma = 0.02  Optimized mu = -0.0518634171907  entropy = 1.50434966358
    Total E(T) = -12114.8971372705  Free energy = -12114.9272242638  E0 = -12114.9121807672
cycle= 4 E= -12114.8971372705  delta_E= -5.66e-05  |g|= 0.0373  |ddm|= 12.4
    sigma = 0.02  Optimized mu = -0.0518619696492  entropy = 1.50435537937
    Total E(T) = -12114.8971647668  Free energy = -12114.9272518744  E0 = -12114.9122083206
cycle= 5 E= -12114.8971647668  delta_E= -2.75e-05  |g|= 0.0268  |ddm|= 7.43
    sigma = 0.02  Optimized mu = -0.0518588951405  entropy = 1.50436166998
    Total E(T) = -12114.8971782749  Free energy = -12114.9272655083  E0 = -12114.9122218916
cycle= 6 E= -12114.8971782749  delta_E= -1.35e-05  |g|= 0.0201  |ddm|= 5.52
    sigma = 0.02  Optimized mu = -0.0518601369298  entropy = 1.50435827728
    Total E(T) = -12114.8971855714  Free energy = -12114.927272737  E0 = -12114.9122291542
cycle= 7 E= -12114.8971855714  delta_E= -7.3e-06  |g|= 0.0151  |ddm|= 3.27
    sigma = 0.02  Optimized mu = -0.0518582165596  entropy = 1.5043662496
    Total E(T) = -12114.8971896468  Free energy = -12114.9272769718  E0 = -12114.9122333093
cycle= 8 E= -12114.8971896468  delta_E= -4.08e-06  |g|= 0.0114  |ddm|= 2.05
    sigma = 0.02  Optimized mu = -0.0518611867417  entropy = 1.50435043432
    Total E(T) = -12114.8971920133  Free energy = -12114.927279022  E0 = -12114.9122355176
cycle= 9 E= -12114.8971920133  delta_E= -2.37e-06  |g|= 0.00861  |ddm|= 1.59
    sigma = 0.02  Optimized mu = -0.0518588531824  entropy = 1.50436257065
    Total E(T) = -12114.8971932769  Free energy = -12114.9272805283  E0 = -12114.9122369026
cycle= 10 E= -12114.8971932769  delta_E= -1.26e-06  |g|= 0.00664  |ddm|= 1.28
    sigma = 0.02  Optimized mu = -0.151794322123  entropy = 50.9955601026
    Total E(T) = -12114.3713621539  Free energy = -12115.391273356  E0 = -12114.881317755
Extra cycle  E= -12114.3713621539  delta_E= 0.526  |g|= 0.409  |ddm|= 4.1e+03
converged SCF energy = -12114.3713621539
dm0 check [[[ 1.89789530e-01  3.06171276e-01 -6.27463847e-02 ...  5.89718453e-07
   -1.75698385e-07 -1.90225891e-06]
  [ 3.06171276e-01  5.07731624e-01 -1.67375952e-01 ...  1.94408888e-06
   -8.73358046e-07 -5.41781633e-06]
  [-6.27463847e-02 -1.67375952e-01  3.38440049e-01 ... -4.43421803e-06
    2.06067415e-06  1.30479001e-05]
  ...
  [ 5.89718453e-07  1.94408888e-06 -4.43421803e-06 ...  4.32006038e-07
   -1.39704372e-07  6.37274701e-08]
  [-1.75698385e-07 -8.73358046e-07  2.06067415e-06 ... -1.39704372e-07
    2.98482243e-07  2.24662727e-08]
  [-1.90225891e-06 -5.41781633e-06  1.30479001e-05 ...  6.37274701e-08
    2.24662727e-08  2.74216809e-07]]

 [[ 1.89768866e-01  3.06114956e-01 -6.26185858e-02 ...  8.19215554e-07
   -1.48225956e-07 -1.78483593e-06]
  [ 3.06114956e-01  5.07581256e-01 -1.67038784e-01 ...  2.56109110e-06
   -7.97105617e-07 -5.10316251e-06]
  [-6.26185858e-02 -1.67038784e-01  3.37686788e-01 ... -5.90968108e-06
    1.85757807e-06  1.23053980e-05]
  ...
  [ 8.19215554e-07  2.56109110e-06 -5.90968108e-06 ...  4.17156735e-07
   -1.41366955e-07  6.65742003e-08]
  [-1.48225956e-07 -7.97105617e-07  1.85757807e-06 ... -1.41366955e-07
    2.99306562e-07  1.88931001e-08]
  [-1.78483593e-06 -5.10316251e-06  1.23053980e-05 ...  6.65742003e-08
    1.88931001e-08  2.63313846e-07]]]


******** <class 'pyscf.scf.addons.SmearingDFUKS'> ********
method = SmearingDFUKS
initial guess = minao
damping factor = 0.15
level_shift factor = 0.2
DIIS = <class 'pyscf.scf.diis.CDIIS'>
diis_start_cycle = 1
diis_space = 12
diis_damp = 0
SCF conv_tol = 5e-05
SCF conv_tol_grad = None
SCF max_cycles = 200
direct_scf = True
direct_scf_tol = 1e-13
chkfile to save SCF result = /tmp/tmp2d_gj1bs
max_memory 4000 MB (current use 87274 MB)
number electrons alpha = 325  beta = 323
XC library pyscf.dft.libxc version 6.1.0
    S. Lehtola, C. Steigemann, M. J.T. Oliveira, and M. A.L. Marques.,  SoftwareX 7, 1–5 (2018)
XC functionals = pbe
    J. P. Perdew, K. Burke, and M. Ernzerhof.,  Phys. Rev. Lett. 77, 3865 (1996)
    J. P. Perdew, K. Burke, and M. Ernzerhof.,  Phys. Rev. Lett. 78, 1396 (1997)
    J. P. Perdew, K. Burke, and M. Ernzerhof.,  Phys. Rev. Lett. 77, 3865 (1996)
    J. P. Perdew, K. Burke, and M. Ernzerhof.,  Phys. Rev. Lett. 78, 1396 (1997)
small_rho_cutoff = 1e-06
Set gradient conv threshold to 0.00707107
    Total E(T) = -12114.4534530596  Free energy = -12114.5175379217  E0 = -12114.4854954906
init E= -12114.4534530596
    sigma = 0.005  Optimized mu_alpha = -0.196961720109  entropy = 3.34333821687e-07
    sigma = 0.005  Optimized mu_beta  = -0.199516126623  entropy = 3.34333821687e-07
    Total E(T) = -12114.453441715  Free energy = -12114.4534417167  E0 = -12114.4534417158
cycle= 1 E= -12114.453441715  delta_E= 1.13e-05  |g|= 0.0321  |ddm|= 11.1
    sigma = 0.005  Optimized mu_alpha = -0.197141306253  entropy = 3.33622326558e-07
    sigma = 0.005  Optimized mu_beta  = -0.199706008296  entropy = 3.33622326558e-07
    Total E(T) = -12114.4533132047  Free energy = -12114.4533132064  E0 = -12114.4533132055
cycle= 2 E= -12114.4533132047  delta_E= 0.000129  |g|= 0.102  |ddm|= 50.7
    sigma = 0.005  Optimized mu_alpha = -0.197029277341  entropy = 3.33869365781e-07
    sigma = 0.005  Optimized mu_beta  = -0.199586350741  entropy = 3.33869365781e-07
    Total E(T) = -12114.4533878774  Free energy = -12114.4533878791  E0 = -12114.4533878783
cycle= 3 E= -12114.4533878774  delta_E= -7.47e-05  |g|= 0.0559  |ddm|= 20.3
    sigma = 0.005  Optimized mu_alpha = -0.197024963157  entropy = 3.3389555719e-07
    sigma = 0.005  Optimized mu_beta  = -0.199581761425  entropy = 3.3389555719e-07
    Total E(T) = -12114.4534227671  Free energy = -12114.4534227687  E0 = -12114.4534227679
cycle= 4 E= -12114.4534227671  delta_E= -3.49e-05  |g|= 0.0381  |ddm|= 7.95
    sigma = 0.005  Optimized mu_alpha = -0.197019760143  entropy = 3.33913959679e-07
    sigma = 0.005  Optimized mu_beta  = -0.199576335094  entropy = 3.33913959679e-07
    Total E(T) = -12114.4534391513  Free energy = -12114.453439153  E0 = -12114.4534391521
cycle= 5 E= -12114.4534391513  delta_E= -1.64e-05  |g|= 0.0266  |ddm|= 4.71
    sigma = 0.005  Optimized mu_alpha = -0.19702418348  entropy = 3.33892977398e-07
    sigma = 0.005  Optimized mu_beta  = -0.199580903093  entropy = 3.33892977398e-07
    Total E(T) = -12114.453447031  Free energy = -12114.4534470327  E0 = -12114.4534470318
cycle= 6 E= -12114.453447031  delta_E= -7.88e-06  |g|= 0.0188  |ddm|=  3.1
    sigma = 0.005  Optimized mu_alpha = -0.197019874331  entropy = 3.33902039674e-07
    sigma = 0.005  Optimized mu_beta  = -0.199576538206  entropy = 3.33902039674e-07
    Total E(T) = -12114.4534509278  Free energy = -12114.4534509295  E0 = -12114.4534509286
cycle= 7 E= -12114.4534509278  delta_E= -3.9e-06  |g|= 0.0136  |ddm|= 2.02
    sigma = 0.005  Optimized mu_alpha = -0.197019924598  entropy = 3.33902148012e-07
    sigma = 0.005  Optimized mu_beta  = -0.199576532413  entropy = 3.33902148012e-07
    Total E(T) = -12114.4534529494  Free energy = -12114.453452951  E0 = -12114.4534529502
cycle= 8 E= -12114.4534529494  delta_E= -2.02e-06  |g|= 0.00973  |ddm|= 1.31
    sigma = 0.005  Optimized mu_alpha = -0.197021139802  entropy = 3.33903588027e-07
    sigma = 0.005  Optimized mu_beta  = -0.199577638666  entropy = 3.33903588027e-07
    Total E(T) = -12114.4534539533  Free energy = -12114.453453955  E0 = -12114.4534539542
cycle= 9 E= -12114.4534539533  delta_E= -1e-06  |g|= 0.00725  |ddm|=  1.1
    sigma = 0.005  Optimized mu_alpha = -0.197020900222  entropy = 3.33896606439e-07
    sigma = 0.005  Optimized mu_beta  = -0.199577502142  entropy = 3.33896606439e-07
    Total E(T) = -12114.4534544932  Free energy = -12114.4534544948  E0 = -12114.453454494
cycle= 10 E= -12114.4534544932  delta_E= -5.4e-07  |g|= 0.00538  |ddm|= 0.707
    sigma = 0.005  Optimized mu_alpha = -0.296556317723  entropy = 12.8180424465
    sigma = 0.005  Optimized mu_beta  = -0.299447712987  entropy = 12.8180424465
    Total E(T) = -12114.4180630076  Free energy = -12114.4821532198  E0 = -12114.4501081137
Extra cycle  E= -12114.4180630076  delta_E= 0.0354  |g|= 0.215  |ddm|=  894
converged SCF energy = -12114.4180630076  <S^2> = 3.7627097  2S+1 = 4.0063498
[timing] right/Al ensemble SCF = 1268.5s
[timing] collect state = 0.0s
[timing] grad contraction = 1.5s
Npdft 666.0000340457118
[timing] checkpoint save = 0.0s
step=  34 L=-12265.47836583 Ef=-12265.48467311 L1=9.98465079e-01 |grad|=1.89703e-02 t=1480.8s
[phase2 outer 17] previous L = -12265.50233221
[phase2 outer 17] new L = -12265.47836583
[phase2 outer 17] dL = 2.39663810e-02
[phase2 outer 17] previous Ef = -12265.50850504
[phase2 outer 17] new Ef = -12265.48467311
[phase2 outer 17] dEf = 2.38319264e-02
[phase2 outer 17] |db| = 1.25551e-02
[phase2 outer 17] |grad| = 1.89703e-02
[phase2 outer 17] last_Ef = -12265.508505036454
[phase2 outer 17] adaptive max_step_norm = 1.000000e-01
[phase2 outer 17] delta = 2.735878e-03
[phase2 outer 17] raw_step_norm = 1.255512e-02
[phase2 outer 17] capped_step_norm = 1.255512e-02
[phase2 outer 17] dL = 0.023966380973433843
[phase2 outer 17] dEf = 0.02383192640627385
[phase2 outer 17] |grad| = 1.897027e-02
[phase2 outer 17] raw_step_norm=1.255512e-02 capped_step_norm=1.255512e-02 raw_max_abs_step=2.735878e-03 capped_max_abs_step=2.735878e-03 step_cap=1.000000e-01 line_search_alpha=n/a
[phase2 outer 17] res.fun = 12265.47836583
[phase2 outer 17] res.message = STOP: TOTAL NO. of ITERATIONS REACHED LIMIT
[phase2 outer 17] finished message=STOP: TOTAL NO. of ITERATIONS REACHED LIMIT |b|=4.432718e-01
[phase2 outer 18] start |b|=4.432718e-01 max|b|=6.538749e-02 delta=2.736e-03
[diagnostic] step=35 |b|=4.432718e-01 max|b|=6.538749e-02
[timing] build AO Vp from S3 = 1.6s
[diagnostic] |vpl|=4.497691e-01 max|vpl|=6.374230e-02
[diagnostic] |vpr|=6.088178e-01 max|vpr|=4.974281e-02
[diagnostic] |vpref|=6.920349e-01 max|vpref|=6.371249e-02
dm0 check [[[ 1.51511350e-09  2.24391578e-08  1.89789855e-07 ... -1.14719196e-07
    7.42477402e-07  6.64945221e-08]
  [ 2.24391578e-08  3.34444571e-07  2.75067285e-06 ... -1.77767452e-06
    1.10110631e-05  1.04758228e-06]
  [ 1.89789855e-07  2.75067285e-06  2.57237801e-05 ... -1.02770204e-05
    9.27869891e-05  4.99879026e-06]
  ...
  [-1.14719196e-07 -1.77767452e-06 -1.02770204e-05 ...  2.27166641e-04
    1.81897018e-06 -1.91352230e-04]
  [ 7.42477402e-07  1.10110631e-05  9.27869891e-05 ...  1.81897018e-06
    4.79980218e-04 -1.62432596e-06]
  [ 6.64945221e-08  1.04758228e-06  4.99879026e-06 ... -1.91352230e-04
   -1.62432596e-06  6.55604830e-04]]

 [[ 2.14412325e-09  3.18475800e-08  2.65523760e-07 ... -7.48709746e-08
    1.03578277e-06  2.38441419e-08]
  [ 3.18475800e-08  4.74248170e-07  3.91397246e-06 ... -9.93115934e-07
    1.53190792e-05  2.50158152e-07]
  [ 2.65523760e-07  3.91397246e-06  3.37625616e-05 ... -1.10143133e-05
    1.30901581e-04  4.52870353e-06]
  ...
  [-7.48709746e-08 -9.93115934e-07 -1.10143133e-05 ...  2.49604145e-04
    2.27938998e-06 -2.10130171e-04]
  [ 1.03578277e-06  1.53190792e-05  1.30901581e-04 ...  2.27938998e-06
    5.52939055e-04 -2.04467374e-06]
  [ 2.38441419e-08  2.50158152e-07  4.52870353e-06 ... -2.10130171e-04
   -2.04467374e-06  7.46013581e-04]]]
converged SCF energy = -150.226693714539  <S^2> = 2.0045398  2S+1 = 3.003025
dm0 check [[[ 1.14641432e-09  1.70871004e-08  1.38754423e-07 ... -8.06192068e-08
    6.25414310e-07  4.56919324e-08]
  [ 1.70871004e-08  2.56086017e-07  2.02952878e-06 ... -1.06181352e-06
    9.18275979e-06  7.18405188e-07]
  [ 1.38754423e-07  2.02952878e-06  1.80707931e-05 ... -1.26947029e-05
    8.12947905e-05  3.19882719e-06]
  ...
  [-8.06192068e-08 -1.06181352e-06 -1.26947029e-05 ...  2.39059358e-04
   -1.61695763e-06 -1.68274187e-04]
  [ 6.25414310e-07  9.18275979e-06  8.12947905e-05 ... -1.61695763e-06
    4.44993127e-04 -4.06040277e-06]
  [ 4.56919324e-08  7.18405188e-07  3.19882719e-06 ... -1.68274187e-04
   -4.06040277e-06  5.95719915e-04]]

 [[ 2.53012020e-08  3.85012325e-07  2.83100925e-06 ... -1.48560560e-07
    1.05903037e-07  7.43967496e-08]
  [ 3.85012325e-07  5.86019737e-06  4.30419384e-05 ... -2.17957592e-06
    1.18338898e-06  1.05301725e-06]
  [ 2.83100925e-06  4.30419384e-05  3.17963130e-04 ... -1.75084066e-05
    2.68740452e-05  9.39144324e-06]
  ...
  [-1.48560560e-07 -2.17957592e-06 -1.75084066e-05 ...  2.30570851e-04
    2.08980184e-07 -1.91670455e-04]
  [ 1.05903037e-07  1.18338898e-06  2.68740452e-05 ...  2.08980184e-07
    4.63235796e-04 -3.50184100e-06]
  [ 7.43967496e-08  1.05301725e-06  9.39144324e-06 ... -1.91670455e-04
   -3.50184100e-06  6.49565143e-04]]]
converged SCF energy = -150.244985829837  <S^2> = 0.92979879  2S+1 = 2.1723709
[timing] left/O ensemble SCF = 17.1s
dm0 check [[ 3.79535765e-01  6.12226884e-01 -1.25221318e-01 ...  1.44230055e-06
  -3.12469648e-07 -3.95164105e-06]
 [ 6.12226884e-01  1.01515587e+00 -3.34033457e-01 ...  4.59485178e-06
  -1.64066910e-06 -1.12360923e-05]
 [-1.25221318e-01 -3.34033457e-01  6.75217984e-01 ... -1.05674097e-05
   3.85483230e-06  2.71056654e-05]
 ...
 [ 1.44230055e-06  4.59485178e-06 -1.05674097e-05 ...  8.09303949e-07
  -2.69763531e-07  1.27229188e-07]
 [-3.12469648e-07 -1.64066910e-06  3.85483230e-06 ... -2.69763531e-07
   5.89810559e-07  2.60674300e-08]
 [-3.95164105e-06 -1.12360923e-05  2.71056654e-05 ...  1.27229188e-07
   2.60674300e-08  5.62473964e-07]]


******** <class 'pyscf.scf.addons.SmearingDFRKS'> ********
method = SmearingDFRKS
initial guess = minao
damping factor = 0.15
level_shift factor = 0.2
DIIS = <class 'pyscf.scf.diis.CDIIS'>
diis_start_cycle = 1
diis_space = 12
diis_damp = 0
SCF conv_tol = 5e-05
SCF conv_tol_grad = None
SCF max_cycles = 200
direct_scf = True
direct_scf_tol = 1e-13
chkfile to save SCF result = /tmp/tmpiu3_m7in
max_memory 4000 MB (current use 87274 MB)
XC library pyscf.dft.libxc version 6.1.0
    S. Lehtola, C. Steigemann, M. J.T. Oliveira, and M. A.L. Marques.,  SoftwareX 7, 1–5 (2018)
XC functionals = pbe
    J. P. Perdew, K. Burke, and M. Ernzerhof.,  Phys. Rev. Lett. 77, 3865 (1996)
    J. P. Perdew, K. Burke, and M. Ernzerhof.,  Phys. Rev. Lett. 78, 1396 (1997)
    J. P. Perdew, K. Burke, and M. Ernzerhof.,  Phys. Rev. Lett. 77, 3865 (1996)
    J. P. Perdew, K. Burke, and M. Ernzerhof.,  Phys. Rev. Lett. 78, 1396 (1997)
small_rho_cutoff = 1e-06
Set gradient conv threshold to 0.00707107
    Total E(T) = -12114.8971932767  Free energy = -12115.9171044787  E0 = -12115.4071488777
init E= -12114.8971932767
    sigma = 0.02  Optimized mu = -0.0518321361264  entropy = 1.50451945722
    Total E(T) = -12114.8971761841  Free energy = -12114.9272665732  E0 = -12114.9122213787
cycle= 1 E= -12114.8971761841  delta_E= 1.71e-05  |g|= 0.0275  |ddm|=   18
    sigma = 0.02  Optimized mu = -0.0519287526883  entropy = 1.50453472593
    Total E(T) = -12114.8969704281  Free energy = -12114.9270611226  E0 = -12114.9120157753
cycle= 2 E= -12114.8969704281  delta_E= 0.000206  |g|= 0.093  |ddm|= 78.3
    sigma = 0.02  Optimized mu = -0.0518651463207  entropy = 1.50433678261
    Total E(T) = -12114.897089702  Free energy = -12114.9271764377  E0 = -12114.9121330699
cycle= 3 E= -12114.897089702  delta_E= -0.000119  |g|= 0.0514  |ddm|= 32.9
    sigma = 0.02  Optimized mu = -0.0518618488563  entropy = 1.50434831896
    Total E(T) = -12114.8971411172  Free energy = -12114.9272280836  E0 = -12114.9121846004
cycle= 4 E= -12114.8971411172  delta_E= -5.14e-05  |g|= 0.0364  |ddm|= 11.9
    sigma = 0.02  Optimized mu = -0.051860867382  entropy = 1.50435234532
    Total E(T) = -12114.8971662891  Free energy = -12114.927253336  E0 = -12114.9122098125
cycle= 5 E= -12114.8971662891  delta_E= -2.52e-05  |g|= 0.0265  |ddm|= 7.09
    sigma = 0.02  Optimized mu = -0.051859214367  entropy = 1.50435645196
    Total E(T) = -12114.8971789832  Free energy = -12114.9272661122  E0 = -12114.9122225477
cycle= 6 E= -12114.8971789832  delta_E= -1.27e-05  |g|= 0.0199  |ddm|= 4.88
    sigma = 0.02  Optimized mu = -0.0518597880855  entropy = 1.50435517189
    Total E(T) = -12114.8971859511  Free energy = -12114.9272730546  E0 = -12114.9122295029
cycle= 7 E= -12114.8971859511  delta_E= -6.97e-06  |g|= 0.0149  |ddm|= 3.07
    sigma = 0.02  Optimized mu = -0.0518574020807  entropy = 1.50436689941
    Total E(T) = -12114.8971897668  Free energy = -12114.9272771048  E0 = -12114.9122334358
cycle= 8 E= -12114.8971897668  delta_E= -3.82e-06  |g|= 0.0114  |ddm|= 2.05
    sigma = 0.02  Optimized mu = -0.0518600803131  entropy = 1.50435422365
    Total E(T) = -12114.8971919895  Free energy = -12114.927279074  E0 = -12114.9122355317
cycle= 9 E= -12114.8971919895  delta_E= -2.22e-06  |g|= 0.00872  |ddm|=  1.5
    sigma = 0.02  Optimized mu = -0.0518592496057  entropy = 1.50435978751
    Total E(T) = -12114.8971932263  Free energy = -12114.927280422  E0 = -12114.9122368241
cycle= 10 E= -12114.8971932263  delta_E= -1.24e-06  |g|= 0.00683  |ddm|= 1.19
    sigma = 0.02  Optimized mu = -0.151803473609  entropy = 50.9950803904
    Total E(T) = -12114.3714470165  Free energy = -12115.3913486243  E0 = -12114.8813978204
Extra cycle  E= -12114.3714470165  delta_E= 0.526  |g|= 0.408  |ddm|= 4.11e+03
converged SCF energy = -12114.3714470165
dm0 check [[[ 1.89789474e-01  3.06171221e-01 -6.27463188e-02 ...  6.05712635e-07
   -1.62783366e-07 -1.95250999e-06]
  [ 3.06171221e-01  5.07731520e-01 -1.67375612e-01 ...  1.98724841e-06
   -8.38554411e-07 -5.55330622e-06]
  [-6.27463188e-02 -1.67375612e-01  3.38439226e-01 ... -4.53893225e-06
    1.97673855e-06  1.33756071e-05]
  ...
  [ 6.05712635e-07  1.98724841e-06 -4.53893225e-06 ...  4.29548125e-07
   -1.40258965e-07  6.50615729e-08]
  [-1.62783366e-07 -8.38554411e-07  1.97673855e-06 ... -1.40258965e-07
    2.99380440e-07  2.06910115e-08]
  [-1.95250999e-06 -5.55330622e-06  1.33756071e-05 ...  6.50615729e-08
    2.06910115e-08  2.84524555e-07]]

 [[ 1.89768790e-01  3.06114849e-01 -6.26183921e-02 ...  8.34385418e-07
   -1.35023671e-07 -1.83502200e-06]
  [ 3.06114849e-01  5.07581016e-01 -1.67038095e-01 ...  2.60206520e-06
   -7.61497197e-07 -5.23859540e-06]
  [-6.26183921e-02 -1.67038095e-01  3.37685089e-01 ... -6.00946339e-06
    1.77141393e-06  1.26340695e-05]
  ...
  [ 8.34385418e-07  2.60206520e-06 -6.00946339e-06 ...  4.14746163e-07
   -1.41886154e-07  6.78838894e-08]
  [-1.35023671e-07 -7.61497197e-07  1.77141393e-06 ... -1.41886154e-07
    3.00271376e-07  1.69997448e-08]
  [-1.83502200e-06 -5.23859540e-06  1.26340695e-05 ...  6.78838894e-08
    1.69997448e-08  2.73493998e-07]]]


******** <class 'pyscf.scf.addons.SmearingDFUKS'> ********
method = SmearingDFUKS
initial guess = minao
damping factor = 0.15
level_shift factor = 0.2
DIIS = <class 'pyscf.scf.diis.CDIIS'>
diis_start_cycle = 1
diis_space = 12
diis_damp = 0
SCF conv_tol = 5e-05
SCF conv_tol_grad = None
SCF max_cycles = 200
direct_scf = True
direct_scf_tol = 1e-13
chkfile to save SCF result = /tmp/tmp2d_gj1bs
max_memory 4000 MB (current use 87311 MB)
number electrons alpha = 325  beta = 323
XC library pyscf.dft.libxc version 6.1.0
    S. Lehtola, C. Steigemann, M. J.T. Oliveira, and M. A.L. Marques.,  SoftwareX 7, 1–5 (2018)
XC functionals = pbe
    J. P. Perdew, K. Burke, and M. Ernzerhof.,  Phys. Rev. Lett. 77, 3865 (1996)
    J. P. Perdew, K. Burke, and M. Ernzerhof.,  Phys. Rev. Lett. 78, 1396 (1997)
    J. P. Perdew, K. Burke, and M. Ernzerhof.,  Phys. Rev. Lett. 77, 3865 (1996)
    J. P. Perdew, K. Burke, and M. Ernzerhof.,  Phys. Rev. Lett. 78, 1396 (1997)
small_rho_cutoff = 1e-06
Set gradient conv threshold to 0.00707107
    Total E(T) = -12114.4534544931  Free energy = -12114.5175447053  E0 = -12114.4854995992
init E= -12114.4534544931
    sigma = 0.005  Optimized mu_alpha = -0.196991953091  entropy = 3.34111385761e-07
    sigma = 0.005  Optimized mu_beta  = -0.19954711825  entropy = 3.34111385761e-07
    Total E(T) = -12114.4534491344  Free energy = -12114.4534491361  E0 = -12114.4534491352
cycle= 1 E= -12114.4534491344  delta_E= 5.36e-06  |g|= 0.0217  |ddm|= 8.82
    sigma = 0.005  Optimized mu_alpha = -0.197093142628  entropy = 3.33635572321e-07
    sigma = 0.005  Optimized mu_beta  = -0.19965460264  entropy = 3.33635572321e-07
    Total E(T) = -12114.4533900983  Free energy = -12114.4533900999  E0 = -12114.4533900991
cycle= 2 E= -12114.4533900983  delta_E= 5.9e-05  |g|= 0.0696  |ddm|= 34.5
    sigma = 0.005  Optimized mu_alpha = -0.197024988674  entropy = 3.33865751411e-07
    sigma = 0.005  Optimized mu_beta  = -0.199581916542  entropy = 3.33865751411e-07
    Total E(T) = -12114.4534242633  Free energy = -12114.453424265  E0 = -12114.4534242641
cycle= 3 E= -12114.4534242633  delta_E= -3.42e-05  |g|= 0.0382  |ddm|= 13.6
    sigma = 0.005  Optimized mu_alpha = -0.197022909996  entropy = 3.33884192487e-07
    sigma = 0.005  Optimized mu_beta  = -0.199579634166  entropy = 3.33884192487e-07
    Total E(T) = -12114.4534401592  Free energy = -12114.4534401608  E0 = -12114.45344016
cycle= 4 E= -12114.4534401592  delta_E= -1.59e-05  |g|= 0.0262  |ddm|=  5.4
    sigma = 0.005  Optimized mu_alpha = -0.19702019472  entropy = 3.33897944374e-07
    sigma = 0.005  Optimized mu_beta  = -0.199576762729  entropy = 3.33897944374e-07
    Total E(T) = -12114.4534476537  Free energy = -12114.4534476554  E0 = -12114.4534476546
cycle= 5 E= -12114.4534476537  delta_E= -7.49e-06  |g|= 0.0185  |ddm|= 3.19
    sigma = 0.005  Optimized mu_alpha = -0.197022563978  entropy = 3.33888737983e-07
    sigma = 0.005  Optimized mu_beta  = -0.199579201567  entropy = 3.33888737983e-07
    Total E(T) = -12114.4534513242  Free energy = -12114.4534513259  E0 = -12114.453451325
cycle= 6 E= -12114.4534513242  delta_E= -3.67e-06  |g|= 0.0131  |ddm|= 2.05
    sigma = 0.005  Optimized mu_alpha = -0.197019606752  entropy = 3.33899554397e-07
    sigma = 0.005  Optimized mu_beta  = -0.199576189455  entropy = 3.33899554397e-07
    Total E(T) = -12114.453453148  Free energy = -12114.4534531497  E0 = -12114.4534531489
cycle= 7 E= -12114.453453148  delta_E= -1.82e-06  |g|= 0.00956  |ddm|= 1.44
    sigma = 0.005  Optimized mu_alpha = -0.197019904933  entropy = 3.33897936969e-07
    sigma = 0.005  Optimized mu_beta  = -0.199576478677  entropy = 3.33897936969e-07
    Total E(T) = -12114.4534540956  Free energy = -12114.4534540972  E0 = -12114.4534540964
cycle= 8 E= -12114.4534540956  delta_E= -9.48e-07  |g|= 0.00696  |ddm|= 0.926
    sigma = 0.005  Optimized mu_alpha = -0.296555814264  entropy = 12.8185809993
    sigma = 0.005  Optimized mu_beta  = -0.299447014939  entropy = 12.8185809993
    Total E(T) = -12114.4178786592  Free energy = -12114.4819715642  E0 = -12114.4499251117
Extra cycle  E= -12114.4178786592  delta_E= 0.0356  |g|= 0.237  |ddm|=  894
converged SCF energy = -12114.4178786592  <S^2> = 3.7627107  2S+1 = 4.0063503
[timing] right/Al ensemble SCF = 1126.7s
[timing] collect state = 0.0s
[timing] grad contraction = 1.6s
Npdft 666.0000340456439
[timing] checkpoint save = 0.1s
step=  35 L=-12265.47842298 Ef=-12265.48472620 L1=9.98380270e-01 |grad|=1.89687e-02 t=1343.4s
[diagnostic] step=36 |b|=4.541329e-01 max|b|=6.812337e-02
[timing] build AO Vp from S3 = 1.6s
[diagnostic] |vpl|=4.653549e-01 max|vpl|=6.662019e-02
[diagnostic] |vpr|=6.195635e-01 max|vpr|=5.208131e-02
[diagnostic] |vpref|=7.073000e-01 max|vpref|=6.658788e-02
dm0 check [[[ 1.51511425e-09  2.24391612e-08  1.89789965e-07 ... -1.14718841e-07
    7.42476359e-07  6.64941951e-08]
  [ 2.24391612e-08  3.34444441e-07  2.75067436e-06 ... -1.77766837e-06
    1.10110524e-05  1.04757629e-06]
  [ 1.89789965e-07  2.75067436e-06  2.57237979e-05 ... -1.02769713e-05
    9.27868363e-05  4.99874637e-06]
  ...
  [-1.14718841e-07 -1.77766837e-06 -1.02769713e-05 ...  2.27166807e-04
    1.81897194e-06 -1.91352368e-04]
  [ 7.42476359e-07  1.10110524e-05  9.27868363e-05 ...  1.81897194e-06
    4.79980315e-04 -1.62432483e-06]
  [ 6.64941951e-08  1.04757629e-06  4.99874637e-06 ... -1.91352368e-04
   -1.62432483e-06  6.55605050e-04]]

 [[ 2.14412369e-09  3.18475869e-08  2.65523715e-07 ... -7.48703106e-08
    1.03578241e-06  2.38435706e-08]
  [ 3.18475869e-08  4.74248204e-07  3.91397269e-06 ... -9.93111472e-07
    1.53190755e-05  2.50154142e-07]
  [ 2.65523715e-07  3.91397269e-06  3.37625524e-05 ... -1.10142685e-05
    1.30901513e-04  4.52866573e-06]
  ...
  [-7.48703106e-08 -9.93111472e-07 -1.10142685e-05 ...  2.49604266e-04
    2.27939123e-06 -2.10130274e-04]
  [ 1.03578241e-06  1.53190755e-05  1.30901513e-04 ...  2.27939123e-06
    5.52938711e-04 -2.04467237e-06]
  [ 2.38435706e-08  2.50154142e-07  4.52866573e-06 ... -2.10130274e-04
   -2.04467237e-06  7.46013316e-04]]]
converged SCF energy = -150.226693714539  <S^2> = 2.0045398  2S+1 = 3.003025
dm0 check [[[ 1.14641062e-09  1.70870840e-08  1.38754095e-07 ... -8.06197476e-08
    6.25414562e-07  4.56928312e-08]
  [ 1.70870840e-08  2.56086248e-07  2.02952993e-06 ... -1.06182734e-06
    9.18278829e-06  7.18409635e-07]
  [ 1.38754095e-07  2.02952993e-06  1.80707752e-05 ... -1.26946936e-05
    8.12949733e-05  3.19888675e-06]
  ...
  [-8.06197476e-08 -1.06182734e-06 -1.26946936e-05 ...  2.39058484e-04
   -1.61704331e-06 -1.68274900e-04]
  [ 6.25414562e-07  9.18278829e-06  8.12949733e-05 ... -1.61704331e-06
    4.44994918e-04 -4.06060587e-06]
  [ 4.56928312e-08  7.18409635e-07  3.19888675e-06 ... -1.68274900e-04
   -4.06060587e-06  5.95722471e-04]]

 [[ 2.53030681e-08  3.85040696e-07  2.83121318e-06 ... -1.48564891e-07
    1.05892541e-07  7.43979549e-08]
  [ 3.85040696e-07  5.86062859e-06  4.30450404e-05 ... -2.17963303e-06
    1.18324347e-06  1.05302842e-06]
  [ 2.83121318e-06  4.30450404e-05  3.17985417e-04 ... -1.75088590e-05
    2.68730120e-05  9.39155517e-06]
  ...
  [-1.48564891e-07 -2.17963303e-06 -1.75088590e-05 ...  2.30571484e-04
    2.08887819e-07 -1.91671085e-04]
  [ 1.05892541e-07  1.18324347e-06  2.68730120e-05 ...  2.08887819e-07
    4.63238055e-04 -3.50207447e-06]
  [ 7.43979549e-08  1.05302842e-06  9.39155517e-06 ... -1.91671085e-04
   -3.50207447e-06  6.49568333e-04]]]
converged SCF energy = -150.244985829837  <S^2> = 0.92979861  2S+1 = 2.1723707
[timing] left/O ensemble SCF = 11.3s
dm0 check [[ 3.79535772e-01  6.12226901e-01 -1.25221364e-01 ...  1.44255589e-06
  -3.12696450e-07 -3.95158660e-06]
 [ 6.12226901e-01  1.01515591e+00 -3.34033578e-01 ...  4.59554084e-06
  -1.64128094e-06 -1.12359460e-05]
 [-1.25221364e-01 -3.34033578e-01  6.75218288e-01 ... -1.05690842e-05
   3.85631647e-06  2.71053176e-05]
 ...
 [ 1.44255589e-06  4.59554084e-06 -1.05690842e-05 ...  8.09267932e-07
  -2.69742975e-07  1.27201180e-07]
 [-3.12696450e-07 -1.64128094e-06  3.85631647e-06 ... -2.69742975e-07
   5.89772400e-07  2.60700028e-08]
 [-3.95158660e-06 -1.12359460e-05  2.71053176e-05 ...  1.27201180e-07
   2.60700028e-08  5.62481437e-07]]


******** <class 'pyscf.scf.addons.SmearingDFRKS'> ********
method = SmearingDFRKS
initial guess = minao
damping factor = 0.15
level_shift factor = 0.2
DIIS = <class 'pyscf.scf.diis.CDIIS'>
diis_start_cycle = 1
diis_space = 12
diis_damp = 0
SCF conv_tol = 5e-05
SCF conv_tol_grad = None
SCF max_cycles = 200
direct_scf = True
direct_scf_tol = 1e-13
chkfile to save SCF result = /tmp/tmpiu3_m7in
max_memory 4000 MB (current use 87311 MB)
XC library pyscf.dft.libxc version 6.1.0
    S. Lehtola, C. Steigemann, M. J.T. Oliveira, and M. A.L. Marques.,  SoftwareX 7, 1–5 (2018)
XC functionals = pbe
    J. P. Perdew, K. Burke, and M. Ernzerhof.,  Phys. Rev. Lett. 77, 3865 (1996)
    J. P. Perdew, K. Burke, and M. Ernzerhof.,  Phys. Rev. Lett. 78, 1396 (1997)
    J. P. Perdew, K. Burke, and M. Ernzerhof.,  Phys. Rev. Lett. 77, 3865 (1996)
    J. P. Perdew, K. Burke, and M. Ernzerhof.,  Phys. Rev. Lett. 78, 1396 (1997)
small_rho_cutoff = 1e-06
Set gradient conv threshold to 0.00707107
    Total E(T) = -12114.8682659767  Free energy = -12115.8881675845  E0 = -12115.3782167806
init E= -12114.8682659767
    sigma = 0.02  Optimized mu = -0.0518052071197  entropy = 1.50488011065
    Total E(T) = -12114.8682417  Free energy = -12114.8983393022  E0 = -12114.8832905011
cycle= 1 E= -12114.8682417  delta_E= 2.43e-05  |g|= 0.0328  |ddm|= 20.1
    sigma = 0.02  Optimized mu = -0.0519672776656  entropy = 1.5048187154
    Total E(T) = -12114.8679498392  Free energy = -12114.8980462135  E0 = -12114.8829980263
cycle= 2 E= -12114.8679498392  delta_E= 0.000292  |g|= 0.11  |ddm|= 93.2
    sigma = 0.02  Optimized mu = -0.0518678627594  entropy = 1.50456326538
    Total E(T) = -12114.8681195724  Free energy = -12114.8982108377  E0 = -12114.883165205
cycle= 3 E= -12114.8681195724  delta_E= -0.00017  |g|= 0.0609  |ddm|= 39.5
    sigma = 0.02  Optimized mu = -0.0518621199347  entropy = 1.5045832804
    Total E(T) = -12114.8681930433  Free energy = -12114.8982847089  E0 = -12114.8832388761
cycle= 4 E= -12114.8681930433  delta_E= -7.35e-05  |g|= 0.0429  |ddm|= 14.1
    sigma = 0.02  Optimized mu = -0.0518604251568  entropy = 1.50458960954
    Total E(T) = -12114.8682288685  Free energy = -12114.8983206607  E0 = -12114.8832747646
cycle= 5 E= -12114.8682288685  delta_E= -3.58e-05  |g|= 0.0309  |ddm|= 8.41
    sigma = 0.02  Optimized mu = -0.0518576827804  entropy = 1.50459343684
    Total E(T) = -12114.8682466765  Free energy = -12114.8983385452  E0 = -12114.8832926108
cycle= 6 E= -12114.8682466765  delta_E= -1.78e-05  |g|= 0.0233  |ddm|= 6.03
    sigma = 0.02  Optimized mu = -0.0518586790324  entropy = 1.50459129068
    Total E(T) = -12114.8682563406  Free energy = -12114.8983481664  E0 = -12114.8833022535
cycle= 7 E= -12114.8682563406  delta_E= -9.66e-06  |g|= 0.0175  |ddm|= 3.67
    sigma = 0.02  Optimized mu = -0.051856310947  entropy = 1.5046013528
    Total E(T) = -12114.8682617225  Free energy = -12114.8983537495  E0 = -12114.883307736
cycle= 8 E= -12114.8682617225  delta_E= -5.38e-06  |g|= 0.0132  |ddm|= 2.35
    sigma = 0.02  Optimized mu = -0.051859742037  entropy = 1.50458368214
    Total E(T) = -12114.8682648472  Free energy = -12114.8983565208  E0 = -12114.883310684
cycle= 9 E= -12114.8682648472  delta_E= -3.12e-06  |g|= 0.00997  |ddm|= 1.82
    sigma = 0.02  Optimized mu = -0.0518573688532  entropy = 1.50459621644
    Total E(T) = -12114.8682665329  Free energy = -12114.8983584572  E0 = -12114.8833124951
cycle= 10 E= -12114.8682665329  delta_E= -1.69e-06  |g|= 0.0077  |ddm|= 1.48
    sigma = 0.02  Optimized mu = -0.0518578599623  entropy = 1.50459244549
    Total E(T) = -12114.8682675388  Free energy = -12114.8983593877  E0 = -12114.8833134633
cycle= 11 E= -12114.8682675388  delta_E= -1.01e-06  |g|= 0.00604  |ddm|= 1.09
    sigma = 0.02  Optimized mu = -0.151797249821  entropy = 50.9962159133
    Total E(T) = -12114.3426520021  Free energy = -12115.3625763204  E0 = -12114.8526141613
Extra cycle  E= -12114.3426520021  delta_E= 0.526  |g|= 0.404  |ddm|= 4.1e+03
converged SCF energy = -12114.3426520021
dm0 check [[[ 1.89789472e-01  3.06171215e-01 -6.27463048e-02 ...  6.05823723e-07
   -1.62786984e-07 -1.95259676e-06]
  [ 3.06171215e-01  5.07731505e-01 -1.67375574e-01 ...  1.98754758e-06
   -8.38564245e-07 -5.55353989e-06]
  [-6.27463048e-02 -1.67375574e-01  3.38439133e-01 ... -4.53965095e-06
    1.97676340e-06  1.33761680e-05]
  ...
  [ 6.05823723e-07  1.98754758e-06 -4.53965095e-06 ...  4.29562397e-07
   -1.40265479e-07  6.50635009e-08]
  [-1.62786984e-07 -8.38564245e-07  1.97676340e-06 ... -1.40265479e-07
    2.99390088e-07  2.06999776e-08]
  [-1.95259676e-06 -5.55353989e-06  1.33761680e-05 ...  6.50635009e-08
    2.06999776e-08  2.84530068e-07]]

 [[ 1.89768786e-01  3.06114839e-01 -6.26183686e-02 ...  8.34401948e-07
   -1.35076503e-07 -1.83496468e-06]
  [ 3.06114839e-01  5.07580990e-01 -1.67038032e-01 ...  2.60210958e-06
   -7.61640055e-07 -5.23844006e-06]
  [-6.26183686e-02 -1.67038032e-01  3.37684931e-01 ... -6.00956790e-06
    1.77176355e-06  1.26336853e-05]
  ...
  [ 8.34401948e-07  2.60210958e-06 -6.00956790e-06 ...  4.14760420e-07
   -1.41890680e-07  6.78859671e-08]
  [-1.35076503e-07 -7.61640055e-07  1.77176355e-06 ... -1.41890680e-07
    3.00281276e-07  1.70106170e-08]
  [-1.83496468e-06 -5.23844006e-06  1.26336853e-05 ...  6.78859671e-08
    1.70106170e-08  2.73498216e-07]]]


******** <class 'pyscf.scf.addons.SmearingDFUKS'> ********
method = SmearingDFUKS
initial guess = minao
damping factor = 0.15
level_shift factor = 0.2
DIIS = <class 'pyscf.scf.diis.CDIIS'>
diis_start_cycle = 1
diis_space = 12
diis_damp = 0
SCF conv_tol = 5e-05
SCF conv_tol_grad = None
SCF max_cycles = 200
direct_scf = True
direct_scf_tol = 1e-13
chkfile to save SCF result = /tmp/tmp2d_gj1bs
max_memory 4000 MB (current use 87274 MB)
number electrons alpha = 325  beta = 323
XC library pyscf.dft.libxc version 6.1.0
    S. Lehtola, C. Steigemann, M. J.T. Oliveira, and M. A.L. Marques.,  SoftwareX 7, 1–5 (2018)
XC functionals = pbe
    J. P. Perdew, K. Burke, and M. Ernzerhof.,  Phys. Rev. Lett. 77, 3865 (1996)
    J. P. Perdew, K. Burke, and M. Ernzerhof.,  Phys. Rev. Lett. 78, 1396 (1997)
    J. P. Perdew, K. Burke, and M. Ernzerhof.,  Phys. Rev. Lett. 77, 3865 (1996)
    J. P. Perdew, K. Burke, and M. Ernzerhof.,  Phys. Rev. Lett. 78, 1396 (1997)
small_rho_cutoff = 1e-06
Set gradient conv threshold to 0.00707107
    Total E(T) = -12114.4245641745  Free energy = -12114.4886570795  E0 = -12114.456610627
init E= -12114.4245641745
    sigma = 0.005  Optimized mu_alpha = -0.196955278551  entropy = 3.34655803447e-07
    sigma = 0.005  Optimized mu_beta  = -0.199508070786  entropy = 3.34655803447e-07
    Total E(T) = -12114.4245499709  Free energy = -12114.4245499726  E0 = -12114.4245499717
cycle= 1 E= -12114.4245499709  delta_E= 1.42e-05  |g|= 0.0354  |ddm|= 12.5
    sigma = 0.005  Optimized mu_alpha = -0.197149073127  entropy = 3.33867348415e-07
    sigma = 0.005  Optimized mu_beta  = -0.1997141426  entropy = 3.33867348415e-07
    Total E(T) = -12114.4243915244  Free energy = -12114.424391526  E0 = -12114.4243915252
cycle= 2 E= -12114.4243915244  delta_E= 0.000158  |g|= 0.113  |ddm|= 56.8
    sigma = 0.005  Optimized mu_alpha = -0.197025689  entropy = 3.34126865175e-07
    sigma = 0.005  Optimized mu_beta  = -0.199581785422  entropy = 3.34126865175e-07
    Total E(T) = -12114.4244843286  Free energy = -12114.4244843303  E0 = -12114.4244843294
cycle= 3 E= -12114.4244843286  delta_E= -9.28e-05  |g|= 0.0614  |ddm|= 22.5
    sigma = 0.005  Optimized mu_alpha = -0.197021910251  entropy = 3.3415886057e-07
    sigma = 0.005  Optimized mu_beta  = -0.199577596846  entropy = 3.3415886057e-07
    Total E(T) = -12114.4245271501  Free energy = -12114.4245271518  E0 = -12114.4245271509
cycle= 4 E= -12114.4245271501  delta_E= -4.28e-05  |g|= 0.0418  |ddm|= 8.96
    sigma = 0.005  Optimized mu_alpha = -0.197016033937  entropy = 3.34183146218e-07
    sigma = 0.005  Optimized mu_beta  = -0.199571478552  entropy = 3.34183146218e-07
    Total E(T) = -12114.4245470998  Free energy = -12114.4245471015  E0 = -12114.4245471007
cycle= 5 E= -12114.4245470998  delta_E= -1.99e-05  |g|= 0.0292  |ddm|= 5.29
    sigma = 0.005  Optimized mu_alpha = -0.197020844702  entropy = 3.3416040342e-07
    sigma = 0.005  Optimized mu_beta  = -0.199576412331  entropy = 3.3416040342e-07
    Total E(T) = -12114.4245567524  Free energy = -12114.4245567541  E0 = -12114.4245567532
cycle= 6 E= -12114.4245567524  delta_E= -9.65e-06  |g|= 0.0205  |ddm|= 3.36
    sigma = 0.005  Optimized mu_alpha = -0.197016005622  entropy = 3.34174859584e-07
    sigma = 0.005  Optimized mu_beta  = -0.199571487038  entropy = 3.34174859584e-07
    Total E(T) = -12114.4245614434  Free energy = -12114.4245614451  E0 = -12114.4245614442
cycle= 7 E= -12114.4245614434  delta_E= -4.69e-06  |g|= 0.0149  |ddm|= 2.37
    sigma = 0.005  Optimized mu_alpha = -0.197016358581  entropy = 3.34169988421e-07
    sigma = 0.005  Optimized mu_beta  = -0.199571812375  entropy = 3.34169988421e-07
    Total E(T) = -12114.4245638767  Free energy = -12114.4245638783  E0 = -12114.4245638775
cycle= 8 E= -12114.4245638767  delta_E= -2.43e-06  |g|= 0.0106  |ddm|= 1.48
    sigma = 0.005  Optimized mu_alpha = -0.197017171753  entropy = 3.34179803592e-07
    sigma = 0.005  Optimized mu_beta  = -0.199572473749  entropy = 3.34179803592e-07
    Total E(T) = -12114.4245651141  Free energy = -12114.4245651158  E0 = -12114.4245651149
cycle= 9 E= -12114.4245651141  delta_E= -1.24e-06  |g|= 0.00789  |ddm|= 1.23
    sigma = 0.005  Optimized mu_alpha = -0.197018061245  entropy = 3.34167377008e-07
    sigma = 0.005  Optimized mu_beta  = -0.199573472972  entropy = 3.34167377008e-07
    Total E(T) = -12114.4245657418  Free energy = -12114.4245657434  E0 = -12114.4245657426
cycle= 10 E= -12114.4245657418  delta_E= -6.28e-07  |g|= 0.00592  |ddm|= 0.872
    sigma = 0.005  Optimized mu_alpha = -0.296555267851  entropy = 12.8187906729
    sigma = 0.005  Optimized mu_beta  = -0.299446162215  entropy = 12.8187906729
    Total E(T) = -12114.3891410073  Free energy = -12114.4532349606  E0 = -12114.4211879839
Extra cycle  E= -12114.3891410073  delta_E= 0.0354  |g|= 0.222  |ddm|=  894
converged SCF energy = -12114.3891410073  <S^2> = 3.762719  2S+1 = 4.0063545
[timing] right/Al ensemble SCF = 1325.9s
[timing] collect state = 0.0s
[timing] grad contraction = 1.5s
Npdft 666.0000340488584
[timing] checkpoint save = 0.1s
step=  36 L=-12265.45467958 Ef=-12265.46111329 L1=9.93686870e-01 |grad|=1.88946e-02 t=1536.4s
[phase2 outer 18] previous L = -12265.47836583
[phase2 outer 18] new L = -12265.45467958
[phase2 outer 18] dL = 2.36862445e-02
[phase2 outer 18] previous Ef = -12265.48467311
[phase2 outer 18] new Ef = -12265.46111329
[phase2 outer 18] dEf = 2.35598197e-02
[phase2 outer 18] |db| = 1.24526e-02
[phase2 outer 18] |grad| = 1.88946e-02
[phase2 outer 18] last_Ef = -12265.484673110048
[phase2 outer 18] adaptive max_step_norm = 1.000000e-01
[phase2 outer 18] delta = 2.735878e-03
[phase2 outer 18] raw_step_norm = 1.245261e-02
[phase2 outer 18] capped_step_norm = 1.245261e-02
[phase2 outer 18] dL = 0.02368624446899048
[phase2 outer 18] dEf = 0.023559819665024406
[phase2 outer 18] |grad| = 1.889460e-02
[phase2 outer 18] raw_step_norm=1.245261e-02 capped_step_norm=1.245261e-02 raw_max_abs_step=2.735878e-03 capped_max_abs_step=2.735878e-03 step_cap=1.000000e-01 line_search_alpha=n/a
[phase2 outer 18] res.fun = 12265.45467958
[phase2 outer 18] res.message = STOP: TOTAL NO. of ITERATIONS REACHED LIMIT
[phase2 outer 18] finished message=STOP: TOTAL NO. of ITERATIONS REACHED LIMIT |b|=4.541329e-01
[phase2 outer 19] start |b|=4.541329e-01 max|b|=6.812337e-02 delta=2.736e-03
[diagnostic] step=37 |b|=4.541329e-01 max|b|=6.812337e-02
[timing] build AO Vp from S3 = 1.6s
[diagnostic] |vpl|=4.653549e-01 max|vpl|=6.662019e-02
[diagnostic] |vpr|=6.195635e-01 max|vpr|=5.208131e-02
[diagnostic] |vpref|=7.073000e-01 max|vpref|=6.658788e-02
dm0 check [[[ 1.51511347e-09  2.24391576e-08  1.89789850e-07 ... -1.14719213e-07
    7.42477450e-07  6.64945371e-08]
  [ 2.24391576e-08  3.34444577e-07  2.75067278e-06 ... -1.77767481e-06
    1.10110636e-05  1.04758255e-06]
  [ 1.89789850e-07  2.75067278e-06  2.57237793e-05 ... -1.02770227e-05
    9.27869962e-05  4.99879228e-06]
  ...
  [-1.14719213e-07 -1.77767481e-06 -1.02770227e-05 ...  2.27166634e-04
    1.81897010e-06 -1.91352223e-04]
  [ 7.42477450e-07  1.10110636e-05  9.27869962e-05 ...  1.81897010e-06
    4.79980213e-04 -1.62432602e-06]
  [ 6.64945371e-08  1.04758255e-06  4.99879228e-06 ... -1.91352223e-04
   -1.62432602e-06  6.55604819e-04]]

 [[ 2.14412323e-09  3.18475797e-08  2.65523762e-07 ... -7.48710051e-08
    1.03578279e-06  2.38441682e-08]
  [ 3.18475797e-08  4.74248168e-07  3.91397245e-06 ... -9.93116139e-07
    1.53190794e-05  2.50158336e-07]
  [ 2.65523762e-07  3.91397245e-06  3.37625621e-05 ... -1.10143153e-05
    1.30901584e-04  4.52870527e-06]
  ...
  [-7.48710051e-08 -9.93116139e-07 -1.10143153e-05 ...  2.49604139e-04
    2.27938992e-06 -2.10130166e-04]
  [ 1.03578279e-06  1.53190794e-05  1.30901584e-04 ...  2.27938992e-06
    5.52939070e-04 -2.04467381e-06]
  [ 2.38441682e-08  2.50158336e-07  4.52870527e-06 ... -2.10130166e-04
   -2.04467381e-06  7.46013594e-04]]]
converged SCF energy = -150.226693714538  <S^2> = 2.0045398  2S+1 = 3.003025
dm0 check [[[ 1.14641034e-09  1.70870796e-08  1.38754067e-07 ... -8.06197114e-08
    6.25414479e-07  4.56928193e-08]
  [ 1.70870796e-08  2.56086178e-07  2.02952954e-06 ... -1.06182715e-06
    9.18278711e-06  7.18409482e-07]
  [ 1.38754067e-07  2.02952954e-06  1.80707725e-05 ... -1.26946921e-05
    8.12949641e-05  3.19888549e-06]
  ...
  [-8.06197114e-08 -1.06182715e-06 -1.26946921e-05 ...  2.39058503e-04
   -1.61704710e-06 -1.68274903e-04]
  [ 6.25414479e-07  9.18278711e-06  8.12949641e-05 ... -1.61704710e-06
    4.44994913e-04 -4.06060711e-06]
  [ 4.56928193e-08  7.18409482e-07  3.19888549e-06 ... -1.68274903e-04
   -4.06060711e-06  5.95722470e-04]]

 [[ 2.53030418e-08  3.85040297e-07  2.83121026e-06 ... -1.48564831e-07
    1.05892704e-07  7.43980001e-08]
  [ 3.85040297e-07  5.86062253e-06  4.30449961e-05 ... -2.17963237e-06
    1.18324623e-06  1.05302933e-06]
  [ 2.83121026e-06  4.30449961e-05  3.17985093e-04 ... -1.75088531e-05
    2.68730302e-05  9.39156111e-06]
  ...
  [-1.48564831e-07 -2.17963237e-06 -1.75088531e-05 ...  2.30571488e-04
    2.08888620e-07 -1.91671088e-04]
  [ 1.05892704e-07  1.18324623e-06  2.68730302e-05 ...  2.08888620e-07
    4.63238045e-04 -3.50207017e-06]
  [ 7.43980001e-08  1.05302933e-06  9.39156111e-06 ... -1.91671088e-04
   -3.50207017e-06  6.49568320e-04]]]
converged SCF energy = -150.244985829836  <S^2> = 0.9298008  2S+1 = 2.1723727
[timing] left/O ensemble SCF = 11.8s
dm0 check [[ 3.79535577e-01  6.12226752e-01 -1.25221153e-01 ...  1.47857870e-06
  -2.84228415e-07 -4.06013391e-06]
 [ 6.12226752e-01  1.01515580e+00 -3.34032809e-01 ...  4.69279442e-06
  -1.56452718e-06 -1.15287826e-05]
 [-1.25221153e-01 -3.34032809e-01  6.75216427e-01 ... -1.08054435e-05
   3.67081168e-06  2.78150367e-05]
 ...
 [ 1.47857870e-06  4.69279442e-06 -1.08054435e-05 ...  8.04719923e-07
  -2.70658102e-07  1.29067304e-07]
 [-2.84228415e-07 -1.56452718e-06  3.67081168e-06 ... -2.70658102e-07
   5.91889264e-07  2.17683407e-08]
 [-4.06013391e-06 -1.15287826e-05  2.78150367e-05 ...  1.29067304e-07
   2.17683407e-08  5.85264124e-07]]


******** <class 'pyscf.scf.addons.SmearingDFRKS'> ********
method = SmearingDFRKS
initial guess = minao
damping factor = 0.15
level_shift factor = 0.2
DIIS = <class 'pyscf.scf.diis.CDIIS'>
diis_start_cycle = 1
diis_space = 12
diis_damp = 0
SCF conv_tol = 5e-05
SCF conv_tol_grad = None
SCF max_cycles = 200
direct_scf = True
direct_scf_tol = 1e-13
chkfile to save SCF result = /tmp/tmpiu3_m7in
max_memory 4000 MB (current use 87274 MB)
XC library pyscf.dft.libxc version 6.1.0
    S. Lehtola, C. Steigemann, M. J.T. Oliveira, and M. A.L. Marques.,  SoftwareX 7, 1–5 (2018)
XC functionals = pbe
    J. P. Perdew, K. Burke, and M. Ernzerhof.,  Phys. Rev. Lett. 77, 3865 (1996)
    J. P. Perdew, K. Burke, and M. Ernzerhof.,  Phys. Rev. Lett. 78, 1396 (1997)
    J. P. Perdew, K. Burke, and M. Ernzerhof.,  Phys. Rev. Lett. 77, 3865 (1996)
    J. P. Perdew, K. Burke, and M. Ernzerhof.,  Phys. Rev. Lett. 78, 1396 (1997)
small_rho_cutoff = 1e-06
Set gradient conv threshold to 0.00707107
    Total E(T) = -12114.8682675383  Free energy = -12115.8881918566  E0 = -12115.3782296974
init E= -12114.8682675383
    sigma = 0.02  Optimized mu = -0.0518349086487  entropy = 1.50472795954
    Total E(T) = -12114.8682535953  Free energy = -12114.8983481545  E0 = -12114.8833008749
cycle= 1 E= -12114.8682535953  delta_E= 1.39e-05  |g|= 0.0249  |ddm|= 16.5
    sigma = 0.02  Optimized mu = -0.0519162510457  entropy = 1.5047291147
    Total E(T) = -12114.8680861092  Free energy = -12114.8981806915  E0 = -12114.8831334004
cycle= 2 E= -12114.8680861092  delta_E= 0.000167  |g|= 0.0842  |ddm|= 71.7
    sigma = 0.02  Optimized mu = -0.0518623595015  entropy = 1.50457383209
    Total E(T) = -12114.8681830829  Free energy = -12114.8982745596  E0 = -12114.8832288212
cycle= 3 E= -12114.8681830829  delta_E= -9.7e-05  |g|= 0.0465  |ddm|= 29.9
    sigma = 0.02  Optimized mu = -0.0518596482357  entropy = 1.50458382786
    Total E(T) = -12114.8682250034  Free energy = -12114.89831668  E0 = -12114.8832708417
cycle= 4 E= -12114.8682250034  delta_E= -4.19e-05  |g|= 0.0329  |ddm|= 10.9
    sigma = 0.02  Optimized mu = -0.0518588555892  entropy = 1.50458717325
    Total E(T) = -12114.8682455558  Free energy = -12114.8983372992  E0 = -12114.8832914275
cycle= 5 E= -12114.8682455558  delta_E= -2.06e-05  |g|= 0.0239  |ddm|= 6.45
    sigma = 0.02  Optimized mu = -0.051857509294  entropy = 1.50459085315
    Total E(T) = -12114.8682559181  Free energy = -12114.8983477352  E0 = -12114.8833018266
cycle= 6 E= -12114.8682559181  delta_E= -1.04e-05  |g|= 0.018  |ddm|= 4.52
    sigma = 0.02  Optimized mu = -0.0518580360324  entropy = 1.5045895656
    Total E(T) = -12114.8682616159  Free energy = -12114.8983534072  E0 = -12114.8833075115
cycle= 7 E= -12114.8682616159  delta_E= -5.7e-06  |g|= 0.0134  |ddm|= 2.82
    sigma = 0.02  Optimized mu = -0.0518558268742  entropy = 1.50460019689
    Total E(T) = -12114.8682647248  Free energy = -12114.8983567288  E0 = -12114.8833107268
cycle= 8 E= -12114.8682647248  delta_E= -3.11e-06  |g|= 0.0102  |ddm|= 1.88
    sigma = 0.02  Optimized mu = -0.0518584006656  entropy = 1.50458803407
    Total E(T) = -12114.8682665285  Free energy = -12114.8983582892  E0 = -12114.8833124088
cycle= 9 E= -12114.8682665285  delta_E= -1.8e-06  |g|= 0.00787  |ddm|= 1.39
    sigma = 0.02  Optimized mu = -0.0518575140746  entropy = 1.50459375319
    Total E(T) = -12114.8682675261  Free energy = -12114.8983594011  E0 = -12114.8833134636
cycle= 10 E= -12114.8682675261  delta_E= -9.98e-07  |g|= 0.00617  |ddm|= 1.08
    sigma = 0.02  Optimized mu = -0.151804956847  entropy = 50.9957931003
    Total E(T) = -12114.3427362954  Free energy = -12115.3626521574  E0 = -12114.8526942264
Extra cycle  E= -12114.3427362954  delta_E= 0.526  |g|= 0.403  |ddm|= 4.1e+03
converged SCF energy = -12114.3427362954
dm0 check [[[ 1.89789382e-01  3.06171158e-01 -6.27462472e-02 ...  6.21887195e-07
   -1.49852170e-07 -2.00301846e-06]
  [ 3.06171158e-01  5.07731496e-01 -1.67375320e-01 ...  2.03089589e-06
   -8.03709879e-07 -5.68949299e-06]
  [-6.27462472e-02 -1.67375320e-01  3.38438549e-01 ... -4.64483002e-06
    1.89270716e-06  1.37050073e-05]
  ...
  [ 6.21887195e-07  2.03089589e-06 -4.64483002e-06 ...  4.27153665e-07
   -1.40801400e-07  6.62884693e-08]
  [-1.49852170e-07 -8.03709879e-07  1.89270716e-06 ... -1.40801400e-07
    3.00308845e-07  1.88525514e-08]
  [-2.00301846e-06 -5.68949299e-06  1.37050073e-05 ...  6.62884693e-08
    1.88525514e-08  2.95188219e-07]]

 [[ 1.89768679e-01  3.06114738e-01 -6.26182008e-02 ...  8.49693664e-07
   -1.21844900e-07 -1.88539164e-06]
  [ 3.06114738e-01  5.07580864e-01 -1.67037477e-01 ...  2.64341454e-06
   -7.25955096e-07 -5.37452607e-06]
  [-6.26182008e-02 -1.67037477e-01  3.37683589e-01 ... -6.11015893e-06
    1.68541477e-06  1.29639537e-05]
  ...
  [ 8.49693664e-07  2.64341454e-06 -6.11015893e-06 ...  4.12397141e-07
   -1.42390406e-07  6.90849821e-08]
  [-1.21844900e-07 -7.25955096e-07  1.68541477e-06 ... -1.42390406e-07
    3.01265349e-07  1.50424622e-08]
  [-1.88539164e-06 -5.37452607e-06  1.29639537e-05 ...  6.90849821e-08
    1.50424622e-08  2.84032353e-07]]]


******** <class 'pyscf.scf.addons.SmearingDFUKS'> ********
method = SmearingDFUKS
initial guess = minao
damping factor = 0.15
level_shift factor = 0.2
DIIS = <class 'pyscf.scf.diis.CDIIS'>
diis_start_cycle = 1
diis_space = 12
diis_damp = 0
SCF conv_tol = 5e-05
SCF conv_tol_grad = None
SCF max_cycles = 200
direct_scf = True
direct_scf_tol = 1e-13
chkfile to save SCF result = /tmp/tmp2d_gj1bs
max_memory 4000 MB (current use 87311 MB)
number electrons alpha = 325  beta = 323
XC library pyscf.dft.libxc version 6.1.0
    S. Lehtola, C. Steigemann, M. J.T. Oliveira, and M. A.L. Marques.,  SoftwareX 7, 1–5 (2018)
XC functionals = pbe
    J. P. Perdew, K. Burke, and M. Ernzerhof.,  Phys. Rev. Lett. 77, 3865 (1996)
    J. P. Perdew, K. Burke, and M. Ernzerhof.,  Phys. Rev. Lett. 78, 1396 (1997)
    J. P. Perdew, K. Burke, and M. Ernzerhof.,  Phys. Rev. Lett. 77, 3865 (1996)
    J. P. Perdew, K. Burke, and M. Ernzerhof.,  Phys. Rev. Lett. 78, 1396 (1997)
small_rho_cutoff = 1e-06
Set gradient conv threshold to 0.00707107
    Total E(T) = -12114.4245657417  Free energy = -12114.488659695  E0 = -12114.4566127183
init E= -12114.4245657417
    sigma = 0.005  Optimized mu_alpha = -0.196991145638  entropy = 3.34377801615e-07
    sigma = 0.005  Optimized mu_beta  = -0.199545169858  entropy = 3.34377801615e-07
    Total E(T) = -12114.4245594448  Free energy = -12114.4245594465  E0 = -12114.4245594457
cycle= 1 E= -12114.4245594448  delta_E= 6.3e-06  |g|= 0.0238  |ddm|= 9.37
    sigma = 0.005  Optimized mu_alpha = -0.197081660101  entropy = 3.33999308478e-07
    sigma = 0.005  Optimized mu_beta  = -0.199641812773  entropy = 3.33999308478e-07
    Total E(T) = -12114.4244897772  Free energy = -12114.4244897788  E0 = -12114.424489778
cycle= 2 E= -12114.4244897772  delta_E= 6.97e-05  |g|= 0.0764  |ddm|=   37
    sigma = 0.005  Optimized mu_alpha = -0.197021821843  entropy = 3.34130648086e-07
    sigma = 0.005  Optimized mu_beta  = -0.199577605528  entropy = 3.34130648086e-07
    Total E(T) = -12114.4245295948  Free energy = -12114.4245295965  E0 = -12114.4245295956
cycle= 3 E= -12114.4245295948  delta_E= -3.98e-05  |g|= 0.0422  |ddm|= 14.6
    sigma = 0.005  Optimized mu_alpha = -0.197019783382  entropy = 3.34151195241e-07
    sigma = 0.005  Optimized mu_beta  = -0.199575342335  entropy = 3.34151195241e-07
    Total E(T) = -12114.4245483718  Free energy = -12114.4245483734  E0 = -12114.4245483726
cycle= 4 E= -12114.4245483718  delta_E= -1.88e-05  |g|= 0.0291  |ddm|=  5.7
    sigma = 0.005  Optimized mu_alpha = -0.197017359913  entropy = 3.34163383248e-07
    sigma = 0.005  Optimized mu_beta  = -0.199572814874  entropy = 3.34163383248e-07
    Total E(T) = -12114.424557333  Free energy = -12114.4245573347  E0 = -12114.4245573338
cycle= 5 E= -12114.424557333  delta_E= -8.96e-06  |g|= 0.0206  |ddm|= 3.39
    sigma = 0.005  Optimized mu_alpha = -0.197019925396  entropy = 3.34154174602e-07
    sigma = 0.005  Optimized mu_beta  = -0.19957541479  entropy = 3.34154174602e-07
    Total E(T) = -12114.4245617154  Free energy = -12114.424561717  E0 = -12114.4245617162
cycle= 6 E= -12114.4245617154  delta_E= -4.38e-06  |g|= 0.0148  |ddm|= 2.26
    sigma = 0.005  Optimized mu_alpha = -0.197017168036  entropy = 3.34162489628e-07
    sigma = 0.005  Optimized mu_beta  = -0.19957263863  entropy = 3.34162489628e-07
    Total E(T) = -12114.4245639656  Free energy = -12114.4245639673  E0 = -12114.4245639664
cycle= 7 E= -12114.4245639656  delta_E= -2.25e-06  |g|= 0.0108  |ddm|= 1.48
    sigma = 0.005  Optimized mu_alpha = -0.197016995354  entropy = 3.34163602536e-07
    sigma = 0.005  Optimized mu_beta  = -0.199572440932  entropy = 3.34163602536e-07
    Total E(T) = -12114.4245651463  Free energy = -12114.424565148  E0 = -12114.4245651472
cycle= 8 E= -12114.4245651463  delta_E= -1.18e-06  |g|= 0.00798  |ddm|= 0.982
    sigma = 0.005  Optimized mu_alpha = -0.197017765788  entropy = 3.34161719341e-07
    sigma = 0.005  Optimized mu_beta  = -0.199573204901  entropy = 3.34161719341e-07
    Total E(T) = -12114.4245657562  Free energy = -12114.4245657579  E0 = -12114.4245657571
cycle= 9 E= -12114.4245657562  delta_E= -6.1e-07  |g|= 0.00604  |ddm|= 0.725
    sigma = 0.005  Optimized mu_alpha = -0.296557519844  entropy = 12.8188192203
    sigma = 0.005  Optimized mu_beta  = -0.299448419231  entropy = 12.8188192203
    Total E(T) = -12114.3891398537  Free energy = -12114.4532339498  E0 = -12114.4211869018
Extra cycle  E= -12114.3891398537  delta_E= 0.0354  |g|= 0.222  |ddm|=  894
converged SCF energy = -12114.3891398537  <S^2> = 3.7627201  2S+1 = 4.006355
[timing] right/Al ensemble SCF = 1234.8s
[timing] collect state = 0.0s
[timing] grad contraction = 1.5s
Npdft 666.0000340487006
[timing] checkpoint save = 0.0s
step=  37 L=-12265.45475508 Ef=-12265.46118431 L1=9.93540994e-01 |grad|=1.88926e-02 t=1446.0s
[diagnostic] step=38 |b|=4.648759e-01 max|b|=7.085925e-02
[timing] build AO Vp from S3 = 1.6s
[diagnostic] |vpl|=4.809443e-01 max|vpl|=6.950342e-02
[diagnostic] |vpr|=6.299322e-01 max|vpr|=5.442614e-02
[diagnostic] |vpref|=7.222858e-01 max|vpref|=6.946856e-02
dm0 check [[[ 1.51511429e-09  2.24391614e-08  1.89789970e-07 ... -1.14718824e-07
    7.42476309e-07  6.64941793e-08]
  [ 2.24391614e-08  3.34444434e-07  2.75067443e-06 ... -1.77766808e-06
    1.10110519e-05  1.04757601e-06]
  [ 1.89789970e-07  2.75067443e-06  2.57237987e-05 ... -1.02769689e-05
    9.27868290e-05  4.99874425e-06]
  ...
  [-1.14718824e-07 -1.77766808e-06 -1.02769689e-05 ...  2.27166815e-04
    1.81897202e-06 -1.91352375e-04]
  [ 7.42476309e-07  1.10110519e-05  9.27868290e-05 ...  1.81897202e-06
    4.79980320e-04 -1.62432478e-06]
  [ 6.64941793e-08  1.04757601e-06  4.99874425e-06 ... -1.91352375e-04
   -1.62432478e-06  6.55605060e-04]]

 [[ 2.14412371e-09  3.18475873e-08  2.65523713e-07 ... -7.48702786e-08
    1.03578239e-06  2.38435431e-08]
  [ 3.18475873e-08  4.74248205e-07  3.91397270e-06 ... -9.93111257e-07
    1.53190753e-05  2.50153949e-07]
  [ 2.65523713e-07  3.91397270e-06  3.37625519e-05 ... -1.10142664e-05
    1.30901509e-04  4.52866391e-06]
  ...
  [-7.48702786e-08 -9.93111257e-07 -1.10142664e-05 ...  2.49604272e-04
    2.27939129e-06 -2.10130279e-04]
  [ 1.03578239e-06  1.53190753e-05  1.30901509e-04 ...  2.27939129e-06
    5.52938694e-04 -2.04467231e-06]
  [ 2.38435431e-08  2.50153949e-07  4.52866391e-06 ... -2.10130279e-04
   -2.04467231e-06  7.46013303e-04]]]
converged SCF energy = -150.226693714539  <S^2> = 2.0045398  2S+1 = 3.003025
dm0 check [[[ 1.14640993e-09  1.70870799e-08  1.38754034e-07 ... -8.06198971e-08
    6.25414566e-07  4.56930207e-08]
  [ 1.70870799e-08  2.56086263e-07  2.02952999e-06 ... -1.06183013e-06
    9.18279223e-06  7.18410992e-07]
  [ 1.38754034e-07  2.02952999e-06  1.80707714e-05 ... -1.26946960e-05
    8.12950037e-05  3.19890117e-06]
  ...
  [-8.06198971e-08 -1.06183013e-06 -1.26946960e-05 ...  2.39058330e-04
   -1.61706585e-06 -1.68275027e-04]
  [ 6.25414566e-07  9.18279223e-06  8.12950037e-05 ... -1.61706585e-06
    4.44995226e-04 -4.06064613e-06]
  [ 4.56930207e-08  7.18410992e-07  3.19890117e-06 ... -1.68275027e-04
   -4.06064613e-06  5.95722903e-04]]

 [[ 2.53033845e-08  3.85045512e-07  2.83124773e-06 ... -1.48565677e-07
    1.05891146e-07  7.43983217e-08]
  [ 3.85045512e-07  5.86070185e-06  4.30455663e-05 ... -2.17964321e-06
    1.18322440e-06  1.05303247e-06]
  [ 2.83124773e-06  4.30455663e-05  3.17989188e-04 ... -1.75089403e-05
    2.68728805e-05  9.39159058e-06]
  ...
  [-1.48565677e-07 -2.17964321e-06 -1.75089403e-05 ...  2.30571597e-04
    2.08870535e-07 -1.91671196e-04]
  [ 1.05891146e-07  1.18322440e-06  2.68728805e-05 ...  2.08870535e-07
    4.63238453e-04 -3.50211081e-06]
  [ 7.43983217e-08  1.05303247e-06  9.39159058e-06 ... -1.91671196e-04
   -3.50211081e-06  6.49568915e-04]]]
converged SCF energy = -150.244985829837  <S^2> = 0.92979875  2S+1 = 2.1723708
[timing] left/O ensemble SCF = 14.9s
dm0 check [[ 3.79535583e-01  6.12226765e-01 -1.25221191e-01 ...  1.47880997e-06
  -2.84385967e-07 -4.06019289e-06]
 [ 6.12226765e-01  1.01515584e+00 -3.34032907e-01 ...  4.69341858e-06
  -1.56495229e-06 -1.15289414e-05]
 [-1.25221191e-01 -3.34032907e-01  6.75216678e-01 ... -1.08069608e-05
   3.67184433e-06  2.78154201e-05]
 ...
 [ 1.47880997e-06  4.69341858e-06 -1.08069608e-05 ...  8.04709366e-07
  -2.70650307e-07  1.29065743e-07]
 [-2.84385967e-07 -1.56495229e-06  3.67184433e-06 ... -2.70650307e-07
   5.91870910e-07  2.17753791e-08]
 [-4.06019289e-06 -1.15289414e-05  2.78154201e-05 ...  1.29065743e-07
   2.17753791e-08  5.85261829e-07]]


******** <class 'pyscf.scf.addons.SmearingDFRKS'> ********
method = SmearingDFRKS
initial guess = minao
damping factor = 0.15
level_shift factor = 0.2
DIIS = <class 'pyscf.scf.diis.CDIIS'>
diis_start_cycle = 1
diis_space = 12
diis_damp = 0
SCF conv_tol = 5e-05
SCF conv_tol_grad = None
SCF max_cycles = 200
direct_scf = True
direct_scf_tol = 1e-13
chkfile to save SCF result = /tmp/tmpiu3_m7in
max_memory 4000 MB (current use 87311 MB)
XC library pyscf.dft.libxc version 6.1.0
    S. Lehtola, C. Steigemann, M. J.T. Oliveira, and M. A.L. Marques.,  SoftwareX 7, 1–5 (2018)
XC functionals = pbe
    J. P. Perdew, K. Burke, and M. Ernzerhof.,  Phys. Rev. Lett. 77, 3865 (1996)
    J. P. Perdew, K. Burke, and M. Ernzerhof.,  Phys. Rev. Lett. 78, 1396 (1997)
    J. P. Perdew, K. Burke, and M. Ernzerhof.,  Phys. Rev. Lett. 77, 3865 (1996)
    J. P. Perdew, K. Burke, and M. Ernzerhof.,  Phys. Rev. Lett. 78, 1396 (1997)
small_rho_cutoff = 1e-06
Set gradient conv threshold to 0.00707107
    Total E(T) = -12114.8405802174  Free energy = -12115.8604960794  E0 = -12115.3505381484
init E= -12114.8405802174
    sigma = 0.02  Optimized mu = -0.0518074195268  entropy = 1.50507049502
    Total E(T) = -12114.8405602676  Free energy = -12114.8706616775  E0 = -12114.8556109725
cycle= 1 E= -12114.8405602676  delta_E= 1.99e-05  |g|= 0.0298  |ddm|= 18.4
    sigma = 0.02  Optimized mu = -0.051954107789  entropy = 1.50497241665
    Total E(T) = -12114.8403210713  Free energy = -12114.8704205196  E0 = -12114.8553707954
cycle= 2 E= -12114.8403210713  delta_E= 0.000239  |g|=  0.1  |ddm|= 84.8
    sigma = 0.02  Optimized mu = -0.0518647436714  entropy = 1.5047867208
    Total E(T) = -12114.8404599274  Free energy = -12114.8705556618  E0 = -12114.8555077946
cycle= 3 E= -12114.8404599274  delta_E= -0.000139  |g|= 0.0552  |ddm|= 35.7
    sigma = 0.02  Optimized mu = -0.0518595202488  entropy = 1.5048062335
    Total E(T) = -12114.8405202607  Free energy = -12114.8706163854  E0 = -12114.8555683231
cycle= 4 E= -12114.8405202607  delta_E= -6.03e-05  |g|= 0.0389  |ddm|= 12.7
    sigma = 0.02  Optimized mu = -0.051858252939  entropy = 1.50481093483
    Total E(T) = -12114.8405496756  Free energy = -12114.8706458943  E0 = -12114.855597785
cycle= 5 E= -12114.8405496756  delta_E= -2.94e-05  |g|= 0.0281  |ddm|= 7.63
    sigma = 0.02  Optimized mu = -0.0518551928753  entropy = 1.50481813189
    Total E(T) = -12114.8405642523  Free energy = -12114.870660615  E0 = -12114.8556124336
cycle= 6 E= -12114.8405642523  delta_E= -1.46e-05  |g|= 0.0211  |ddm|= 5.64
    sigma = 0.02  Optimized mu = -0.0518564384968  entropy = 1.50481458918
    Total E(T) = -12114.8405721899  Free energy = -12114.8706684817  E0 = -12114.8556203358
cycle= 7 E= -12114.8405721899  delta_E= -7.94e-06  |g|= 0.0159  |ddm|= 3.37
    sigma = 0.02  Optimized mu = -0.0518544884013  entropy = 1.50482269073
    Total E(T) = -12114.8405766443  Free energy = -12114.8706730981  E0 = -12114.8556248712
cycle= 8 E= -12114.8405766443  delta_E= -4.45e-06  |g|= 0.012  |ddm|= 2.12
    sigma = 0.02  Optimized mu = -0.0518573984567  entropy = 1.50480736052
    Total E(T) = -12114.8405792378  Free energy = -12114.870675385  E0 = -12114.8556273114
cycle= 9 E= -12114.8405792378  delta_E= -2.59e-06  |g|= 0.00915  |ddm|= 1.63
    sigma = 0.02  Optimized mu = -0.0518552518649  entropy = 1.50481882194
    Total E(T) = -12114.8405806511  Free energy = -12114.8706770275  E0 = -12114.8556288393
cycle= 10 E= -12114.8405806511  delta_E= -1.41e-06  |g|= 0.00707  |ddm|=  1.3
    sigma = 0.02  Optimized mu = -0.0518559176427  entropy = 1.50481424637
    Total E(T) = -12114.8405815087  Free energy = -12114.8706777936  E0 = -12114.8556296512
cycle= 11 E= -12114.8405815087  delta_E= -8.58e-07  |g|= 0.00555  |ddm|= 0.992
    sigma = 0.02  Optimized mu = -0.151797408582  entropy = 50.9969838482
    Total E(T) = -12114.3151242518  Free energy = -12115.3350639288  E0 = -12114.8250940903
Extra cycle  E= -12114.3151242518  delta_E= 0.525  |g|= 0.401  |ddm|= 4.1e+03
converged SCF energy = -12114.3151242518
dm0 check [[[ 1.89789382e-01  3.06171156e-01 -6.27462454e-02 ...  6.21994214e-07
   -1.49876436e-07 -2.00306555e-06]
  [ 3.06171156e-01  5.07731491e-01 -1.67375315e-01 ...  2.03118419e-06
   -8.03775203e-07 -5.68962021e-06]
  [-6.27462454e-02 -1.67375315e-01  3.38438549e-01 ... -4.64552428e-06
    1.89286463e-06  1.37053163e-05]
  ...
  [ 6.21994214e-07  2.03118419e-06 -4.64552428e-06 ...  4.27160972e-07
   -1.40804735e-07  6.62905236e-08]
  [-1.49876436e-07 -8.03775203e-07  1.89286463e-06 ... -1.40804735e-07
    3.00303311e-07  1.88563767e-08]
  [-2.00306555e-06 -5.68962021e-06  1.37053163e-05 ...  6.62905236e-08
    1.88563767e-08  2.95186739e-07]]

 [[ 1.89768679e-01  3.06114739e-01 -6.26182050e-02 ...  8.49657998e-07
   -1.21945909e-07 -1.88528899e-06]
  [ 3.06114739e-01  5.07580867e-01 -1.67037488e-01 ...  2.64331832e-06
   -7.26227847e-07 -5.37424873e-06]
  [-6.26182050e-02 -1.67037488e-01  3.37683621e-01 ... -6.10992584e-06
    1.68607840e-06  1.29632772e-05]
  ...
  [ 8.49657998e-07  2.64331832e-06 -6.10992584e-06 ...  4.12404987e-07
   -1.42390843e-07  6.90867781e-08]
  [-1.21945909e-07 -7.26227847e-07  1.68607840e-06 ... -1.42390843e-07
    3.01259455e-07  1.50485595e-08]
  [-1.88528899e-06 -5.37424873e-06  1.29632772e-05 ...  6.90867781e-08
    1.50485595e-08  2.84030133e-07]]]


******** <class 'pyscf.scf.addons.SmearingDFUKS'> ********
method = SmearingDFUKS
initial guess = minao
damping factor = 0.15
level_shift factor = 0.2
DIIS = <class 'pyscf.scf.diis.CDIIS'>
diis_start_cycle = 1
diis_space = 12
diis_damp = 0
SCF conv_tol = 5e-05
SCF conv_tol_grad = None
SCF max_cycles = 200
direct_scf = True
direct_scf_tol = 1e-13
chkfile to save SCF result = /tmp/tmp2d_gj1bs
max_memory 4000 MB (current use 87349 MB)
number electrons alpha = 325  beta = 323
XC library pyscf.dft.libxc version 6.1.0
    S. Lehtola, C. Steigemann, M. J.T. Oliveira, and M. A.L. Marques.,  SoftwareX 7, 1–5 (2018)
XC functionals = pbe
    J. P. Perdew, K. Burke, and M. Ernzerhof.,  Phys. Rev. Lett. 77, 3865 (1996)
    J. P. Perdew, K. Burke, and M. Ernzerhof.,  Phys. Rev. Lett. 78, 1396 (1997)
    J. P. Perdew, K. Burke, and M. Ernzerhof.,  Phys. Rev. Lett. 77, 3865 (1996)
    J. P. Perdew, K. Burke, and M. Ernzerhof.,  Phys. Rev. Lett. 78, 1396 (1997)
small_rho_cutoff = 1e-06
Set gradient conv threshold to 0.00707107
    Total E(T) = -12114.396914934  Free energy = -12114.4610090301  E0 = -12114.4289619821
init E= -12114.396914934
    sigma = 0.005  Optimized mu_alpha = -0.19695782075  entropy = 3.34834389739e-07
    sigma = 0.005  Optimized mu_beta  = -0.199510005649  entropy = 3.34834389739e-07
    Total E(T) = -12114.3969043797  Free energy = -12114.3969043814  E0 = -12114.3969043806
cycle= 1 E= -12114.3969043797  delta_E= 1.06e-05  |g|= 0.0308  |ddm|= 10.7
    sigma = 0.005  Optimized mu_alpha = -0.197128634578  entropy = 3.34121679404e-07
    sigma = 0.005  Optimized mu_beta  = -0.199690904715  entropy = 3.34121679404e-07
    Total E(T) = -12114.3967854183  Free energy = -12114.3967854199  E0 = -12114.3967854191
cycle= 2 E= -12114.3967854183  delta_E= 0.000119  |g|= 0.0982  |ddm|= 48.7
    sigma = 0.005  Optimized mu_alpha = -0.197021706551  entropy = 3.34382316593e-07
    sigma = 0.005  Optimized mu_beta  = -0.199576638033  entropy = 3.34382316593e-07
    Total E(T) = -12114.396854446  Free energy = -12114.3968544477  E0 = -12114.3968544468
cycle= 3 E= -12114.396854446  delta_E= -6.9e-05  |g|= 0.0537  |ddm|= 19.4
    sigma = 0.005  Optimized mu_alpha = -0.197017840141  entropy = 3.34409890498e-07
    sigma = 0.005  Optimized mu_beta  = -0.199572452968  entropy = 3.34409890498e-07
    Total E(T) = -12114.396886718  Free energy = -12114.3968867197  E0 = -12114.3968867188
cycle= 4 E= -12114.396886718  delta_E= -3.23e-05  |g|= 0.0367  |ddm|=  7.6
    sigma = 0.005  Optimized mu_alpha = -0.197013163694  entropy = 3.34428236734e-07
    sigma = 0.005  Optimized mu_beta  = -0.199567591304  entropy = 3.34428236734e-07
    Total E(T) = -12114.3969018921  Free energy = -12114.3969018938  E0 = -12114.396901893
cycle= 5 E= -12114.3969018921  delta_E= -1.52e-05  |g|= 0.0256  |ddm|= 4.51
    sigma = 0.005  Optimized mu_alpha = -0.197017222163  entropy = 3.34410586791e-07
    sigma = 0.005  Optimized mu_beta  = -0.199571742163  entropy = 3.34410586791e-07
    Total E(T) = -12114.3969091885  Free energy = -12114.3969091902  E0 = -12114.3969091893
cycle= 6 E= -12114.3969091885  delta_E= -7.3e-06  |g|= 0.0182  |ddm|= 2.99
    sigma = 0.005  Optimized mu_alpha = -0.197013293143  entropy = 3.34418257724e-07
    sigma = 0.005  Optimized mu_beta  = -0.199567802903  entropy = 3.34418257724e-07
    Total E(T) = -12114.3969128219  Free energy = -12114.3969128235  E0 = -12114.3969128227
cycle= 7 E= -12114.3969128219  delta_E= -3.63e-06  |g|= 0.0132  |ddm|= 1.94
    sigma = 0.005  Optimized mu_alpha = -0.197013261172  entropy = 3.34419914227e-07
    sigma = 0.005  Optimized mu_beta  = -0.19956770169  entropy = 3.34419914227e-07
    Total E(T) = -12114.396914713  Free energy = -12114.3969147146  E0 = -12114.3969147138
cycle= 8 E= -12114.396914713  delta_E= -1.89e-06  |g|= 0.00949  |ddm|= 1.26
    sigma = 0.005  Optimized mu_alpha = -0.197014361637  entropy = 3.34418136943e-07
    sigma = 0.005  Optimized mu_beta  = -0.199568755122  entropy = 3.34418136943e-07
    Total E(T) = -12114.3969156656  Free energy = -12114.3969156672  E0 = -12114.3969156664
cycle= 9 E= -12114.3969156656  delta_E= -9.53e-07  |g|= 0.00702  |ddm|= 1.04
    sigma = 0.005  Optimized mu_alpha = -0.296540350318  entropy = 12.8200778267
    sigma = 0.005  Optimized mu_beta  = -0.299430479177  entropy = 12.8200778267
    Total E(T) = -12114.3613298914  Free energy = -12114.4254302806  E0 = -12114.393380086
Extra cycle  E= -12114.3613298914  delta_E= 0.0356  |g|= 0.238  |ddm|=  896
converged SCF energy = -12114.3613298914  <S^2> = 3.762727  2S+1 = 4.0063585
[timing] right/Al ensemble SCF = 1257.3s
[timing] collect state = 0.0s
[timing] grad contraction = 1.6s
Npdft 666.000034052007
[timing] checkpoint save = 0.0s
step=  38 L=-12265.43086249 Ef=-12265.43742626 L1=9.89263259e-01 |grad|=1.88264e-02 t=1473.6s
[phase2 outer 19] previous L = -12265.45467958
[phase2 outer 19] new L = -12265.43086249
[phase2 outer 19] dL = 2.38170902e-02
[phase2 outer 19] previous Ef = -12265.46111329
[phase2 outer 19] new Ef = -12265.43742626
[phase2 outer 19] dEf = 2.36870333e-02
[phase2 outer 19] |db| = 1.23469e-02
[phase2 outer 19] |grad| = 1.88264e-02
[phase2 outer 19] last_Ef = -12265.461113290383
[phase2 outer 19] adaptive max_step_norm = 1.000000e-01
[phase2 outer 19] delta = 2.735878e-03
[phase2 outer 19] raw_step_norm = 1.234691e-02
[phase2 outer 19] capped_step_norm = 1.234691e-02
[phase2 outer 19] dL = 0.02381709023939038
[phase2 outer 19] dEf = 0.023687033291935222
[phase2 outer 19] |grad| = 1.882644e-02
[phase2 outer 19] raw_step_norm=1.234691e-02 capped_step_norm=1.234691e-02 raw_max_abs_step=2.735878e-03 capped_max_abs_step=2.735878e-03 step_cap=1.000000e-01 line_search_alpha=n/a
[phase2 outer 19] res.fun = 12265.43086249
[phase2 outer 19] res.message = STOP: TOTAL NO. of ITERATIONS REACHED LIMIT
[phase2 outer 19] finished message=STOP: TOTAL NO. of ITERATIONS REACHED LIMIT |b|=4.648759e-01
[phase2 outer 20] start |b|=4.648759e-01 max|b|=7.085925e-02 delta=2.736e-03
[diagnostic] step=39 |b|=4.648759e-01 max|b|=7.085925e-02
[timing] build AO Vp from S3 = 4.1s
[diagnostic] |vpl|=4.809443e-01 max|vpl|=6.950342e-02
[diagnostic] |vpr|=6.299322e-01 max|vpr|=5.442614e-02
[diagnostic] |vpref|=7.222858e-01 max|vpref|=6.946856e-02
dm0 check [[[ 1.51511343e-09  2.24391574e-08  1.89789844e-07 ... -1.14719231e-07
    7.42477502e-07  6.64945536e-08]
  [ 2.24391574e-08  3.34444583e-07  2.75067270e-06 ... -1.77767512e-06
    1.10110642e-05  1.04758286e-06]
  [ 1.89789844e-07  2.75067270e-06  2.57237784e-05 ... -1.02770251e-05
    9.27870039e-05  4.99879449e-06]
  ...
  [-1.14719231e-07 -1.77767512e-06 -1.02770251e-05 ...  2.27166625e-04
    1.81897001e-06 -1.91352216e-04]
  [ 7.42477502e-07  1.10110642e-05  9.27870039e-05 ...  1.81897001e-06
    4.79980208e-04 -1.62432607e-06]
  [ 6.64945536e-08  1.04758286e-06  4.99879449e-06 ... -1.91352216e-04
   -1.62432607e-06  6.55604808e-04]]

 [[ 2.14412321e-09  3.18475794e-08  2.65523764e-07 ... -7.48710385e-08
    1.03578281e-06  2.38441969e-08]
  [ 3.18475794e-08  4.74248166e-07  3.91397244e-06 ... -9.93116364e-07
    1.53190796e-05  2.50158538e-07]
  [ 2.65523764e-07  3.91397244e-06  3.37625625e-05 ... -1.10143176e-05
    1.30901588e-04  4.52870717e-06]
  ...
  [-7.48710385e-08 -9.93116364e-07 -1.10143176e-05 ...  2.49604133e-04
    2.27938986e-06 -2.10130161e-04]
  [ 1.03578281e-06  1.53190796e-05  1.30901588e-04 ...  2.27938986e-06
    5.52939088e-04 -2.04467388e-06]
  [ 2.38441969e-08  2.50158538e-07  4.52870717e-06 ... -2.10130161e-04
   -2.04467388e-06  7.46013607e-04]]]
converged SCF energy = -150.226693714539  <S^2> = 2.0045398  2S+1 = 3.003025
dm0 check [[[ 1.14641009e-09  1.70870757e-08  1.38754049e-07 ... -8.06197526e-08
    6.25414430e-07  4.56928462e-08]
  [ 1.70870757e-08  2.56086117e-07  2.02952922e-06 ... -1.06182742e-06
    9.18278626e-06  7.18409843e-07]
  [ 1.38754049e-07  2.02952922e-06  1.80707711e-05 ... -1.26946942e-05
    8.12949616e-05  3.19888836e-06]
  ...
  [-8.06197526e-08 -1.06182742e-06 -1.26946942e-05 ...  2.39058494e-04
   -1.61705015e-06 -1.68274911e-04]
  [ 6.25414430e-07  9.18278626e-06  8.12949616e-05 ... -1.61705015e-06
    4.44994923e-04 -4.06061121e-06]
  [ 4.56928462e-08  7.18409843e-07  3.19888836e-06 ... -1.68274911e-04
   -4.06061121e-06  5.95722478e-04]]

 [[ 2.53030683e-08  3.85040701e-07  2.83121315e-06 ... -1.48564895e-07
    1.05892881e-07  7.43981532e-08]
  [ 3.85040701e-07  5.86062869e-06  4.30450401e-05 ... -2.17963308e-06
    1.18324867e-06  1.05303143e-06]
  [ 2.83121315e-06  4.30450401e-05  3.17985408e-04 ... -1.75088595e-05
    2.68730501e-05  9.39157707e-06]
  ...
  [-1.48564895e-07 -2.17963308e-06 -1.75088595e-05 ...  2.30571496e-04
    2.08887069e-07 -1.91671095e-04]
  [ 1.05892881e-07  1.18324867e-06  2.68730501e-05 ...  2.08887069e-07
    4.63238065e-04 -3.50207108e-06]
  [ 7.43981532e-08  1.05303143e-06  9.39157707e-06 ... -1.91671095e-04
   -3.50207108e-06  6.49568369e-04]]]
converged SCF energy = -150.244985829837  <S^2> = 0.92979871  2S+1 = 2.1723708
[timing] left/O ensemble SCF = 10.8s
dm0 check [[ 3.79535409e-01  6.12226621e-01 -1.25220984e-01 ...  1.51534802e-06
  -2.55638374e-07 -4.16938327e-06]
 [ 6.12226621e-01  1.01515570e+00 -3.34032158e-01 ...  4.79205782e-06
  -1.48744176e-06 -1.18235105e-05]
 [-1.25220984e-01 -3.34032158e-01  6.75214876e-01 ... -1.10466629e-05
   3.48448092e-06  2.85293328e-05]
 ...
 [ 1.51534802e-06  4.79205782e-06 -1.10466629e-05 ...  8.00272167e-07
  -2.71537093e-07  1.30668772e-07]
 [-2.55638374e-07 -1.48744176e-06  3.48448092e-06 ... -2.71537093e-07
   5.94064531e-07  1.73072583e-08]
 [-4.16938327e-06 -1.18235105e-05  2.85293328e-05 ...  1.30668772e-07
   1.73072583e-08  6.08859557e-07]]


******** <class 'pyscf.scf.addons.SmearingDFRKS'> ********
method = SmearingDFRKS
initial guess = minao
damping factor = 0.15
level_shift factor = 0.2
DIIS = <class 'pyscf.scf.diis.CDIIS'>
diis_start_cycle = 1
diis_space = 12
diis_damp = 0
SCF conv_tol = 5e-05
SCF conv_tol_grad = None
SCF max_cycles = 200
direct_scf = True
direct_scf_tol = 1e-13
chkfile to save SCF result = /tmp/tmpiu3_m7in
max_memory 4000 MB (current use 87367 MB)
XC library pyscf.dft.libxc version 6.1.0
    S. Lehtola, C. Steigemann, M. J.T. Oliveira, and M. A.L. Marques.,  SoftwareX 7, 1–5 (2018)
XC functionals = pbe
    J. P. Perdew, K. Burke, and M. Ernzerhof.,  Phys. Rev. Lett. 77, 3865 (1996)
    J. P. Perdew, K. Burke, and M. Ernzerhof.,  Phys. Rev. Lett. 78, 1396 (1997)
    J. P. Perdew, K. Burke, and M. Ernzerhof.,  Phys. Rev. Lett. 77, 3865 (1996)
    J. P. Perdew, K. Burke, and M. Ernzerhof.,  Phys. Rev. Lett. 78, 1396 (1997)
small_rho_cutoff = 1e-06
Set gradient conv threshold to 0.00707107
    Total E(T) = -12114.8405815087  Free energy = -12115.8605211857  E0 = -12115.3505513472
init E= -12114.8405815087
    sigma = 0.02  Optimized mu = -0.0518349364054  entropy = 1.50493436283
    Total E(T) = -12114.840569719  Free energy = -12114.8706684063  E0 = -12114.8556190627
cycle= 1 E= -12114.840569719  delta_E= 1.18e-05  |g|= 0.023  |ddm|= 15.1
    sigma = 0.02  Optimized mu = -0.0519085175363  entropy = 1.50492065979
    Total E(T) = -12114.8404283495  Free energy = -12114.8705267627  E0 = -12114.8554775561
cycle= 2 E= -12114.8404283495  delta_E= 0.000141  |g|= 0.0776  |ddm|= 65.8
    sigma = 0.02  Optimized mu = -0.0518598347133  entropy = 1.50479733558
    Total E(T) = -12114.8405101628  Free energy = -12114.8706061095  E0 = -12114.8555581362
cycle= 3 E= -12114.8405101628  delta_E= -8.18e-05  |g|= 0.0427  |ddm|= 27.4
    sigma = 0.02  Optimized mu = -0.0518573713726  entropy = 1.50480682831
    Total E(T) = -12114.840545572  Free energy = -12114.8706417085  E0 = -12114.8555936402
cycle= 4 E= -12114.840545572  delta_E= -3.54e-05  |g|= 0.0302  |ddm|= 9.96
    sigma = 0.02  Optimized mu = -0.0518566525471  entropy = 1.50480998728
    Total E(T) = -12114.8405629424  Free energy = -12114.8706591422  E0 = -12114.8556110423
cycle= 5 E= -12114.8405629424  delta_E= -1.74e-05  |g|= 0.022  |ddm|= 5.93
    sigma = 0.02  Optimized mu = -0.051855429355  entropy = 1.50481336746
    Total E(T) = -12114.8405716992  Free energy = -12114.8706679665  E0 = -12114.8556198329
cycle= 6 E= -12114.8405716992  delta_E= -8.76e-06  |g|= 0.0165  |ddm|= 4.16
    sigma = 0.02  Optimized mu = -0.0518559166967  entropy = 1.50481225065
    Total E(T) = -12114.8405765168  Free energy = -12114.8706727618  E0 = -12114.8556246393
cycle= 7 E= -12114.8405765168  delta_E= -4.82e-06  |g|= 0.0123  |ddm|= 2.59
    sigma = 0.02  Optimized mu = -0.0518539176906  entropy = 1.50482185823
    Total E(T) = -12114.8405791438  Free energy = -12114.870675581  E0 = -12114.8556273624
cycle= 8 E= -12114.8405791438  delta_E= -2.63e-06  |g|= 0.00938  |ddm|= 1.71
    sigma = 0.02  Optimized mu = -0.051856287822  entropy = 1.5048106989
    Total E(T) = -12114.8405806694  Free energy = -12114.8706768834  E0 = -12114.8556287764
cycle= 9 E= -12114.8405806694  delta_E= -1.53e-06  |g|= 0.00721  |ddm|= 1.26
    sigma = 0.02  Optimized mu = -0.051855406813  entropy = 1.50481629573
    Total E(T) = -12114.8405815091  Free energy = -12114.870677835  E0 = -12114.8556296721
cycle= 10 E= -12114.8405815091  delta_E= -8.4e-07  |g|= 0.00567  |ddm|= 0.982
    sigma = 0.02  Optimized mu = -0.151804416829  entropy = 50.9965998399
    Total E(T) = -12114.3152046318  Free energy = -12115.3351366286  E0 = -12114.8251706302
Extra cycle  E= -12114.3152046318  delta_E= 0.525  |g|=  0.4  |ddm|= 4.1e+03
converged SCF energy = -12114.3152046318
dm0 check [[[ 1.89789295e-01  3.06171082e-01 -6.27461381e-02 ...  6.38224252e-07
   -1.36701070e-07 -2.05381898e-06]
  [ 3.06171082e-01  5.07731414e-01 -1.67374930e-01 ...  2.07497924e-06
   -7.68270966e-07 -5.82646630e-06]
  [-6.27461381e-02 -1.67374930e-01  3.38437640e-01 ... -4.75177235e-06
    1.80722422e-06  1.40363085e-05]
  ...
  [ 6.38224252e-07  2.07497924e-06 -4.75177235e-06 ...  4.24827994e-07
   -1.41346321e-07  6.73990561e-08]
  [-1.36701070e-07 -7.68270966e-07  1.80722422e-06 ... -1.41346321e-07
    3.01287256e-07  1.69442512e-08]
  [-2.05381898e-06 -5.82646630e-06  1.40363085e-05 ...  6.73990561e-08
    1.69442512e-08  3.06217132e-07]]

 [[ 1.89768573e-01  3.06114616e-01 -6.26179784e-02 ...  8.65130242e-07
   -1.08458279e-07 -1.93605627e-06]
  [ 3.06114616e-01  5.07580662e-01 -1.67036779e-01 ...  2.68510769e-06
   -6.89850642e-07 -5.51125146e-06]
  [-6.26179784e-02 -1.67036779e-01  3.37681898e-01 ... -6.21167559e-06
    1.59803649e-06  1.32957622e-05]
  ...
  [ 8.65130242e-07  2.68510769e-06 -6.21167559e-06 ...  4.10117706e-07
   -1.42896733e-07  7.01695598e-08]
  [-1.08458279e-07 -6.89850642e-07  1.59803649e-06 ... -1.42896733e-07
    3.02309845e-07  1.30133947e-08]
  [-1.93605627e-06 -5.51125146e-06  1.32957622e-05 ...  7.01695598e-08
    1.30133947e-08  2.94937177e-07]]]


******** <class 'pyscf.scf.addons.SmearingDFUKS'> ********
method = SmearingDFUKS
initial guess = minao
damping factor = 0.15
level_shift factor = 0.2
DIIS = <class 'pyscf.scf.diis.CDIIS'>
diis_start_cycle = 1
diis_space = 12
diis_damp = 0
SCF conv_tol = 5e-05
SCF conv_tol_grad = None
SCF max_cycles = 200
direct_scf = True
direct_scf_tol = 1e-13
chkfile to save SCF result = /tmp/tmp2d_gj1bs
max_memory 4000 MB (current use 87330 MB)
number electrons alpha = 325  beta = 323
XC library pyscf.dft.libxc version 6.1.0
    S. Lehtola, C. Steigemann, M. J.T. Oliveira, and M. A.L. Marques.,  SoftwareX 7, 1–5 (2018)
XC functionals = pbe
    J. P. Perdew, K. Burke, and M. Ernzerhof.,  Phys. Rev. Lett. 77, 3865 (1996)
    J. P. Perdew, K. Burke, and M. Ernzerhof.,  Phys. Rev. Lett. 78, 1396 (1997)
    J. P. Perdew, K. Burke, and M. Ernzerhof.,  Phys. Rev. Lett. 77, 3865 (1996)
    J. P. Perdew, K. Burke, and M. Ernzerhof.,  Phys. Rev. Lett. 78, 1396 (1997)
small_rho_cutoff = 1e-06
Set gradient conv threshold to 0.00707107
    Total E(T) = -12114.3969156661  Free energy = -12114.4610160552  E0 = -12114.4289658606
init E= -12114.3969156661
    sigma = 0.005  Optimized mu_alpha = -0.196976430287  entropy = 3.34713198582e-07
    sigma = 0.005  Optimized mu_beta  = -0.199528911891  entropy = 3.34713198582e-07
    Total E(T) = -12114.3969064211  Free energy = -12114.3969064228  E0 = -12114.3969064219
cycle= 1 E= -12114.3969064211  delta_E= 9.24e-06  |g|= 0.0284  |ddm|= 11.6
    sigma = 0.005  Optimized mu_alpha = -0.197110128662  entropy = 3.34163726907e-07
    sigma = 0.005  Optimized mu_beta  = -0.199671187891  entropy = 3.34163726907e-07
    Total E(T) = -12114.3968046777  Free energy = -12114.3968046794  E0 = -12114.3968046785
cycle= 2 E= -12114.3968046777  delta_E= 0.000102  |g|= 0.0912  |ddm|= 45.1
    sigma = 0.005  Optimized mu_alpha = -0.197019713968  entropy = 3.3437266028e-07
    sigma = 0.005  Optimized mu_beta  = -0.199574560741  entropy = 3.3437266028e-07
    Total E(T) = -12114.396863505  Free energy = -12114.3968635067  E0 = -12114.3968635059
cycle= 3 E= -12114.396863505  delta_E= -5.88e-05  |g|= 0.0501  |ddm|= 17.8
    sigma = 0.005  Optimized mu_alpha = -0.197017018191  entropy = 3.34397033076e-07
    sigma = 0.005  Optimized mu_beta  = -0.19957159015  entropy = 3.34397033076e-07
    Total E(T) = -12114.3968908338  Free energy = -12114.3968908355  E0 = -12114.3968908347
cycle= 4 E= -12114.3968908338  delta_E= -2.73e-05  |g|= 0.0344  |ddm|= 7.06
    sigma = 0.005  Optimized mu_alpha = -0.197013485071  entropy = 3.34415772634e-07
    sigma = 0.005  Optimized mu_beta  = -0.199567888456  entropy = 3.34415772634e-07
    Total E(T) = -12114.3969037219  Free energy = -12114.3969037235  E0 = -12114.3969037227
cycle= 5 E= -12114.3969037219  delta_E= -1.29e-05  |g|= 0.0243  |ddm|= 4.17
    sigma = 0.005  Optimized mu_alpha = -0.19701651483  entropy = 3.34404007056e-07
    sigma = 0.005  Optimized mu_beta  = -0.199570967292  entropy = 3.34404007056e-07
    Total E(T) = -12114.3969100622  Free energy = -12114.3969100639  E0 = -12114.3969100631
cycle= 6 E= -12114.3969100622  delta_E= -6.34e-06  |g|= 0.0173  |ddm|= 2.66
    sigma = 0.005  Optimized mu_alpha = -0.197012616009  entropy = 3.34419433211e-07
    sigma = 0.005  Optimized mu_beta  = -0.19956700091  entropy = 3.34419433211e-07
    Total E(T) = -12114.3969132205  Free energy = -12114.3969132221  E0 = -12114.3969132213
cycle= 7 E= -12114.3969132205  delta_E= -3.16e-06  |g|= 0.0127  |ddm|= 1.89
    sigma = 0.005  Optimized mu_alpha = -0.197012925996  entropy = 3.34417695776e-07
    sigma = 0.005  Optimized mu_beta  = -0.199567342771  entropy = 3.34417695776e-07
    Total E(T) = -12114.3969148776  Free energy = -12114.3969148793  E0 = -12114.3969148785
cycle= 8 E= -12114.3969148776  delta_E= -1.66e-06  |g|= 0.00927  |ddm|= 1.22
    sigma = 0.005  Optimized mu_alpha = -0.197013582968  entropy = 3.34423264715e-07
    sigma = 0.005  Optimized mu_beta  = -0.19956789964  entropy = 3.34423264715e-07
    Total E(T) = -12114.3969157444  Free energy = -12114.396915746  E0 = -12114.3969157452
cycle= 9 E= -12114.3969157444  delta_E= -8.67e-07  |g|= 0.00699  |ddm|= 0.924
    sigma = 0.005  Optimized mu_alpha = -0.296551100301  entropy = 12.819651806
    sigma = 0.005  Optimized mu_beta  = -0.299441459205  entropy = 12.819651806
    Total E(T) = -12114.3613847662  Free energy = -12114.4254830252  E0 = -12114.3934338957
Extra cycle  E= -12114.3613847662  delta_E= 0.0355  |g|= 0.235  |ddm|=  895
converged SCF energy = -12114.3613847662  <S^2> = 3.7627287  2S+1 = 4.0063593
[timing] right/Al ensemble SCF = 1211.1s
[timing] collect state = 0.0s
[timing] grad contraction = 2.2s
Npdft 666.0000340517403
[timing] checkpoint save = 0.0s
step=  39 L=-12265.43094025 Ef=-12265.43749942 L1=9.89123464e-01 |grad|=1.88243e-02 t=1428.5s
[diagnostic] step=40 |b|=4.755179e-01 max|b|=7.359513e-02
[timing] build AO Vp from S3 = 1.6s
[diagnostic] |vpl|=4.965664e-01 max|vpl|=7.239125e-02
[diagnostic] |vpr|=6.401458e-01 max|vpr|=5.677654e-02
[diagnostic] |vpref|=7.371878e-01 max|vpref|=7.235382e-02
dm0 check [[[ 1.51511433e-09  2.24391615e-08  1.89789976e-07 ... -1.14718805e-07
    7.42476254e-07  6.64941621e-08]
  [ 2.24391615e-08  3.34444427e-07  2.75067451e-06 ... -1.77766775e-06
    1.10110513e-05  1.04757569e-06]
  [ 1.89789976e-07  2.75067451e-06  2.57237997e-05 ... -1.02769663e-05
    9.27868209e-05  4.99874194e-06]
  ...
  [-1.14718805e-07 -1.77766775e-06 -1.02769663e-05 ...  2.27166823e-04
    1.81897212e-06 -1.91352382e-04]
  [ 7.42476254e-07  1.10110513e-05  9.27868209e-05 ...  1.81897212e-06
    4.79980325e-04 -1.62432472e-06]
  [ 6.64941621e-08  1.04757569e-06  4.99874194e-06 ... -1.91352382e-04
   -1.62432472e-06  6.55605072e-04]]

 [[ 2.14412373e-09  3.18475876e-08  2.65523711e-07 ... -7.48702436e-08
    1.03578238e-06  2.38435130e-08]
  [ 3.18475876e-08  4.74248207e-07  3.91397271e-06 ... -9.93111022e-07
    1.53190752e-05  2.50153737e-07]
  [ 2.65523711e-07  3.91397271e-06  3.37625514e-05 ... -1.10142640e-05
    1.30901506e-04  4.52866192e-06]
  ...
  [-7.48702436e-08 -9.93111022e-07 -1.10142640e-05 ...  2.49604279e-04
    2.27939136e-06 -2.10130284e-04]
  [ 1.03578238e-06  1.53190752e-05  1.30901506e-04 ...  2.27939136e-06
    5.52938676e-04 -2.04467224e-06]
  [ 2.38435130e-08  2.50153737e-07  4.52866192e-06 ... -2.10130284e-04
   -2.04467224e-06  7.46013289e-04]]]
converged SCF energy = -150.226693714539  <S^2> = 2.0045398  2S+1 = 3.003025
dm0 check [[[ 1.14641062e-09  1.70870834e-08  1.38754096e-07 ... -8.06198115e-08
    6.25414533e-07  4.56928657e-08]
  [ 1.70870834e-08  2.56086234e-07  2.02952986e-06 ... -1.06182769e-06
    9.18278747e-06  7.18410208e-07]
  [ 1.38754096e-07  2.02952986e-06  1.80707753e-05 ... -1.26946976e-05
    8.12949736e-05  3.19889040e-06]
  ...
  [-8.06198115e-08 -1.06182769e-06 -1.26946976e-05 ...  2.39058476e-04
   -1.61705385e-06 -1.68274899e-04]
  [ 6.25414533e-07  9.18278747e-06  8.12949736e-05 ... -1.61705385e-06
    4.44994913e-04 -4.06061322e-06]
  [ 4.56928657e-08  7.18410208e-07  3.19889040e-06 ... -1.68274899e-04
   -4.06061322e-06  5.95722454e-04]]

 [[ 2.53030548e-08  3.85040498e-07  2.83121170e-06 ... -1.48564922e-07
    1.05892920e-07  7.43982431e-08]
  [ 3.85040498e-07  5.86062564e-06  4.30450182e-05 ... -2.17963314e-06
    1.18324892e-06  1.05303243e-06]
  [ 2.83121170e-06  4.30450182e-05  3.17985252e-04 ... -1.75088610e-05
    2.68730544e-05  9.39158519e-06]
  ...
  [-1.48564922e-07 -2.17963314e-06 -1.75088610e-05 ...  2.30571483e-04
    2.08886379e-07 -1.91671083e-04]
  [ 1.05892920e-07  1.18324892e-06  2.68730544e-05 ...  2.08886379e-07
    4.63238058e-04 -3.50206942e-06]
  [ 7.43982431e-08  1.05303243e-06  9.39158519e-06 ... -1.91671083e-04
   -3.50206942e-06  6.49568350e-04]]]
converged SCF energy = -150.244985829837  <S^2> = 0.92979924  2S+1 = 2.1723713
[timing] left/O ensemble SCF = 10.5s
dm0 check [[ 3.79535415e-01  6.12226634e-01 -1.25221020e-01 ...  1.51562041e-06
  -2.55763124e-07 -4.16946450e-06]
 [ 6.12226634e-01  1.01515573e+00 -3.34032252e-01 ...  4.79279332e-06
  -1.48777852e-06 -1.18237292e-05]
 [-1.25221020e-01 -3.34032252e-01  6.75215115e-01 ... -1.10484536e-05
   3.48530075e-06  2.85298597e-05]
 ...
 [ 1.51562041e-06  4.79279332e-06 -1.10484536e-05 ...  8.00261473e-07
  -2.71530527e-07  1.30667539e-07]
 [-2.55763124e-07 -1.48777852e-06  3.48530075e-06 ... -2.71530527e-07
   5.94049706e-07  1.73158874e-08]
 [-4.16946450e-06 -1.18237292e-05  2.85298597e-05 ...  1.30667539e-07
   1.73158874e-08  6.08859038e-07]]


******** <class 'pyscf.scf.addons.SmearingDFRKS'> ********
method = SmearingDFRKS
initial guess = minao
damping factor = 0.15
level_shift factor = 0.2
DIIS = <class 'pyscf.scf.diis.CDIIS'>
diis_start_cycle = 1
diis_space = 12
diis_damp = 0
SCF conv_tol = 5e-05
SCF conv_tol_grad = None
SCF max_cycles = 200
direct_scf = True
direct_scf_tol = 1e-13
chkfile to save SCF result = /tmp/tmpiu3_m7in
max_memory 4000 MB (current use 87367 MB)
XC library pyscf.dft.libxc version 6.1.0
    S. Lehtola, C. Steigemann, M. J.T. Oliveira, and M. A.L. Marques.,  SoftwareX 7, 1–5 (2018)
XC functionals = pbe
    J. P. Perdew, K. Burke, and M. Ernzerhof.,  Phys. Rev. Lett. 77, 3865 (1996)
    J. P. Perdew, K. Burke, and M. Ernzerhof.,  Phys. Rev. Lett. 78, 1396 (1997)
    J. P. Perdew, K. Burke, and M. Ernzerhof.,  Phys. Rev. Lett. 77, 3865 (1996)
    J. P. Perdew, K. Burke, and M. Ernzerhof.,  Phys. Rev. Lett. 78, 1396 (1997)
small_rho_cutoff = 1e-06
Set gradient conv threshold to 0.00707107
    Total E(T) = -12114.8136253796  Free energy = -12115.8335573764  E0 = -12115.323591378
init E= -12114.8136253796
    sigma = 0.02  Optimized mu = -0.0518075461482  entropy = 1.50526028035
    Total E(T) = -12114.8136083642  Free energy = -12114.8437135698  E0 = -12114.828660967
cycle= 1 E= -12114.8136083642  delta_E= 1.7e-05  |g|= 0.0275  |ddm|=   17
    sigma = 0.02  Optimized mu = -0.0519451400431  entropy = 1.50513348354
    Total E(T) = -12114.8134049653  Free energy = -12114.8435076349  E0 = -12114.8284563001
cycle= 2 E= -12114.8134049653  delta_E= 0.000203  |g|= 0.0923  |ddm|= 78.1
    sigma = 0.02  Optimized mu = -0.0518616902896  entropy = 1.50499855106
    Total E(T) = -12114.8135231046  Free energy = -12114.8436230757  E0 = -12114.8285730902
cycle= 3 E= -12114.8135231046  delta_E= -0.000118  |g|= 0.0509  |ddm|=   33
    sigma = 0.02  Optimized mu = -0.0518568044501  entropy = 1.50501787168
    Total E(T) = -12114.8135744324  Free energy = -12114.8436747898  E0 = -12114.8286246111
cycle= 4 E= -12114.8135744324  delta_E= -5.13e-05  |g|= 0.0359  |ddm|= 11.8
    sigma = 0.02  Optimized mu = -0.0518554597731  entropy = 1.50502330513
    Total E(T) = -12114.8135994773  Free energy = -12114.8436999434  E0 = -12114.8286497103
cycle= 5 E= -12114.8135994773  delta_E= -2.5e-05  |g|= 0.0259  |ddm|= 7.03
    sigma = 0.02  Optimized mu = -0.0518529501234  entropy = 1.50502817502
    Total E(T) = -12114.813611914  Free energy = -12114.8437124775  E0 = -12114.8286621957
cycle= 6 E= -12114.813611914  delta_E= -1.24e-05  |g|= 0.0194  |ddm|= 5.12
    sigma = 0.02  Optimized mu = -0.0518539473527  entropy = 1.50502584398
    Total E(T) = -12114.8136186718  Free energy = -12114.8437191887  E0 = -12114.8286689303
cycle= 7 E= -12114.8136186718  delta_E= -6.76e-06  |g|= 0.0146  |ddm|= 3.09
    sigma = 0.02  Optimized mu = -0.051852017906  entropy = 1.50503405284
    Total E(T) = -12114.8136224412  Free energy = -12114.8437231222  E0 = -12114.8286727817
cycle= 8 E= -12114.8136224412  delta_E= -3.77e-06  |g|= 0.011  |ddm|= 1.96
    sigma = 0.02  Optimized mu = -0.0518549004168  entropy = 1.50501918778
    Total E(T) = -12114.8136246325  Free energy = -12114.8437250162  E0 = -12114.8286748243
cycle= 9 E= -12114.8136246325  delta_E= -2.19e-06  |g|= 0.00833  |ddm|= 1.52
    sigma = 0.02  Optimized mu = -0.0518528293064  entropy = 1.50503025526
    Total E(T) = -12114.8136258113  Free energy = -12114.8437264164  E0 = -12114.8286761138
cycle= 10 E= -12114.8136258113  delta_E= -1.18e-06  |g|= 0.00645  |ddm|= 1.23
    sigma = 0.02  Optimized mu = -0.151791584075  entropy = 50.9980847022
    Total E(T) = -12114.2879784067  Free energy = -12115.3079401008  E0 = -12114.7979592537
Extra cycle  E= -12114.2879784067  delta_E= 0.526  |g|= 0.407  |ddm|= 4.1e+03
converged SCF energy = -12114.2879784067
dm0 check [[[ 1.89789299e-01  3.06171093e-01 -6.27461664e-02 ...  6.38352101e-07
   -1.36793032e-07 -2.05380991e-06]
  [ 3.06171093e-01  5.07731444e-01 -1.67375006e-01 ...  2.07532384e-06
   -7.68519039e-07 -5.82644194e-06]
  [-6.27461664e-02 -1.67375006e-01  3.38437829e-01 ... -4.75260542e-06
    1.80782636e-06  1.40362506e-05]
  ...
  [ 6.38352101e-07  2.07532384e-06 -4.75260542e-06 ...  4.24814229e-07
   -1.41337451e-07  6.73928096e-08]
  [-1.36793032e-07 -7.68519039e-07  1.80782636e-06 ... -1.41337451e-07
    3.01269544e-07  1.69463888e-08]
  [-2.05380991e-06 -5.82644194e-06  1.40362506e-05 ...  6.73928096e-08
    1.69463888e-08  3.06216806e-07]]

 [[ 1.89768579e-01  3.06114630e-01 -6.26180143e-02 ...  8.65204794e-07
   -1.08604911e-07 -1.93595799e-06]
  [ 3.06114630e-01  5.07580700e-01 -1.67036875e-01 ...  2.68530892e-06
   -6.90246565e-07 -5.51098619e-06]
  [-6.26180143e-02 -1.67036875e-01  3.37682134e-01 ... -6.21216532e-06
    1.59900021e-06  1.32951184e-05]
  ...
  [ 8.65204794e-07  2.68530892e-06 -6.21216532e-06 ...  4.10102931e-07
   -1.42885497e-07  7.01625678e-08]
  [-1.08604911e-07 -6.90246565e-07  1.59900021e-06 ... -1.42885497e-07
    3.02291936e-07  1.30176669e-08]
  [-1.93595799e-06 -5.51098619e-06  1.32951184e-05 ...  7.01625678e-08
    1.30176669e-08  2.94937245e-07]]]


******** <class 'pyscf.scf.addons.SmearingDFUKS'> ********
method = SmearingDFUKS
initial guess = minao
damping factor = 0.15
level_shift factor = 0.2
DIIS = <class 'pyscf.scf.diis.CDIIS'>
diis_start_cycle = 1
diis_space = 12
diis_damp = 0
SCF conv_tol = 5e-05
SCF conv_tol_grad = None
SCF max_cycles = 200
direct_scf = True
direct_scf_tol = 1e-13
chkfile to save SCF result = /tmp/tmp2d_gj1bs
max_memory 4000 MB (current use 87442 MB)
number electrons alpha = 325  beta = 323
XC library pyscf.dft.libxc version 6.1.0
    S. Lehtola, C. Steigemann, M. J.T. Oliveira, and M. A.L. Marques.,  SoftwareX 7, 1–5 (2018)
XC functionals = pbe
    J. P. Perdew, K. Burke, and M. Ernzerhof.,  Phys. Rev. Lett. 77, 3865 (1996)
    J. P. Perdew, K. Burke, and M. Ernzerhof.,  Phys. Rev. Lett. 78, 1396 (1997)
    J. P. Perdew, K. Burke, and M. Ernzerhof.,  Phys. Rev. Lett. 77, 3865 (1996)
    J. P. Perdew, K. Burke, and M. Ernzerhof.,  Phys. Rev. Lett. 78, 1396 (1997)
small_rho_cutoff = 1e-06
Set gradient conv threshold to 0.00707107
    Total E(T) = -12114.3699950565  Free energy = -12114.4340933156  E0 = -12114.4020441861
init E= -12114.3699950565
    sigma = 0.005  Optimized mu_alpha = -0.196952278529  entropy = 3.35096695679e-07
    sigma = 0.005  Optimized mu_beta  = -0.199503407584  entropy = 3.35096695679e-07
    Total E(T) = -12114.3699821442  Free energy = -12114.3699821459  E0 = -12114.369982145
cycle= 1 E= -12114.3699821442  delta_E= 1.29e-05  |g|= 0.0342  |ddm|= 11.9
    sigma = 0.005  Optimized mu_alpha = -0.197126940776  entropy = 3.34458744398e-07
    sigma = 0.005  Optimized mu_beta  = -0.19968867289  entropy = 3.34458744398e-07
    Total E(T) = -12114.3698374068  Free energy = -12114.3698374085  E0 = -12114.3698374077
cycle= 2 E= -12114.3698374068  delta_E= 0.000145  |g|= 0.109  |ddm|= 53.5
    sigma = 0.005  Optimized mu_alpha = -0.197018137605  entropy = 3.34617883811e-07
    sigma = 0.005  Optimized mu_beta  = -0.199572187728  entropy = 3.34617883811e-07
    Total E(T) = -12114.3699208549  Free energy = -12114.3699208566  E0 = -12114.3699208558
cycle= 3 E= -12114.3699208549  delta_E= -8.34e-05  |g|= 0.0599  |ddm|= 21.3
    sigma = 0.005  Optimized mu_alpha = -0.197014155899  entropy = 3.34647686315e-07
    sigma = 0.005  Optimized mu_beta  = -0.199567820318  entropy = 3.34647686315e-07
    Total E(T) = -12114.369960056  Free energy = -12114.3699600577  E0 = -12114.3699600569
cycle= 4 E= -12114.369960056  delta_E= -3.92e-05  |g|= 0.0411  |ddm|= 8.29
    sigma = 0.005  Optimized mu_alpha = -0.197009249148  entropy = 3.3466712651e-07
    sigma = 0.005  Optimized mu_beta  = -0.199562730404  entropy = 3.3466712651e-07
    Total E(T) = -12114.3699786  Free energy = -12114.3699786017  E0 = -12114.3699786009
cycle= 5 E= -12114.3699786  delta_E= -1.85e-05  |g|= 0.0288  |ddm|= 4.93
    sigma = 0.005  Optimized mu_alpha = -0.197013648166  entropy = 3.34647811714e-07
    sigma = 0.005  Optimized mu_beta  = -0.199567228088  entropy = 3.34647811714e-07
    Total E(T) = -12114.3699875953  Free energy = -12114.369987597  E0 = -12114.3699875961
cycle= 6 E= -12114.3699875953  delta_E= -9e-06  |g|= 0.0206  |ddm|= 3.26
    sigma = 0.005  Optimized mu_alpha = -0.197009181784  entropy = 3.34658691287e-07
    sigma = 0.005  Optimized mu_beta  = -0.199562712766  entropy = 3.34658691287e-07
    Total E(T) = -12114.3699921126  Free energy = -12114.3699921143  E0 = -12114.3699921135
cycle= 7 E= -12114.3699921126  delta_E= -4.52e-06  |g|= 0.015  |ddm|= 2.14
    sigma = 0.005  Optimized mu_alpha = -0.197009217054  entropy = 3.34658482188e-07
    sigma = 0.005  Optimized mu_beta  = -0.199562670087  entropy = 3.34658482188e-07
    Total E(T) = -12114.3699944836  Free energy = -12114.3699944853  E0 = -12114.3699944844
cycle= 8 E= -12114.3699944836  delta_E= -2.37e-06  |g|= 0.0108  |ddm|= 1.38
    sigma = 0.005  Optimized mu_alpha = -0.197010323166  entropy = 3.34660546821e-07
    sigma = 0.005  Optimized mu_beta  = -0.199563711857  entropy = 3.34660546821e-07
    Total E(T) = -12114.3699956875  Free energy = -12114.3699956892  E0 = -12114.3699956884
cycle= 9 E= -12114.3699956875  delta_E= -1.2e-06  |g|= 0.00812  |ddm|= 1.14
    sigma = 0.005  Optimized mu_alpha = -0.197010216006  entropy = 3.34653588637e-07
    sigma = 0.005  Optimized mu_beta  = -0.199563648596  entropy = 3.34653588637e-07
    Total E(T) = -12114.3699963441  Free energy = -12114.3699963457  E0 = -12114.3699963449
cycle= 10 E= -12114.3699963441  delta_E= -6.57e-07  |g|= 0.00607  |ddm|= 0.753
    sigma = 0.005  Optimized mu_alpha = -0.29654380017  entropy = 12.820420389
    sigma = 0.005  Optimized mu_beta  = -0.299433651944  entropy = 12.820420389
    Total E(T) = -12114.3345584765  Free energy = -12114.3986605784  E0 = -12114.3666095274
Extra cycle  E= -12114.3345584765  delta_E= 0.0354  |g|= 0.224  |ddm|=  895
converged SCF energy = -12114.3345584765  <S^2> = 3.7627352  2S+1 = 4.0063625
[timing] right/Al ensemble SCF = 1264.7s
[timing] collect state = 0.0s
[timing] grad contraction = 1.5s
Npdft 666.0000340555736
[timing] checkpoint save = 0.0s
step=  40 L=-12265.40670940 Ef=-12265.41341164 L1=9.85365024e-01 |grad|=1.87683e-02 t=1476.4s
[phase2 outer 20] previous L = -12265.43086249
[phase2 outer 20] new L = -12265.40670940
[phase2 outer 20] dL = 2.41530980e-02
[phase2 outer 20] previous Ef = -12265.43742626
[phase2 outer 20] new Ef = -12265.41341164
[phase2 outer 20] dEf = 2.40146172e-02
[phase2 outer 20] |db| = 1.22541e-02
[phase2 outer 20] |grad| = 1.87683e-02
[phase2 outer 20] last_Ef = -12265.437426257091
[phase2 outer 20] adaptive max_step_norm = 1.000000e-01
[phase2 outer 20] delta = 2.735878e-03
[phase2 outer 20] raw_step_norm = 1.225411e-02
[phase2 outer 20] capped_step_norm = 1.225411e-02
[phase2 outer 20] dL = 0.024153098034730647
[phase2 outer 20] dEf = 0.024014617159991758
[phase2 outer 20] |grad| = 1.876834e-02
[phase2 outer 20] raw_step_norm=1.225411e-02 capped_step_norm=1.225411e-02 raw_max_abs_step=2.735878e-03 capped_max_abs_step=2.735878e-03 step_cap=1.000000e-01 line_search_alpha=n/a
[phase2 outer 20] res.fun = 12265.40670940
[phase2 outer 20] res.message = STOP: TOTAL NO. of ITERATIONS REACHED LIMIT
[phase2 outer 20] finished message=STOP: TOTAL NO. of ITERATIONS REACHED LIMIT |b|=4.755179e-01
optimizer finished: STOP: TOTAL NO. of ITERATIONS REACHED LIMIT final L = -12265.40670940  niter = 1  success = False

=== Vp comparison: S3 vs grid (final b) ===
Vpl (left): ||S3 - grid||_F = 1.435448e-02  rel = 2.880197e-02  max|Δ| = 5.946563e-03
Vpr (right): ||S3 - grid||_F = 1.240779e-02  rel = 1.937104e-02  max|Δ| = 2.100691e-03
Vpref (full): ||S3 - grid||_F = 1.838150e-02  rel = 2.488136e-02  max|Δ| = 5.958421e-03
[total] wall time t=57815.1s
=== Python finished ===
All done.
