pyscf max mem 1036755
SLURM_CPUS_PER_TASK = 64
OMP_NUM_THREADS = 64
MKL_NUM_THREADS = 64
OPENBLAS_NUM_THREADS = 64
PySCF lib.num_threads() = 64
=== trust-krylov scipy.minimize run (analytic response Hessian) ===
[config] WARMSTART_PKL=pdft_optimizer_trust_ridge1e34.pkl
[config] CHECKPOINT fallback=pdft_optimizer_trust_ridge1e35.pkl
[config] method=trust-krylov maxiter=5 gtol=3.0e-04
[config] trust radii initial=3.000e-02 max=1.000e-01 eta=0.15
[config] hessian chunk=8
left ensemble electron number ([9, 9], [7, 8])
right ensemble electron number ([325, 325], [325, 323])
[setup] build_system t=1.5s
building grid (level 3)...
[setup] grid t=4.5s
computing S3 tensors (DF)...
S3 shapes: left=(116, 116, 1336) right=(1528, 1528, 1336) ref=(1544, 1544, 1336) t=771.4s
[warm-start] loaded pdft_optimizer_trust_ridge1e34.pkl
[warm-start] b0 priority source = pdft_optimizer_trust_ridge1e34.pkl (fallback: pdft_optimizer_trust_ridge1e35.pkl)
[warm-start] rdft1.D ← pickle dm_ig1
[warm-start] rdft2.D ← pickle dm_ig2
[init] b0 from pdft_optimizer_trust_ridge1e34.pkl, npbs=1336
[warm-start] Lagrangian x0 ready, |b0| = 4.75518e-01
[setup] warm-start t=0.1s
[setup] applied dm_ig warm-start to rdft1/rdft2 before first evaluation
starting scipy.optimize.minimize (trust-krylov, analytic hessp)...
dm0 check None
converged SCF energy = -150.226693714538  <S^2> = 2.0045399  2S+1 = 3.003025
dm0 check None
converged SCF energy = -150.244985829667  <S^2> = 0.9297856  2S+1 = 2.1723587
[timing] left/O ensemble SCF = 242.0s
dm0 check [[ 3.79535274e-01  6.12226507e-01 -1.25220850e-01 ...  1.55230780e-06
  -2.26715088e-07 -4.27925951e-06]
 [ 6.12226507e-01  1.01515557e+00 -3.34031593e-01 ...  4.89183038e-06
  -1.40945465e-06 -1.21199271e-05]
 [-1.25220850e-01 -3.34031593e-01  6.75213563e-01 ... -1.12891007e-05
   3.29594397e-06  2.92477228e-05]
 ...
 [ 1.55230780e-06  4.89183038e-06 -1.12891007e-05 ...  7.95981895e-07
  -2.72397539e-07  1.32027848e-07]
 [-2.26715088e-07 -1.40945465e-06  3.29594397e-06 ... -2.72397539e-07
   5.96342468e-07  1.26884789e-08]
 [-4.27925951e-06 -1.21199271e-05  2.92477228e-05 ...  1.32027848e-07
   1.26884789e-08  6.33282038e-07]]


******** <class 'pyscf.scf.addons.SmearingDFRKS'> ********
method = SmearingDFRKS
initial guess = minao
damping factor = 0.15
level_shift factor = 0.2
DIIS = <class 'pyscf.scf.diis.CDIIS'>
diis_start_cycle = 1
diis_space = 12
diis_damp = 0
SCF conv_tol = 5e-05
SCF conv_tol_grad = None
SCF max_cycles = 200
direct_scf = True
direct_scf_tol = 1e-13
chkfile to save SCF result = /tmp/tmprp0yg64z
max_memory 4000 MB (current use 85879 MB)
XC library pyscf.dft.libxc version 6.1.0
    S. Lehtola, C. Steigemann, M. J.T. Oliveira, and M. A.L. Marques.,  SoftwareX 7, 1–5 (2018)
XC functionals = pbe
    J. P. Perdew, K. Burke, and M. Ernzerhof.,  Phys. Rev. Lett. 77, 3865 (1996)
    J. P. Perdew, K. Burke, and M. Ernzerhof.,  Phys. Rev. Lett. 78, 1396 (1997)
    J. P. Perdew, K. Burke, and M. Ernzerhof.,  Phys. Rev. Lett. 77, 3865 (1996)
    J. P. Perdew, K. Burke, and M. Ernzerhof.,  Phys. Rev. Lett. 78, 1396 (1997)
small_rho_cutoff = 1e-06
Set gradient conv threshold to 0.00707107
init E= -12114.8136258112
    sigma = 0.02  Optimized mu = -0.0518289818051  entropy = 1.5051722798
    Total E(T) = -12114.8136097169  Free energy = -12114.8437131625  E0 = -12114.8286614397
cycle= 1 E= -12114.8136097169  delta_E= 1.61e-05  |g|= 0.0268  |ddm|= 17.4
    sigma = 0.02  Optimized mu = -0.0519150376886  entropy = 1.50521492455
    Total E(T) = -12114.8134158244  Free energy = -12114.8435201229  E0 = -12114.8284679736
cycle= 2 E= -12114.8134158244  delta_E= 0.000194  |g|= 0.0904  |ddm|= 75.8
    sigma = 0.02  Optimized mu = -0.0518584242988  entropy = 1.50500838585
    Total E(T) = -12114.8135279792  Free energy = -12114.8436281469  E0 = -12114.8285780631
cycle= 3 E= -12114.8135279792  delta_E= -0.000112  |g|= 0.0501  |ddm|=   32
    sigma = 0.02  Optimized mu = -0.0518554728002  entropy = 1.50501769574
    Total E(T) = -12114.8135764276  Free energy = -12114.8436767815  E0 = -12114.8286266046
cycle= 4 E= -12114.8135764276  delta_E= -4.84e-05  |g|= 0.0355  |ddm|= 11.5
    sigma = 0.02  Optimized mu = -0.0518546217943  entropy = 1.5050210834
    Total E(T) = -12114.8136001893  Free energy = -12114.8437006109  E0 = -12114.8286504001
cycle= 5 E= -12114.8136001893  delta_E= -2.38e-05  |g|= 0.0258  |ddm|= 6.86
    sigma = 0.02  Optimized mu = -0.0518530778496  entropy = 1.50502521836
    Total E(T) = -12114.8136121897  Free energy = -12114.843712694  E0 = -12114.8286624419
cycle= 6 E= -12114.8136121897  delta_E= -1.2e-05  |g|= 0.0193  |ddm|= 4.74
    sigma = 0.02  Optimized mu = -0.0518536720078  entropy = 1.50502374868
    Total E(T) = -12114.8136187944  Free energy = -12114.8437192694  E0 = -12114.8286690319
cycle= 7 E= -12114.8136187944  delta_E= -6.6e-06  |g|= 0.0145  |ddm|= 2.98
    sigma = 0.02  Optimized mu = -0.0518514786811  entropy = 1.50503436937
    Total E(T) = -12114.8136224272  Free energy = -12114.8437231146  E0 = -12114.8286727709
cycle= 8 E= -12114.8136224272  delta_E= -3.63e-06  |g|= 0.0111  |ddm|= 1.97
    sigma = 0.02  Optimized mu = -0.0518540363679  entropy = 1.50502221251
    Total E(T) = -12114.8136245462  Free energy = -12114.8437249904  E0 = -12114.8286747683
cycle= 9 E= -12114.8136245462  delta_E= -2.12e-06  |g|= 0.00852  |ddm|= 1.45
    sigma = 0.02  Optimized mu = -0.0518530829087  entropy = 1.50502826692
    Total E(T) = -12114.8136257274  Free energy = -12114.8437262927  E0 = -12114.82867601
cycle= 10 E= -12114.8136257274  delta_E= -1.18e-06  |g|= 0.00667  |ddm|= 1.16
    sigma = 0.02  Optimized mu = -0.151799641036  entropy = 50.9976544256
    Total E(T) = -12114.2880427772  Free energy = -12115.3079958657  E0 = -12114.7980193214
Extra cycle  E= -12114.2880427772  delta_E= 0.526  |g|= 0.407  |ddm|= 4.1e+03
converged SCF energy = -12114.2880427772
dm0 check [[[ 1.89789227e-01  3.06171025e-01 -6.27460683e-02 ...  6.54814212e-07
   -1.23580322e-07 -2.10471307e-06]
  [ 3.06171025e-01  5.07731349e-01 -1.67374643e-01 ...  2.11974228e-06
   -7.32912747e-07 -5.96369059e-06]
  [-6.27460683e-02 -1.67374643e-01  3.38436978e-01 ... -4.86035293e-06
    1.72192716e-06  1.43682151e-05]
  ...
  [ 6.54814212e-07  2.11974228e-06 -4.86035293e-06 ...  4.22524843e-07
   -1.41862949e-07  6.83826697e-08]
  [-1.23580322e-07 -7.32912747e-07  1.72192716e-06 ... -1.41862949e-07
    3.02267760e-07  1.49538094e-08]
  [-2.10471307e-06 -5.96369059e-06  1.43682151e-05 ...  6.83826697e-08
    1.49538094e-08  3.17603346e-07]]

 [[ 1.89768492e-01  3.06114524e-01 -6.26178222e-02 ...  8.80882083e-07
   -9.51168650e-08 -1.98689904e-06]
  [ 3.06114524e-01  5.07580506e-01 -1.67036255e-01 ...  2.72764913e-06
   -6.53866800e-07 -5.64845665e-06]
  [-6.26178222e-02 -1.67036255e-01  3.37680633e-01 ... -6.31524118e-06
    1.51093876e-06  1.36287377e-05]
  ...
  [ 8.80882083e-07  2.72764913e-06 -6.31524118e-06 ...  4.07859460e-07
   -1.43373756e-07  7.11250040e-08]
  [-9.51168650e-08 -6.53866800e-07  1.51093876e-06 ... -1.43373756e-07
    3.03356083e-07  1.09005667e-08]
  [-1.98689904e-06 -5.64845665e-06  1.36287377e-05 ...  7.11250040e-08
    1.09005667e-08  3.06203829e-07]]]


******** <class 'pyscf.scf.addons.SmearingDFUKS'> ********
method = SmearingDFUKS
initial guess = minao
damping factor = 0.15
level_shift factor = 0.2
DIIS = <class 'pyscf.scf.diis.CDIIS'>
diis_start_cycle = 1
diis_space = 12
diis_damp = 0
SCF conv_tol = 5e-05
SCF conv_tol_grad = None
SCF max_cycles = 200
direct_scf = True
direct_scf_tol = 1e-13
chkfile to save SCF result = /tmp/tmpzk2w8w1c
max_memory 4000 MB (current use 86714 MB)
number electrons alpha = 325  beta = 323
XC library pyscf.dft.libxc version 6.1.0
    S. Lehtola, C. Steigemann, M. J.T. Oliveira, and M. A.L. Marques.,  SoftwareX 7, 1–5 (2018)
XC functionals = pbe
    J. P. Perdew, K. Burke, and M. Ernzerhof.,  Phys. Rev. Lett. 77, 3865 (1996)
    J. P. Perdew, K. Burke, and M. Ernzerhof.,  Phys. Rev. Lett. 78, 1396 (1997)
    J. P. Perdew, K. Burke, and M. Ernzerhof.,  Phys. Rev. Lett. 77, 3865 (1996)
    J. P. Perdew, K. Burke, and M. Ernzerhof.,  Phys. Rev. Lett. 78, 1396 (1997)
small_rho_cutoff = 1e-06
Set gradient conv threshold to 0.00707107
init E= -12114.3699963439
    sigma = 0.005  Optimized mu_alpha = -0.196979971569  entropy = 3.34892000765e-07
    sigma = 0.005  Optimized mu_beta  = -0.199531865834  entropy = 3.34892000765e-07
    Total E(T) = -12114.3699896265  Free energy = -12114.3699896282  E0 = -12114.3699896273
cycle= 1 E= -12114.3699896265  delta_E= 6.72e-06  |g|= 0.0244  |ddm|= 9.76
    sigma = 0.005  Optimized mu_alpha = -0.197085285044  entropy = 3.34431095795e-07
    sigma = 0.005  Optimized mu_beta  = -0.199644008745  entropy = 3.34431095795e-07
    Total E(T) = -12114.3699155283  Free energy = -12114.36991553  E0 = -12114.3699155292
cycle= 2 E= -12114.3699155283  delta_E= 7.41e-05  |g|= 0.0784  |ddm|= 38.3
    sigma = 0.005  Optimized mu_alpha = -0.197014377678  entropy = 3.34618439114e-07
    sigma = 0.005  Optimized mu_beta  = -0.199568210075  entropy = 3.34618439114e-07
    Total E(T) = -12114.3699581229  Free energy = -12114.3699581245  E0 = -12114.3699581237
cycle= 3 E= -12114.3699581229  delta_E= -4.26e-05  |g|= 0.0432  |ddm|= 15.1
    sigma = 0.005  Optimized mu_alpha = -0.197012258544  entropy = 3.34639537001e-07
    sigma = 0.005  Optimized mu_beta  = -0.199565849905  entropy = 3.34639537001e-07
    Total E(T) = -12114.3699780798  Free energy = -12114.3699780815  E0 = -12114.3699780806
cycle= 4 E= -12114.3699780798  delta_E= -2e-05  |g|= 0.0297  |ddm|= 5.95
    sigma = 0.005  Optimized mu_alpha = -0.197009504561  entropy = 3.34654074095e-07
    sigma = 0.005  Optimized mu_beta  = -0.199562959526  entropy = 3.34654074095e-07
    Total E(T) = -12114.369987549  Free energy = -12114.3699875507  E0 = -12114.3699875499
cycle= 5 E= -12114.369987549  delta_E= -9.47e-06  |g|= 0.021  |ddm|= 3.53
    sigma = 0.005  Optimized mu_alpha = -0.197012182947  entropy = 3.34644280642e-07
    sigma = 0.005  Optimized mu_beta  = -0.199565688464  entropy = 3.34644280642e-07
    Total E(T) = -12114.3699921937  Free energy = -12114.3699921954  E0 = -12114.3699921946
cycle= 6 E= -12114.3699921937  delta_E= -4.64e-06  |g|= 0.015  |ddm|= 2.31
    sigma = 0.005  Optimized mu_alpha = -0.197009020686  entropy = 3.34655152622e-07
    sigma = 0.005  Optimized mu_beta  = -0.199562477817  entropy = 3.34655152622e-07
    Total E(T) = -12114.3699945404  Free energy = -12114.3699945421  E0 = -12114.3699945413
cycle= 7 E= -12114.3699945404  delta_E= -2.35e-06  |g|= 0.011  |ddm|= 1.57
    sigma = 0.005  Optimized mu_alpha = -0.197009190238  entropy = 3.34654878074e-07
    sigma = 0.005  Optimized mu_beta  = -0.199562644491  entropy = 3.34654878074e-07
    Total E(T) = -12114.3699957659  Free energy = -12114.3699957675  E0 = -12114.3699957667
cycle= 8 E= -12114.3699957659  delta_E= -1.23e-06  |g|= 0.00803  |ddm|= 1.02
    sigma = 0.005  Optimized mu_alpha = -0.197009798015  entropy = 3.34657714084e-07
    sigma = 0.005  Optimized mu_beta  = -0.199563183193  entropy = 3.34657714084e-07
    Total E(T) = -12114.3699963934  Free energy = -12114.369996395  E0 = -12114.3699963942
cycle= 9 E= -12114.3699963934  delta_E= -6.28e-07  |g|= 0.00611  |ddm|= 0.763
    sigma = 0.005  Optimized mu_alpha = -0.296549854981  entropy = 12.8201810285
    sigma = 0.005  Optimized mu_beta  = -0.299439834326  entropy = 12.8201810285
    Total E(T) = -12114.3345871142  Free energy = -12114.3986880193  E0 = -12114.3666375668
Extra cycle  E= -12114.3345871142  delta_E= 0.0354  |g|= 0.223  |ddm|=  895
converged SCF energy = -12114.3345871142  <S^2> = 3.7627365  2S+1 = 4.0063632
[timing] right/Al ensemble SCF = 1261.2s
[timing] collect state = 0.0s
[timing] checkpoint save = 0.0s
[EVAL    1] L=-12265.40677009 Ef=-12265.41346777 L1=9.85289826e-01 Npdft=666.000034 |grad|=1.87661e-02 dL=+nan d|grad|=+nan |b|=4.755179e-01 max|b|=7.359513e-02 t=1707.8s
[HESS] built H_scipy ||H||=8.770423e+00 max|H|=6.237587e-01 eig_min=1.880240e-08 eig_max=1.115965e+00 t=3325.8s
 TR Solving trust region problem, radius 3.000000e-02; starting on first irreducible block
 TR Coldstart. Seeking suitable initial Î»â, starting with 0
 TR Starting Newton iteration for Î»â with initial choice 0.000000e+00
 TR  iter        Î»            dÎ»       âhâ(Î»)â-radius
 TR      1  2.994248e-01  2.994248e-01  0.000000e+00


 iter inewton type    objective     Î³áµ¢ââ|háµ¢|      leftmost         Î»             Î³             Î´             Î±             Î²       

     0     1  cg_b -4.162326e-04  9.816268e-03  0.000000e+00  2.994248e-01  1.876610e-02  3.261118e-01  3.066433e+00  1.006740e+00


Trying to update factorization
Nonzero pivot. Continue
Factorization update successful, still pos def!
 TR Solving trust region problem, radius 3.000000e-02; starting on first irreducible block
 TR Starting Newton iteration for Î»â with initial choice 2.994248e-01
 TR  iter        Î»            dÎ»       âhâ(Î»)â-radius
 TR      1  4.274769e-01  1.280521e-01  5.890327e-05
 TR      2  4.285947e-01  1.117803e-03  3.891950e-09
 TR      3  4.285948e-01  7.401202e-08  2.775558e-17
 TR Newton breakdown, dÎ» = 5.278193e-16 Î» = 4.285948e-01


     1     4  cg_b -4.619780e-04  1.763999e-03  0.000000e+00  4.285948e-01  3.272089e-01  6.378962e-01  3.230115e+00  4.192990e-01


dm0 check [[[ 1.51510539e-09  2.24390407e-08  1.89788584e-07 ... -1.14716793e-07
    7.42480591e-07  6.64925537e-08]
  [ 2.24390407e-08  3.34442860e-07  2.75065447e-06 ... -1.77763476e-06
    1.10111116e-05  1.04754946e-06]
  [ 1.89788584e-07  2.75065447e-06  2.57236015e-05 ... -1.02767709e-05
    9.27874012e-05  4.99858660e-06]
  ...
  [-1.14716793e-07 -1.77763476e-06 -1.02767709e-05 ...  2.27166818e-04
    1.81897022e-06 -1.91352427e-04]
  [ 7.42480591e-07  1.10111116e-05  9.27874012e-05 ...  1.81897022e-06
    4.79983561e-04 -1.62425374e-06]
  [ 6.64925537e-08  1.04754946e-06  4.99858660e-06 ... -1.91352427e-04
   -1.62425374e-06  6.55608417e-04]]

 [[ 2.14412926e-09  3.18476687e-08  2.65524476e-07 ... -7.48678675e-08
    1.03578378e-06  2.38417798e-08]
  [ 3.18476687e-08  4.74249422e-07  3.91398393e-06 ... -9.93071944e-07
    1.53190952e-05  2.50124817e-07]
  [ 2.65524476e-07  3.91398393e-06  3.37626381e-05 ... -1.10139777e-05
    1.30901684e-04  4.52845690e-06]
  ...
  [-7.48678675e-08 -9.93071944e-07 -1.10139777e-05 ...  2.49604988e-04
    2.27945400e-06 -2.10130920e-04]
  [ 1.03578378e-06  1.53190952e-05  1.30901684e-04 ...  2.27945400e-06
    5.52938192e-04 -2.04465529e-06]
  [ 2.38417798e-08  2.50124817e-07  4.52845690e-06 ... -2.10130920e-04
   -2.04465529e-06  7.46013266e-04]]]
converged SCF energy = -150.226693714539  <S^2> = 2.0045398  2S+1 = 3.003025
dm0 check [[[ 1.14663927e-09  1.70906963e-08  1.38764383e-07 ... -8.06351991e-08
    6.25424907e-07  4.57094748e-08]
  [ 1.70906963e-08  2.56142401e-07  2.02970512e-06 ... -1.06203847e-06
    9.18297648e-06  7.18610580e-07]
  [ 1.38764383e-07  2.02970512e-06  1.80711277e-05 ... -1.26954868e-05
    8.12953223e-05  3.19992558e-06]
  ...
  [-8.06351991e-08 -1.06203847e-06 -1.26954868e-05 ...  2.39056590e-04
   -1.61628521e-06 -1.68273569e-04]
  [ 6.25424907e-07  9.18297648e-06  8.12953223e-05 ... -1.61628521e-06
    4.44991768e-04 -4.05797460e-06]
  [ 4.57094748e-08  7.18610580e-07  3.19992558e-06 ... -1.68273569e-04
   -4.05797460e-06  5.95720304e-04]]

 [[ 2.52991917e-08  3.84988468e-07  2.83081238e-06 ... -1.48521070e-07
    1.05980492e-07  7.43608025e-08]
  [ 3.84988468e-07  5.85993601e-06  4.30397100e-05 ... -2.17883477e-06
    1.18474495e-06  1.05238318e-06]
  [ 2.83081238e-06  4.30397100e-05  3.17944269e-04 ... -1.75046016e-05
    2.68826267e-05  9.38690534e-06]
  ...
  [-1.48521070e-07 -2.17883477e-06 -1.75046016e-05 ...  2.30576224e-04
    2.09094785e-07 -1.91668407e-04]
  [ 1.05980492e-07  1.18474495e-06  2.68826267e-05 ...  2.09094785e-07
    4.63234853e-04 -3.50197083e-06]
  [ 7.43608025e-08  1.05238318e-06  9.38690534e-06 ... -1.91668407e-04
   -3.50197083e-06  6.49562330e-04]]]
converged SCF energy = -150.244985829812  <S^2> = 0.92979458  2S+1 = 2.172367
[timing] left/O ensemble SCF = 14.5s
dm0 check [[ 3.79535278e-01  6.12226519e-01 -1.25220880e-01 ...  1.55253497e-06
  -2.26909671e-07 -4.27920324e-06]
 [ 6.12226519e-01  1.01515560e+00 -3.34031671e-01 ...  4.89244343e-06
  -1.40997973e-06 -1.21197756e-05]
 [-1.25220880e-01 -3.34031671e-01  6.75213751e-01 ... -1.12905896e-05
   3.29721864e-06  2.92473591e-05]
 ...
 [ 1.55253497e-06  4.89244343e-06 -1.12905896e-05 ...  7.95952609e-07
  -2.72379655e-07  1.31998421e-07]
 [-2.26909671e-07 -1.40997973e-06  3.29721864e-06 ... -2.72379655e-07
   5.96309521e-07  1.26912373e-08]
 [-4.27920324e-06 -1.21197756e-05  2.92473591e-05 ...  1.31998421e-07
   1.26912373e-08  6.33292121e-07]]


******** <class 'pyscf.scf.addons.SmearingDFRKS'> ********
method = SmearingDFRKS
initial guess = minao
damping factor = 0.15
level_shift factor = 0.2
DIIS = <class 'pyscf.scf.diis.CDIIS'>
diis_start_cycle = 1
diis_space = 12
diis_damp = 0
SCF conv_tol = 5e-05
SCF conv_tol_grad = None
SCF max_cycles = 200
direct_scf = True
direct_scf_tol = 1e-13
chkfile to save SCF result = /tmp/tmprp0yg64z
max_memory 4000 MB (current use 86884 MB)
XC library pyscf.dft.libxc version 6.1.0
    S. Lehtola, C. Steigemann, M. J.T. Oliveira, and M. A.L. Marques.,  SoftwareX 7, 1–5 (2018)
XC functionals = pbe
    J. P. Perdew, K. Burke, and M. Ernzerhof.,  Phys. Rev. Lett. 77, 3865 (1996)
    J. P. Perdew, K. Burke, and M. Ernzerhof.,  Phys. Rev. Lett. 78, 1396 (1997)
    J. P. Perdew, K. Burke, and M. Ernzerhof.,  Phys. Rev. Lett. 77, 3865 (1996)
    J. P. Perdew, K. Burke, and M. Ernzerhof.,  Phys. Rev. Lett. 78, 1396 (1997)
small_rho_cutoff = 1e-06
Set gradient conv threshold to 0.00707107
    Total E(T) = -12114.8127518822  Free energy = -12115.8327049707  E0 = -12115.3227284265
init E= -12114.8127518822
    sigma = 0.02  Optimized mu = -0.0518119428602  entropy = 1.50559997012
    Total E(T) = -12114.8127383714  Free energy = -12114.8428503708  E0 = -12114.8277943711
cycle= 1 E= -12114.8127383714  delta_E= 1.35e-05  |g|= 0.0267  |ddm|= 31.8
    sigma = 0.02  Optimized mu = -0.0519162947772  entropy = 1.50557631961
    Total E(T) = -12114.8125513944  Free energy = -12114.8426629208  E0 = -12114.8276071576
cycle= 2 E= -12114.8125513944  delta_E= 0.000187  |g|= 0.0877  |ddm|= 60.1
    sigma = 0.02  Optimized mu = -0.0518370959025  entropy = 1.5054437648
    Total E(T) = -12114.8126588193  Free energy = -12114.8427676946  E0 = -12114.8277132569
cycle= 3 E= -12114.8126588193  delta_E= -0.000107  |g|= 0.0484  |ddm|= 31.7
    sigma = 0.02  Optimized mu = -0.0518398442972  entropy = 1.50543515402
    Total E(T) = -12114.8127087956  Free energy = -12114.8428174987  E0 = -12114.8277631471
cycle= 4 E= -12114.8127087956  delta_E= -5e-05  |g|= 0.033  |ddm|= 9.27
    sigma = 0.02  Optimized mu = -0.0518397251319  entropy = 1.50544119067
    Total E(T) = -12114.8127333492  Free energy = -12114.842842173  E0 = -12114.8277877611
cycle= 5 E= -12114.8127333492  delta_E= -2.46e-05  |g|= 0.0226  |ddm|= 5.72
    sigma = 0.02  Optimized mu = -0.0518427071791  entropy = 1.50541208091
    Total E(T) = -12114.8127451042  Free energy = -12114.8428533458  E0 = -12114.827799225
cycle= 6 E= -12114.8127451042  delta_E= -1.18e-05  |g|= 0.0161  |ddm|= 4.16
    sigma = 0.02  Optimized mu = -0.0518468166762  entropy = 1.50540112107
    Total E(T) = -12114.8127509288  Free energy = -12114.8428589512  E0 = -12114.82780494
cycle= 7 E= -12114.8127509288  delta_E= -5.82e-06  |g|= 0.0112  |ddm|= 3.37
    sigma = 0.02  Optimized mu = -0.051841701691  entropy = 1.50542527654
    Total E(T) = -12114.8127537112  Free energy = -12114.8428622167  E0 = -12114.827807964
cycle= 8 E= -12114.8127537112  delta_E= -2.78e-06  |g|= 0.00778  |ddm|= 2.22
    sigma = 0.02  Optimized mu = -0.0518489614176  entropy = 1.5053890358
    Total E(T) = -12114.8127551567  Free energy = -12114.8428629375  E0 = -12114.8278090471
cycle= 9 E= -12114.8127551567  delta_E= -1.45e-06  |g|= 0.0055  |ddm|= 1.78
    sigma = 0.02  Optimized mu = -0.151779002689  entropy = 50.9996614039
    Total E(T) = -12114.2870725837  Free energy = -12115.3070658118  E0 = -12114.7970691978
Extra cycle  E= -12114.2870725837  delta_E= 0.526  |g|= 0.407  |ddm|= 4.1e+03
converged SCF energy = -12114.2870725837
dm0 check [[[ 1.89789230e-01  3.06171032e-01 -6.27460893e-02 ...  6.54897149e-07
   -1.23619932e-07 -2.10476785e-06]
  [ 3.06171032e-01  5.07731369e-01 -1.67374699e-01 ...  2.11996576e-06
   -7.33019612e-07 -5.96383835e-06]
  [-6.27460893e-02 -1.67374699e-01  3.38437126e-01 ... -4.86089247e-06
    1.72218738e-06  1.43685732e-05]
  ...
  [ 6.54897149e-07  2.11996576e-06 -4.86089247e-06 ...  4.22524845e-07
   -1.41861956e-07  6.83879434e-08]
  [-1.23619932e-07 -7.33019612e-07  1.72218738e-06 ... -1.41861956e-07
    3.02260494e-07  1.49586672e-08]
  [-2.10476785e-06 -5.96383835e-06  1.43685732e-05 ...  6.83879434e-08
    1.49586672e-08  3.17600137e-07]]

 [[ 1.89768496e-01  3.06114535e-01 -6.26178505e-02 ...  8.80821769e-07
   -9.52141149e-08 -1.98681194e-06]
  [ 3.06114535e-01  5.07580535e-01 -1.67036331e-01 ...  2.72748647e-06
   -6.54129554e-07 -5.64822114e-06]
  [-6.26178505e-02 -1.67036331e-01  3.37680824e-01 ... -6.31484841e-06
    1.51158026e-06  1.36281624e-05]
  ...
  [ 8.80821769e-07  2.72748647e-06 -6.31484841e-06 ...  4.07860577e-07
   -1.43370436e-07  7.11304729e-08]
  [-9.52141149e-08 -6.54129554e-07  1.51158026e-06 ... -1.43370436e-07
    3.03348053e-07  1.09071804e-08]
  [-1.98681194e-06 -5.64822114e-06  1.36281624e-05 ...  7.11304729e-08
    1.09071804e-08  3.06199333e-07]]]


******** <class 'pyscf.scf.addons.SmearingDFUKS'> ********
method = SmearingDFUKS
initial guess = minao
damping factor = 0.15
level_shift factor = 0.2
DIIS = <class 'pyscf.scf.diis.CDIIS'>
diis_start_cycle = 1
diis_space = 12
diis_damp = 0
SCF conv_tol = 5e-05
SCF conv_tol_grad = None
SCF max_cycles = 200
direct_scf = True
direct_scf_tol = 1e-13
chkfile to save SCF result = /tmp/tmpzk2w8w1c
max_memory 4000 MB (current use 87183 MB)
number electrons alpha = 325  beta = 323
XC library pyscf.dft.libxc version 6.1.0
    S. Lehtola, C. Steigemann, M. J.T. Oliveira, and M. A.L. Marques.,  SoftwareX 7, 1–5 (2018)
XC functionals = pbe
    J. P. Perdew, K. Burke, and M. Ernzerhof.,  Phys. Rev. Lett. 77, 3865 (1996)
    J. P. Perdew, K. Burke, and M. Ernzerhof.,  Phys. Rev. Lett. 78, 1396 (1997)
    J. P. Perdew, K. Burke, and M. Ernzerhof.,  Phys. Rev. Lett. 77, 3865 (1996)
    J. P. Perdew, K. Burke, and M. Ernzerhof.,  Phys. Rev. Lett. 78, 1396 (1997)
small_rho_cutoff = 1e-06
Set gradient conv threshold to 0.00707107
    Total E(T) = -12114.3691945201  Free energy = -12114.4332954252  E0 = -12114.4012449726
init E= -12114.3691945201
    sigma = 0.005  Optimized mu_alpha = -0.196961631269  entropy = 3.35555309913e-07
    sigma = 0.005  Optimized mu_beta  = -0.19951218889  entropy = 3.35555309913e-07
    Total E(T) = -12114.3691891435  Free energy = -12114.3691891451  E0 = -12114.3691891443
cycle= 1 E= -12114.3691891435  delta_E= 5.38e-06  |g|= 0.025  |ddm|= 19.6
    sigma = 0.005  Optimized mu_alpha = -0.197079507403  entropy = 3.3465849646e-07
    sigma = 0.005  Optimized mu_beta  = -0.199636485836  entropy = 3.3465849646e-07
    Total E(T) = -12114.3691134493  Free energy = -12114.369113451  E0 = -12114.3691134502
cycle= 2 E= -12114.3691134493  delta_E= 7.57e-05  |g|= 0.0759  |ddm|= 29.3
    sigma = 0.005  Optimized mu_alpha = -0.196988055926  entropy = 3.35123219301e-07
    sigma = 0.005  Optimized mu_beta  = -0.19953953666  entropy = 3.35123219301e-07
    Total E(T) = -12114.3691595988  Free energy = -12114.3691596005  E0 = -12114.3691595996
cycle= 3 E= -12114.3691595988  delta_E= -4.61e-05  |g|= 0.04  |ddm|= 16.2
    sigma = 0.005  Optimized mu_alpha = -0.1969943866  entropy = 3.35124980421e-07
    sigma = 0.005  Optimized mu_beta  = -0.199546216959  entropy = 3.35124980421e-07
    Total E(T) = -12114.3691817627  Free energy = -12114.3691817644  E0 = -12114.3691817636
cycle= 4 E= -12114.3691817627  delta_E= -2.22e-05  |g|= 0.0252  |ddm|=  5.5
    sigma = 0.005  Optimized mu_alpha = -0.196987754095  entropy = 3.35153082526e-07
    sigma = 0.005  Optimized mu_beta  = -0.199539395128  entropy = 3.35153082526e-07
    Total E(T) = -12114.3691915606  Free energy = -12114.3691915623  E0 = -12114.3691915614
cycle= 5 E= -12114.3691915606  delta_E= -9.8e-06  |g|= 0.0158  |ddm|= 2.91
    sigma = 0.005  Optimized mu_alpha = -0.196999736502  entropy = 3.35121262334e-07
    sigma = 0.005  Optimized mu_beta  = -0.199551415763  entropy = 3.35121262334e-07
    Total E(T) = -12114.3691956498  Free energy = -12114.3691956515  E0 = -12114.3691956506
cycle= 6 E= -12114.3691956498  delta_E= -4.09e-06  |g|= 0.00984  |ddm|= 2.23
    sigma = 0.005  Optimized mu_alpha = -0.196998505491  entropy = 3.3511889961e-07
    sigma = 0.005  Optimized mu_beta  = -0.199550220849  entropy = 3.3511889961e-07
    Total E(T) = -12114.3691972681  Free energy = -12114.3691972698  E0 = -12114.369197269
cycle= 7 E= -12114.3691972681  delta_E= -1.62e-06  |g|= 0.00619  |ddm|= 1.55
    sigma = 0.005  Optimized mu_alpha = -0.296527878815  entropy = 12.8210072073
    sigma = 0.005  Optimized mu_beta  = -0.299417040955  entropy = 12.8210072073
    Total E(T) = -12114.3337203103  Free energy = -12114.3978253464  E0 = -12114.3657728284
Extra cycle  E= -12114.3337203103  delta_E= 0.0355  |g|= 0.228  |ddm|=  897
converged SCF energy = -12114.3337203103  <S^2> = 3.7627479  2S+1 = 4.0063689
[timing] right/Al ensemble SCF = 1065.3s
[timing] collect state = 0.0s
[timing] checkpoint save = 0.1s
[EVAL    2] L=-12265.41559647 Ef=-12265.42269666 L1=9.76851810e-01 Npdft=666.000034 |grad|=1.86511e-02 dL=-8.826e-03 d|grad|=-1.150e-04 |b|=4.985506e-01 max|b|=8.486266e-02 t=1284.9s
 TR Solving trust region problem, radius 7.500000e-03; starting on first irreducible block
 TR Starting Newton iteration for Î»â with initial choice 4.285948e-01
 TR  iter        Î»            dÎ»       âhâ(Î»)â-radius
 TR      1  2.140097e+00  1.711503e+00  2.835282e-04
 TR      2  2.229561e+00  8.946400e-02  1.473545e-07
 TR      3  2.229610e+00  4.830409e-05  4.050840e-14
 TR Newton breakdown, dÎ» = 1.327928e-11 Î» = 2.229610e+00

 iter inewton type    objective     Î³áµ¢ââ|háµ¢|      leftmost         Î»             Î³             Î´       
     1     4   hot -1.326269e-04  1.704578e-04  0.000000e+00  2.229610e+00  3.272089e-01  6.378962e-01

Early exit as hotstart with early termination on

dm0 check [[[ 1.51511142e-09  2.24391254e-08  1.89789561e-07 ... -1.14719027e-07
    7.42476491e-07  6.64943648e-08]
  [ 2.24391254e-08  3.34443992e-07  2.75066910e-06 ... -1.77767180e-06
    1.10110522e-05  1.04757955e-06]
  [ 1.89789561e-07  2.75066910e-06  2.57237476e-05 ... -1.02769946e-05
    9.27868755e-05  4.99876704e-06]
  ...
  [-1.14719027e-07 -1.77767180e-06 -1.02769946e-05 ...  2.27166708e-04
    1.81896838e-06 -1.91352285e-04]
  [ 7.42476491e-07  1.10110522e-05  9.27868755e-05 ...  1.81896838e-06
    4.79980334e-04 -1.62432356e-06]
  [ 6.64943648e-08  1.04757955e-06  4.99876704e-06 ... -1.91352285e-04
   -1.62432356e-06  6.55604999e-04]]

 [[ 2.14412007e-09  3.18475347e-08  2.65523309e-07 ... -7.48705567e-08
    1.03578174e-06  2.38437832e-08]
  [ 3.18475347e-08  4.74247460e-07  3.91396668e-06 ... -9.93113700e-07
    1.53190651e-05  2.50156053e-07]
  [ 2.65523309e-07  3.91396668e-06  3.37625059e-05 ... -1.10142815e-05
    1.30901449e-04  4.52867683e-06]
  ...
  [-7.48705567e-08 -9.93113700e-07 -1.10142815e-05 ...  2.49604219e-04
    2.27938802e-06 -2.10130234e-04]
  [ 1.03578174e-06  1.53190651e-05  1.30901449e-04 ...  2.27938802e-06
    5.52938805e-04 -2.04467203e-06]
  [ 2.38437832e-08  2.50156053e-07  4.52867683e-06 ... -2.10130234e-04
   -2.04467203e-06  7.46013382e-04]]]
converged SCF energy = -150.226693714539  <S^2> = 2.0045398  2S+1 = 3.003025
dm0 check [[[ 1.14644043e-09  1.70875533e-08  1.38757202e-07 ... -8.06195898e-08
    6.25424546e-07  4.56943851e-08]
  [ 1.70875533e-08  2.56093598e-07  2.02957957e-06 ... -1.06182913e-06
    9.18294702e-06  7.18429121e-07]
  [ 1.38757202e-07  2.02957957e-06  1.80710819e-05 ... -1.26945917e-05
    8.12960528e-05  3.19915114e-06]
  ...
  [-8.06195898e-08 -1.06182913e-06 -1.26945917e-05 ...  2.39058219e-04
   -1.61590734e-06 -1.68277561e-04]
  [ 6.25424546e-07  9.18294702e-06  8.12960528e-05 ... -1.61590734e-06
    4.44997716e-04 -4.05929866e-06]
  [ 4.56943851e-08  7.18429121e-07  3.19915114e-06 ... -1.68277561e-04
   -4.05929866e-06  5.95725214e-04]]

 [[ 2.53036790e-08  3.85050753e-07  2.83126579e-06 ... -1.48564615e-07
    1.05907478e-07  7.43836338e-08]
  [ 3.85050753e-07  5.86079318e-06  4.30459256e-05 ... -2.17962739e-06
    1.18345893e-06  1.05280689e-06]
  [ 2.83126579e-06  4.30459256e-05  3.17989580e-04 ... -1.75086853e-05
    2.68751830e-05  9.38988858e-06]
  ...
  [-1.48564615e-07 -2.17962739e-06 -1.75086853e-05 ...  2.30571795e-04
    2.09025570e-07 -1.91673883e-04]
  [ 1.05907478e-07  1.18345893e-06  2.68751830e-05 ...  2.09025570e-07
    4.63241178e-04 -3.50232729e-06]
  [ 7.43836338e-08  1.05280689e-06  9.38988858e-06 ... -1.91673883e-04
   -3.50232729e-06  6.49569815e-04]]]
converged SCF energy = -150.24498582983  <S^2> = 0.92979806  2S+1 = 2.1723702
[timing] left/O ensemble SCF = 11.7s
dm0 check [[ 3.79533472e-01  6.12225306e-01 -1.25218297e-01 ...  1.58854216e-06
  -1.87441150e-07 -4.52774442e-06]
 [ 6.12225306e-01  1.01515615e+00 -3.34026281e-01 ...  4.98984898e-06
  -1.30371140e-06 -1.27903755e-05]
 [-1.25218297e-01 -3.34026281e-01  6.75200357e-01 ... -1.15283630e-05
   3.04106398e-06  3.08726070e-05]
 ...
 [ 1.58854216e-06  4.98984898e-06 -1.15283630e-05 ...  7.87642652e-07
  -2.72767104e-07  1.37357924e-07]
 [-1.87441150e-07 -1.30371140e-06  3.04106398e-06 ... -2.72767104e-07
   5.95693490e-07  3.71197586e-09]
 [-4.52774442e-06 -1.27903755e-05  3.08726070e-05 ...  1.37357924e-07
   3.71197586e-09  6.89833312e-07]]


******** <class 'pyscf.scf.addons.SmearingDFRKS'> ********
method = SmearingDFRKS
initial guess = minao
damping factor = 0.15
level_shift factor = 0.2
DIIS = <class 'pyscf.scf.diis.CDIIS'>
diis_start_cycle = 1
diis_space = 12
diis_damp = 0
SCF conv_tol = 5e-05
SCF conv_tol_grad = None
SCF max_cycles = 200
direct_scf = True
direct_scf_tol = 1e-13
chkfile to save SCF result = /tmp/tmprp0yg64z
max_memory 4000 MB (current use 87276 MB)
XC library pyscf.dft.libxc version 6.1.0
    S. Lehtola, C. Steigemann, M. J.T. Oliveira, and M. A.L. Marques.,  SoftwareX 7, 1–5 (2018)
XC functionals = pbe
    J. P. Perdew, K. Burke, and M. Ernzerhof.,  Phys. Rev. Lett. 77, 3865 (1996)
    J. P. Perdew, K. Burke, and M. Ernzerhof.,  Phys. Rev. Lett. 78, 1396 (1997)
    J. P. Perdew, K. Burke, and M. Ernzerhof.,  Phys. Rev. Lett. 77, 3865 (1996)
    J. P. Perdew, K. Burke, and M. Ernzerhof.,  Phys. Rev. Lett. 78, 1396 (1997)
small_rho_cutoff = 1e-06
Set gradient conv threshold to 0.00707107
    Total E(T) = -12114.813623594  Free energy = -12115.8336168221  E0 = -12115.323620208
init E= -12114.813623594
    sigma = 0.02  Optimized mu = -0.0518412144126  entropy = 1.50512641505
    Total E(T) = -12114.8136093696  Free energy = -12114.8437118979  E0 = -12114.8286606338
cycle= 1 E= -12114.8136093696  delta_E= 1.42e-05  |g|= 0.0256  |ddm|= 45.2
    sigma = 0.02  Optimized mu = -0.0519269073644  entropy = 1.50503888754
    Total E(T) = -12114.8134214572  Free energy = -12114.843522235  E0 = -12114.8284718461
cycle= 2 E= -12114.8134214572  delta_E= 0.000188  |g|= 0.0886  |ddm|= 92.2
    sigma = 0.02  Optimized mu = -0.0518674023374  entropy = 1.50496423878
    Total E(T) = -12114.8135400185  Free energy = -12114.8436393032  E0 = -12114.8285896608
cycle= 3 E= -12114.8135400185  delta_E= -0.000119  |g|= 0.0459  |ddm|= 33.2
    sigma = 0.02  Optimized mu = -0.0518616795517  entropy = 1.50498890466
    Total E(T) = -12114.8135880584  Free energy = -12114.8436878365  E0 = -12114.8286379475
cycle= 4 E= -12114.8135880584  delta_E= -4.8e-05  |g|= 0.0305  |ddm|=   14
    sigma = 0.02  Optimized mu = -0.0518531262042  entropy = 1.50502673252
    Total E(T) = -12114.8136085964  Free energy = -12114.8437091311  E0 = -12114.8286588638
cycle= 5 E= -12114.8136085964  delta_E= -2.05e-05  |g|= 0.0209  |ddm|= 10.6
    sigma = 0.02  Optimized mu = -0.051856401979  entropy = 1.50501050236
    Total E(T) = -12114.8136188533  Free energy = -12114.8437190634  E0 = -12114.8286689583
cycle= 6 E= -12114.8136188533  delta_E= -1.03e-05  |g|= 0.014  |ddm|=  4.7
    sigma = 0.02  Optimized mu = -0.051846652136  entropy = 1.50505445028
    Total E(T) = -12114.8136234004  Free energy = -12114.8437244894  E0 = -12114.8286739449
cycle= 7 E= -12114.8136234004  delta_E= -4.55e-06  |g|= 0.00976  |ddm|= 4.77
    sigma = 0.02  Optimized mu = -0.0518542560324  entropy = 1.50502080469
    Total E(T) = -12114.8136256591  Free energy = -12114.8437260751  E0 = -12114.8286758671
cycle= 8 E= -12114.8136256591  delta_E= -2.26e-06  |g|= 0.00673  |ddm|= 3.59
    sigma = 0.02  Optimized mu = -0.151804174926  entropy = 50.9987481352
    Total E(T) = -12114.2879676404  Free energy = -12115.3079426031  E0 = -12114.7979551217
Extra cycle  E= -12114.2879676404  delta_E= 0.526  |g|= 0.409  |ddm|= 4.1e+03
converged SCF energy = -12114.2879676404
dm0 check [[[ 1.89788326e-01  3.06170424e-01 -6.27447822e-02 ...  6.71429493e-07
   -1.06269779e-07 -2.21977981e-06]
  [ 3.06170424e-01  5.07731641e-01 -1.67371969e-01 ...  2.16466494e-06
   -6.86340244e-07 -6.27398767e-06]
  [-6.27447822e-02 -1.67371969e-01  3.38430309e-01 ... -4.96977675e-06
    1.60996372e-06  1.51186866e-05]
  ...
  [ 6.71429493e-07  2.16466494e-06 -4.96977675e-06 ...  4.18054794e-07
   -1.42175808e-07  7.15904828e-08]
  [-1.06269779e-07 -6.86340244e-07  1.60996372e-06 ... -1.42175808e-07
    3.01808163e-07  1.12006314e-08]
  [-2.21977981e-06 -6.27398767e-06  1.51186866e-05 ...  7.15904828e-08
    1.12006314e-08  3.43805265e-07]]

 [[ 1.89767573e-01  3.06113881e-01 -6.26164294e-02 ...  8.90150717e-07
   -7.68901901e-08 -2.10132863e-06]
  [ 3.06113881e-01  5.07580684e-01 -1.67033287e-01 ...  2.75279033e-06
   -6.04783492e-07 -5.95730618e-06]
  [-6.26164294e-02 -1.67033287e-01  3.37673217e-01 ... -6.37705928e-06
    1.39252303e-06  1.43782571e-05]
  ...
  [ 8.90150717e-07  2.75279033e-06 -6.37705928e-06 ...  4.03551092e-07
   -1.43641317e-07  7.42817983e-08]
  [-7.68901901e-08 -6.04783492e-07  1.39252303e-06 ... -1.43641317e-07
    3.03090032e-07  6.89409783e-09]
  [-2.10132863e-06 -5.95730618e-06  1.43782571e-05 ...  7.42817983e-08
    6.89409783e-09  3.32171635e-07]]]


******** <class 'pyscf.scf.addons.SmearingDFUKS'> ********
method = SmearingDFUKS
initial guess = minao
damping factor = 0.15
level_shift factor = 0.2
DIIS = <class 'pyscf.scf.diis.CDIIS'>
diis_start_cycle = 1
diis_space = 12
diis_damp = 0
SCF conv_tol = 5e-05
SCF conv_tol_grad = None
SCF max_cycles = 200
direct_scf = True
direct_scf_tol = 1e-13
chkfile to save SCF result = /tmp/tmpzk2w8w1c
max_memory 4000 MB (current use 87351 MB)
number electrons alpha = 325  beta = 323
XC library pyscf.dft.libxc version 6.1.0
    S. Lehtola, C. Steigemann, M. J.T. Oliveira, and M. A.L. Marques.,  SoftwareX 7, 1–5 (2018)
XC functionals = pbe
    J. P. Perdew, K. Burke, and M. Ernzerhof.,  Phys. Rev. Lett. 77, 3865 (1996)
    J. P. Perdew, K. Burke, and M. Ernzerhof.,  Phys. Rev. Lett. 78, 1396 (1997)
    J. P. Perdew, K. Burke, and M. Ernzerhof.,  Phys. Rev. Lett. 77, 3865 (1996)
    J. P. Perdew, K. Burke, and M. Ernzerhof.,  Phys. Rev. Lett. 78, 1396 (1997)
small_rho_cutoff = 1e-06
Set gradient conv threshold to 0.00707107
    Total E(T) = -12114.3699939922  Free energy = -12114.4340990283  E0 = -12114.4020465102
init E= -12114.3699939922
    sigma = 0.005  Optimized mu_alpha = -0.196988436461  entropy = 3.34702825421e-07
    sigma = 0.005  Optimized mu_beta  = -0.199540510805  entropy = 3.34702825421e-07
    Total E(T) = -12114.3699865905  Free energy = -12114.3699865922  E0 = -12114.3699865913
cycle= 1 E= -12114.3699865905  delta_E= 7.4e-06  |g|= 0.0277  |ddm|=   32
    sigma = 0.005  Optimized mu_alpha = -0.19710319682  entropy = 3.34591923942e-07
    sigma = 0.005  Optimized mu_beta  = -0.199662359189  entropy = 3.34591923942e-07
    Total E(T) = -12114.3698836476  Free energy = -12114.3698836493  E0 = -12114.3698836484
cycle= 2 E= -12114.3698836476  delta_E= 0.000103  |g|= 0.0924  |ddm|=   56
    sigma = 0.005  Optimized mu_alpha = -0.197024183488  entropy = 3.34606067819e-07
    sigma = 0.005  Optimized mu_beta  = -0.199578151455  entropy = 3.34606067819e-07
    Total E(T) = -12114.3699486107  Free energy = -12114.3699486124  E0 = -12114.3699486116
cycle= 3 E= -12114.3699486107  delta_E= -6.5e-05  |g|= 0.0477  |ddm|= 18.6
    sigma = 0.005  Optimized mu_alpha = -0.197018498239  entropy = 3.34632889828e-07
    sigma = 0.005  Optimized mu_beta  = -0.199572052353  entropy = 3.34632889828e-07
    Total E(T) = -12114.3699767756  Free energy = -12114.3699767773  E0 = -12114.3699767764
cycle= 4 E= -12114.3699767756  delta_E= -2.82e-05  |g|= 0.0303  |ddm|= 8.43
    sigma = 0.005  Optimized mu_alpha = -0.197003951377  entropy = 3.34696081273e-07
    sigma = 0.005  Optimized mu_beta  = -0.199556686193  entropy = 3.34696081273e-07
    Total E(T) = -12114.3699875313  Free energy = -12114.3699875329  E0 = -12114.3699875321
cycle= 5 E= -12114.3699875313  delta_E= -1.08e-05  |g|= 0.0212  |ddm|=  7.8
    sigma = 0.005  Optimized mu_alpha = -0.19701043842  entropy = 3.34653986413e-07
    sigma = 0.005  Optimized mu_beta  = -0.199563621584  entropy = 3.34653986413e-07
    Total E(T) = -12114.3699927193  Free energy = -12114.369992721  E0 = -12114.3699927201
cycle= 6 E= -12114.3699927193  delta_E= -5.19e-06  |g|= 0.0142  |ddm|=  3.2
    sigma = 0.005  Optimized mu_alpha = -0.197006162071  entropy = 3.34669262307e-07
    sigma = 0.005  Optimized mu_beta  = -0.199559443876  entropy = 3.34669262307e-07
    Total E(T) = -12114.3699951845  Free energy = -12114.3699951862  E0 = -12114.3699951853
cycle= 7 E= -12114.3699951845  delta_E= -2.47e-06  |g|= 0.00955  |ddm|= 2.05
    sigma = 0.005  Optimized mu_alpha = -0.197009885019  entropy = 3.34656949714e-07
    sigma = 0.005  Optimized mu_beta  = -0.199563182327  entropy = 3.34656949714e-07
    Total E(T) = -12114.3699962971  Free energy = -12114.3699962988  E0 = -12114.369996298
cycle= 8 E= -12114.3699962971  delta_E= -1.11e-06  |g|= 0.0065  |ddm|= 2.06
    sigma = 0.005  Optimized mu_alpha = -0.296562487398  entropy = 12.8196744565
    sigma = 0.005  Optimized mu_beta  = -0.299452845352  entropy = 12.8196744565
    Total E(T) = -12114.3346307908  Free energy = -12114.3987291631  E0 = -12114.3666799769
Extra cycle  E= -12114.3346307908  delta_E= 0.0354  |g|= 0.223  |ddm|=  894
converged SCF energy = -12114.3346307908  <S^2> = 3.7627397  2S+1 = 4.0063648
[timing] right/Al ensemble SCF = 1105.6s
[timing] collect state = 0.0s
[timing] checkpoint save = 0.0s
[EVAL    3] L=-12265.40670718 Ef=-12265.41339024 L1=9.84581268e-01 Npdft=666.000034 |grad|=1.87601e-02 dL=+8.889e-03 d|grad|=+1.089e-04 |b|=4.755179e-01 max|b|=7.359513e-02 t=1321.0s
dm0 check [[[ 1.51511507e-09  2.24391764e-08  1.89790082e-07 ... -1.14718990e-07
    7.42477045e-07  6.64943306e-08]
  [ 2.24391764e-08  3.34444763e-07  2.75067587e-06 ... -1.77767125e-06
    1.10110602e-05  1.04757907e-06]
  [ 1.89790082e-07  2.75067587e-06  2.57238102e-05 ... -1.02769953e-05
    9.27869282e-05  4.99876750e-06]
  ...
  [-1.14718990e-07 -1.77767125e-06 -1.02769953e-05 ...  2.27166703e-04
    1.81897159e-06 -1.91352281e-04]
  [ 7.42477045e-07  1.10110602e-05  9.27869282e-05 ...  1.81897159e-06
    4.79980205e-04 -1.62432622e-06]
  [ 6.64943306e-08  1.04757907e-06  4.99876750e-06 ... -1.91352281e-04
   -1.62432622e-06  6.55604862e-04]]

 [[ 2.14412506e-09  3.18476057e-08  2.65523940e-07 ... -7.48707043e-08
    1.03578288e-06  2.38439018e-08]
  [ 3.18476057e-08  4.74248514e-07  3.91397520e-06 ... -9.93113263e-07
    1.53190814e-05  2.50155752e-07]
  [ 2.65523940e-07  3.91397520e-06  3.37625800e-05 ... -1.10142938e-05
    1.30901577e-04  4.52868661e-06]
  ...
  [-7.48707043e-08 -9.93113263e-07 -1.10142938e-05 ...  2.49604179e-04
    2.27939104e-06 -2.10130198e-04]
  [ 1.03578288e-06  1.53190814e-05  1.30901577e-04 ...  2.27939104e-06
    5.52938810e-04 -2.04467526e-06]
  [ 2.38439018e-08  2.50155752e-07  4.52868661e-06 ... -2.10130198e-04
   -2.04467526e-06  7.46013355e-04]]]
converged SCF energy = -150.22669371454  <S^2> = 2.0045398  2S+1 = 3.003025
dm0 check [[[ 1.14640389e-09  1.70870133e-08  1.38753939e-07 ... -8.06188010e-08
    6.25415508e-07  4.56897409e-08]
  [ 1.70870133e-08  2.56085856e-07  2.02952809e-06 ... -1.06182303e-06
    9.18280262e-06  7.18371405e-07]
  [ 1.38753939e-07  2.02952809e-06  1.80707535e-05 ... -1.26946238e-05
    8.12949622e-05  3.19865437e-06]
  ...
  [-8.06188010e-08 -1.06182303e-06 -1.26946238e-05 ...  2.39058491e-04
   -1.61625119e-06 -1.68274807e-04]
  [ 6.25415508e-07  9.18280262e-06  8.12949622e-05 ... -1.61625119e-06
    4.44994840e-04 -4.05993503e-06]
  [ 4.56897409e-08  7.18371405e-07  3.19865437e-06 ... -1.68274807e-04
   -4.05993503e-06  5.95722512e-04]]

 [[ 2.53036577e-08  3.85049032e-07  2.83126422e-06 ... -1.48564942e-07
    1.05891592e-07  7.43764912e-08]
  [ 3.85049032e-07  5.86074589e-06  4.30457436e-05 ... -2.17965303e-06
    1.18317950e-06  1.05272041e-06]
  [ 2.83126422e-06  4.30457436e-05  3.17989433e-04 ... -1.75089510e-05
    2.68727894e-05  9.38929285e-06]
  ...
  [-1.48564942e-07 -2.17965303e-06 -1.75089510e-05 ...  2.30571546e-04
    2.08965287e-07 -1.91670976e-04]
  [ 1.05891592e-07  1.18317950e-06  2.68727894e-05 ...  2.08965287e-07
    4.63237986e-04 -3.50230113e-06]
  [ 7.43764912e-08  1.05272041e-06  9.38929285e-06 ... -1.91670976e-04
   -3.50230113e-06  6.49568405e-04]]]
converged SCF energy = -150.244985829834  <S^2> = 0.92979734  2S+1 = 2.1723695
[timing] left/O ensemble SCF = 13.2s
dm0 check [[ 3.79535296e-01  6.12226568e-01 -1.25221004e-01 ...  1.55271255e-06
  -2.27076073e-07 -4.27902065e-06]
 [ 6.12226568e-01  1.01515574e+00 -3.34032007e-01 ...  4.89292251e-06
  -1.41042734e-06 -1.21192855e-05]
 [-1.25221004e-01 -3.34032007e-01  6.75214597e-01 ... -1.12917502e-05
   3.29829516e-06  2.92461986e-05]
 ...
 [ 1.55271255e-06  4.89292251e-06 -1.12917502e-05 ...  7.95893600e-07
  -2.72349090e-07  1.31929974e-07]
 [-2.27076073e-07 -1.41042734e-06  3.29829516e-06 ... -2.72349090e-07
   5.96225316e-07  1.27146809e-08]
 [-4.27902065e-06 -1.21192855e-05  2.92461986e-05 ...  1.31929974e-07
   1.27146809e-08  6.33302898e-07]]


******** <class 'pyscf.scf.addons.SmearingDFRKS'> ********
method = SmearingDFRKS
initial guess = minao
damping factor = 0.15
level_shift factor = 0.2
DIIS = <class 'pyscf.scf.diis.CDIIS'>
diis_start_cycle = 1
diis_space = 12
diis_damp = 0
SCF conv_tol = 5e-05
SCF conv_tol_grad = None
SCF max_cycles = 200
direct_scf = True
direct_scf_tol = 1e-13
chkfile to save SCF result = /tmp/tmprp0yg64z
max_memory 4000 MB (current use 87538 MB)
XC library pyscf.dft.libxc version 6.1.0
    S. Lehtola, C. Steigemann, M. J.T. Oliveira, and M. A.L. Marques.,  SoftwareX 7, 1–5 (2018)
XC functionals = pbe
    J. P. Perdew, K. Burke, and M. Ernzerhof.,  Phys. Rev. Lett. 77, 3865 (1996)
    J. P. Perdew, K. Burke, and M. Ernzerhof.,  Phys. Rev. Lett. 78, 1396 (1997)
    J. P. Perdew, K. Burke, and M. Ernzerhof.,  Phys. Rev. Lett. 77, 3865 (1996)
    J. P. Perdew, K. Burke, and M. Ernzerhof.,  Phys. Rev. Lett. 78, 1396 (1997)
small_rho_cutoff = 1e-06
Set gradient conv threshold to 0.00707107
    Total E(T) = -12114.8070863408  Free energy = -12115.8270613035  E0 = -12115.3170738222
init E= -12114.8070863408
    sigma = 0.02  Optimized mu = -0.0518300171215  entropy = 1.50527771706
    Total E(T) = -12114.8070652704  Free energy = -12114.8371708247  E0 = -12114.8221180475
cycle= 1 E= -12114.8070652704  delta_E= 2.11e-05  |g|= 0.0301  |ddm|=   21
    sigma = 0.02  Optimized mu = -0.0518975835541  entropy = 1.5054291478
    Total E(T) = -12114.8068094514  Free energy = -12114.8369180343  E0 = -12114.8218637428
cycle= 2 E= -12114.8068094514  delta_E= 0.000256  |g|= 0.103  |ddm|= 89.3
    sigma = 0.02  Optimized mu = -0.0518572643886  entropy = 1.50510622002
    Total E(T) = -12114.8069595454  Free energy = -12114.8370616698  E0 = -12114.8220106076
cycle= 3 E= -12114.8069595454  delta_E= -0.00015  |g|= 0.0567  |ddm|= 36.5
    sigma = 0.02  Optimized mu = -0.0518550236245  entropy = 1.50510700056
    Total E(T) = -12114.8070223816  Free energy = -12114.8371245216  E0 = -12114.8220734516
cycle= 4 E= -12114.8070223816  delta_E= -6.28e-05  |g|= 0.0403  |ddm|= 14.2
    sigma = 0.02  Optimized mu = -0.0518541823471  entropy = 1.50510892395
    Total E(T) = -12114.8070528895  Free energy = -12114.837155068  E0 = -12114.8221039787
cycle= 5 E= -12114.8070528895  delta_E= -3.05e-05  |g|= 0.0295  |ddm|= 8.09
    sigma = 0.02  Optimized mu = -0.0518528562412  entropy = 1.50511797673
    Total E(T) = -12114.8070683668  Free energy = -12114.8371707263  E0 = -12114.8221195466
cycle= 6 E= -12114.8070683668  delta_E= -1.55e-05  |g|= 0.0221  |ddm|= 5.14
    sigma = 0.02  Optimized mu = -0.051852973045  entropy = 1.50511560539
    Total E(T) = -12114.8070769019  Free energy = -12114.837179214  E0 = -12114.822128058
cycle= 7 E= -12114.8070769019  delta_E= -8.54e-06  |g|= 0.0167  |ddm|= 3.36
    sigma = 0.02  Optimized mu = -0.0518507048417  entropy = 1.50512663601
    Total E(T) = -12114.8070815508  Free energy = -12114.8371840835  E0 = -12114.8221328171
cycle= 8 E= -12114.8070815508  delta_E= -4.65e-06  |g|= 0.0129  |ddm|= 2.32
    sigma = 0.02  Optimized mu = -0.0518535032902  entropy = 1.50511282971
    Total E(T) = -12114.8070843001  Free energy = -12114.8371865567  E0 = -12114.8221354284
cycle= 9 E= -12114.8070843001  delta_E= -2.75e-06  |g|= 0.00994  |ddm|= 1.67
    sigma = 0.02  Optimized mu = -0.0518525721863  entropy = 1.50511547536
    Total E(T) = -12114.8070858974  Free energy = -12114.8371882069  E0 = -12114.8221370521
cycle= 10 E= -12114.8070858974  delta_E= -1.6e-06  |g|= 0.0078  |ddm|= 1.24
    sigma = 0.02  Optimized mu = -0.0518524849306  entropy = 1.50511663478
    Total E(T) = -12114.8070868496  Free energy = -12114.8371891823  E0 = -12114.8221380159
cycle= 11 E= -12114.8070868496  delta_E= -9.52e-07  |g|= 0.00615  |ddm|= 1.03
    sigma = 0.02  Optimized mu = -0.151805500581  entropy = 50.9983075947
    Total E(T) = -12114.281647577  Free energy = -12115.3016137289  E0 = -12114.7916306529
Extra cycle  E= -12114.281647577  delta_E= 0.525  |g|= 0.404  |ddm|= 4.1e+03
converged SCF energy = -12114.281647577
dm0 check [[[ 1.89789238e-01  3.06171050e-01 -6.27461376e-02 ...  6.55168226e-07
   -1.23725588e-07 -2.10473312e-06]
  [ 3.06171050e-01  5.07731413e-01 -1.67374824e-01 ...  2.12069657e-06
   -7.33304480e-07 -5.96374447e-06]
  [-6.27461376e-02 -1.67374824e-01  3.38437440e-01 ... -4.86266172e-06
    1.72287846e-06  1.43683482e-05]
  ...
  [ 6.55168226e-07  2.12069657e-06 -4.86266172e-06 ...  4.22495607e-07
   -1.41848360e-07  6.83558928e-08]
  [-1.23725588e-07 -7.33304480e-07  1.72287846e-06 ... -1.41848360e-07
    3.02228767e-07  1.49650826e-08]
  [-2.10473312e-06 -5.96374447e-06  1.43683482e-05 ...  6.83558928e-08
    1.49650826e-08  3.17606735e-07]]

 [[ 1.89768505e-01  3.06114556e-01 -6.26179069e-02 ...  8.80990978e-07
   -9.54782090e-08 -1.98661699e-06]
  [ 3.06114556e-01  5.07580588e-01 -1.67036476e-01 ...  2.72794310e-06
   -6.54842386e-07 -5.64769476e-06]
  [-6.26179069e-02 -1.67036476e-01  3.37681188e-01 ... -6.31595992e-06
    1.51331319e-06  1.36268870e-05]
  ...
  [ 8.80990978e-07  2.72794310e-06 -6.31595992e-06 ...  4.07830976e-07
   -1.43352989e-07  7.10983433e-08]
  [-9.54782090e-08 -6.54842386e-07  1.51331319e-06 ... -1.43352989e-07
    3.03317374e-07  1.09186874e-08]
  [-1.98661699e-06 -5.64769476e-06  1.36268870e-05 ...  7.10983433e-08
    1.09186874e-08  3.06205198e-07]]]


******** <class 'pyscf.scf.addons.SmearingDFUKS'> ********
method = SmearingDFUKS
initial guess = minao
damping factor = 0.15
level_shift factor = 0.2
DIIS = <class 'pyscf.scf.diis.CDIIS'>
diis_start_cycle = 1
diis_space = 12
diis_damp = 0
SCF conv_tol = 5e-05
SCF conv_tol_grad = None
SCF max_cycles = 200
direct_scf = True
direct_scf_tol = 1e-13
chkfile to save SCF result = /tmp/tmpzk2w8w1c
max_memory 4000 MB (current use 87556 MB)
number electrons alpha = 325  beta = 323
XC library pyscf.dft.libxc version 6.1.0
    S. Lehtola, C. Steigemann, M. J.T. Oliveira, and M. A.L. Marques.,  SoftwareX 7, 1–5 (2018)
XC functionals = pbe
    J. P. Perdew, K. Burke, and M. Ernzerhof.,  Phys. Rev. Lett. 77, 3865 (1996)
    J. P. Perdew, K. Burke, and M. Ernzerhof.,  Phys. Rev. Lett. 78, 1396 (1997)
    J. P. Perdew, K. Burke, and M. Ernzerhof.,  Phys. Rev. Lett. 77, 3865 (1996)
    J. P. Perdew, K. Burke, and M. Ernzerhof.,  Phys. Rev. Lett. 78, 1396 (1997)
small_rho_cutoff = 1e-06
Set gradient conv threshold to 0.00707107
    Total E(T) = -12114.3634712191  Free energy = -12114.4275695914  E0 = -12114.3955204053
init E= -12114.3634712191
    sigma = 0.005  Optimized mu_alpha = -0.196988064712  entropy = 3.34924125727e-07
    sigma = 0.005  Optimized mu_beta  = -0.19954028507  entropy = 3.34924125727e-07
    Total E(T) = -12114.3634619688  Free energy = -12114.3634619705  E0 = -12114.3634619697
cycle= 1 E= -12114.3634619688  delta_E= 9.25e-06  |g|= 0.0289  |ddm|= 10.6
    sigma = 0.005  Optimized mu_alpha = -0.19704409304  entropy = 3.34967687285e-07
    sigma = 0.005  Optimized mu_beta  = -0.199600677433  entropy = 3.34967687285e-07
    Total E(T) = -12114.3633548951  Free energy = -12114.3633548968  E0 = -12114.3633548959
cycle= 2 E= -12114.3633548951  delta_E= 0.000107  |g|= 0.0951  |ddm|= 44.7
    sigma = 0.005  Optimized mu_alpha = -0.19701133391  entropy = 3.34732197617e-07
    sigma = 0.005  Optimized mu_beta  = -0.199564725772  entropy = 3.34732197617e-07
    Total E(T) = -12114.3634157108  Free energy = -12114.3634157125  E0 = -12114.3634157117
cycle= 3 E= -12114.3634157108  delta_E= -6.08e-05  |g|= 0.053  |ddm|= 17.6
    sigma = 0.005  Optimized mu_alpha = -0.19701027123  entropy = 3.34743022275e-07
    sigma = 0.005  Optimized mu_beta  = -0.199563474933  entropy = 3.34743022275e-07
    Total E(T) = -12114.3634437409  Free energy = -12114.3634437426  E0 = -12114.3634437418
cycle= 4 E= -12114.3634437409  delta_E= -2.8e-05  |g|= 0.0374  |ddm|=  7.1
    sigma = 0.005  Optimized mu_alpha = -0.197009357698  entropy = 3.34747777146e-07
    sigma = 0.005  Optimized mu_beta  = -0.199562537479  entropy = 3.34747777146e-07
    Total E(T) = -12114.3634572134  Free energy = -12114.363457215  E0 = -12114.3634572142
cycle= 5 E= -12114.3634572134  delta_E= -1.35e-05  |g|= 0.0272  |ddm|= 3.99
    sigma = 0.005  Optimized mu_alpha = -0.197009381759  entropy = 3.34749094689e-07
    sigma = 0.005  Optimized mu_beta  = -0.199562501733  entropy = 3.34749094689e-07
    Total E(T) = -12114.3634639633  Free energy = -12114.3634639649  E0 = -12114.3634639641
cycle= 6 E= -12114.3634639633  delta_E= -6.75e-06  |g|= 0.0202  |ddm|= 2.59
    sigma = 0.005  Optimized mu_alpha = -0.197008834431  entropy = 3.34749015897e-07
    sigma = 0.005  Optimized mu_beta  = -0.199561949165  entropy = 3.34749015897e-07
    Total E(T) = -12114.3634676145  Free energy = -12114.3634676162  E0 = -12114.3634676153
cycle= 7 E= -12114.3634676145  delta_E= -3.65e-06  |g|= 0.0151  |ddm|= 1.66
    sigma = 0.005  Optimized mu_alpha = -0.197007419871  entropy = 3.34756932553e-07
    sigma = 0.005  Optimized mu_beta  = -0.199560464117  entropy = 3.34756932553e-07
    Total E(T) = -12114.3634696018  Free energy = -12114.3634696034  E0 = -12114.3634696026
cycle= 8 E= -12114.3634696018  delta_E= -1.99e-06  |g|= 0.0115  |ddm|= 1.13
    sigma = 0.005  Optimized mu_alpha = -0.19700897948  entropy = 3.34746760955e-07
    sigma = 0.005  Optimized mu_beta  = -0.19956207755  entropy = 3.34746760955e-07
    Total E(T) = -12114.3634707235  Free energy = -12114.3634707252  E0 = -12114.3634707243
cycle= 9 E= -12114.3634707235  delta_E= -1.12e-06  |g|= 0.00882  |ddm|= 0.799
    sigma = 0.005  Optimized mu_alpha = -0.197008029799  entropy = 3.34752286322e-07
    sigma = 0.005  Optimized mu_beta  = -0.199561096152  entropy = 3.34752286322e-07
    Total E(T) = -12114.3634713729  Free energy = -12114.3634713746  E0 = -12114.3634713737
cycle= 10 E= -12114.3634713729  delta_E= -6.49e-07  |g|= 0.00686  |ddm|= 0.653
    sigma = 0.005  Optimized mu_alpha = -0.296561086468  entropy = 12.8197564602
    sigma = 0.005  Optimized mu_beta  = -0.299451316406  entropy = 12.8197564602
    Total E(T) = -12114.3280768989  Free energy = -12114.3921756812  E0 = -12114.3601262901
Extra cycle  E= -12114.3280768989  delta_E= 0.0354  |g|= 0.227  |ddm|=  894
converged SCF energy = -12114.3280768989  <S^2> = 3.7627426  2S+1 = 4.0063662
[timing] right/Al ensemble SCF = 1386.2s
[timing] collect state = 0.0s
[timing] checkpoint save = 0.1s
[EVAL    4] L=-12265.39256689 Ef=-12265.39936241 L1=9.83369875e-01 Npdft=666.000034 |grad|=1.87285e-02 dL=+1.414e-02 d|grad|=-3.162e-05 |b|=4.812435e-01 max|b|=7.655495e-02 t=1602.5s
[HESS] built H_scipy ||H||=8.770431e+00 max|H|=6.237586e-01 eig_min=1.880369e-08 eig_max=1.115969e+00 t=3346.8s
 TR Solving trust region problem, radius 1.500000e-02; starting on first irreducible block
 TR Coldstart. Seeking suitable initial Î»â, starting with 0
 TR Starting Newton iteration for Î»â with initial choice 0.000000e+00
 TR  iter        Î»            dÎ»       âhâ(Î»)â-radius
 TR      1  9.219681e-01  9.219681e-01  0.000000e+00


 iter inewton type    objective     Î³áµ¢ââ|háµ¢|      leftmost         Î»             Î³             Î´             Î±             Î²       

     0     1  cg_b -2.441849e-04  4.910200e-03  0.000000e+00  9.219681e-01  1.872847e-02  3.265963e-01  3.061884e+00  1.004601e+00


Trying to update factorization
Nonzero pivot. Continue
Factorization update successful, still pos def!
 TR Solving trust region problem, radius 1.500000e-02; starting on first irreducible block
 TR Starting Newton iteration for Î»â with initial choice 9.219681e-01
 TR  iter        Î»            dÎ»       âhâ(Î»)â-radius
 TR      1  1.011083e+00  8.911511e-02  2.622884e-06
 TR      2  1.011291e+00  2.082459e-04  1.308146e-11
 TR      3  1.011291e+00  1.038805e-09 -3.469447e-18


     1     3  cg_b -2.515464e-04  5.860217e-04  0.000000e+00  1.011291e+00  3.273467e-01  6.380350e-01  3.226471e+00  4.192536e-01


dm0 check [[[ 1.51511345e-09  2.24391537e-08  1.89789845e-07 ... -1.14719041e-07
    7.42476856e-07  6.64943793e-08]
  [ 2.24391537e-08  3.34444425e-07  2.75067274e-06 ... -1.77767171e-06
    1.10110573e-05  1.04757954e-06]
  [ 1.89789845e-07  2.75067274e-06  2.57237806e-05 ... -1.02769975e-05
    9.27869110e-05  4.99876992e-06]
  ...
  [-1.14719041e-07 -1.77767171e-06 -1.02769975e-05 ...  2.27166714e-04
    1.81897069e-06 -1.91352291e-04]
  [ 7.42476856e-07  1.10110573e-05  9.27869110e-05 ...  1.81897069e-06
    4.79980266e-04 -1.62432538e-06]
  [ 6.64943793e-08  1.04757954e-06  4.99876992e-06 ... -1.91352291e-04
   -1.62432538e-06  6.55604932e-04]]

 [[ 2.14412288e-09  3.18475751e-08  2.65523668e-07 ... -7.48706513e-08
    1.03578247e-06  2.38438681e-08]
  [ 3.18475751e-08  4.74248065e-07  3.91397161e-06 ... -9.93113945e-07
    1.53190755e-05  2.50156401e-07]
  [ 2.65523668e-07  3.91397161e-06  3.37625491e-05 ... -1.10142914e-05
    1.30901535e-04  4.52868544e-06]
  ...
  [-7.48706513e-08 -9.93113945e-07 -1.10142914e-05 ...  2.49604200e-04
    2.27939015e-06 -2.10130218e-04]
  [ 1.03578247e-06  1.53190755e-05  1.30901535e-04 ...  2.27939015e-06
    5.52938890e-04 -2.04467291e-06]
  [ 2.38438681e-08  2.50156401e-07  4.52868544e-06 ... -2.10130218e-04
   -2.04467291e-06  7.46013452e-04]]]
converged SCF energy = -150.226693714539  <S^2> = 2.0045398  2S+1 = 3.003025
dm0 check [[[ 1.14641745e-09  1.70871841e-08  1.38754813e-07 ... -8.06196941e-08
    6.25417120e-07  4.56926965e-08]
  [ 1.70871841e-08  2.56087717e-07  2.02954043e-06 ... -1.06182579e-06
    9.18282741e-06  7.18406974e-07]
  [ 1.38754813e-07  2.02954043e-06  1.80708466e-05 ... -1.26946806e-05
    8.12951703e-05  3.19891372e-06]
  ...
  [-8.06196941e-08 -1.06182579e-06 -1.26946806e-05 ...  2.39058742e-04
   -1.61627706e-06 -1.68275179e-04]
  [ 6.25417120e-07  9.18282741e-06  8.12951703e-05 ... -1.61627706e-06
    4.44995293e-04 -4.05994829e-06]
  [ 4.56926965e-08  7.18406974e-07  3.19891372e-06 ... -1.68275179e-04
   -4.05994829e-06  5.95722691e-04]]

 [[ 2.53030872e-08  3.85041148e-07  2.83121281e-06 ... -1.48564709e-07
    1.05890540e-07  7.43821276e-08]
  [ 3.85041148e-07  5.86063793e-06  4.30450523e-05 ... -2.17963110e-06
    1.18320858e-06  1.05278733e-06]
  [ 2.83121281e-06  4.30450523e-05  3.17985100e-04 ... -1.75088049e-05
    2.68728932e-05  9.38978176e-06]
  ...
  [-1.48564709e-07 -2.17963110e-06 -1.75088049e-05 ...  2.30571482e-04
    2.08982238e-07 -1.91671362e-04]
  [ 1.05890540e-07  1.18320858e-06  2.68728932e-05 ...  2.08982238e-07
    4.63238233e-04 -3.50223686e-06]
  [ 7.43821276e-08  1.05278733e-06  9.38978176e-06 ... -1.91671362e-04
   -3.50223686e-06  6.49568189e-04]]]
converged SCF energy = -150.244985829831  <S^2> = 0.92979752  2S+1 = 2.1723697
[timing] left/O ensemble SCF = 11.6s
dm0 check [[ 3.79535064e-01  6.12226364e-01 -1.25220569e-01 ...  1.57387021e-06
  -2.15835724e-07 -4.33662770e-06]
 [ 6.12226364e-01  1.01515561e+00 -3.34030944e-01 ...  4.95005873e-06
  -1.38013803e-06 -1.22746977e-05]
 [-1.25220569e-01 -3.34030944e-01  6.75211952e-01 ... -1.14306971e-05
   3.22515742e-06  2.96227839e-05]
 ...
 [ 1.57387021e-06  4.95005873e-06 -1.14306971e-05 ...  7.92597225e-07
  -2.72197252e-07  1.31354295e-07]
 [-2.15835724e-07 -1.38013803e-06  3.22515742e-06 ... -2.72197252e-07
   5.96026716e-07  1.02349244e-08]
 [-4.33662770e-06 -1.22746977e-05  2.96227839e-05 ...  1.31354295e-07
   1.02349244e-08  6.45927170e-07]]


******** <class 'pyscf.scf.addons.SmearingDFRKS'> ********
method = SmearingDFRKS
initial guess = minao
damping factor = 0.15
level_shift factor = 0.2
DIIS = <class 'pyscf.scf.diis.CDIIS'>
diis_start_cycle = 1
diis_space = 12
diis_damp = 0
SCF conv_tol = 5e-05
SCF conv_tol_grad = None
SCF max_cycles = 200
direct_scf = True
direct_scf_tol = 1e-13
chkfile to save SCF result = /tmp/tmprp0yg64z
max_memory 4000 MB (current use 87725 MB)
XC library pyscf.dft.libxc version 6.1.0
    S. Lehtola, C. Steigemann, M. J.T. Oliveira, and M. A.L. Marques.,  SoftwareX 7, 1–5 (2018)
XC functionals = pbe
    J. P. Perdew, K. Burke, and M. Ernzerhof.,  Phys. Rev. Lett. 77, 3865 (1996)
    J. P. Perdew, K. Burke, and M. Ernzerhof.,  Phys. Rev. Lett. 78, 1396 (1997)
    J. P. Perdew, K. Burke, and M. Ernzerhof.,  Phys. Rev. Lett. 77, 3865 (1996)
    J. P. Perdew, K. Burke, and M. Ernzerhof.,  Phys. Rev. Lett. 78, 1396 (1997)
small_rho_cutoff = 1e-06
Set gradient conv threshold to 0.00707107
    Total E(T) = -12114.7992099377  Free energy = -12115.8191760896  E0 = -12115.3091930136
init E= -12114.7992099377
    sigma = 0.02  Optimized mu = -0.0518250074884  entropy = 1.50545177983
    Total E(T) = -12114.799195319  Free energy = -12114.8293043546  E0 = -12114.8142498368
cycle= 1 E= -12114.799195319  delta_E= 1.46e-05  |g|= 0.0261  |ddm|= 17.2
    sigma = 0.02  Optimized mu = -0.0518999113921  entropy = 1.50549950098
    Total E(T) = -12114.7990132091  Free energy = -12114.8291231991  E0 = -12114.8140682041
cycle= 2 E= -12114.7990132091  delta_E= 0.000182  |g|= 0.0875  |ddm|= 67.8
    sigma = 0.02  Optimized mu = -0.0518506620465  entropy = 1.50530203521
    Total E(T) = -12114.7991168224  Free energy = -12114.8292228631  E0 = -12114.8141698427
cycle= 3 E= -12114.7991168224  delta_E= -0.000104  |g|= 0.049  |ddm|= 30.5
    sigma = 0.02  Optimized mu = -0.0518492606082  entropy = 1.50530522738
    Total E(T) = -12114.7991628293  Free energy = -12114.8292689338  E0 = -12114.8142158815
cycle= 4 E= -12114.7991628293  delta_E= -4.6e-05  |g|= 0.0347  |ddm|=   10
    sigma = 0.02  Optimized mu = -0.0518488910549  entropy = 1.5053060959
    Total E(T) = -12114.7991856189  Free energy = -12114.8292917408  E0 = -12114.8142386799
cycle= 5 E= -12114.7991856189  delta_E= -2.28e-05  |g|= 0.0253  |ddm|= 6.14
    sigma = 0.02  Optimized mu = -0.0518481321475  entropy = 1.50530898462
    Total E(T) = -12114.7991972441  Free energy = -12114.8293034238  E0 = -12114.814250334
cycle= 6 E= -12114.7991972441  delta_E= -1.16e-05  |g|= 0.0189  |ddm|= 4.01
    sigma = 0.02  Optimized mu = -0.0518509021805  entropy = 1.50529700484
    Total E(T) = -12114.7992036858  Free energy = -12114.8293096259  E0 = -12114.8142566558
cycle= 7 E= -12114.7992036858  delta_E= -6.44e-06  |g|= 0.0141  |ddm|= 2.77
    sigma = 0.02  Optimized mu = -0.051847447  entropy = 1.50531181976
    Total E(T) = -12114.799207252  Free energy = -12114.8293134884  E0 = -12114.8142603702
cycle= 8 E= -12114.799207252  delta_E= -3.57e-06  |g|= 0.0107  |ddm|= 1.85
    sigma = 0.02  Optimized mu = -0.0518507598041  entropy = 1.50529424798
    Total E(T) = -12114.7992093075  Free energy = -12114.8293151924  E0 = -12114.81426225
cycle= 9 E= -12114.7992093075  delta_E= -2.06e-06  |g|= 0.00815  |ddm|= 1.52
    sigma = 0.02  Optimized mu = -0.0518495278832  entropy = 1.50530223779
    Total E(T) = -12114.7992104071  Free energy = -12114.8293164519  E0 = -12114.8142634295
cycle= 10 E= -12114.7992104071  delta_E= -1.1e-06  |g|= 0.0063  |ddm|=  1.1
    sigma = 0.02  Optimized mu = -0.15180157617  entropy = 50.9986690807
    Total E(T) = -12114.273770676  Free energy = -12115.2937440576  E0 = -12114.7837573668
Extra cycle  E= -12114.273770676  delta_E= 0.525  |g|= 0.404  |ddm|= 4.1e+03
converged SCF energy = -12114.273770676
dm0 check [[[ 1.89789125e-01  3.06170957e-01 -6.27459470e-02 ...  6.64889607e-07
   -1.18726796e-07 -2.13137173e-06]
  [ 3.06170957e-01  5.07731378e-01 -1.67374372e-01 ...  2.14693420e-06
   -7.19842294e-07 -6.03557317e-06]
  [-6.27459470e-02 -1.67374372e-01  3.38436345e-01 ... -4.92633021e-06
    1.69044200e-06  1.45420647e-05]
  ...
  [ 6.64889607e-07  2.14693420e-06 -4.92633021e-06 ...  4.20719628e-07
   -1.41836668e-07  6.82348573e-08]
  [-1.18726796e-07 -7.19842294e-07  1.69044200e-06 ... -1.41836668e-07
    3.02076343e-07  1.39070469e-08]
  [-2.13137173e-06 -6.03557317e-06  1.45420647e-05 ...  6.82348573e-08
    1.39070469e-08  3.23452491e-07]]

 [[ 1.89768388e-01  3.06114457e-01 -6.26176979e-02 ...  8.88635821e-07
   -9.04495041e-08 -2.01329821e-06]
  [ 3.06114457e-01  5.07580535e-01 -1.67035973e-01 ...  2.74860115e-06
   -6.41288671e-07 -5.71970042e-06]
  [-6.26176979e-02 -1.67035973e-01  3.37679948e-01 ... -6.36631592e-06
    1.48055315e-06  1.38016139e-05]
  ...
  [ 8.88635821e-07  2.74860115e-06 -6.36631592e-06 ...  4.06117224e-07
   -1.43315530e-07  7.09775350e-08]
  [-9.04495041e-08 -6.41288671e-07  1.48055315e-06 ... -1.43315530e-07
    3.03213523e-07  9.80908222e-09]
  [-2.01329821e-06 -5.71970042e-06  1.38016139e-05 ...  7.09775350e-08
    9.80908222e-09  3.11998794e-07]]]


******** <class 'pyscf.scf.addons.SmearingDFUKS'> ********
method = SmearingDFUKS
initial guess = minao
damping factor = 0.15
level_shift factor = 0.2
DIIS = <class 'pyscf.scf.diis.CDIIS'>
diis_start_cycle = 1
diis_space = 12
diis_damp = 0
SCF conv_tol = 5e-05
SCF conv_tol_grad = None
SCF max_cycles = 200
direct_scf = True
direct_scf_tol = 1e-13
chkfile to save SCF result = /tmp/tmpzk2w8w1c
max_memory 4000 MB (current use 87743 MB)
number electrons alpha = 325  beta = 323
XC library pyscf.dft.libxc version 6.1.0
    S. Lehtola, C. Steigemann, M. J.T. Oliveira, and M. A.L. Marques.,  SoftwareX 7, 1–5 (2018)
XC functionals = pbe
    J. P. Perdew, K. Burke, and M. Ernzerhof.,  Phys. Rev. Lett. 77, 3865 (1996)
    J. P. Perdew, K. Burke, and M. Ernzerhof.,  Phys. Rev. Lett. 78, 1396 (1997)
    J. P. Perdew, K. Burke, and M. Ernzerhof.,  Phys. Rev. Lett. 77, 3865 (1996)
    J. P. Perdew, K. Burke, and M. Ernzerhof.,  Phys. Rev. Lett. 78, 1396 (1997)
small_rho_cutoff = 1e-06
Set gradient conv threshold to 0.00707107
    Total E(T) = -12114.3556261391  Free energy = -12114.4197249214  E0 = -12114.3876755303
init E= -12114.3556261391
    sigma = 0.005  Optimized mu_alpha = -0.196979999501  entropy = 3.35202140489e-07
    sigma = 0.005  Optimized mu_beta  = -0.199531581133  entropy = 3.35202140489e-07
    Total E(T) = -12114.355617951  Free energy = -12114.3556179527  E0 = -12114.3556179518
cycle= 1 E= -12114.355617951  delta_E= 8.19e-06  |g|= 0.0284  |ddm|= 9.76
    sigma = 0.005  Optimized mu_alpha = -0.197049383557  entropy = 3.35069312175e-07
    sigma = 0.005  Optimized mu_beta  = -0.199605215194  entropy = 3.35069312175e-07
    Total E(T) = -12114.3555205973  Free energy = -12114.3555205989  E0 = -12114.3555205981
cycle= 2 E= -12114.3555205973  delta_E= 9.74e-05  |g|= 0.0911  |ddm|= 37.7
    sigma = 0.005  Optimized mu_alpha = -0.197003830462  entropy = 3.34947833451e-07
    sigma = 0.005  Optimized mu_beta  = -0.199556327905  entropy = 3.34947833451e-07
    Total E(T) = -12114.3555742529  Free energy = -12114.3555742545  E0 = -12114.3555742537
cycle= 3 E= -12114.3555742529  delta_E= -5.37e-05  |g|= 0.0515  |ddm|= 16.7
    sigma = 0.005  Optimized mu_alpha = -0.197003542567  entropy = 3.34957947154e-07
    sigma = 0.005  Optimized mu_beta  = -0.199555968486  entropy = 3.34957947154e-07
    Total E(T) = -12114.3556007539  Free energy = -12114.3556007555  E0 = -12114.3556007547
cycle= 4 E= -12114.3556007539  delta_E= -2.65e-05  |g|= 0.036  |ddm|= 5.69
    sigma = 0.005  Optimized mu_alpha = -0.197002231834  entropy = 3.34964428702e-07
    sigma = 0.005  Optimized mu_beta  = -0.19955461147  entropy = 3.34964428702e-07
    Total E(T) = -12114.3556137998  Free energy = -12114.3556138015  E0 = -12114.3556138006
cycle= 5 E= -12114.3556137998  delta_E= -1.3e-05  |g|= 0.0257  |ddm|= 3.41
    sigma = 0.005  Optimized mu_alpha = -0.197006003493  entropy = 3.34955184417e-07
    sigma = 0.005  Optimized mu_beta  = -0.199558417285  entropy = 3.34955184417e-07
    Total E(T) = -12114.35562026  Free energy = -12114.3556202617  E0 = -12114.3556202609
cycle= 6 E= -12114.35562026  delta_E= -6.46e-06  |g|= 0.0189  |ddm|= 2.26
    sigma = 0.005  Optimized mu_alpha = -0.197003758888  entropy = 3.34957149516e-07
    sigma = 0.005  Optimized mu_beta  = -0.199556188166  entropy = 3.34957149516e-07
    Total E(T) = -12114.355623702  Free energy = -12114.3556237037  E0 = -12114.3556237029
cycle= 7 E= -12114.355623702  delta_E= -3.44e-06  |g|= 0.0138  |ddm|= 1.51
    sigma = 0.005  Optimized mu_alpha = -0.197003392201  entropy = 3.34962426502e-07
    sigma = 0.005  Optimized mu_beta  = -0.19955569235  entropy = 3.34962426502e-07
    Total E(T) = -12114.3556255507  Free energy = -12114.3556255524  E0 = -12114.3556255515
cycle= 8 E= -12114.3556255507  delta_E= -1.85e-06  |g|= 0.0102  |ddm|=  1.1
    sigma = 0.005  Optimized mu_alpha = -0.197004999836  entropy = 3.34952329401e-07
    sigma = 0.005  Optimized mu_beta  = -0.199557437268  entropy = 3.34952329401e-07
    Total E(T) = -12114.355626532  Free energy = -12114.3556265337  E0 = -12114.3556265328
cycle= 9 E= -12114.355626532  delta_E= -9.81e-07  |g|= 0.00766  |ddm|= 0.867
    sigma = 0.005  Optimized mu_alpha = -0.197003625243  entropy = 3.34961676448e-07
    sigma = 0.005  Optimized mu_beta  = -0.199555951855  entropy = 3.34961676448e-07
    Total E(T) = -12114.3556270665  Free energy = -12114.3556270682  E0 = -12114.3556270674
cycle= 10 E= -12114.3556270665  delta_E= -5.35e-07  |g|= 0.00591  |ddm|= 0.623
    sigma = 0.005  Optimized mu_alpha = -0.296555049075  entropy = 12.8198805923
    sigma = 0.005  Optimized mu_beta  = -0.299445010055  entropy = 12.8198805923
    Total E(T) = -12114.320328589  Free energy = -12114.3844279919  E0 = -12114.3523782904
Extra cycle  E= -12114.320328589  delta_E= 0.0353  |g|= 0.216  |ddm|=  894
converged SCF energy = -12114.320328589  <S^2> = 3.7627482  2S+1 = 4.006369
[timing] right/Al ensemble SCF = 1325.2s
[timing] collect state = 0.0s
[timing] checkpoint save = 0.0s
[EVAL    5] L=-12265.37863997 Ef=-12265.38565263 L1=9.79787569e-01 Npdft=666.000034 |grad|=1.86691e-02 dL=+1.393e-02 d|grad|=-5.934e-05 |b|=4.928010e-01 max|b|=8.237463e-02 t=1544.7s
[HESS] built H_scipy ||H||=8.770417e+00 max|H|=6.237582e-01 eig_min=1.880359e-08 eig_max=1.115964e+00 t=3318.4s
 TR Solving trust region problem, radius 3.000000e-02; starting on first irreducible block
 TR Coldstart. Seeking suitable initial Î»â, starting with 0
 TR Starting Newton iteration for Î»â with initial choice 0.000000e+00
 TR  iter        Î»            dÎ»       âhâ(Î»)â-radius
 TR      1  2.934608e-01  2.934608e-01  0.000000e+00


 iter inewton type    objective     Î³áµ¢ââ|háµ¢|      leftmost         Î»             Î³             Î´             Î±             Î²       

     0     1  cg_b -4.120942e-04  9.852096e-03  0.000000e+00  2.934608e-01  1.866913e-02  3.288434e-01  3.040961e+00  9.973244e-01


Trying to update factorization
Nonzero pivot. Continue
Factorization update successful, still pos def!
 TR Solving trust region problem, radius 3.000000e-02; starting on first irreducible block
 TR Starting Newton iteration for Î»â with initial choice 2.934608e-01
 TR  iter        Î»            dÎ»       âhâ(Î»)â-radius
 TR      1  4.229369e-01  1.294761e-01  6.162443e-05
 TR      2  4.240987e-01  1.161790e-03  4.296722e-09
 TR      3  4.240987e-01  8.118277e-08  2.081668e-17
 TR Newton breakdown, dÎ» = 3.933129e-16 Î» = 4.240987e-01


     1     4  cg_b -4.583802e-04  1.783023e-03  0.000000e+00  4.240987e-01  3.284032e-01  6.378260e-01  3.227239e+00  4.214761e-01


dm0 check [[[ 1.51511415e-09  2.24391628e-08  1.89789947e-07 ... -1.14718984e-07
    7.42476838e-07  6.64943258e-08]
  [ 2.24391628e-08  3.34444541e-07  2.75067408e-06 ... -1.77767093e-06
    1.10110575e-05  1.04757877e-06]
  [ 1.89789947e-07  2.75067408e-06  2.57237936e-05 ... -1.02769919e-05
    9.27869045e-05  4.99876461e-06]
  ...
  [-1.14718984e-07 -1.77767093e-06 -1.02769919e-05 ...  2.27166733e-04
    1.81897134e-06 -1.91352306e-04]
  [ 7.42476838e-07  1.10110575e-05  9.27869045e-05 ...  1.81897134e-06
    4.79980259e-04 -1.62432546e-06]
  [ 6.64943258e-08  1.04757877e-06  4.99876461e-06 ... -1.91352306e-04
   -1.62432546e-06  6.55604939e-04]]

 [[ 2.14412378e-09  3.18475878e-08  2.65523769e-07 ... -7.48705966e-08
    1.03578261e-06  2.38438148e-08]
  [ 3.18475878e-08  4.74248243e-07  3.91397303e-06 ... -9.93113260e-07
    1.53190777e-05  2.50155737e-07]
  [ 2.65523769e-07  3.91397303e-06  3.37625602e-05 ... -1.10142876e-05
    1.30901546e-04  4.52868172e-06]
  ...
  [-7.48705966e-08 -9.93113260e-07 -1.10142876e-05 ...  2.49604209e-04
    2.27939089e-06 -2.10130225e-04]
  [ 1.03578261e-06  1.53190777e-05  1.30901546e-04 ...  2.27939089e-06
    5.52938841e-04 -2.04467317e-06]
  [ 2.38438148e-08  2.50155737e-07  4.52868172e-06 ... -2.10130225e-04
   -2.04467317e-06  7.46013408e-04]]]
converged SCF energy = -150.22669371454  <S^2> = 2.0045398  2S+1 = 3.003025
dm0 check [[[ 1.14640648e-09  1.70870363e-08  1.38753766e-07 ... -8.06181611e-08
    6.25414530e-07  4.56915041e-08]
  [ 1.70870363e-08  2.56085699e-07  2.02952709e-06 ... -1.06181952e-06
    9.18279720e-06  7.18389933e-07]
  [ 1.38753766e-07  2.02952709e-06  1.80707419e-05 ... -1.26946015e-05
    8.12948677e-05  3.19878429e-06]
  ...
  [-8.06181611e-08 -1.06181952e-06 -1.26946015e-05 ...  2.39058919e-04
   -1.61646206e-06 -1.68275036e-04]
  [ 6.25414530e-07  9.18279720e-06  8.12948677e-05 ... -1.61646206e-06
    4.44995046e-04 -4.06014496e-06]
  [ 4.56915041e-08  7.18389933e-07  3.19878429e-06 ... -1.68275036e-04
   -4.06014496e-06  5.95722908e-04]]

 [[ 2.53030893e-08  3.85040792e-07  2.83121159e-06 ... -1.48563626e-07
    1.05888903e-07  7.43804317e-08]
  [ 3.85040792e-07  5.86062650e-06  4.30449919e-05 ... -2.17962744e-06
    1.18318299e-06  1.05277454e-06]
  [ 2.83121159e-06  4.30449919e-05  3.17984803e-04 ... -1.75087729e-05
    2.68725759e-05  9.38968399e-06]
  ...
  [-1.48563626e-07 -2.17962744e-06 -1.75087729e-05 ...  2.30571627e-04
    2.08962394e-07 -1.91671233e-04]
  [ 1.05888903e-07  1.18318299e-06  2.68725759e-05 ...  2.08962394e-07
    4.63238037e-04 -3.50226009e-06]
  [ 7.43804317e-08  1.05277454e-06  9.38968399e-06 ... -1.91671233e-04
   -3.50226009e-06  6.49568165e-04]]]
converged SCF energy = -150.244985829817  <S^2> = 0.92980776  2S+1 = 2.1723791
[timing] left/O ensemble SCF = 11.9s
dm0 check [[ 3.79534580e-01  6.12225986e-01 -1.25219763e-01 ...  1.60610099e-06
  -1.94606087e-07 -4.45747678e-06]
 [ 6.12225986e-01  1.01515553e+00 -3.34029065e-01 ...  5.03711973e-06
  -1.32293743e-06 -1.26007336e-05]
 [-1.25219763e-01 -3.34029065e-01  6.75207276e-01 ... -1.16425562e-05
   3.08709130e-06  3.04128883e-05]
 ...
 [ 1.60610099e-06  5.03711973e-06 -1.16425562e-05 ...  7.87133913e-07
  -2.72080873e-07  1.31686115e-07]
 [-1.94606087e-07 -1.32293743e-06  3.08709130e-06 ... -2.72080873e-07
   5.95675909e-07  5.40672936e-09]
 [-4.45747678e-06 -1.26007336e-05  3.04128883e-05 ...  1.31686115e-07
   5.40672936e-09  6.73184905e-07]]


******** <class 'pyscf.scf.addons.SmearingDFRKS'> ********
method = SmearingDFRKS
initial guess = minao
damping factor = 0.15
level_shift factor = 0.2
DIIS = <class 'pyscf.scf.diis.CDIIS'>
diis_start_cycle = 1
diis_space = 12
diis_damp = 0
SCF conv_tol = 5e-05
SCF conv_tol_grad = None
SCF max_cycles = 200
direct_scf = True
direct_scf_tol = 1e-13
chkfile to save SCF result = /tmp/tmprp0yg64z
max_memory 4000 MB (current use 87930 MB)
XC library pyscf.dft.libxc version 6.1.0
    S. Lehtola, C. Steigemann, M. J.T. Oliveira, and M. A.L. Marques.,  SoftwareX 7, 1–5 (2018)
XC functionals = pbe
    J. P. Perdew, K. Burke, and M. Ernzerhof.,  Phys. Rev. Lett. 77, 3865 (1996)
    J. P. Perdew, K. Burke, and M. Ernzerhof.,  Phys. Rev. Lett. 78, 1396 (1997)
    J. P. Perdew, K. Burke, and M. Ernzerhof.,  Phys. Rev. Lett. 77, 3865 (1996)
    J. P. Perdew, K. Burke, and M. Ernzerhof.,  Phys. Rev. Lett. 78, 1396 (1997)
small_rho_cutoff = 1e-06
Set gradient conv threshold to 0.00707107
    Total E(T) = -12114.7963535545  Free energy = -12115.8163269361  E0 = -12115.3063402453
init E= -12114.7963535545
    sigma = 0.02  Optimized mu = -0.0518134758986  entropy = 1.50582227459
    Total E(T) = -12114.7963409706  Free energy = -12114.8264574161  E0 = -12114.8113991934
cycle= 1 E= -12114.7963409706  delta_E= 1.26e-05  |g|= 0.0256  |ddm|= 31.9
    sigma = 0.02  Optimized mu = -0.0519060283958  entropy = 1.50581614488
    Total E(T) = -12114.7961657305  Free energy = -12114.8262820534  E0 = -12114.8112238919
cycle= 2 E= -12114.7961657305  delta_E= 0.000175  |g|= 0.0846  |ddm|= 58.4
    sigma = 0.02  Optimized mu = -0.0518333585853  entropy = 1.50570070647
    Total E(T) = -12114.7962674671  Free energy = -12114.8263814813  E0 = -12114.8113244742
cycle= 3 E= -12114.7962674671  delta_E= -0.000102  |g|= 0.0464  |ddm|= 30.6
    sigma = 0.02  Optimized mu = -0.051836762025  entropy = 1.50568842674
    Total E(T) = -12114.7963143178  Free energy = -12114.8264280863  E0 = -12114.8113712021
cycle= 4 E= -12114.7963143178  delta_E= -4.69e-05  |g|= 0.0314  |ddm|= 8.97
    sigma = 0.02  Optimized mu = -0.0518371164585  entropy = 1.50569178457
    Total E(T) = -12114.7963370424  Free energy = -12114.8264508781  E0 = -12114.8113939603
cycle= 5 E= -12114.7963370424  delta_E= -2.27e-05  |g|= 0.0213  |ddm|= 5.68
    sigma = 0.02  Optimized mu = -0.0518404712562  entropy = 1.50566205712
    Total E(T) = -12114.7963477418  Free energy = -12114.8264609829  E0 = -12114.8114043623
cycle= 6 E= -12114.7963477418  delta_E= -1.07e-05  |g|= 0.0151  |ddm|= 4.02
    sigma = 0.02  Optimized mu = -0.051843823703  entropy = 1.5056543403
    Total E(T) = -12114.7963529709  Free energy = -12114.8264660577  E0 = -12114.8114095143
cycle= 7 E= -12114.7963529709  delta_E= -5.23e-06  |g|= 0.0104  |ddm|= 3.31
    sigma = 0.02  Optimized mu = -0.0518401897629  entropy = 1.50567055565
    Total E(T) = -12114.7963554546  Free energy = -12114.8264688657  E0 = -12114.8114121601
cycle= 8 E= -12114.7963554546  delta_E= -2.48e-06  |g|= 0.00707  |ddm|= 2.07
    sigma = 0.02  Optimized mu = -0.151785697051  entropy = 51.0001687884
    Total E(T) = -12114.270569999  Free energy = -12115.2905733748  E0 = -12114.7805716869
Extra cycle  E= -12114.270569999  delta_E= 0.526  |g|= 0.415  |ddm|= 4.1e+03
converged SCF energy = -12114.270569999
dm0 check [[[ 1.89788885e-01  3.06170771e-01 -6.27455530e-02 ...  6.79891532e-07
   -1.09272069e-07 -2.18717257e-06]
  [ 3.06170771e-01  5.07731343e-01 -1.67373457e-01 ...  2.18743301e-06
   -6.94384111e-07 -6.18603481e-06]
  [-6.27455530e-02 -1.67373457e-01  3.38434079e-01 ... -5.02466869e-06
    1.62913803e-06  1.49059487e-05]
  ...
  [ 6.79891532e-07  2.18743301e-06 -5.02466869e-06 ...  4.17741199e-07
   -1.41874931e-07  6.86942455e-08]
  [-1.09272069e-07 -6.94384111e-07  1.62913803e-06 ... -1.41874931e-07
    3.01801397e-07  1.18484714e-08]
  [-2.18717257e-06 -6.18603481e-06  1.49059487e-05 ...  6.86942455e-08
    1.18484714e-08  3.36056567e-07]]

 [[ 1.89768141e-01  3.06114252e-01 -6.26172562e-02 ...  8.99706078e-07
   -8.08045926e-08 -2.06901649e-06]
  [ 3.06114252e-01  5.07580451e-01 -1.67034926e-01 ...  2.77852735e-06
   -6.15296207e-07 -5.87007089e-06]
  [-6.26172562e-02 -1.67034926e-01  3.37677339e-01 ... -6.43934749e-06
    1.41775479e-06  1.41665117e-05]
  ...
  [ 8.99706078e-07  2.77852735e-06 -6.43934749e-06 ...  4.03243517e-07
   -1.43314815e-07  7.14256781e-08]
  [-8.08045926e-08 -6.15296207e-07  1.41775479e-06 ... -1.43314815e-07
    3.03039519e-07  7.63870460e-09]
  [-2.06901649e-06 -5.87007089e-06  1.41665117e-05 ...  7.14256781e-08
    7.63870460e-09  3.24496340e-07]]]


******** <class 'pyscf.scf.addons.SmearingDFUKS'> ********
method = SmearingDFUKS
initial guess = minao
damping factor = 0.15
level_shift factor = 0.2
DIIS = <class 'pyscf.scf.diis.CDIIS'>
diis_start_cycle = 1
diis_space = 12
diis_damp = 0
SCF conv_tol = 5e-05
SCF conv_tol_grad = None
SCF max_cycles = 200
direct_scf = True
direct_scf_tol = 1e-13
chkfile to save SCF result = /tmp/tmpzk2w8w1c
max_memory 4000 MB (current use 87986 MB)
number electrons alpha = 325  beta = 323
XC library pyscf.dft.libxc version 6.1.0
    S. Lehtola, C. Steigemann, M. J.T. Oliveira, and M. A.L. Marques.,  SoftwareX 7, 1–5 (2018)
XC functionals = pbe
    J. P. Perdew, K. Burke, and M. Ernzerhof.,  Phys. Rev. Lett. 77, 3865 (1996)
    J. P. Perdew, K. Burke, and M. Ernzerhof.,  Phys. Rev. Lett. 78, 1396 (1997)
    J. P. Perdew, K. Burke, and M. Ernzerhof.,  Phys. Rev. Lett. 77, 3865 (1996)
    J. P. Perdew, K. Burke, and M. Ernzerhof.,  Phys. Rev. Lett. 78, 1396 (1997)
small_rho_cutoff = 1e-06
Set gradient conv threshold to 0.00707107
    Total E(T) = -12114.3528387623  Free energy = -12114.4169381653  E0 = -12114.3848884638
init E= -12114.3528387623
    sigma = 0.005  Optimized mu_alpha = -0.196966596464  entropy = 3.35724528395e-07
    sigma = 0.005  Optimized mu_beta  = -0.199517255973  entropy = 3.35724528395e-07
    Total E(T) = -12114.3528341043  Free energy = -12114.352834106  E0 = -12114.3528341051
cycle= 1 E= -12114.3528341043  delta_E= 4.66e-06  |g|= 0.0239  |ddm|= 20.9
    sigma = 0.005  Optimized mu_alpha = -0.197052442654  entropy = 3.35150522661e-07
    sigma = 0.005  Optimized mu_beta  = -0.199606282444  entropy = 3.35150522661e-07
    Total E(T) = -12114.3527663377  Free energy = -12114.3527663393  E0 = -12114.3527663385
cycle= 2 E= -12114.3527663377  delta_E= 6.78e-05  |g|= 0.0731  |ddm|= 26.2
    sigma = 0.005  Optimized mu_alpha = -0.196982058491  entropy = 3.35415832389e-07
    sigma = 0.005  Optimized mu_beta  = -0.199532379523  entropy = 3.35415832389e-07
    Total E(T) = -12114.352807118  Free energy = -12114.3528071197  E0 = -12114.3528071189
cycle= 3 E= -12114.352807118  delta_E= -4.08e-05  |g|= 0.0388  |ddm|= 14.8
    sigma = 0.005  Optimized mu_alpha = -0.196989175104  entropy = 3.35396234165e-07
    sigma = 0.005  Optimized mu_beta  = -0.199540176218  entropy = 3.35396234165e-07
    Total E(T) = -12114.3528270632  Free energy = -12114.3528270649  E0 = -12114.3528270641
cycle= 4 E= -12114.3528270632  delta_E= -1.99e-05  |g|= 0.0246  |ddm|= 5.26
    sigma = 0.005  Optimized mu_alpha = -0.196984818455  entropy = 3.35417762616e-07
    sigma = 0.005  Optimized mu_beta  = -0.199535639904  entropy = 3.35417762616e-07
    Total E(T) = -12114.3528359688  Free energy = -12114.3528359705  E0 = -12114.3528359697
cycle= 5 E= -12114.3528359688  delta_E= -8.91e-06  |g|= 0.0156  |ddm|= 2.83
    sigma = 0.005  Optimized mu_alpha = -0.196996216026  entropy = 3.35387925876e-07
    sigma = 0.005  Optimized mu_beta  = -0.199547096895  entropy = 3.35387925876e-07
    Total E(T) = -12114.352839727  Free energy = -12114.3528397287  E0 = -12114.3528397278
cycle= 6 E= -12114.352839727  delta_E= -3.76e-06  |g|= 0.00969  |ddm|= 2.12
    sigma = 0.005  Optimized mu_alpha = -0.19699336015  entropy = 3.35393402666e-07
    sigma = 0.005  Optimized mu_beta  = -0.199544221841  entropy = 3.35393402666e-07
    Total E(T) = -12114.3528412406  Free energy = -12114.3528412422  E0 = -12114.3528412414
cycle= 7 E= -12114.3528412406  delta_E= -1.51e-06  |g|= 0.00612  |ddm|= 1.49
    sigma = 0.005  Optimized mu_alpha = -0.296529491713  entropy = 12.8206383499
    sigma = 0.005  Optimized mu_beta  = -0.299418682596  entropy = 12.8206383499
    Total E(T) = -12114.3174489158  Free energy = -12114.3815521075  E0 = -12114.3495005117
Extra cycle  E= -12114.3174489158  delta_E= 0.0354  |g|= 0.224  |ddm|=  897
converged SCF energy = -12114.3174489158  <S^2> = 3.7627591  2S+1 = 4.0063745
[timing] right/Al ensemble SCF = 1004.5s
[timing] collect state = 0.0s
[timing] checkpoint save = 0.0s
[EVAL    6] L=-12265.38778738 Ef=-12265.39521400 L1=9.72318810e-01 Npdft=666.000034 |grad|=1.85729e-02 dL=-9.147e-03 d|grad|=-9.626e-05 |b|=5.161429e-01 max|b|=9.365650e-02 t=1221.9s
 TR Solving trust region problem, radius 7.500000e-03; starting on first irreducible block
 TR Starting Newton iteration for Î»â with initial choice 4.240987e-01
 TR  iter        Î»            dÎ»       âhâ(Î»)â-radius
 TR      1  2.124570e+00  1.700471e+00  2.869507e-04
 TR      2  2.214575e+00  9.000568e-02  1.534611e-07
 TR      3  2.214625e+00  5.003036e-05  4.468214e-14
 TR Newton breakdown, dÎ» = 1.456728e-11 Î» = 2.214625e+00

 iter inewton type    objective     Î³áµ¢ââ|háµ¢|      leftmost         Î»             Î³             Î´       
     1     4   hot -1.318361e-04  1.725625e-04  0.000000e+00  2.214625e+00  3.284032e-01  6.378260e-01

Early exit as hotstart with early termination on

dm0 check [[[ 1.51511371e-09  2.24391580e-08  1.89789887e-07 ... -1.14719069e-07
    7.42477006e-07  6.64944054e-08]
  [ 2.24391580e-08  3.34444508e-07  2.75067329e-06 ... -1.77767227e-06
    1.10110590e-05  1.04758010e-06]
  [ 1.89789887e-07  2.75067329e-06  2.57237857e-05 ... -1.02770025e-05
    9.27869319e-05  4.99877429e-06]
  ...
  [-1.14719069e-07 -1.77767227e-06 -1.02770025e-05 ...  2.27166703e-04
    1.81897077e-06 -1.91352282e-04]
  [ 7.42477006e-07  1.10110590e-05  9.27869319e-05 ...  1.81897077e-06
    4.79980259e-04 -1.62432551e-06]
  [ 6.64944054e-08  1.04758010e-06  4.99877429e-06 ... -1.91352282e-04
   -1.62432551e-06  6.55604917e-04]]

 [[ 2.14412331e-09  3.18475813e-08  2.65523732e-07 ... -7.48707309e-08
    1.03578263e-06  2.38439329e-08]
  [ 3.18475813e-08  4.74248164e-07  3.91397240e-06 ... -9.93114326e-07
    1.53190777e-05  2.50156711e-07]
  [ 2.65523732e-07  3.91397240e-06  3.37625569e-05 ... -1.10142968e-05
    1.30901555e-04  4.52868971e-06]
  ...
  [-7.48707309e-08 -9.93114326e-07 -1.10142968e-05 ...  2.49604192e-04
    2.27939038e-06 -2.10130211e-04]
  [ 1.03578263e-06  1.53190777e-05  1.30901555e-04 ...  2.27939038e-06
    5.52938935e-04 -2.04467318e-06]
  [ 2.38439329e-08  2.50156711e-07  4.52868971e-06 ... -2.10130211e-04
   -2.04467318e-06  7.46013492e-04]]]
converged SCF energy = -150.226693714539  <S^2> = 2.0045398  2S+1 = 3.003025
dm0 check [[[ 1.14641743e-09  1.70872016e-08  1.38754795e-07 ... -8.06220413e-08
    6.25416970e-07  4.56939038e-08]
  [ 1.70872016e-08  2.56088311e-07  2.02954148e-06 ... -1.06184704e-06
    9.18282865e-06  7.18422805e-07]
  [ 1.38754795e-07  2.02954148e-06  1.80708409e-05 ... -1.26948103e-05
    8.12953043e-05  3.19903514e-06]
  ...
  [-8.06220413e-08 -1.06184704e-06 -1.26948103e-05 ...  2.39057533e-04
   -1.61662264e-06 -1.68275226e-04]
  [ 6.25416970e-07  9.18282865e-06  8.12953043e-05 ... -1.61662264e-06
    4.44995820e-04 -4.06039411e-06]
  [ 4.56939038e-08  7.18422805e-07  3.19903514e-06 ... -1.68275226e-04
   -4.06039411e-06  5.95723545e-04]]

 [[ 2.53044811e-08  3.85062148e-07  2.83136626e-06 ... -1.48569177e-07
    1.05892141e-07  7.43850887e-08]
  [ 3.85062148e-07  5.86095441e-06  4.30473626e-05 ... -2.17968487e-06
    1.18322372e-06  1.05281906e-06]
  [ 2.83136626e-06  4.30473626e-05  3.18001967e-04 ... -1.75092932e-05
    2.68730217e-05  9.39007715e-06]
  ...
  [-1.48569177e-07 -2.17968487e-06 -1.75092932e-05 ...  2.30571790e-04
    2.08841136e-07 -1.91671315e-04]
  [ 1.05892141e-07  1.18322372e-06  2.68730217e-05 ...  2.08841136e-07
    4.63239567e-04 -3.50241762e-06]
  [ 7.43850887e-08  1.05281906e-06  9.39007715e-06 ... -1.91671315e-04
   -3.50241762e-06  6.49570878e-04]]]
converged SCF energy = -150.244985829827  <S^2> = 0.92979832  2S+1 = 2.1723704
[timing] left/O ensemble SCF = 16.5s
dm0 check [[ 3.79533297e-01  6.12225089e-01 -1.25217889e-01 ...  1.64121886e-06
  -1.54005976e-07 -4.71149176e-06]
 [ 6.12225089e-01  1.01515576e+00 -3.34025012e-01 ...  5.13208512e-06
  -1.21357998e-06 -1.32860692e-05]
 [-1.25217889e-01 -3.34025012e-01  6.75197273e-01 ... -1.18743014e-05
   2.82331508e-06  3.20738734e-05]
 ...
 [ 1.64121886e-06  5.13208512e-06 -1.18743014e-05 ...  7.79411720e-07
  -2.72482934e-07  1.36596341e-07]
 [-1.54005976e-07 -1.21357998e-06  2.82331508e-06 ... -2.72482934e-07
   5.95343312e-07 -4.05921375e-09]
 [-4.71149176e-06 -1.32860692e-05  3.20738734e-05 ...  1.36596341e-07
  -4.05921375e-09  7.33669358e-07]]


******** <class 'pyscf.scf.addons.SmearingDFRKS'> ********
method = SmearingDFRKS
initial guess = minao
damping factor = 0.15
level_shift factor = 0.2
DIIS = <class 'pyscf.scf.diis.CDIIS'>
diis_start_cycle = 1
diis_space = 12
diis_damp = 0
SCF conv_tol = 5e-05
SCF conv_tol_grad = None
SCF max_cycles = 200
direct_scf = True
direct_scf_tol = 1e-13
chkfile to save SCF result = /tmp/tmprp0yg64z
max_memory 4000 MB (current use 88023 MB)
XC library pyscf.dft.libxc version 6.1.0
    S. Lehtola, C. Steigemann, M. J.T. Oliveira, and M. A.L. Marques.,  SoftwareX 7, 1–5 (2018)
XC functionals = pbe
    J. P. Perdew, K. Burke, and M. Ernzerhof.,  Phys. Rev. Lett. 77, 3865 (1996)
    J. P. Perdew, K. Burke, and M. Ernzerhof.,  Phys. Rev. Lett. 78, 1396 (1997)
    J. P. Perdew, K. Burke, and M. Ernzerhof.,  Phys. Rev. Lett. 77, 3865 (1996)
    J. P. Perdew, K. Burke, and M. Ernzerhof.,  Phys. Rev. Lett. 78, 1396 (1997)
small_rho_cutoff = 1e-06
Set gradient conv threshold to 0.00707107
    Total E(T) = -12114.7992074123  Free energy = -12115.8192107881  E0 = -12115.3092091002
init E= -12114.7992074123
    sigma = 0.02  Optimized mu = -0.0518473488096  entropy = 1.50537241811
    Total E(T) = -12114.7991832188  Free energy = -12114.8292906672  E0 = -12114.814236943
cycle= 1 E= -12114.7991832188  delta_E= 2.42e-05  |g|= 0.0329  |ddm|= 46.1
    sigma = 0.02  Optimized mu = -0.0518991758273  entropy = 1.50569269902
    Total E(T) = -12114.7988648437  Free energy = -12114.8289786977  E0 = -12114.8139217707
cycle= 2 E= -12114.7988648437  delta_E= 0.000318  |g|= 0.115  |ddm|=  112
    sigma = 0.02  Optimized mu = -0.0518617653884  entropy = 1.5052688275
    Total E(T) = -12114.7990607479  Free energy = -12114.8291661245  E0 = -12114.8141134362
cycle= 3 E= -12114.7990607479  delta_E= -0.000196  |g|= 0.0609  |ddm|=   42
    sigma = 0.02  Optimized mu = -0.0518592325222  entropy = 1.50526362697
    Total E(T) = -12114.7991387359  Free energy = -12114.8292440085  E0 = -12114.8141913722
cycle= 4 E= -12114.7991387359  delta_E= -7.8e-05  |g|= 0.0422  |ddm|= 18.2
    sigma = 0.02  Optimized mu = -0.0518552185696  entropy = 1.50528190145
    Total E(T) = -12114.7991746992  Free energy = -12114.8292803372  E0 = -12114.8142275182
cycle= 5 E= -12114.7991746992  delta_E= -3.6e-05  |g|= 0.0299  |ddm|= 10.6
    sigma = 0.02  Optimized mu = -0.0518546128421  entropy = 1.50527997188
    Total E(T) = -12114.7991931209  Free energy = -12114.8292987204  E0 = -12114.8142459206
cycle= 6 E= -12114.7991931209  delta_E= -1.84e-05  |g|= 0.0212  |ddm|= 5.53
    sigma = 0.02  Optimized mu = -0.0518487012612  entropy = 1.50530773296
    Total E(T) = -12114.7992022181  Free energy = -12114.8293083728  E0 = -12114.8142552954
cycle= 7 E= -12114.7992022181  delta_E= -9.1e-06  |g|= 0.0153  |ddm|=    6
    sigma = 0.02  Optimized mu = -0.0518535056505  entropy = 1.50528154577
    Total E(T) = -12114.7992071067  Free energy = -12114.8293127376  E0 = -12114.8142599222
cycle= 8 E= -12114.7992071067  delta_E= -4.89e-06  |g|= 0.0108  |ddm|= 3.64
    sigma = 0.02  Optimized mu = -0.0518490502878  entropy = 1.5053059167
    Total E(T) = -12114.7992095165  Free energy = -12114.8293156349  E0 = -12114.8142625757
cycle= 9 E= -12114.7992095165  delta_E= -2.41e-06  |g|= 0.00765  |ddm|= 2.27
    sigma = 0.02  Optimized mu = -0.0518510154358  entropy = 1.505296502
    Total E(T) = -12114.7992106952  Free energy = -12114.8293166252  E0 = -12114.8142636602
cycle= 10 E= -12114.7992106952  delta_E= -1.18e-06  |g|= 0.00568  |ddm|=  1.7
    sigma = 0.02  Optimized mu = -0.151805590664  entropy = 50.9989977788
    Total E(T) = -12114.273984214  Free energy = -12115.2939641696  E0 = -12114.7839741918
Extra cycle  E= -12114.273984214  delta_E= 0.525  |g|= 0.399  |ddm|= 4.1e+03
converged SCF energy = -12114.273984214
dm0 check [[[ 1.89788236e-01  3.06170306e-01 -6.27445639e-02 ...  6.96001384e-07
   -9.14447769e-08 -2.30459927e-06]
  [ 3.06170306e-01  5.07731416e-01 -1.67371297e-01 ...  2.23097288e-06
   -6.46400057e-07 -6.50267950e-06]
  [-6.27445639e-02 -1.67371297e-01  3.38428725e-01 ... -5.13069225e-06
    1.51368979e-06  1.56717831e-05]
  ...
  [ 6.96001384e-07  2.23097288e-06 -5.13069225e-06 ...  4.13563799e-07
   -1.42201262e-07  7.17197502e-08]
  [-9.14447769e-08 -6.46400057e-07  1.51368979e-06 ... -1.42201262e-07
    3.01473368e-07  7.88406624e-09]
  [-2.30459927e-06 -6.50267950e-06  1.56717831e-05 ...  7.17197502e-08
    7.88406624e-09  3.63997868e-07]]

 [[ 1.89767476e-01  3.06113745e-01 -6.26161631e-02 ...  9.08725076e-07
   -6.19648276e-08 -2.18599551e-06]
  [ 3.06113745e-01  5.07580412e-01 -1.67032480e-01 ...  2.80297372e-06
   -5.64539855e-07 -6.18578501e-06]
  [-6.26161631e-02 -1.67032480e-01  3.37671258e-01 ... -6.49942023e-06
    1.29520450e-06  1.49326986e-05]
  ...
  [ 9.08725076e-07  2.80297372e-06 -6.49942023e-06 ...  3.99216154e-07
   -1.43599778e-07  7.43970507e-08]
  [-6.19648276e-08 -5.64539855e-07  1.29520450e-06 ... -1.43599778e-07
    3.02905158e-07  3.41066689e-09]
  [-2.18599551e-06 -6.18578501e-06  1.49326986e-05 ...  7.43970507e-08
    3.41066689e-09  3.52212757e-07]]]


******** <class 'pyscf.scf.addons.SmearingDFUKS'> ********
method = SmearingDFUKS
initial guess = minao
damping factor = 0.15
level_shift factor = 0.2
DIIS = <class 'pyscf.scf.diis.CDIIS'>
diis_start_cycle = 1
diis_space = 12
diis_damp = 0
SCF conv_tol = 5e-05
SCF conv_tol_grad = None
SCF max_cycles = 200
direct_scf = True
direct_scf_tol = 1e-13
chkfile to save SCF result = /tmp/tmpzk2w8w1c
max_memory 4000 MB (current use 88023 MB)
number electrons alpha = 325  beta = 323
XC library pyscf.dft.libxc version 6.1.0
    S. Lehtola, C. Steigemann, M. J.T. Oliveira, and M. A.L. Marques.,  SoftwareX 7, 1–5 (2018)
XC functionals = pbe
    J. P. Perdew, K. Burke, and M. Ernzerhof.,  Phys. Rev. Lett. 77, 3865 (1996)
    J. P. Perdew, K. Burke, and M. Ernzerhof.,  Phys. Rev. Lett. 78, 1396 (1997)
    J. P. Perdew, K. Burke, and M. Ernzerhof.,  Phys. Rev. Lett. 77, 3865 (1996)
    J. P. Perdew, K. Burke, and M. Ernzerhof.,  Phys. Rev. Lett. 78, 1396 (1997)
small_rho_cutoff = 1e-06
Set gradient conv threshold to 0.00707107
    Total E(T) = -12114.3556248272  Free energy = -12114.419728019  E0 = -12114.3876764231
init E= -12114.3556248272
    sigma = 0.005  Optimized mu_alpha = -0.19699018229  entropy = 3.34950231534e-07
    sigma = 0.005  Optimized mu_beta  = -0.19954187058  entropy = 3.34950231534e-07
    Total E(T) = -12114.3556171241  Free energy = -12114.3556171258  E0 = -12114.3556171249
cycle= 1 E= -12114.3556171241  delta_E= 7.7e-06  |g|= 0.028  |ddm|= 29.6
    sigma = 0.005  Optimized mu_alpha = -0.197081289615  entropy = 3.35082140335e-07
    sigma = 0.005  Optimized mu_beta  = -0.199637714526  entropy = 3.35082140335e-07
    Total E(T) = -12114.3555112745  Free energy = -12114.3555112761  E0 = -12114.3555112753
cycle= 2 E= -12114.3555112745  delta_E= 0.000106  |g|= 0.094  |ddm|=   54
    sigma = 0.005  Optimized mu_alpha = -0.197018032271  entropy = 3.34924604034e-07
    sigma = 0.005  Optimized mu_beta  = -0.199570734423  entropy = 3.34924604034e-07
    Total E(T) = -12114.3555768641  Free energy = -12114.3555768658  E0 = -12114.3555768649
cycle= 3 E= -12114.3555768641  delta_E= -6.56e-05  |g|= 0.0492  |ddm|= 18.6
    sigma = 0.005  Optimized mu_alpha = -0.197013784141  entropy = 3.34936512486e-07
    sigma = 0.005  Optimized mu_beta  = -0.199566271297  entropy = 3.34936512486e-07
    Total E(T) = -12114.3556054276  Free energy = -12114.3556054293  E0 = -12114.3556054285
cycle= 4 E= -12114.3556054276  delta_E= -2.86e-05  |g|= 0.0322  |ddm|= 8.25
    sigma = 0.005  Optimized mu_alpha = -0.19700251149  entropy = 3.34980632952e-07
    sigma = 0.005  Optimized mu_beta  = -0.199554371835  entropy = 3.34980632952e-07
    Total E(T) = -12114.3556169731  Free energy = -12114.3556169747  E0 = -12114.3556169739
cycle= 5 E= -12114.3556169731  delta_E= -1.15e-05  |g|= 0.0225  |ddm|= 6.83
    sigma = 0.005  Optimized mu_alpha = -0.197006950816  entropy = 3.34950248577e-07
    sigma = 0.005  Optimized mu_beta  = -0.19955916757  entropy = 3.34950248577e-07
    Total E(T) = -12114.3556226528  Free energy = -12114.3556226545  E0 = -12114.3556226537
cycle= 6 E= -12114.3556226528  delta_E= -5.68e-06  |g|= 0.0153  |ddm|= 2.91
    sigma = 0.005  Optimized mu_alpha = -0.197000248943  entropy = 3.34976584421e-07
    sigma = 0.005  Optimized mu_beta  = -0.199552447252  entropy = 3.34976584421e-07
    Total E(T) = -12114.3556253853  Free energy = -12114.3556253869  E0 = -12114.3556253861
cycle= 7 E= -12114.3556253853  delta_E= -2.73e-06  |g|= 0.0106  |ddm|= 2.24
    sigma = 0.005  Optimized mu_alpha = -0.19700533638  entropy = 3.34957349086e-07
    sigma = 0.005  Optimized mu_beta  = -0.199557595301  entropy = 3.34957349086e-07
    Total E(T) = -12114.3556266782  Free energy = -12114.3556266799  E0 = -12114.355626679
cycle= 8 E= -12114.3556266782  delta_E= -1.29e-06  |g|= 0.00724  |ddm|= 2.09
    sigma = 0.005  Optimized mu_alpha = -0.197005424017  entropy = 3.34961050509e-07
    sigma = 0.005  Optimized mu_beta  = -0.199557635475  entropy = 3.34961050509e-07
    Total E(T) = -12114.3556272764  Free energy = -12114.3556272781  E0 = -12114.3556272773
cycle= 9 E= -12114.3556272764  delta_E= -5.98e-07  |g|= 0.00497  |ddm|= 1.04
    sigma = 0.005  Optimized mu_alpha = -0.296561840924  entropy = 12.8195441163
    sigma = 0.005  Optimized mu_beta  = -0.299452003648  entropy = 12.8195441163
    Total E(T) = -12114.320461917  Free energy = -12114.3845596376  E0 = -12114.3525107773
Extra cycle  E= -12114.320461917  delta_E= 0.0352  |g|= 0.202  |ddm|=  894
converged SCF energy = -12114.320461917  <S^2> = 3.762751  2S+1 = 4.0063704
[timing] right/Al ensemble SCF = 1250.0s
[timing] collect state = 0.0s
[timing] checkpoint save = 0.1s
[EVAL    7] L=-12265.37884525 Ef=-12265.38584772 L1=9.79301121e-01 Npdft=666.000034 |grad|=1.86643e-02 dL=+8.942e-03 d|grad|=+9.141e-05 |b|=4.928010e-01 max|b|=8.237463e-02 t=1470.5s
dm0 check [[[ 1.51511399e-09  2.24391602e-08  1.89789927e-07 ... -1.14718975e-07
    7.42476756e-07  6.64943181e-08]
  [ 2.24391602e-08  3.34444494e-07  2.75067383e-06 ... -1.77767069e-06
    1.10110565e-05  1.04757854e-06]
  [ 1.89789927e-07  2.75067383e-06  2.57237915e-05 ... -1.02769898e-05
    9.27868942e-05  4.99876289e-06]
  ...
  [-1.14718975e-07 -1.77767069e-06 -1.02769898e-05 ...  2.27166744e-04
    1.81897129e-06 -1.91352316e-04]
  [ 7.42476756e-07  1.10110565e-05  9.27868942e-05 ...  1.81897129e-06
    4.79980277e-04 -1.62432527e-06]
  [ 6.64943181e-08  1.04757854e-06  4.99876289e-06 ... -1.91352316e-04
   -1.62432527e-06  6.55604965e-04]]

 [[ 2.14412356e-09  3.18475848e-08  2.65523736e-07 ... -7.48705613e-08
    1.03578255e-06  2.38437860e-08]
  [ 3.18475848e-08  4.74248197e-07  3.91397265e-06 ... -9.93113146e-07
    1.53190770e-05  2.50155643e-07]
  [ 2.65523736e-07  3.91397265e-06  3.37625563e-05 ... -1.10142854e-05
    1.30901539e-04  4.52867998e-06]
  ...
  [-7.48705613e-08 -9.93113146e-07 -1.10142854e-05 ...  2.49604220e-04
    2.27939078e-06 -2.10130235e-04]
  [ 1.03578255e-06  1.53190770e-05  1.30901539e-04 ...  2.27939078e-06
    5.52938839e-04 -2.04467291e-06]
  [ 2.38437860e-08  2.50155643e-07  4.52867998e-06 ... -2.10130235e-04
   -2.04467291e-06  7.46013414e-04]]]
converged SCF energy = -150.22669371454  <S^2> = 2.0045398  2S+1 = 3.003025
dm0 check [[[ 1.14639704e-09  1.70868620e-08  1.38752864e-07 ... -8.06194819e-08
    6.25411557e-07  4.56925620e-08]
  [ 1.70868620e-08  2.56082651e-07  2.02950943e-06 ... -1.06182238e-06
    9.18273934e-06  7.18405989e-07]
  [ 1.38752864e-07  2.02950943e-06  1.80706598e-05 ... -1.26946790e-05
    8.12945738e-05  3.19890360e-06]
  ...
  [-8.06194819e-08 -1.06182238e-06 -1.26946790e-05 ...  2.39058933e-04
   -1.61653275e-06 -1.68275032e-04]
  [ 6.25411557e-07  9.18273934e-06  8.12945738e-05 ... -1.61653275e-06
    4.44994430e-04 -4.06021994e-06]
  [ 4.56925620e-08  7.18405989e-07  3.19890360e-06 ... -1.68275032e-04
   -4.06021994e-06  5.95721952e-04]]

 [[ 2.53031997e-08  3.85042754e-07  2.83122721e-06 ... -1.48564193e-07
    1.05902230e-07  7.43841170e-08]
  [ 3.85042754e-07  5.86066079e-06  4.30452600e-05 ... -2.17962406e-06
    1.18338844e-06  1.05281892e-06]
  [ 2.83122721e-06  4.30452600e-05  3.17986904e-04 ... -1.75087903e-05
    2.68740692e-05  9.39002489e-06]
  ...
  [-1.48564193e-07 -2.17962406e-06 -1.75087903e-05 ...  2.30571680e-04
    2.08936431e-07 -1.91671182e-04]
  [ 1.05902230e-07  1.18338844e-06  2.68740692e-05 ...  2.08936431e-07
    4.63237722e-04 -3.50219925e-06]
  [ 7.43841170e-08  1.05281892e-06  9.39002489e-06 ... -1.91671182e-04
   -3.50219925e-06  6.49568692e-04]]]
converged SCF energy = -150.244985829834  <S^2> = 0.92980241  2S+1 = 2.1723742
[timing] left/O ensemble SCF = 13.2s
dm0 check [[ 3.79534582e-01  6.12226000e-01 -1.25219786e-01 ...  1.60558322e-06
  -1.95043784e-07 -4.45693894e-06]
 [ 6.12226000e-01  1.01515558e+00 -3.34029142e-01 ...  5.03572302e-06
  -1.32411884e-06 -1.25992856e-05]
 [-1.25219786e-01 -3.34029142e-01  6.75207445e-01 ... -1.16391633e-05
   3.08995843e-06  3.04093978e-05]
 ...
 [ 1.60558322e-06  5.03572302e-06 -1.16391633e-05 ...  7.87178143e-07
  -2.72077112e-07  1.31750613e-07]
 [-1.95043784e-07 -1.32411884e-06  3.08995843e-06 ... -2.72077112e-07
   5.95618850e-07  5.42382699e-09]
 [-4.45693894e-06 -1.25992856e-05  3.04093978e-05 ...  1.31750613e-07
   5.42382699e-09  6.73163107e-07]]


******** <class 'pyscf.scf.addons.SmearingDFRKS'> ********
method = SmearingDFRKS
initial guess = minao
damping factor = 0.15
level_shift factor = 0.2
DIIS = <class 'pyscf.scf.diis.CDIIS'>
diis_start_cycle = 1
diis_space = 12
diis_damp = 0
SCF conv_tol = 5e-05
SCF conv_tol_grad = None
SCF max_cycles = 200
direct_scf = True
direct_scf_tol = 1e-13
chkfile to save SCF result = /tmp/tmprp0yg64z
max_memory 4000 MB (current use 88285 MB)
XC library pyscf.dft.libxc version 6.1.0
    S. Lehtola, C. Steigemann, M. J.T. Oliveira, and M. A.L. Marques.,  SoftwareX 7, 1–5 (2018)
XC functionals = pbe
    J. P. Perdew, K. Burke, and M. Ernzerhof.,  Phys. Rev. Lett. 77, 3865 (1996)
    J. P. Perdew, K. Burke, and M. Ernzerhof.,  Phys. Rev. Lett. 78, 1396 (1997)
    J. P. Perdew, K. Burke, and M. Ernzerhof.,  Phys. Rev. Lett. 77, 3865 (1996)
    J. P. Perdew, K. Burke, and M. Ernzerhof.,  Phys. Rev. Lett. 78, 1396 (1997)
small_rho_cutoff = 1e-06
Set gradient conv threshold to 0.00707107
    Total E(T) = -12114.7909658452  Free energy = -12115.8109458008  E0 = -12115.300955823
init E= -12114.7909658452
    sigma = 0.02  Optimized mu = -0.0518316575734  entropy = 1.50549236457
    Total E(T) = -12114.7909513279  Free energy = -12114.8210611752  E0 = -12114.8060062516
cycle= 1 E= -12114.7909513279  delta_E= 1.45e-05  |g|= 0.0253  |ddm|= 15.6
    sigma = 0.02  Optimized mu = -0.0518852029473  entropy = 1.50562841467
    Total E(T) = -12114.7907739119  Free energy = -12114.8208864802  E0 = -12114.8058301961
cycle= 2 E= -12114.7907739119  delta_E= 0.000177  |g|= 0.0864  |ddm|= 71.8
    sigma = 0.02  Optimized mu = -0.0518533238237  entropy = 1.50537962833
    Total E(T) = -12114.7908770777  Free energy = -12114.8209846703  E0 = -12114.805930874
cycle= 3 E= -12114.7908770777  delta_E= -0.000103  |g|= 0.0477  |ddm|= 30.2
    sigma = 0.02  Optimized mu = -0.051851672338  entropy = 1.50537909634
    Total E(T) = -12114.7909209275  Free energy = -12114.8210285094  E0 = -12114.8059747185
cycle= 4 E= -12114.7909209275  delta_E= -4.38e-05  |g|= 0.0339  |ddm|= 11.2
    sigma = 0.02  Optimized mu = -0.0518511325763  entropy = 1.5053800093
    Total E(T) = -12114.7909423826  Free energy = -12114.8210499828  E0 = -12114.8059961827
cycle= 5 E= -12114.7909423826  delta_E= -2.15e-05  |g|= 0.0247  |ddm|= 6.53
    sigma = 0.02  Optimized mu = -0.0518499058444  entropy = 1.50538433348
    Total E(T) = -12114.7909533255  Free energy = -12114.8210610122  E0 = -12114.8060071689
cycle= 6 E= -12114.7909533255  delta_E= -1.09e-05  |g|= 0.0185  |ddm|= 4.12
    sigma = 0.02  Optimized mu = -0.0518507572567  entropy = 1.50538023948
    Total E(T) = -12114.790959375  Free energy = -12114.8210669798  E0 = -12114.8060131774
cycle= 7 E= -12114.790959375  delta_E= -6.05e-06  |g|= 0.0139  |ddm|= 2.73
    sigma = 0.02  Optimized mu = -0.0518481077198  entropy = 1.50539151869
    Total E(T) = -12114.7909627081  Free energy = -12114.8210705384  E0 = -12114.8060166233
cycle= 8 E= -12114.7909627081  delta_E= -3.33e-06  |g|= 0.0106  |ddm|= 1.87
    sigma = 0.02  Optimized mu = -0.0518501944856  entropy = 1.50538139374
    Total E(T) = -12114.7909645755  Free energy = -12114.8210722034  E0 = -12114.8060183895
cycle= 9 E= -12114.7909645755  delta_E= -1.87e-06  |g|= 0.00822  |ddm|= 1.29
    sigma = 0.02  Optimized mu = -0.0518498817648  entropy = 1.50538388131
    Total E(T) = -12114.7909656722  Free energy = -12114.8210733499  E0 = -12114.806019511
cycle= 10 E= -12114.7909656722  delta_E= -1.1e-06  |g|= 0.00643  |ddm|=  1.1
    sigma = 0.02  Optimized mu = -0.151805465979  entropy = 50.9990776353
    Total E(T) = -12114.2656257178  Free energy = -12115.2856072705  E0 = -12114.7756164941
Extra cycle  E= -12114.2656257178  delta_E= 0.525  |g|= 0.403  |ddm|= 4.1e+03
converged SCF energy = -12114.2656257178
dm0 check [[[ 1.89788891e-01  3.06170790e-01 -6.27456011e-02 ...  6.80006774e-07
   -1.09441789e-07 -2.18711420e-06]
  [ 3.06170790e-01  5.07731395e-01 -1.67373588e-01 ...  2.18774382e-06
   -6.94842185e-07 -6.18587802e-06]
  [-6.27456011e-02 -1.67373588e-01  3.38434409e-01 ... -5.02542088e-06
    1.63025185e-06  1.49055743e-05]
  ...
  [ 6.80006774e-07  2.18774382e-06 -5.02542088e-06 ...  4.17735294e-07
   -1.41866456e-07  6.86982484e-08]
  [-1.09441789e-07 -6.94842185e-07  1.63025185e-06 ... -1.41866456e-07
    3.01769498e-07  1.18550392e-08]
  [-2.18711420e-06 -6.18587802e-06  1.49055743e-05 ...  6.86982484e-08
    1.18550392e-08  3.36054714e-07]]

 [[ 1.89768148e-01  3.06114273e-01 -6.26173082e-02 ...  8.99713457e-07
   -8.11338418e-08 -2.06875689e-06]
  [ 3.06114273e-01  5.07580507e-01 -1.67035066e-01 ...  2.77854749e-06
   -6.16185359e-07 -5.86937072e-06]
  [-6.26173082e-02 -1.67035066e-01  3.37677689e-01 ... -6.43939861e-06
    1.41991948e-06  1.41648164e-05]
  ...
  [ 8.99713457e-07  2.77854749e-06 -6.43939861e-06 ...  4.03238527e-07
   -1.43303326e-07  7.14298480e-08]
  [-8.11338418e-08 -6.16185359e-07  1.41991948e-06 ... -1.43303326e-07
    3.03007420e-07  7.64960685e-09]
  [-2.06875689e-06 -5.86937072e-06  1.41648164e-05 ...  7.14298480e-08
    7.64960685e-09  3.24492305e-07]]]


******** <class 'pyscf.scf.addons.SmearingDFUKS'> ********
method = SmearingDFUKS
initial guess = minao
damping factor = 0.15
level_shift factor = 0.2
DIIS = <class 'pyscf.scf.diis.CDIIS'>
diis_start_cycle = 1
diis_space = 12
diis_damp = 0
SCF conv_tol = 5e-05
SCF conv_tol_grad = None
SCF max_cycles = 200
direct_scf = True
direct_scf_tol = 1e-13
chkfile to save SCF result = /tmp/tmpzk2w8w1c
max_memory 4000 MB (current use 88266 MB)
number electrons alpha = 325  beta = 323
XC library pyscf.dft.libxc version 6.1.0
    S. Lehtola, C. Steigemann, M. J.T. Oliveira, and M. A.L. Marques.,  SoftwareX 7, 1–5 (2018)
XC functionals = pbe
    J. P. Perdew, K. Burke, and M. Ernzerhof.,  Phys. Rev. Lett. 77, 3865 (1996)
    J. P. Perdew, K. Burke, and M. Ernzerhof.,  Phys. Rev. Lett. 78, 1396 (1997)
    J. P. Perdew, K. Burke, and M. Ernzerhof.,  Phys. Rev. Lett. 77, 3865 (1996)
    J. P. Perdew, K. Burke, and M. Ernzerhof.,  Phys. Rev. Lett. 78, 1396 (1997)
small_rho_cutoff = 1e-06
Set gradient conv threshold to 0.00707107
    Total E(T) = -12114.3473958883  Free energy = -12114.4114936089  E0 = -12114.3794447486
init E= -12114.3473958883
    sigma = 0.005  Optimized mu_alpha = -0.196987242973  entropy = 3.35149552238e-07
    sigma = 0.005  Optimized mu_beta  = -0.199538958369  entropy = 3.35149552238e-07
    Total E(T) = -12114.3473905868  Free energy = -12114.3473905885  E0 = -12114.3473905877
cycle= 1 E= -12114.3473905868  delta_E= 5.3e-06  |g|= 0.0222  |ddm|= 7.77
    sigma = 0.005  Optimized mu_alpha = -0.197028512021  entropy = 3.35205499376e-07
    sigma = 0.005  Optimized mu_beta  = -0.199582268303  entropy = 3.35205499376e-07
    Total E(T) = -12114.347328793  Free energy = -12114.3473287947  E0 = -12114.3473287939
cycle= 2 E= -12114.347328793  delta_E= 6.18e-05  |g|= 0.0729  |ddm|= 33.2
    sigma = 0.005  Optimized mu_alpha = -0.197006171621  entropy = 3.35042840762e-07
    sigma = 0.005  Optimized mu_beta  = -0.199558304399  entropy = 3.35042840762e-07
    Total E(T) = -12114.347363484  Free energy = -12114.3473634856  E0 = -12114.3473634848
cycle= 3 E= -12114.347363484  delta_E= -3.47e-05  |g|= 0.0407  |ddm|= 13.3
    sigma = 0.005  Optimized mu_alpha = -0.19700495644  entropy = 3.3504796788e-07
    sigma = 0.005  Optimized mu_beta  = -0.199557016086  entropy = 3.3504796788e-07
    Total E(T) = -12114.3473797886  Free energy = -12114.3473797902  E0 = -12114.3473797894
cycle= 4 E= -12114.3473797886  delta_E= -1.63e-05  |g|= 0.0288  |ddm|=  5.2
    sigma = 0.005  Optimized mu_alpha = -0.197004113326  entropy = 3.35050512257e-07
    sigma = 0.005  Optimized mu_beta  = -0.199556151382  entropy = 3.35050512257e-07
    Total E(T) = -12114.3473877063  Free energy = -12114.347387708  E0 = -12114.3473877071
cycle= 5 E= -12114.3473877063  delta_E= -7.92e-06  |g|= 0.0208  |ddm|= 2.98
    sigma = 0.005  Optimized mu_alpha = -0.197004192733  entropy = 3.35048017699e-07
    sigma = 0.005  Optimized mu_beta  = -0.199556235718  entropy = 3.35048017699e-07
    Total E(T) = -12114.3473916934  Free energy = -12114.3473916951  E0 = -12114.3473916942
cycle= 6 E= -12114.3473916934  delta_E= -3.99e-06  |g|= 0.0155  |ddm|= 1.91
    sigma = 0.005  Optimized mu_alpha = -0.197003202052  entropy = 3.35050513615e-07
    sigma = 0.005  Optimized mu_beta  = -0.199555220533  entropy = 3.35050513615e-07
    Total E(T) = -12114.3473938507  Free energy = -12114.3473938524  E0 = -12114.3473938515
cycle= 7 E= -12114.3473938507  delta_E= -2.16e-06  |g|= 0.0116  |ddm|= 1.24
    sigma = 0.005  Optimized mu_alpha = -0.197004108904  entropy = 3.35048762777e-07
    sigma = 0.005  Optimized mu_beta  = -0.199556139047  entropy = 3.35048762777e-07
    Total E(T) = -12114.3473950388  Free energy = -12114.3473950404  E0 = -12114.3473950396
cycle= 8 E= -12114.3473950388  delta_E= -1.19e-06  |g|= 0.00868  |ddm|= 0.85
    sigma = 0.005  Optimized mu_alpha = -0.197003578436  entropy = 3.35047255385e-07
    sigma = 0.005  Optimized mu_beta  = -0.19955560546  entropy = 3.35047255385e-07
    Total E(T) = -12114.347395685  Free energy = -12114.3473956867  E0 = -12114.3473956858
cycle= 9 E= -12114.347395685  delta_E= -6.46e-07  |g|= 0.00668  |ddm|= 0.645
    sigma = 0.005  Optimized mu_alpha = -0.296554015686  entropy = 12.8199975392
    sigma = 0.005  Optimized mu_beta  = -0.29944390708  entropy = 12.8199975392
    Total E(T) = -12114.3120431999  Free energy = -12114.3761431876  E0 = -12114.3440931937
Extra cycle  E= -12114.3120431999  delta_E= 0.0354  |g|= 0.224  |ddm|=  895
converged SCF energy = -12114.3120431999  <S^2> = 3.7627538  2S+1 = 4.0063718
[timing] right/Al ensemble SCF = 1216.7s
[timing] collect state = 0.0s
[timing] checkpoint save = 0.0s
[EVAL    8] L=-12265.36444590 Ef=-12265.37156486 L1=9.78130915e-01 Npdft=666.000034 |grad|=1.86377e-02 dL=+1.440e-02 d|grad|=-2.657e-05 |b|=4.986130e-01 max|b|=8.533758e-02 t=1433.2s
         Current function value: 12265.364446
         Iterations: 5
         Function evaluations: 6
         Gradient evaluations: 6
         Hessian evaluations: 12
[timing] minimize wall=21578.4s
[select] selected stable eval 6 by lowest L1

=== final summary ===
success=False status=1
message=Maximum number of iterations has been exceeded.
nfev=6 njev=6 nhev=12 nit=5
final L=-12265.38778738 Ef=-12265.39521400 L1=9.72318810e-01
final |grad|=1.85729e-02 Npdft=666.000034 |b|=5.161429e-01 max|b|=9.365650e-02

=== Vp comparison: S3 vs grid (final b) ===
Vpl (left): ||S3 - grid||_F = 1.687212e-02  rel = 3.104600e-02  max|Δ| = 7.071217e-03
Vpr (right): ||S3 - grid||_F = 1.337439e-02  rel = 2.017691e-02  max|Δ| = 2.351890e-03
Vpref (full): ||S3 - grid||_F = 2.083402e-02  rel = 2.690947e-02  max|Δ| = 7.076834e-03
[total] wall time t=22557.6s
=== Python finished ===
All done.
