pyscf max mem 964701
SLURM_CPUS_PER_TASK = 64
OMP_NUM_THREADS = 64
MKL_NUM_THREADS = 64
OPENBLAS_NUM_THREADS = 64
PySCF lib.num_threads() = 64
left ensemble electron number ([9, 9], [7, 8])
right ensemble electron number ([325, 325], [325, 323])
[setup] build_system t=1.7s
building grid (level 3)...
[setup] grid t=4.6s
computing S3 tensors (DF)...
S3 shapes: left=(116, 116, 1336) right=(1528, 1528, 1336) ref=(1544, 1544, 1336) t=770.5s
[warm-start] loaded pdft_optimizer_trust_ridge1e32.pkl
[warm-start] b0 priority source = pdft_optimizer_trust_ridge1e32.pkl (fallback: pdft_optimizer_trust_ridge1e33.pkl)
[warm-start] rdft1.D ← pickle dm_ig1
[warm-start] rdft2.D ← pickle dm_ig2
[init] b0 from pdft_optimizer_trust_ridge1e32.pkl, npbs=1336
[warm-start] Lagrangian x0 ready, |b0| = 1.66679e-01
[setup] warm-start t=0.1s
[main] skipping phase1; starting phase2 directly from b0
starting phase 2: L-BFGS-B optimization
starting phase 2: bounded L-BFGS-B outer loop
[phase2] step_cap=6.000000e-02, step_cap_scale=2.000, base_step_cap=3.000000e-02
[phase2 outer 1] start |b|=1.666789e-01 max|b|=1.231145e-02 delta=1.642e-03
[diagnostic] step=1 |b|=1.666789e-01 max|b|=1.231145e-02
[timing] build AO Vp from S3 = 1.7s
[diagnostic] |vpl|=1.316184e-01 max|vpl|=1.228113e-02
[diagnostic] |vpr|=2.781408e-01 max|vpr|=1.222123e-02
[diagnostic] |vpref|=2.907944e-01 max|vpref|=1.222123e-02
dm0 check None
converged SCF energy = -150.226693714537  <S^2> = 2.0045399  2S+1 = 3.003025
dm0 check None
converged SCF energy = -150.244985829666  <S^2> = 0.9297856  2S+1 = 2.1723587
[timing] left/O ensemble SCF = 241.0s
dm0 check [[ 3.79541043e-01  6.12229505e-01 -1.25223372e-01 ...  7.63964318e-07
  -8.40490502e-07 -1.93165623e-06]
 [ 6.12229505e-01  1.01515501e+00 -3.34049577e-01 ...  2.76213962e-06
  -3.06404919e-06 -5.78604406e-06]
 [-1.25223372e-01 -3.34049577e-01  6.75260665e-01 ... -6.10913751e-06
   7.29128952e-06  1.38964474e-05]
 ...
 [ 7.63964318e-07  2.76213962e-06 -6.10913751e-06 ...  9.34404114e-07
  -2.49158357e-07  4.22485917e-08]
 [-8.40490502e-07 -3.06404919e-06  7.29128952e-06 ... -2.49158357e-07
   5.63968935e-07  8.08586215e-08]
 [-1.93165623e-06 -5.78604406e-06  1.38964474e-05 ...  4.22485917e-08
   8.08586215e-08  2.66422335e-07]]


******** <class 'pyscf.scf.addons.SmearingDFRKS'> ********
method = SmearingDFRKS
initial guess = minao
damping factor = 0.15
level_shift factor = 0.2
DIIS = <class 'pyscf.scf.diis.CDIIS'>
diis_start_cycle = 1
diis_space = 12
diis_damp = 0
SCF conv_tol = 5e-05
SCF conv_tol_grad = None
SCF max_cycles = 200
direct_scf = True
direct_scf_tol = 1e-13
chkfile to save SCF result = /tmp/tmpd0og41ld
max_memory 4000 MB (current use 85857 MB)
XC library pyscf.dft.libxc version 6.1.0
    S. Lehtola, C. Steigemann, M. J.T. Oliveira, and M. A.L. Marques.,  SoftwareX 7, 1–5 (2018)
XC functionals = pbe
    J. P. Perdew, K. Burke, and M. Ernzerhof.,  Phys. Rev. Lett. 77, 3865 (1996)
    J. P. Perdew, K. Burke, and M. Ernzerhof.,  Phys. Rev. Lett. 78, 1396 (1997)
    J. P. Perdew, K. Burke, and M. Ernzerhof.,  Phys. Rev. Lett. 77, 3865 (1996)
    J. P. Perdew, K. Burke, and M. Ernzerhof.,  Phys. Rev. Lett. 78, 1396 (1997)
small_rho_cutoff = 1e-06
Set gradient conv threshold to 0.00707107
init E= -12115.7937710558
    sigma = 0.02  Optimized mu = -0.0516489489662  entropy = 1.49526931291
    Total E(T) = -12115.7937616492  Free energy = -12115.8236670355  E0 = -12115.8087143423
cycle= 1 E= -12115.7937616492  delta_E= 9.41e-06  |g|= 0.0188  |ddm|= 18.4
    sigma = 0.02  Optimized mu = -0.0518403059279  entropy = 1.4946251217
    Total E(T) = -12115.793657795  Free energy = -12115.8235502975  E0 = -12115.8086040463
cycle= 2 E= -12115.793657795  delta_E= 0.000104  |g|= 0.0635  |ddm|= 67.5
    sigma = 0.02  Optimized mu = -0.0517043570994  entropy = 1.49499188922
    Total E(T) = -12115.793723456  Free energy = -12115.8236232938  E0 = -12115.8086733749
cycle= 3 E= -12115.793723456  delta_E= -6.57e-05  |g|= 0.0328  |ddm|= 25.4
    sigma = 0.02  Optimized mu = -0.0516996796488  entropy = 1.4950307668
    Total E(T) = -12115.7937501311  Free energy = -12115.8236507464  E0 = -12115.8087004387
cycle= 4 E= -12115.7937501311  delta_E= -2.67e-05  |g|= 0.0217  |ddm|= 10.9
    sigma = 0.02  Optimized mu = -0.0516964178004  entropy = 1.49504733453
    Total E(T) = -12115.793761945  Free energy = -12115.8236628917  E0 = -12115.8087124184
cycle= 5 E= -12115.793761945  delta_E= -1.18e-05  |g|= 0.0146  |ddm|=  6.3
    sigma = 0.02  Optimized mu = -0.0516989832337  entropy = 1.49503032241
    Total E(T) = -12115.7937674639  Free energy = -12115.8236680703  E0 = -12115.8087177671
cycle= 6 E= -12115.7937674639  delta_E= -5.52e-06  |g|= 0.00989  |ddm|= 4.01
    sigma = 0.02  Optimized mu = -0.0516957612595  entropy = 1.49504838061
    Total E(T) = -12115.7937698875  Free energy = -12115.8236708551  E0 = -12115.8087203713
cycle= 7 E= -12115.7937698875  delta_E= -2.42e-06  |g|= 0.007  |ddm|= 2.73
    sigma = 0.02  Optimized mu = -0.15159793443  entropy = 50.9855123196
    Total E(T) = -12115.2653252525  Free energy = -12116.2850354989  E0 = -12115.7751803757
Extra cycle  E= -12115.2653252525  delta_E= 0.528  |g|= 0.416  |ddm|= 4.12e+03
converged SCF energy = -12115.2653252525
dm0 check [[[ 1.89792040e-01  3.06172433e-01 -6.27470189e-02 ...  3.02723843e-07
   -4.07510346e-07 -1.00795975e-06]
  [ 3.06172433e-01  5.07730900e-01 -1.67382709e-01 ...  1.16898487e-06
   -1.49788896e-06 -3.00624011e-06]
  [-6.27470189e-02 -1.67382709e-01  3.38457304e-01 ... -2.55212691e-06
    3.56516537e-06  7.21497916e-06]
  ...
  [ 3.02723843e-07  1.16898487e-06 -2.55212691e-06 ...  4.93812887e-07
   -1.28787316e-07  1.93148554e-08]
  [-4.07510346e-07 -1.49788896e-06  3.56516537e-06 ... -1.28787316e-07
    2.88696777e-07  4.40147546e-08]
  [-1.00795975e-06 -3.00624011e-06  7.21497916e-06 ...  1.93148554e-08
    4.40147546e-08  1.43023102e-07]]

 [[ 1.89772446e-01  3.06118827e-01 -6.26259039e-02 ...  5.40426148e-07
   -3.78899159e-07 -8.97065390e-07]
  [ 3.06118827e-01  5.07587712e-01 -1.67063645e-01 ...  1.80736944e-06
   -1.41907626e-06 -2.70707712e-06]
  [-6.26259039e-02 -1.67063645e-01  3.37749209e-01 ... -4.07140782e-06
    3.36044804e-06  6.49045293e-06]
  ...
  [ 5.40426148e-07  1.80736944e-06 -4.07140782e-06 ...  4.78229781e-07
   -1.31365329e-07  2.24638722e-08]
  [-3.78899159e-07 -1.41907626e-06  3.36044804e-06 ... -1.31365329e-07
    2.88080208e-07  4.23068564e-08]
  [-8.97065390e-07 -2.70707712e-06  6.49045293e-06 ...  2.24638722e-08
    4.23068564e-08  1.34745053e-07]]]


******** <class 'pyscf.scf.addons.SmearingDFUKS'> ********
method = SmearingDFUKS
initial guess = minao
damping factor = 0.15
level_shift factor = 0.2
DIIS = <class 'pyscf.scf.diis.CDIIS'>
diis_start_cycle = 1
diis_space = 12
diis_damp = 0
SCF conv_tol = 5e-05
SCF conv_tol_grad = None
SCF max_cycles = 200
direct_scf = True
direct_scf_tol = 1e-13
chkfile to save SCF result = /tmp/tmpmbdbfc33
max_memory 4000 MB (current use 86614 MB)
number electrons alpha = 325  beta = 323
XC library pyscf.dft.libxc version 6.1.0
    S. Lehtola, C. Steigemann, M. J.T. Oliveira, and M. A.L. Marques.,  SoftwareX 7, 1–5 (2018)
XC functionals = pbe
    J. P. Perdew, K. Burke, and M. Ernzerhof.,  Phys. Rev. Lett. 77, 3865 (1996)
    J. P. Perdew, K. Burke, and M. Ernzerhof.,  Phys. Rev. Lett. 78, 1396 (1997)
    J. P. Perdew, K. Burke, and M. Ernzerhof.,  Phys. Rev. Lett. 77, 3865 (1996)
    J. P. Perdew, K. Burke, and M. Ernzerhof.,  Phys. Rev. Lett. 78, 1396 (1997)
small_rho_cutoff = 1e-06
Set gradient conv threshold to 0.00707107
init E= -12115.348959706
    sigma = 0.005  Optimized mu_alpha = -0.196815740165  entropy = 3.23864735388e-07
    sigma = 0.005  Optimized mu_beta  = -0.199445260779  entropy = 3.23864735388e-07
    Total E(T) = -12115.3489491495  Free energy = -12115.3489491511  E0 = -12115.3489491503
cycle= 1 E= -12115.3489491495  delta_E= 1.06e-05  |g|= 0.0269  |ddm|= 17.5
    sigma = 0.005  Optimized mu_alpha = -0.196997807268  entropy = 3.22475383631e-07
    sigma = 0.005  Optimized mu_beta  = -0.199645119967  entropy = 3.22475383631e-07
    Total E(T) = -12115.3488448778  Free energy = -12115.3488448795  E0 = -12115.3488448787
cycle= 2 E= -12115.3488448778  delta_E= 0.000104  |g|= 0.0843  |ddm|= 57.6
    sigma = 0.005  Optimized mu_alpha = -0.196863325792  entropy = 3.23395127421e-07
    sigma = 0.005  Optimized mu_beta  = -0.199497540729  entropy = 3.23395127421e-07
    Total E(T) = -12115.3489142088  Free energy = -12115.3489142104  E0 = -12115.3489142096
cycle= 3 E= -12115.3489142088  delta_E= -6.93e-05  |g|= 0.0412  |ddm|= 20.5
    sigma = 0.005  Optimized mu_alpha = -0.196863475316  entropy = 3.23428912471e-07
    sigma = 0.005  Optimized mu_beta  = -0.199497259625  entropy = 3.23428912471e-07
    Total E(T) = -12115.3489420204  Free energy = -12115.348942022  E0 = -12115.3489420212
cycle= 4 E= -12115.3489420204  delta_E= -2.78e-05  |g|= 0.0258  |ddm|= 9.59
    sigma = 0.005  Optimized mu_alpha = -0.196858925211  entropy = 3.23452631296e-07
    sigma = 0.005  Optimized mu_beta  = -0.199492317908  entropy = 3.23452631296e-07
    Total E(T) = -12115.3489531325  Free energy = -12115.3489531341  E0 = -12115.3489531333
cycle= 5 E= -12115.3489531325  delta_E= -1.11e-05  |g|= 0.0168  |ddm|=  5.7
    sigma = 0.005  Optimized mu_alpha = -0.196861417763  entropy = 3.23439820639e-07
    sigma = 0.005  Optimized mu_beta  = -0.199494940621  entropy = 3.23439820639e-07
    Total E(T) = -12115.3489578876  Free energy = -12115.3489578892  E0 = -12115.3489578884
cycle= 6 E= -12115.3489578876  delta_E= -4.76e-06  |g|= 0.0106  |ddm|= 3.29
    sigma = 0.005  Optimized mu_alpha = -0.196863304502  entropy = 3.2341614264e-07
    sigma = 0.005  Optimized mu_beta  = -0.199497197957  entropy = 3.2341614264e-07
    Total E(T) = -12115.3489597635  Free energy = -12115.3489597651  E0 = -12115.3489597643
cycle= 7 E= -12115.3489597635  delta_E= -1.88e-06  |g|= 0.00742  |ddm|= 2.35
    sigma = 0.005  Optimized mu_alpha = -0.196863534058  entropy = 3.23406202398e-07
    sigma = 0.005  Optimized mu_beta  = -0.199497472866  entropy = 3.23406202398e-07
    Total E(T) = -12115.3489605644  Free energy = -12115.348960566  E0 = -12115.3489605652
cycle= 8 E= -12115.3489605644  delta_E= -8.01e-07  |g|= 0.00517  |ddm|= 1.45
    sigma = 0.005  Optimized mu_alpha = -0.296418882332  entropy = 12.7734180331
    sigma = 0.005  Optimized mu_beta  = -0.299343718392  entropy = 12.7734180331
    Total E(T) = -12115.313117275  Free energy = -12115.3769843652  E0 = -12115.3450508201
Extra cycle  E= -12115.313117275  delta_E= 0.0358  |g|= 0.213  |ddm|=  876
converged SCF energy = -12115.313117275  <S^2> = 2.0132036  2S+1 = 3.0087896
[timing] right/Al ensemble SCF = 1073.8s
[timing] collect state = 0.0s
[timing] grad contraction = 1.6s
Npdft 666.0000340088362
[timing] checkpoint save = 0.0s
step=   1 L=-12265.89675793 Ef=-12265.90002407 L1=1.31134437e+00 |grad|=2.46481e-02 t=1517.0s
[diagnostic] step=2 |b|=1.823622e-01 max|b|=1.395298e-02
[timing] build AO Vp from S3 = 1.7s
[diagnostic] |vpl|=1.456219e-01 max|vpl|=1.332781e-02
[diagnostic] |vpr|=3.023934e-01 max|vpr|=1.331044e-02
[diagnostic] |vpref|=3.168370e-01 max|vpref|=1.331044e-02
dm0 check [[[ 1.51510539e-09  2.24390407e-08  1.89788584e-07 ... -1.14716793e-07
    7.42480591e-07  6.64925537e-08]
  [ 2.24390407e-08  3.34442860e-07  2.75065447e-06 ... -1.77763476e-06
    1.10111116e-05  1.04754946e-06]
  [ 1.89788584e-07  2.75065447e-06  2.57236015e-05 ... -1.02767709e-05
    9.27874012e-05  4.99858660e-06]
  ...
  [-1.14716793e-07 -1.77763476e-06 -1.02767709e-05 ...  2.27166818e-04
    1.81897022e-06 -1.91352427e-04]
  [ 7.42480591e-07  1.10111116e-05  9.27874012e-05 ...  1.81897022e-06
    4.79983561e-04 -1.62425374e-06]
  [ 6.64925537e-08  1.04754946e-06  4.99858660e-06 ... -1.91352427e-04
   -1.62425374e-06  6.55608417e-04]]

 [[ 2.14412926e-09  3.18476687e-08  2.65524476e-07 ... -7.48678675e-08
    1.03578378e-06  2.38417798e-08]
  [ 3.18476687e-08  4.74249422e-07  3.91398393e-06 ... -9.93071944e-07
    1.53190952e-05  2.50124817e-07]
  [ 2.65524476e-07  3.91398393e-06  3.37626381e-05 ... -1.10139777e-05
    1.30901684e-04  4.52845690e-06]
  ...
  [-7.48678675e-08 -9.93071944e-07 -1.10139777e-05 ...  2.49604988e-04
    2.27945400e-06 -2.10130920e-04]
  [ 1.03578378e-06  1.53190952e-05  1.30901684e-04 ...  2.27945400e-06
    5.52938192e-04 -2.04465529e-06]
  [ 2.38417798e-08  2.50124817e-07  4.52845690e-06 ... -2.10130920e-04
   -2.04465529e-06  7.46013266e-04]]]
converged SCF energy = -150.226693714539  <S^2> = 2.0045398  2S+1 = 3.003025
dm0 check [[[ 1.14663927e-09  1.70906963e-08  1.38764383e-07 ... -8.06351991e-08
    6.25424907e-07  4.57094748e-08]
  [ 1.70906963e-08  2.56142401e-07  2.02970512e-06 ... -1.06203847e-06
    9.18297648e-06  7.18610580e-07]
  [ 1.38764383e-07  2.02970512e-06  1.80711277e-05 ... -1.26954868e-05
    8.12953223e-05  3.19992558e-06]
  ...
  [-8.06351991e-08 -1.06203847e-06 -1.26954868e-05 ...  2.39056590e-04
   -1.61628521e-06 -1.68273569e-04]
  [ 6.25424907e-07  9.18297648e-06  8.12953223e-05 ... -1.61628521e-06
    4.44991768e-04 -4.05797460e-06]
  [ 4.57094748e-08  7.18610580e-07  3.19992558e-06 ... -1.68273569e-04
   -4.05797460e-06  5.95720304e-04]]

 [[ 2.52991917e-08  3.84988468e-07  2.83081238e-06 ... -1.48521070e-07
    1.05980492e-07  7.43608024e-08]
  [ 3.84988468e-07  5.85993600e-06  4.30397100e-05 ... -2.17883477e-06
    1.18474495e-06  1.05238318e-06]
  [ 2.83081238e-06  4.30397100e-05  3.17944269e-04 ... -1.75046016e-05
    2.68826267e-05  9.38690533e-06]
  ...
  [-1.48521070e-07 -2.17883477e-06 -1.75046016e-05 ...  2.30576224e-04
    2.09094786e-07 -1.91668407e-04]
  [ 1.05980492e-07  1.18474495e-06  2.68826267e-05 ...  2.09094786e-07
    4.63234853e-04 -3.50197083e-06]
  [ 7.43608024e-08  1.05238318e-06  9.38690533e-06 ... -1.91668407e-04
   -3.50197083e-06  6.49562330e-04]]]
converged SCF energy = -150.244985829812  <S^2> = 0.92979458  2S+1 = 2.172367
[timing] left/O ensemble SCF = 14.3s
dm0 check [[ 3.79541018e-01  6.12229444e-01 -1.25223212e-01 ...  7.64334414e-07
  -8.40262015e-07 -1.93180180e-06]
 [ 6.12229444e-01  1.01515486e+00 -3.34049164e-01 ...  2.76313700e-06
  -3.06343293e-06 -5.78643585e-06]
 [-1.25223212e-01 -3.34049164e-01  6.75259654e-01 ... -6.11153521e-06
   7.28979722e-06  1.38973748e-05]
 ...
 [ 7.64334414e-07  2.76313700e-06 -6.11153521e-06 ...  9.34486689e-07
  -2.49191646e-07  4.22602062e-08]
 [-8.40262015e-07 -3.06343293e-06  7.28979722e-06 ... -2.49191646e-07
   5.64016157e-07  8.08863575e-08]
 [-1.93180180e-06 -5.78643585e-06  1.38973748e-05 ...  4.22602062e-08
   8.08863575e-08  2.66432871e-07]]


******** <class 'pyscf.scf.addons.SmearingDFRKS'> ********
method = SmearingDFRKS
initial guess = minao
damping factor = 0.15
level_shift factor = 0.2
DIIS = <class 'pyscf.scf.diis.CDIIS'>
diis_start_cycle = 1
diis_space = 12
diis_damp = 0
SCF conv_tol = 5e-05
SCF conv_tol_grad = None
SCF max_cycles = 200
direct_scf = True
direct_scf_tol = 1e-13
chkfile to save SCF result = /tmp/tmpd0og41ld
max_memory 4000 MB (current use 86820 MB)
XC library pyscf.dft.libxc version 6.1.0
    S. Lehtola, C. Steigemann, M. J.T. Oliveira, and M. A.L. Marques.,  SoftwareX 7, 1–5 (2018)
XC functionals = pbe
    J. P. Perdew, K. Burke, and M. Ernzerhof.,  Phys. Rev. Lett. 77, 3865 (1996)
    J. P. Perdew, K. Burke, and M. Ernzerhof.,  Phys. Rev. Lett. 78, 1396 (1997)
    J. P. Perdew, K. Burke, and M. Ernzerhof.,  Phys. Rev. Lett. 77, 3865 (1996)
    J. P. Perdew, K. Burke, and M. Ernzerhof.,  Phys. Rev. Lett. 78, 1396 (1997)
small_rho_cutoff = 1e-06
Set gradient conv threshold to 0.00707107
    Total E(T) = -12115.7371459719  Free energy = -12116.7568562183  E0 = -12116.2470010951
init E= -12115.7371459719
    sigma = 0.02  Optimized mu = -0.0515760741885  entropy = 1.4966012328
    Total E(T) = -12115.7370884617  Free energy = -12115.7670204864  E0 = -12115.7520544741
cycle= 1 E= -12115.7370884617  delta_E= 5.75e-05  |g|= 0.0471  |ddm|= 38.4
    sigma = 0.02  Optimized mu = -0.0521156186443  entropy = 1.49539224936
    Total E(T) = -12115.7364265071  Free energy = -12115.7663343521  E0 = -12115.7513804296
cycle= 2 E= -12115.7364265071  delta_E= 0.000662  |g|= 0.156  |ddm|=  172
    sigma = 0.02  Optimized mu = -0.0517426858532  entropy = 1.49569173878
    Total E(T) = -12115.7368570827  Free energy = -12115.7667709175  E0 = -12115.7518140001
cycle= 3 E= -12115.7368570827  delta_E= -0.000431  |g|= 0.0782  |ddm|= 67.8
    sigma = 0.02  Optimized mu = -0.0517265212079  entropy = 1.4957743445
    Total E(T) = -12115.7370290857  Free energy = -12115.7669445726  E0 = -12115.7519868292
cycle= 4 E= -12115.7370290857  delta_E= -0.000172  |g|= 0.0504  |ddm|= 28.4
    sigma = 0.02  Optimized mu = -0.0517132337472  entropy = 1.49582715357
    Total E(T) = -12115.7371027671  Free energy = -12115.7670193102  E0 = -12115.7520610386
cycle= 5 E= -12115.7371027671  delta_E= -7.37e-05  |g|= 0.0321  |ddm|=   16
    sigma = 0.02  Optimized mu = -0.0517207635687  entropy = 1.49575554089
    Total E(T) = -12115.7371338883  Free energy = -12115.7670489991  E0 = -12115.7520914437
cycle= 6 E= -12115.7371338883  delta_E= -3.11e-05  |g|= 0.0214  |ddm|= 11.3
    sigma = 0.02  Optimized mu = -0.0517214569491  entropy = 1.49575651507
    Total E(T) = -12115.7371471825  Free energy = -12115.7670623128  E0 = -12115.7521047477
cycle= 7 E= -12115.7371471825  delta_E= -1.33e-05  |g|= 0.0142  |ddm|= 6.75
    sigma = 0.02  Optimized mu = -0.0517191835201  entropy = 1.4957653392
    Total E(T) = -12115.7371530819  Free energy = -12115.7670683887  E0 = -12115.7521107353
cycle= 8 E= -12115.7371530819  delta_E= -5.9e-06  |g|= 0.0093  |ddm|= 4.08
    sigma = 0.02  Optimized mu = -0.0517255252947  entropy = 1.4957374365
    Total E(T) = -12115.7371556293  Free energy = -12115.7670703781  E0 = -12115.7521130037
cycle= 9 E= -12115.7371556293  delta_E= -2.55e-06  |g|= 0.00614  |ddm|= 3.97
    sigma = 0.02  Optimized mu = -0.151607851889  entropy = 50.9868625168
    Total E(T) = -12115.2087725235  Free energy = -12116.2285097738  E0 = -12115.7186411486
Extra cycle  E= -12115.2087725235  delta_E= 0.528  |g|= 0.415  |ddm|= 4.12e+03
converged SCF energy = -12115.2087725235
dm0 check [[[ 1.89792041e-01  3.06172436e-01 -6.27470464e-02 ...  3.02806062e-07
   -4.07472837e-07 -1.00819292e-06]
  [ 3.06172436e-01  5.07730908e-01 -1.67382789e-01 ...  1.16920365e-06
   -1.49778780e-06 -3.00686867e-06]
  [-6.27470464e-02 -1.67382789e-01  3.38457606e-01 ... -2.55263195e-06
    3.56492297e-06  7.21650171e-06]
  ...
  [ 3.02806062e-07  1.16920365e-06 -2.55263195e-06 ...  4.93834281e-07
   -1.28774418e-07  1.93397025e-08]
  [-4.07472837e-07 -1.49778780e-06  3.56492297e-06 ... -1.28774418e-07
    2.88640815e-07  4.40096971e-08]
  [-1.00819292e-06 -3.00686867e-06  7.21650171e-06 ...  1.93397025e-08
    4.40096971e-08  1.43007718e-07]]

 [[ 1.89772442e-01  3.06118816e-01 -6.26258957e-02 ...  5.40311708e-07
   -3.79305366e-07 -8.97013406e-07]
  [ 3.06118816e-01  5.07587683e-01 -1.67063625e-01 ...  1.80706000e-06
   -1.42017315e-06 -2.70693620e-06]
  [-6.26258957e-02 -1.67063625e-01  3.37749245e-01 ... -4.07065679e-06
    3.36311662e-06  6.49010960e-06]
  ...
  [ 5.40311708e-07  1.80706000e-06 -4.07065679e-06 ...  4.78249328e-07
   -1.31337529e-07  2.24866692e-08]
  [-3.79305366e-07 -1.42017315e-06  3.36311662e-06 ... -1.31337529e-07
    2.88026061e-07  4.23038013e-08]
  [-8.97013406e-07 -2.70693620e-06  6.49010960e-06 ...  2.24866692e-08
    4.23038013e-08  1.34731005e-07]]]


******** <class 'pyscf.scf.addons.SmearingDFUKS'> ********
method = SmearingDFUKS
initial guess = minao
damping factor = 0.15
level_shift factor = 0.2
DIIS = <class 'pyscf.scf.diis.CDIIS'>
diis_start_cycle = 1
diis_space = 12
diis_damp = 0
SCF conv_tol = 5e-05
SCF conv_tol_grad = None
SCF max_cycles = 200
direct_scf = True
direct_scf_tol = 1e-13
chkfile to save SCF result = /tmp/tmpmbdbfc33
max_memory 4000 MB (current use 86821 MB)
number electrons alpha = 325  beta = 323
XC library pyscf.dft.libxc version 6.1.0
    S. Lehtola, C. Steigemann, M. J.T. Oliveira, and M. A.L. Marques.,  SoftwareX 7, 1–5 (2018)
XC functionals = pbe
    J. P. Perdew, K. Burke, and M. Ernzerhof.,  Phys. Rev. Lett. 77, 3865 (1996)
    J. P. Perdew, K. Burke, and M. Ernzerhof.,  Phys. Rev. Lett. 78, 1396 (1997)
    J. P. Perdew, K. Burke, and M. Ernzerhof.,  Phys. Rev. Lett. 77, 3865 (1996)
    J. P. Perdew, K. Burke, and M. Ernzerhof.,  Phys. Rev. Lett. 78, 1396 (1997)
small_rho_cutoff = 1e-06
Set gradient conv threshold to 0.00707107
    Total E(T) = -12115.2923925537  Free energy = -12115.3562596439  E0 = -12115.3243260988
init E= -12115.2923925537
    sigma = 0.005  Optimized mu_alpha = -0.196788436412  entropy = 3.25148131343e-07
    sigma = 0.005  Optimized mu_beta  = -0.199406536651  entropy = 3.25148131343e-07
    Total E(T) = -12115.292365215  Free energy = -12115.2923652166  E0 = -12115.2923652158
cycle= 1 E= -12115.292365215  delta_E= 2.73e-05  |g|= 0.0466  |ddm|= 21.5
    sigma = 0.005  Optimized mu_alpha = -0.197131154145  entropy = 3.2311424764e-07
    sigma = 0.005  Optimized mu_beta  = -0.1997790026  entropy = 3.2311424764e-07
    Total E(T) = -12115.2920656317  Free energy = -12115.2920656333  E0 = -12115.2920656325
cycle= 2 E= -12115.2920656317  delta_E= 0.0003  |g|= 0.144  |ddm|= 92.8
    sigma = 0.005  Optimized mu_alpha = -0.196897640032  entropy = 3.24204222854e-07
    sigma = 0.005  Optimized mu_beta  = -0.199523899573  entropy = 3.24204222854e-07
    Total E(T) = -12115.292265544  Free energy = -12115.2922655456  E0 = -12115.2922655448
cycle= 3 E= -12115.292265544  delta_E= -0.0002  |g|= 0.0703  |ddm|= 36.3
    sigma = 0.005  Optimized mu_alpha = -0.196893999618  entropy = 3.24246537858e-07
    sigma = 0.005  Optimized mu_beta  = -0.199519560519  entropy = 3.24246537858e-07
    Total E(T) = -12115.2923480255  Free energy = -12115.2923480271  E0 = -12115.2923480263
cycle= 4 E= -12115.2923480255  delta_E= -8.25e-05  |g|= 0.0429  |ddm|= 15.9
    sigma = 0.005  Optimized mu_alpha = -0.196873515986  entropy = 3.24261476429e-07
    sigma = 0.005  Optimized mu_beta  = -0.199498535818  entropy = 3.24261476429e-07
    Total E(T) = -12115.2923806881  Free energy = -12115.2923806898  E0 = -12115.2923806889
cycle= 5 E= -12115.2923806881  delta_E= -3.27e-05  |g|= 0.0267  |ddm|= 9.08
    sigma = 0.005  Optimized mu_alpha = -0.196888357706  entropy = 3.24189170185e-07
    sigma = 0.005  Optimized mu_beta  = -0.199514050104  entropy = 3.24189170185e-07
    Total E(T) = -12115.2923936555  Free energy = -12115.2923936572  E0 = -12115.2923936563
cycle= 6 E= -12115.2923936555  delta_E= -1.3e-05  |g|= 0.0162  |ddm|= 5.57
    sigma = 0.005  Optimized mu_alpha = -0.196887723205  entropy = 3.24189124516e-07
    sigma = 0.005  Optimized mu_beta  = -0.199513357716  entropy = 3.24189124516e-07
    Total E(T) = -12115.2923986509  Free energy = -12115.2923986525  E0 = -12115.2923986517
cycle= 7 E= -12115.2923986509  delta_E= -5e-06  |g|= 0.0101  |ddm|= 3.63
    sigma = 0.005  Optimized mu_alpha = -0.196889719722  entropy = 3.24154149164e-07
    sigma = 0.005  Optimized mu_beta  = -0.199515724877  entropy = 3.24154149164e-07
    Total E(T) = -12115.2924006276  Free energy = -12115.2924006292  E0 = -12115.2924006284
cycle= 8 E= -12115.2924006276  delta_E= -1.98e-06  |g|= 0.00564  |ddm|= 2.29
    sigma = 0.005  Optimized mu_alpha = -0.296427193374  entropy = 12.7790013773
    sigma = 0.005  Optimized mu_beta  = -0.299348122236  entropy = 12.7790013773
    Total E(T) = -12115.2564452031  Free energy = -12115.32034021  E0 = -12115.2883927065
Extra cycle  E= -12115.2564452031  delta_E= 0.036  |g|= 0.223  |ddm|=  879
converged SCF energy = -12115.2564452031  <S^2> = 2.0132289  2S+1 = 3.0088063
[timing] right/Al ensemble SCF = 1140.3s
[timing] collect state = 0.0s
[timing] grad contraction = 1.5s
Npdft 666.0000340076248
[timing] checkpoint save = 0.0s
step=   2 L=-12265.88782243 Ef=-12265.89129004 L1=1.28229949e+00 |grad|=2.40756e-02 t=1356.7s
[phase2 outer 1] |db| = 1.63259e-02
[phase2 outer 1] |grad| = 2.40756e-02
[phase2 outer 1] raw_step_norm=1.632587e-02 capped_step_norm=1.632587e-02 raw_max_abs_step=1.641527e-03 capped_max_abs_step=1.641527e-03 step_cap=6.000000e-02 line_search_alpha=n/a
[phase2 outer 1] res.fun = 12265.88782243
[phase2 outer 1] res.message = STOP: TOTAL NO. of ITERATIONS REACHED LIMIT
[phase2 outer 1] finished message=STOP: TOTAL NO. of ITERATIONS REACHED LIMIT |b|=1.823622e-01
[phase2 outer 2] start |b|=1.823622e-01 max|b|=1.395298e-02 delta=1.642e-03
[diagnostic] step=3 |b|=1.823622e-01 max|b|=1.395298e-02
[timing] build AO Vp from S3 = 1.6s
[diagnostic] |vpl|=1.456219e-01 max|vpl|=1.332781e-02
[diagnostic] |vpr|=3.023934e-01 max|vpr|=1.331044e-02
[diagnostic] |vpref|=3.168370e-01 max|vpref|=1.331044e-02
dm0 check [[[ 1.51511142e-09  2.24391254e-08  1.89789561e-07 ... -1.14719027e-07
    7.42476491e-07  6.64943648e-08]
  [ 2.24391254e-08  3.34443992e-07  2.75066910e-06 ... -1.77767180e-06
    1.10110522e-05  1.04757955e-06]
  [ 1.89789561e-07  2.75066910e-06  2.57237476e-05 ... -1.02769946e-05
    9.27868755e-05  4.99876704e-06]
  ...
  [-1.14719027e-07 -1.77767180e-06 -1.02769946e-05 ...  2.27166708e-04
    1.81896838e-06 -1.91352285e-04]
  [ 7.42476491e-07  1.10110522e-05  9.27868755e-05 ...  1.81896838e-06
    4.79980334e-04 -1.62432356e-06]
  [ 6.64943648e-08  1.04757955e-06  4.99876704e-06 ... -1.91352285e-04
   -1.62432356e-06  6.55604999e-04]]

 [[ 2.14412007e-09  3.18475347e-08  2.65523309e-07 ... -7.48705567e-08
    1.03578174e-06  2.38437832e-08]
  [ 3.18475347e-08  4.74247460e-07  3.91396668e-06 ... -9.93113700e-07
    1.53190651e-05  2.50156053e-07]
  [ 2.65523309e-07  3.91396668e-06  3.37625059e-05 ... -1.10142815e-05
    1.30901449e-04  4.52867683e-06]
  ...
  [-7.48705567e-08 -9.93113700e-07 -1.10142815e-05 ...  2.49604219e-04
    2.27938802e-06 -2.10130234e-04]
  [ 1.03578174e-06  1.53190651e-05  1.30901449e-04 ...  2.27938802e-06
    5.52938805e-04 -2.04467203e-06]
  [ 2.38437832e-08  2.50156053e-07  4.52867683e-06 ... -2.10130234e-04
   -2.04467203e-06  7.46013382e-04]]]
converged SCF energy = -150.22669371454  <S^2> = 2.0045398  2S+1 = 3.003025
dm0 check [[[ 1.14644043e-09  1.70875533e-08  1.38757202e-07 ... -8.06195898e-08
    6.25424546e-07  4.56943851e-08]
  [ 1.70875533e-08  2.56093598e-07  2.02957957e-06 ... -1.06182913e-06
    9.18294702e-06  7.18429121e-07]
  [ 1.38757202e-07  2.02957957e-06  1.80710819e-05 ... -1.26945917e-05
    8.12960528e-05  3.19915114e-06]
  ...
  [-8.06195898e-08 -1.06182913e-06 -1.26945917e-05 ...  2.39058219e-04
   -1.61590734e-06 -1.68277561e-04]
  [ 6.25424546e-07  9.18294702e-06  8.12960528e-05 ... -1.61590734e-06
    4.44997716e-04 -4.05929866e-06]
  [ 4.56943851e-08  7.18429121e-07  3.19915114e-06 ... -1.68277561e-04
   -4.05929866e-06  5.95725214e-04]]

 [[ 2.53036790e-08  3.85050753e-07  2.83126579e-06 ... -1.48564615e-07
    1.05907478e-07  7.43836338e-08]
  [ 3.85050753e-07  5.86079318e-06  4.30459256e-05 ... -2.17962739e-06
    1.18345893e-06  1.05280689e-06]
  [ 2.83126579e-06  4.30459256e-05  3.17989580e-04 ... -1.75086853e-05
    2.68751830e-05  9.38988857e-06]
  ...
  [-1.48564615e-07 -2.17962739e-06 -1.75086853e-05 ...  2.30571795e-04
    2.09025570e-07 -1.91673883e-04]
  [ 1.05907478e-07  1.18345893e-06  2.68751830e-05 ...  2.09025570e-07
    4.63241178e-04 -3.50232729e-06]
  [ 7.43836338e-08  1.05280689e-06  9.38988857e-06 ... -1.91673883e-04
   -3.50232729e-06  6.49569815e-04]]]
converged SCF energy = -150.24498582983  <S^2> = 0.92979806  2S+1 = 2.1723702
[timing] left/O ensemble SCF = 12.1s
dm0 check [[ 3.79540236e-01  6.12229176e-01 -1.25222938e-01 ...  7.96875744e-07
  -8.18194848e-07 -1.99264211e-06]
 [ 6.12229176e-01  1.01515578e+00 -3.34048209e-01 ...  2.85109341e-06
  -3.00392739e-06 -5.95064569e-06]
 [-1.25222938e-01 -3.34048209e-01  6.75257040e-01 ... -6.32529729e-06
   7.14569252e-06  1.42954401e-05]
 ...
 [ 7.96875744e-07  2.85109341e-06 -6.32529729e-06 ...  9.26892674e-07
  -2.50086430e-07  4.58131660e-08]
 [-8.18194848e-07 -3.00392739e-06  7.14569252e-06 ... -2.50086430e-07
   5.64419318e-07  7.97056634e-08]
 [-1.99264211e-06 -5.95064569e-06  1.42954401e-05 ...  4.58131660e-08
   7.97056634e-08  2.71639965e-07]]


******** <class 'pyscf.scf.addons.SmearingDFRKS'> ********
method = SmearingDFRKS
initial guess = minao
damping factor = 0.15
level_shift factor = 0.2
DIIS = <class 'pyscf.scf.diis.CDIIS'>
diis_start_cycle = 1
diis_space = 12
diis_damp = 0
SCF conv_tol = 5e-05
SCF conv_tol_grad = None
SCF max_cycles = 200
direct_scf = True
direct_scf_tol = 1e-13
chkfile to save SCF result = /tmp/tmpd0og41ld
max_memory 4000 MB (current use 87026 MB)
XC library pyscf.dft.libxc version 6.1.0
    S. Lehtola, C. Steigemann, M. J.T. Oliveira, and M. A.L. Marques.,  SoftwareX 7, 1–5 (2018)
XC functionals = pbe
    J. P. Perdew, K. Burke, and M. Ernzerhof.,  Phys. Rev. Lett. 77, 3865 (1996)
    J. P. Perdew, K. Burke, and M. Ernzerhof.,  Phys. Rev. Lett. 78, 1396 (1997)
    J. P. Perdew, K. Burke, and M. Ernzerhof.,  Phys. Rev. Lett. 77, 3865 (1996)
    J. P. Perdew, K. Burke, and M. Ernzerhof.,  Phys. Rev. Lett. 78, 1396 (1997)
small_rho_cutoff = 1e-06
Set gradient conv threshold to 0.00707107
    Total E(T) = -12115.73715563  Free energy = -12116.7568928804  E0 = -12116.2470242552
init E= -12115.73715563
    sigma = 0.02  Optimized mu = -0.0516424544133  entropy = 1.49614438862
    Total E(T) = -12115.7371366296  Free energy = -12115.7670595174  E0 = -12115.7520980735
cycle= 1 E= -12115.7371366296  delta_E= 1.9e-05  |g|= 0.0265  |ddm|= 24.2
    sigma = 0.02  Optimized mu = -0.0519566538751  entropy = 1.49511370364
    Total E(T) = -12115.7369258561  Free energy = -12115.7668281301  E0 = -12115.7518769931
cycle= 2 E= -12115.7369258561  delta_E= 0.000211  |g|= 0.0893  |ddm|= 93.2
    sigma = 0.02  Optimized mu = -0.0517360297078  entropy = 1.49566118513
    Total E(T) = -12115.7370587565  Free energy = -12115.7669719802  E0 = -12115.7520153683
cycle= 3 E= -12115.7370587565  delta_E= -0.000133  |g|= 0.0462  |ddm|= 35.9
    sigma = 0.02  Optimized mu = -0.0517275375123  entropy = 1.49572818379
    Total E(T) = -12115.7371125376  Free energy = -12115.7670271013  E0 = -12115.7520698194
cycle= 4 E= -12115.7371125376  delta_E= -5.38e-05  |g|= 0.0308  |ddm|= 15.3
    sigma = 0.02  Optimized mu = -0.0517224055195  entropy = 1.49575435432
    Total E(T) = -12115.7371364745  Free energy = -12115.7670515616  E0 = -12115.752094018
cycle= 5 E= -12115.7371364745  delta_E= -2.39e-05  |g|= 0.0209  |ddm|= 8.68
    sigma = 0.02  Optimized mu = -0.0517252952778  entropy = 1.49573431673
    Total E(T) = -12115.7371476438  Free energy = -12115.7670623301  E0 = -12115.752104987
cycle= 6 E= -12115.7371476438  delta_E= -1.12e-05  |g|= 0.0144  |ddm|= 5.56
    sigma = 0.02  Optimized mu = -0.0517213852748  entropy = 1.49575753401
    Total E(T) = -12115.7371527543  Free energy = -12115.767067905  E0 = -12115.7521103296
cycle= 7 E= -12115.7371527543  delta_E= -5.11e-06  |g|= 0.0102  |ddm|= 3.69
    sigma = 0.02  Optimized mu = -0.0517232044503  entropy = 1.49575100567
    Total E(T) = -12115.7371553636  Free energy = -12115.7670703837  E0 = -12115.7521128736
cycle= 8 E= -12115.7371553636  delta_E= -2.61e-06  |g|= 0.00701  |ddm|= 2.31
    sigma = 0.02  Optimized mu = -0.151605597051  entropy = 50.9871093706
    Total E(T) = -12115.2085387089  Free energy = -12116.2282808963  E0 = -12115.7184098026
Extra cycle  E= -12115.2085387089  delta_E= 0.529  |g|= 0.422  |ddm|= 4.12e+03
converged SCF energy = -12115.2085387089
dm0 check [[[ 1.89791645e-01  3.06172287e-01 -6.27468469e-02 ...  3.17839288e-07
   -3.97114745e-07 -1.03678979e-06]
  [ 3.06172287e-01  5.07731332e-01 -1.67382149e-01 ...  1.20982278e-06
   -1.46987503e-06 -3.08401019e-06]
  [-6.27468469e-02 -1.67382149e-01  3.38455816e-01 ... -2.65116195e-06
    3.49747915e-06  7.40308814e-06]
  ...
  [ 3.17839288e-07  1.20982278e-06 -2.65116195e-06 ...  4.89952304e-07
   -1.29278598e-07  2.11442415e-08]
  [-3.97114745e-07 -1.46987503e-06  3.49747915e-06 ... -1.29278598e-07
    2.88780433e-07  4.35082933e-08]
  [-1.03678979e-06 -3.08401019e-06  7.40308814e-06 ...  2.11442415e-08
    4.35082933e-08  1.45597524e-07]]

 [[ 1.89771959e-01  3.06118444e-01 -6.26251547e-02 ...  5.56288690e-07
   -3.69748942e-07 -9.25851185e-07]
  [ 3.06118444e-01  5.07587515e-01 -1.67061527e-01 ...  1.85026470e-06
   -1.39439918e-06 -2.78479728e-06]
  [-6.26251547e-02 -1.67061527e-01  3.37743894e-01 ... -4.17590445e-06
    3.30064943e-06  6.67907452e-06]
  ...
  [ 5.56288690e-07  1.85026470e-06 -4.17590445e-06 ...  4.74394681e-07
   -1.31778952e-07  2.43004891e-08]
  [-3.69748942e-07 -1.39439918e-06  3.30064943e-06 ... -1.31778952e-07
    2.88233832e-07  4.17440213e-08]
  [-9.25851185e-07 -2.78479728e-06  6.67907452e-06 ...  2.43004891e-08
    4.17440213e-08  1.37231185e-07]]]


******** <class 'pyscf.scf.addons.SmearingDFUKS'> ********
method = SmearingDFUKS
initial guess = minao
damping factor = 0.15
level_shift factor = 0.2
DIIS = <class 'pyscf.scf.diis.CDIIS'>
diis_start_cycle = 1
diis_space = 12
diis_damp = 0
SCF conv_tol = 5e-05
SCF conv_tol_grad = None
SCF max_cycles = 200
direct_scf = True
direct_scf_tol = 1e-13
chkfile to save SCF result = /tmp/tmpmbdbfc33
max_memory 4000 MB (current use 87119 MB)
number electrons alpha = 325  beta = 323
XC library pyscf.dft.libxc version 6.1.0
    S. Lehtola, C. Steigemann, M. J.T. Oliveira, and M. A.L. Marques.,  SoftwareX 7, 1–5 (2018)
XC functionals = pbe
    J. P. Perdew, K. Burke, and M. Ernzerhof.,  Phys. Rev. Lett. 77, 3865 (1996)
    J. P. Perdew, K. Burke, and M. Ernzerhof.,  Phys. Rev. Lett. 78, 1396 (1997)
    J. P. Perdew, K. Burke, and M. Ernzerhof.,  Phys. Rev. Lett. 77, 3865 (1996)
    J. P. Perdew, K. Burke, and M. Ernzerhof.,  Phys. Rev. Lett. 78, 1396 (1997)
small_rho_cutoff = 1e-06
Set gradient conv threshold to 0.00707107
    Total E(T) = -12115.2924006273  Free energy = -12115.3562956342  E0 = -12115.3243481307
init E= -12115.2924006273
    sigma = 0.005  Optimized mu_alpha = -0.196848272549  entropy = 3.24537001569e-07
    sigma = 0.005  Optimized mu_beta  = -0.199470579345  entropy = 3.24537001569e-07
    Total E(T) = -12115.2923923407  Free energy = -12115.2923923423  E0 = -12115.2923923415
cycle= 1 E= -12115.2923923407  delta_E= 8.29e-06  |g|= 0.0239  |ddm|= 15.3
    sigma = 0.005  Optimized mu_alpha = -0.197012179714  entropy = 3.23288037471e-07
    sigma = 0.005  Optimized mu_beta  = -0.199649984709  entropy = 3.23288037471e-07
    Total E(T) = -12115.2923100871  Free energy = -12115.2923100887  E0 = -12115.2923100879
cycle= 2 E= -12115.2923100871  delta_E= 8.23e-05  |g|= 0.0751  |ddm|= 50.7
    sigma = 0.005  Optimized mu_alpha = -0.196891221363  entropy = 3.24124363786e-07
    sigma = 0.005  Optimized mu_beta  = -0.199517646312  entropy = 3.24124363786e-07
    Total E(T) = -12115.2923646376  Free energy = -12115.2923646392  E0 = -12115.2923646384
cycle= 3 E= -12115.2923646376  delta_E= -5.46e-05  |g|= 0.0368  |ddm|= 18.1
    sigma = 0.005  Optimized mu_alpha = -0.196891215688  entropy = 3.2415377755e-07
    sigma = 0.005  Optimized mu_beta  = -0.199517242831  entropy = 3.2415377755e-07
    Total E(T) = -12115.292386579  Free energy = -12115.2923865806  E0 = -12115.2923865798
cycle= 4 E= -12115.292386579  delta_E= -2.19e-05  |g|= 0.0231  |ddm|= 8.46
    sigma = 0.005  Optimized mu_alpha = -0.196887165994  entropy = 3.24175318784e-07
    sigma = 0.005  Optimized mu_beta  = -0.199512828685  entropy = 3.24175318784e-07
    Total E(T) = -12115.2923953775  Free energy = -12115.2923953791  E0 = -12115.2923953783
cycle= 5 E= -12115.2923953775  delta_E= -8.8e-06  |g|= 0.0151  |ddm|= 5.02
    sigma = 0.005  Optimized mu_alpha = -0.196889273016  entropy = 3.24164217828e-07
    sigma = 0.005  Optimized mu_beta  = -0.199515082398  entropy = 3.24164217828e-07
    Total E(T) = -12115.2923991583  Free energy = -12115.2923991599  E0 = -12115.2923991591
cycle= 6 E= -12115.2923991583  delta_E= -3.78e-06  |g|= 0.00951  |ddm|=  2.9
    sigma = 0.005  Optimized mu_alpha = -0.196891058242  entropy = 3.24143999354e-07
    sigma = 0.005  Optimized mu_beta  = -0.199517166138  entropy = 3.24143999354e-07
    Total E(T) = -12115.2924006543  Free energy = -12115.2924006559  E0 = -12115.2924006551
cycle= 7 E= -12115.2924006543  delta_E= -1.5e-06  |g|= 0.00667  |ddm|= 2.09
    sigma = 0.005  Optimized mu_alpha = -0.296433815032  entropy = 12.7788207488
    sigma = 0.005  Optimized mu_beta  = -0.299354793661  entropy = 12.7788207488
    Total E(T) = -12115.256375756  Free energy = -12115.3202698597  E0 = -12115.2883228079
Extra cycle  E= -12115.256375756  delta_E= 0.036  |g|= 0.232  |ddm|=  879
converged SCF energy = -12115.256375756  <S^2> = 2.0132345  2S+1 = 3.0088101
[timing] right/Al ensemble SCF = 1025.6s
[timing] collect state = 0.0s
[timing] grad contraction = 1.5s
Npdft 666.0000340055993
[timing] checkpoint save = 0.0s
step=   3 L=-12265.88760554 Ef=-12265.89106983 L1=1.28177540e+00 |grad|=2.40647e-02 t=1236.8s
[diagnostic] step=4 |b|=1.974451e-01 max|b|=1.559451e-02
[timing] build AO Vp from S3 = 1.6s
[diagnostic] |vpl|=1.591773e-01 max|vpl|=1.429137e-02
[diagnostic] |vpr|=3.252502e-01 max|vpr|=1.431313e-02
[diagnostic] |vpref|=3.415001e-01 max|vpref|=1.431313e-02
dm0 check [[[ 1.51511507e-09  2.24391764e-08  1.89790082e-07 ... -1.14718990e-07
    7.42477045e-07  6.64943306e-08]
  [ 2.24391764e-08  3.34444763e-07  2.75067587e-06 ... -1.77767125e-06
    1.10110602e-05  1.04757907e-06]
  [ 1.89790082e-07  2.75067587e-06  2.57238102e-05 ... -1.02769953e-05
    9.27869282e-05  4.99876750e-06]
  ...
  [-1.14718990e-07 -1.77767125e-06 -1.02769953e-05 ...  2.27166703e-04
    1.81897159e-06 -1.91352281e-04]
  [ 7.42477045e-07  1.10110602e-05  9.27869282e-05 ...  1.81897159e-06
    4.79980205e-04 -1.62432622e-06]
  [ 6.64943306e-08  1.04757907e-06  4.99876750e-06 ... -1.91352281e-04
   -1.62432622e-06  6.55604862e-04]]

 [[ 2.14412506e-09  3.18476057e-08  2.65523940e-07 ... -7.48707043e-08
    1.03578288e-06  2.38439018e-08]
  [ 3.18476057e-08  4.74248514e-07  3.91397520e-06 ... -9.93113263e-07
    1.53190814e-05  2.50155752e-07]
  [ 2.65523940e-07  3.91397520e-06  3.37625800e-05 ... -1.10142938e-05
    1.30901577e-04  4.52868661e-06]
  ...
  [-7.48707043e-08 -9.93113263e-07 -1.10142938e-05 ...  2.49604179e-04
    2.27939104e-06 -2.10130198e-04]
  [ 1.03578288e-06  1.53190814e-05  1.30901577e-04 ...  2.27939104e-06
    5.52938810e-04 -2.04467526e-06]
  [ 2.38439018e-08  2.50155752e-07  4.52868661e-06 ... -2.10130198e-04
   -2.04467526e-06  7.46013355e-04]]]
converged SCF energy = -150.22669371454  <S^2> = 2.0045398  2S+1 = 3.003025
dm0 check [[[ 1.14640389e-09  1.70870133e-08  1.38753939e-07 ... -8.06188010e-08
    6.25415508e-07  4.56897409e-08]
  [ 1.70870133e-08  2.56085856e-07  2.02952809e-06 ... -1.06182303e-06
    9.18280262e-06  7.18371405e-07]
  [ 1.38753939e-07  2.02952809e-06  1.80707535e-05 ... -1.26946238e-05
    8.12949622e-05  3.19865437e-06]
  ...
  [-8.06188010e-08 -1.06182303e-06 -1.26946238e-05 ...  2.39058491e-04
   -1.61625119e-06 -1.68274807e-04]
  [ 6.25415508e-07  9.18280262e-06  8.12949622e-05 ... -1.61625119e-06
    4.44994840e-04 -4.05993503e-06]
  [ 4.56897409e-08  7.18371405e-07  3.19865437e-06 ... -1.68274807e-04
   -4.05993503e-06  5.95722512e-04]]

 [[ 2.53036577e-08  3.85049032e-07  2.83126422e-06 ... -1.48564942e-07
    1.05891592e-07  7.43764912e-08]
  [ 3.85049032e-07  5.86074589e-06  4.30457436e-05 ... -2.17965303e-06
    1.18317950e-06  1.05272041e-06]
  [ 2.83126422e-06  4.30457436e-05  3.17989433e-04 ... -1.75089510e-05
    2.68727894e-05  9.38929285e-06]
  ...
  [-1.48564942e-07 -2.17965303e-06 -1.75089510e-05 ...  2.30571546e-04
    2.08965287e-07 -1.91670976e-04]
  [ 1.05891592e-07  1.18317950e-06  2.68727894e-05 ...  2.08965287e-07
    4.63237986e-04 -3.50230113e-06]
  [ 7.43764912e-08  1.05272041e-06  9.38929285e-06 ... -1.91670976e-04
   -3.50230113e-06  6.49568405e-04]]]
converged SCF energy = -150.244985829834  <S^2> = 0.92979734  2S+1 = 2.1723695
[timing] left/O ensemble SCF = 13.1s
dm0 check [[ 3.79540209e-01  6.12229112e-01 -1.25222759e-01 ...  7.97275059e-07
  -8.18035578e-07 -1.99282518e-06]
 [ 6.12229112e-01  1.01515562e+00 -3.34047741e-01 ...  2.85216983e-06
  -3.00349767e-06 -5.95113788e-06]
 [-1.25222759e-01 -3.34047741e-01  6.75255832e-01 ... -6.32788745e-06
   7.14464696e-06  1.42966013e-05]
 ...
 [ 7.97275059e-07  2.85216983e-06 -6.32788745e-06 ...  9.26941759e-07
  -2.50103807e-07  4.58247864e-08]
 [-8.18035578e-07 -3.00349767e-06  7.14464696e-06 ... -2.50103807e-07
   5.64400994e-07  7.97121348e-08]
 [-1.99282518e-06 -5.95113788e-06  1.42966013e-05 ...  4.58247864e-08
   7.97121348e-08  2.71646883e-07]]


******** <class 'pyscf.scf.addons.SmearingDFRKS'> ********
method = SmearingDFRKS
initial guess = minao
damping factor = 0.15
level_shift factor = 0.2
DIIS = <class 'pyscf.scf.diis.CDIIS'>
diis_start_cycle = 1
diis_space = 12
diis_damp = 0
SCF conv_tol = 5e-05
SCF conv_tol_grad = None
SCF max_cycles = 200
direct_scf = True
direct_scf_tol = 1e-13
chkfile to save SCF result = /tmp/tmpd0og41ld
max_memory 4000 MB (current use 87157 MB)
XC library pyscf.dft.libxc version 6.1.0
    S. Lehtola, C. Steigemann, M. J.T. Oliveira, and M. A.L. Marques.,  SoftwareX 7, 1–5 (2018)
XC functionals = pbe
    J. P. Perdew, K. Burke, and M. Ernzerhof.,  Phys. Rev. Lett. 77, 3865 (1996)
    J. P. Perdew, K. Burke, and M. Ernzerhof.,  Phys. Rev. Lett. 78, 1396 (1997)
    J. P. Perdew, K. Burke, and M. Ernzerhof.,  Phys. Rev. Lett. 77, 3865 (1996)
    J. P. Perdew, K. Burke, and M. Ernzerhof.,  Phys. Rev. Lett. 78, 1396 (1997)
small_rho_cutoff = 1e-06
Set gradient conv threshold to 0.00707107
    Total E(T) = -12115.6764804243  Free energy = -12116.6962226117  E0 = -12116.186351518
init E= -12115.6764804243
    sigma = 0.02  Optimized mu = -0.0515845549324  entropy = 1.49732833463
    Total E(T) = -12115.6764236847  Free energy = -12115.7063702514  E0 = -12115.691396968
cycle= 1 E= -12115.6764236847  delta_E= 5.67e-05  |g|= 0.0462  |ddm|= 35.8
    sigma = 0.02  Optimized mu = -0.052178788958  entropy = 1.49580728576
    Total E(T) = -12115.6757761338  Free energy = -12115.7056922795  E0 = -12115.6907342066
cycle= 2 E= -12115.6757761338  delta_E= 0.000648  |g|= 0.153  |ddm|=  168
    sigma = 0.02  Optimized mu = -0.0517678402128  entropy = 1.49633805209
    Total E(T) = -12115.6761970172  Free energy = -12115.7061237783  E0 = -12115.6911603977
cycle= 3 E= -12115.6761970172  delta_E= -0.000421  |g|= 0.0768  |ddm|= 66.9
    sigma = 0.02  Optimized mu = -0.0517498475504  entropy = 1.49643995851
    Total E(T) = -12115.6763651049  Free energy = -12115.7062939041  E0 = -12115.6913295045
cycle= 4 E= -12115.6763651049  delta_E= -0.000168  |g|= 0.0495  |ddm|= 28.2
    sigma = 0.02  Optimized mu = -0.0517363017835  entropy = 1.49649550993
    Total E(T) = -12115.6764370778  Free energy = -12115.706366988  E0 = -12115.6914020329
cycle= 5 E= -12115.6764370778  delta_E= -7.2e-05  |g|= 0.0317  |ddm|= 15.5
    sigma = 0.02  Optimized mu = -0.0517441264129  entropy = 1.49642560289
    Total E(T) = -12115.6764676383  Free energy = -12115.7063961504  E0 = -12115.6914318944
cycle= 6 E= -12115.6764676383  delta_E= -3.06e-05  |g|= 0.0213  |ddm|= 10.8
    sigma = 0.02  Optimized mu = -0.0517444390196  entropy = 1.49642892054
    Total E(T) = -12115.6764807876  Free energy = -12115.7064093661  E0 = -12115.6914450768
cycle= 7 E= -12115.6764807876  delta_E= -1.31e-05  |g|= 0.0142  |ddm|= 6.35
    sigma = 0.02  Optimized mu = -0.0517428460651  entropy = 1.49643474581
    Total E(T) = -12115.6764867254  Free energy = -12115.7064154203  E0 = -12115.6914510728
cycle= 8 E= -12115.6764867254  delta_E= -5.94e-06  |g|= 0.00936  |ddm|=  3.9
    sigma = 0.02  Optimized mu = -0.0517476872888  entropy = 1.496413677
    Total E(T) = -12115.676489264  Free energy = -12115.7064175375  E0 = -12115.6914534007
cycle= 9 E= -12115.676489264  delta_E= -2.54e-06  |g|= 0.00639  |ddm|= 3.59
    sigma = 0.02  Optimized mu = -0.151623105651  entropy = 50.9877236003
    Total E(T) = -12115.1480823267  Free energy = -12116.1678367987  E0 = -12115.6579595627
Extra cycle  E= -12115.1480823267  delta_E= 0.528  |g|= 0.418  |ddm|= 4.12e+03
converged SCF energy = -12115.1480823267
dm0 check [[[ 1.89791643e-01  3.06172280e-01 -6.27468429e-02 ...  3.17993631e-07
   -3.97073950e-07 -1.03697121e-06]
  [ 3.06172280e-01  5.07731315e-01 -1.67382144e-01 ...  1.21023667e-06
   -1.46976516e-06 -3.08449944e-06]
  [-6.27468429e-02 -1.67382144e-01  3.38455876e-01 ... -2.65214226e-06
    3.49721633e-06  7.40427313e-06]
  ...
  [ 3.17993631e-07  1.21023667e-06 -2.65214226e-06 ...  4.89969948e-07
   -1.29274528e-07  2.11588909e-08]
  [-3.97073950e-07 -1.46976516e-06  3.49721633e-06 ... -1.29274528e-07
    2.88763297e-07  4.35137726e-08]
  [-1.03697121e-06 -3.08449944e-06  7.40427313e-06 ...  2.11588909e-08
    4.35137726e-08  1.45593177e-07]]

 [[ 1.89771947e-01  3.06118413e-01 -6.26250897e-02 ...  5.56314089e-07
   -3.70029393e-07 -9.25761168e-07]
  [ 3.06118413e-01  5.07587433e-01 -1.67061356e-01 ...  1.85033282e-06
   -1.39515682e-06 -2.78455394e-06]
  [-6.26250897e-02 -1.67061356e-01  3.37743531e-01 ... -4.17606819e-06
    3.30249582e-06  6.67848215e-06]
  ...
  [ 5.56314089e-07  1.85033282e-06 -4.17606819e-06 ...  4.74412276e-07
   -1.31764354e-07  2.43133826e-08]
  [-3.70029393e-07 -1.39515682e-06  3.30249582e-06 ... -1.31764354e-07
    2.88218771e-07  4.17512960e-08]
  [-9.25761168e-07 -2.78455394e-06  6.67848215e-06 ...  2.43133826e-08
    4.17512960e-08  1.37226552e-07]]]


******** <class 'pyscf.scf.addons.SmearingDFUKS'> ********
method = SmearingDFUKS
initial guess = minao
damping factor = 0.15
level_shift factor = 0.2
DIIS = <class 'pyscf.scf.diis.CDIIS'>
diis_start_cycle = 1
diis_space = 12
diis_damp = 0
SCF conv_tol = 5e-05
SCF conv_tol_grad = None
SCF max_cycles = 200
direct_scf = True
direct_scf_tol = 1e-13
chkfile to save SCF result = /tmp/tmpmbdbfc33
max_memory 4000 MB (current use 87157 MB)
number electrons alpha = 325  beta = 323
XC library pyscf.dft.libxc version 6.1.0
    S. Lehtola, C. Steigemann, M. J.T. Oliveira, and M. A.L. Marques.,  SoftwareX 7, 1–5 (2018)
XC functionals = pbe
    J. P. Perdew, K. Burke, and M. Ernzerhof.,  Phys. Rev. Lett. 77, 3865 (1996)
    J. P. Perdew, K. Burke, and M. Ernzerhof.,  Phys. Rev. Lett. 78, 1396 (1997)
    J. P. Perdew, K. Burke, and M. Ernzerhof.,  Phys. Rev. Lett. 77, 3865 (1996)
    J. P. Perdew, K. Burke, and M. Ernzerhof.,  Phys. Rev. Lett. 78, 1396 (1997)
small_rho_cutoff = 1e-06
Set gradient conv threshold to 0.00707107
    Total E(T) = -12115.2317799293  Free energy = -12115.2956740331  E0 = -12115.2637269812
init E= -12115.2317799293
    sigma = 0.005  Optimized mu_alpha = -0.196804761081  entropy = 3.25930848948e-07
    sigma = 0.005  Optimized mu_beta  = -0.199415341125  entropy = 3.25930848948e-07
    Total E(T) = -12115.2317459497  Free energy = -12115.2317459514  E0 = -12115.2317459506
cycle= 1 E= -12115.2317459497  delta_E= 3.4e-05  |g|= 0.0511  |ddm|= 23.4
    sigma = 0.005  Optimized mu_alpha = -0.19718177952  entropy = 3.23786888241e-07
    sigma = 0.005  Optimized mu_beta  = -0.199824764686  entropy = 3.23786888241e-07
    Total E(T) = -12115.2313839869  Free energy = -12115.2313839885  E0 = -12115.2313839877
cycle= 2 E= -12115.2313839869  delta_E= 0.000362  |g|= 0.158  |ddm|=  102
    sigma = 0.005  Optimized mu_alpha = -0.19692288525  entropy = 3.2489836726e-07
    sigma = 0.005  Optimized mu_beta  = -0.19954213399  entropy = 3.2489836726e-07
    Total E(T) = -12115.2316237038  Free energy = -12115.2316237054  E0 = -12115.2316237046
cycle= 3 E= -12115.2316237038  delta_E= -0.00024  |g|= 0.0779  |ddm|= 39.4
    sigma = 0.005  Optimized mu_alpha = -0.196919354726  entropy = 3.24947748159e-07
    sigma = 0.005  Optimized mu_beta  = -0.199537776251  entropy = 3.24947748159e-07
    Total E(T) = -12115.231722933  Free energy = -12115.2317229346  E0 = -12115.2317229338
cycle= 4 E= -12115.231722933  delta_E= -9.92e-05  |g|= 0.0481  |ddm|= 17.3
    sigma = 0.005  Optimized mu_alpha = -0.19689891854  entropy = 3.24970925512e-07
    sigma = 0.005  Optimized mu_beta  = -0.199516757612  entropy = 3.24970925512e-07
    Total E(T) = -12115.231762691  Free energy = -12115.2317626927  E0 = -12115.2317626919
cycle= 5 E= -12115.231762691  delta_E= -3.98e-05  |g|= 0.0304  |ddm|= 9.92
    sigma = 0.005  Optimized mu_alpha = -0.196913469793  entropy = 3.2489696016e-07
    sigma = 0.005  Optimized mu_beta  = -0.199531989661  entropy = 3.2489696016e-07
    Total E(T) = -12115.2317788407  Free energy = -12115.2317788423  E0 = -12115.2317788415
cycle= 6 E= -12115.2317788407  delta_E= -1.61e-05  |g|= 0.0186  |ddm|=    6
    sigma = 0.005  Optimized mu_alpha = -0.196912867283  entropy = 3.24895002207e-07
    sigma = 0.005  Optimized mu_beta  = -0.199531360512  entropy = 3.24895002207e-07
    Total E(T) = -12115.2317851924  Free energy = -12115.231785194  E0 = -12115.2317851932
cycle= 7 E= -12115.2317851924  delta_E= -6.35e-06  |g|= 0.0119  |ddm|= 4.02
    sigma = 0.005  Optimized mu_alpha = -0.196914264365  entropy = 3.24862056197e-07
    sigma = 0.005  Optimized mu_beta  = -0.199533076326  entropy = 3.24862056197e-07
    Total E(T) = -12115.2317877911  Free energy = -12115.2317877927  E0 = -12115.2317877919
cycle= 8 E= -12115.2317877911  delta_E= -2.6e-06  |g|= 0.00685  |ddm|= 2.53
    sigma = 0.005  Optimized mu_alpha = -0.296444158295  entropy = 12.7837310566
    sigma = 0.005  Optimized mu_beta  = -0.299361664522  entropy = 12.7837310566
    Total E(T) = -12115.1956866874  Free energy = -12115.2596053426  E0 = -12115.227646015
Extra cycle  E= -12115.1956866874  delta_E= 0.0361  |g|= 0.238  |ddm|=  881
converged SCF energy = -12115.1956866874  <S^2> = 2.0132604  2S+1 = 3.0088273
[timing] right/Al ensemble SCF = 1132.7s
[timing] collect state = 0.0s
[timing] grad contraction = 1.5s
Npdft 666.0000340038437
[timing] checkpoint save = 0.0s
step=   4 L=-12265.87844498 Ef=-12265.88208725 L1=1.25491189e+00 |grad|=2.35447e-02 t=1347.6s
[phase2 outer 2] previous L = -12265.88782243
[phase2 outer 2] new L = -12265.87844498
[phase2 outer 2] dL = 9.37744973e-03
[phase2 outer 2] previous Ef = -12265.89129004
[phase2 outer 2] new Ef = -12265.88208725
[phase2 outer 2] dEf = 9.20278856e-03
[phase2 outer 2] |db| = 1.57308e-02
[phase2 outer 2] |grad| = 2.35447e-02
[phase2 outer 2] raw_step_norm=1.573077e-02 capped_step_norm=1.573077e-02 raw_max_abs_step=1.641527e-03 capped_max_abs_step=1.641527e-03 step_cap=6.000000e-02 line_search_alpha=n/a
[phase2 outer 2] res.fun = 12265.87844498
[phase2 outer 2] res.message = STOP: TOTAL NO. of ITERATIONS REACHED LIMIT
[phase2 outer 2] finished message=STOP: TOTAL NO. of ITERATIONS REACHED LIMIT |b|=1.974451e-01
[phase2 outer 3] start |b|=1.974451e-01 max|b|=1.559451e-02 delta=1.642e-03
[diagnostic] step=5 |b|=1.974451e-01 max|b|=1.559451e-02
[timing] build AO Vp from S3 = 1.6s
[diagnostic] |vpl|=1.591773e-01 max|vpl|=1.429137e-02
[diagnostic] |vpr|=3.252502e-01 max|vpr|=1.431313e-02
[diagnostic] |vpref|=3.415001e-01 max|vpref|=1.431313e-02
dm0 check [[[ 1.51511345e-09  2.24391537e-08  1.89789845e-07 ... -1.14719041e-07
    7.42476856e-07  6.64943793e-08]
  [ 2.24391537e-08  3.34444425e-07  2.75067274e-06 ... -1.77767171e-06
    1.10110573e-05  1.04757954e-06]
  [ 1.89789845e-07  2.75067274e-06  2.57237806e-05 ... -1.02769975e-05
    9.27869110e-05  4.99876992e-06]
  ...
  [-1.14719041e-07 -1.77767171e-06 -1.02769975e-05 ...  2.27166714e-04
    1.81897069e-06 -1.91352291e-04]
  [ 7.42476856e-07  1.10110573e-05  9.27869110e-05 ...  1.81897069e-06
    4.79980266e-04 -1.62432538e-06]
  [ 6.64943793e-08  1.04757954e-06  4.99876992e-06 ... -1.91352291e-04
   -1.62432538e-06  6.55604932e-04]]

 [[ 2.14412288e-09  3.18475751e-08  2.65523668e-07 ... -7.48706513e-08
    1.03578247e-06  2.38438681e-08]
  [ 3.18475751e-08  4.74248065e-07  3.91397161e-06 ... -9.93113945e-07
    1.53190756e-05  2.50156401e-07]
  [ 2.65523668e-07  3.91397161e-06  3.37625491e-05 ... -1.10142914e-05
    1.30901535e-04  4.52868544e-06]
  ...
  [-7.48706513e-08 -9.93113945e-07 -1.10142914e-05 ...  2.49604200e-04
    2.27939015e-06 -2.10130218e-04]
  [ 1.03578247e-06  1.53190756e-05  1.30901535e-04 ...  2.27939015e-06
    5.52938890e-04 -2.04467291e-06]
  [ 2.38438681e-08  2.50156401e-07  4.52868544e-06 ... -2.10130218e-04
   -2.04467291e-06  7.46013452e-04]]]
converged SCF energy = -150.226693714539  <S^2> = 2.0045398  2S+1 = 3.003025
dm0 check [[[ 1.14641745e-09  1.70871841e-08  1.38754813e-07 ... -8.06196941e-08
    6.25417120e-07  4.56926965e-08]
  [ 1.70871841e-08  2.56087717e-07  2.02954043e-06 ... -1.06182579e-06
    9.18282741e-06  7.18406974e-07]
  [ 1.38754813e-07  2.02954043e-06  1.80708466e-05 ... -1.26946806e-05
    8.12951703e-05  3.19891372e-06]
  ...
  [-8.06196941e-08 -1.06182579e-06 -1.26946806e-05 ...  2.39058742e-04
   -1.61627706e-06 -1.68275179e-04]
  [ 6.25417120e-07  9.18282741e-06  8.12951703e-05 ... -1.61627706e-06
    4.44995293e-04 -4.05994829e-06]
  [ 4.56926965e-08  7.18406974e-07  3.19891372e-06 ... -1.68275179e-04
   -4.05994829e-06  5.95722691e-04]]

 [[ 2.53030872e-08  3.85041148e-07  2.83121281e-06 ... -1.48564709e-07
    1.05890540e-07  7.43821276e-08]
  [ 3.85041148e-07  5.86063793e-06  4.30450523e-05 ... -2.17963110e-06
    1.18320858e-06  1.05278733e-06]
  [ 2.83121281e-06  4.30450523e-05  3.17985100e-04 ... -1.75088049e-05
    2.68728932e-05  9.38978176e-06]
  ...
  [-1.48564709e-07 -2.17963110e-06 -1.75088049e-05 ...  2.30571482e-04
    2.08982238e-07 -1.91671362e-04]
  [ 1.05890540e-07  1.18320858e-06  2.68728932e-05 ...  2.08982238e-07
    4.63238233e-04 -3.50223686e-06]
  [ 7.43821276e-08  1.05278733e-06  9.38978176e-06 ... -1.91671362e-04
   -3.50223686e-06  6.49568189e-04]]]
converged SCF energy = -150.244985829832  <S^2> = 0.92979752  2S+1 = 2.1723697
[timing] left/O ensemble SCF = 11.3s
dm0 check [[ 3.79540347e-01  6.12229275e-01 -1.25223311e-01 ...  8.30416092e-07
  -7.95843926e-07 -2.05408435e-06]
 [ 6.12229275e-01  1.01515552e+00 -3.34047933e-01 ...  2.94168973e-06
  -2.94359056e-06 -6.11642712e-06]
 [-1.25223311e-01 -3.34047933e-01  6.75255892e-01 ... -6.54531940e-06
   6.99940276e-06  1.46971949e-05]
 ...
 [ 8.30416092e-07  2.94168973e-06 -6.54531940e-06 ...  9.19488254e-07
  -2.50997391e-07  4.91981935e-08]
 [-7.95843926e-07 -2.94359056e-06  6.99940276e-06 ... -2.50997391e-07
   5.64890452e-07  7.84919952e-08]
 [-2.05408435e-06 -6.11642712e-06  1.46971949e-05 ...  4.91981935e-08
   7.84919952e-08  2.77142115e-07]]


******** <class 'pyscf.scf.addons.SmearingDFRKS'> ********
method = SmearingDFRKS
initial guess = minao
damping factor = 0.15
level_shift factor = 0.2
DIIS = <class 'pyscf.scf.diis.CDIIS'>
diis_start_cycle = 1
diis_space = 12
diis_damp = 0
SCF conv_tol = 5e-05
SCF conv_tol_grad = None
SCF max_cycles = 200
direct_scf = True
direct_scf_tol = 1e-13
chkfile to save SCF result = /tmp/tmpd0og41ld
max_memory 4000 MB (current use 87269 MB)
XC library pyscf.dft.libxc version 6.1.0
    S. Lehtola, C. Steigemann, M. J.T. Oliveira, and M. A.L. Marques.,  SoftwareX 7, 1–5 (2018)
XC functionals = pbe
    J. P. Perdew, K. Burke, and M. Ernzerhof.,  Phys. Rev. Lett. 77, 3865 (1996)
    J. P. Perdew, K. Burke, and M. Ernzerhof.,  Phys. Rev. Lett. 78, 1396 (1997)
    J. P. Perdew, K. Burke, and M. Ernzerhof.,  Phys. Rev. Lett. 77, 3865 (1996)
    J. P. Perdew, K. Burke, and M. Ernzerhof.,  Phys. Rev. Lett. 78, 1396 (1997)
small_rho_cutoff = 1e-06
Set gradient conv threshold to 0.00707107
    Total E(T) = -12115.6764892647  Free energy = -12116.6962437367  E0 = -12116.1863665007
init E= -12115.6764892647
    sigma = 0.02  Optimized mu = -0.051658357799  entropy = 1.49685175761
    Total E(T) = -12115.6764688885  Free energy = -12115.7064059236  E0 = -12115.691437406
cycle= 1 E= -12115.6764688885  delta_E= 2.04e-05  |g|= 0.0274  |ddm|= 24.5
    sigma = 0.02  Optimized mu = -0.0519970225401  entropy = 1.49572861418
    Total E(T) = -12115.6762429269  Free energy = -12115.7061574992  E0 = -12115.6912002131
cycle= 2 E= -12115.6762429269  delta_E= 0.000226  |g|= 0.0921  |ddm|= 95.8
    sigma = 0.02  Optimized mu = -0.0517608455635  entropy = 1.49632064587
    Total E(T) = -12115.6763852805  Free energy = -12115.7063116935  E0 = -12115.691348487
cycle= 3 E= -12115.6763852805  delta_E= -0.000142  |g|= 0.0477  |ddm|= 37.2
    sigma = 0.02  Optimized mu = -0.0517512521175  entropy = 1.49639536221
    Total E(T) = -12115.6764429185  Free energy = -12115.7063708257  E0 = -12115.6914068721
cycle= 4 E= -12115.6764429185  delta_E= -5.76e-05  |g|= 0.0318  |ddm|= 15.9
    sigma = 0.02  Optimized mu = -0.0517457419649  entropy = 1.49642367109
    Total E(T) = -12115.6764686072  Free energy = -12115.7063970807  E0 = -12115.6914328439
cycle= 5 E= -12115.6764686072  delta_E= -2.57e-05  |g|= 0.0216  |ddm|= 8.93
    sigma = 0.02  Optimized mu = -0.0517484025994  entropy = 1.49640460041
    Total E(T) = -12115.6764805745  Free energy = -12115.7064086665  E0 = -12115.6914446205
cycle= 6 E= -12115.6764805745  delta_E= -1.2e-05  |g|= 0.0149  |ddm|= 5.75
    sigma = 0.02  Optimized mu = -0.0517447411108  entropy = 1.4964272192
    Total E(T) = -12115.6764861038  Free energy = -12115.7064146482  E0 = -12115.691450376
cycle= 7 E= -12115.6764861038  delta_E= -5.53e-06  |g|= 0.0106  |ddm|= 3.75
    sigma = 0.02  Optimized mu = -0.0517463851736  entropy = 1.49642138972
    Total E(T) = -12115.6764889338  Free energy = -12115.7064173615  E0 = -12115.6914531476
cycle= 8 E= -12115.6764889338  delta_E= -2.83e-06  |g|= 0.00727  |ddm|= 2.33
    sigma = 0.02  Optimized mu = -0.0517444362882  entropy = 1.49642960895
    Total E(T) = -12115.6764902255  Free energy = -12115.7064188177  E0 = -12115.6914545216
cycle= 9 E= -12115.6764902255  delta_E= -1.29e-06  |g|= 0.00539  |ddm|= 1.79
    sigma = 0.02  Optimized mu = -0.151653922134  entropy = 50.9859543982
    Total E(T) = -12115.1487403761  Free energy = -12116.1684594641  E0 = -12115.6585999201
Extra cycle  E= -12115.1487403761  delta_E= 0.528  |g|= 0.406  |ddm|= 4.12e+03
converged SCF energy = -12115.1487403761
dm0 check [[[ 1.89791709e-01  3.06172351e-01 -6.27470707e-02 ...  3.33067615e-07
   -3.86642918e-07 -1.06567316e-06]
  [ 3.06172351e-01  5.07731228e-01 -1.67382112e-01 ...  1.25093861e-06
   -1.44162178e-06 -3.16189947e-06]
  [-6.27470707e-02 -1.67382112e-01  3.38455524e-01 ... -2.75081164e-06
    3.42912006e-06  7.59145176e-06]
  ...
  [ 3.33067615e-07  1.25093861e-06 -2.75081164e-06 ...  4.86183621e-07
   -1.29782293e-07  2.28805800e-08]
  [-3.86642918e-07 -1.44162178e-06  3.42912006e-06 ... -1.29782293e-07
    2.88932782e-07  4.29867099e-08]
  [-1.06567316e-06 -3.16189947e-06  7.59145176e-06 ...  2.28805800e-08
    4.29867099e-08  1.48317176e-07]]

 [[ 1.89771929e-01  3.06118267e-01 -6.26247935e-02 ...  5.72274972e-07
   -3.60290505e-07 -9.54688859e-07]
  [ 3.06118267e-01  5.07586774e-01 -1.67059914e-01 ...  1.89346560e-06
   -1.36885655e-06 -2.86263322e-06]
  [-6.26247935e-02 -1.67059914e-01  3.37739734e-01 ... -4.28108125e-06
    3.23865690e-06  6.86793971e-06]
  ...
  [ 5.72274972e-07  1.89346560e-06 -4.28108125e-06 ...  4.70650715e-07
   -1.32211159e-07  2.60443367e-08]
  [-3.60290505e-07 -1.36885655e-06  3.23865690e-06 ... -1.32211159e-07
    2.88454932e-07  4.11666706e-08]
  [-9.54688859e-07 -2.86263322e-06  6.86793971e-06 ...  2.60443367e-08
    4.11666706e-08  1.39860812e-07]]]


******** <class 'pyscf.scf.addons.SmearingDFUKS'> ********
method = SmearingDFUKS
initial guess = minao
damping factor = 0.15
level_shift factor = 0.2
DIIS = <class 'pyscf.scf.diis.CDIIS'>
diis_start_cycle = 1
diis_space = 12
diis_damp = 0
SCF conv_tol = 5e-05
SCF conv_tol_grad = None
SCF max_cycles = 200
direct_scf = True
direct_scf_tol = 1e-13
chkfile to save SCF result = /tmp/tmpmbdbfc33
max_memory 4000 MB (current use 87232 MB)
number electrons alpha = 325  beta = 323
XC library pyscf.dft.libxc version 6.1.0
    S. Lehtola, C. Steigemann, M. J.T. Oliveira, and M. A.L. Marques.,  SoftwareX 7, 1–5 (2018)
XC functionals = pbe
    J. P. Perdew, K. Burke, and M. Ernzerhof.,  Phys. Rev. Lett. 77, 3865 (1996)
    J. P. Perdew, K. Burke, and M. Ernzerhof.,  Phys. Rev. Lett. 78, 1396 (1997)
    J. P. Perdew, K. Burke, and M. Ernzerhof.,  Phys. Rev. Lett. 77, 3865 (1996)
    J. P. Perdew, K. Burke, and M. Ernzerhof.,  Phys. Rev. Lett. 78, 1396 (1997)
small_rho_cutoff = 1e-06
Set gradient conv threshold to 0.00707107
    Total E(T) = -12115.2317877912  Free energy = -12115.2957064465  E0 = -12115.2637471189
init E= -12115.2317877912
    sigma = 0.005  Optimized mu_alpha = -0.196867074487  entropy = 3.25315147081e-07
    sigma = 0.005  Optimized mu_beta  = -0.199481656893  entropy = 3.25315147081e-07
    Total E(T) = -12115.2317760048  Free energy = -12115.2317760064  E0 = -12115.2317760056
cycle= 1 E= -12115.2317760048  delta_E= 1.18e-05  |g|= 0.0288  |ddm|= 17.8
    sigma = 0.005  Optimized mu_alpha = -0.197052856907  entropy = 3.23933963986e-07
    sigma = 0.005  Optimized mu_beta  = -0.199685287534  entropy = 3.23933963986e-07
    Total E(T) = -12115.2316581909  Free energy = -12115.2316581925  E0 = -12115.2316581917
cycle= 2 E= -12115.2316581909  delta_E= 0.000118  |g|= 0.0907  |ddm|= 59.6
    sigma = 0.005  Optimized mu_alpha = -0.196916867261  entropy = 3.24821059071e-07
    sigma = 0.005  Optimized mu_beta  = -0.199536261071  entropy = 3.24821059071e-07
    Total E(T) = -12115.2317354977  Free energy = -12115.2317354993  E0 = -12115.2317354985
cycle= 3 E= -12115.2317354977  delta_E= -7.73e-05  |g|= 0.045  |ddm|= 21.4
    sigma = 0.005  Optimized mu_alpha = -0.196916731675  entropy = 3.24857831089e-07
    sigma = 0.005  Optimized mu_beta  = -0.199535638975  entropy = 3.24857831089e-07
    Total E(T) = -12115.23176697  Free energy = -12115.2317669717  E0 = -12115.2317669708
cycle= 4 E= -12115.23176697  delta_E= -3.15e-05  |g|= 0.0284  |ddm|= 9.88
    sigma = 0.005  Optimized mu_alpha = -0.196911739239  entropy = 3.24885165605e-07
    sigma = 0.005  Optimized mu_beta  = -0.199530208007  entropy = 3.24885165605e-07
    Total E(T) = -12115.2317797705  Free energy = -12115.2317797721  E0 = -12115.2317797713
cycle= 5 E= -12115.2317797705  delta_E= -1.28e-05  |g|= 0.0187  |ddm|=  5.9
    sigma = 0.005  Optimized mu_alpha = -0.19691417744  entropy = 3.24872481204e-07
    sigma = 0.005  Optimized mu_beta  = -0.199532773862  entropy = 3.24872481204e-07
    Total E(T) = -12115.2317853429  Free energy = -12115.2317853445  E0 = -12115.2317853437
cycle= 6 E= -12115.2317853429  delta_E= -5.57e-06  |g|= 0.0119  |ddm|= 3.42
    sigma = 0.005  Optimized mu_alpha = -0.196915968892  entropy = 3.24852167093e-07
    sigma = 0.005  Optimized mu_beta  = -0.199534868424  entropy = 3.24852167093e-07
    Total E(T) = -12115.2317875862  Free energy = -12115.2317875878  E0 = -12115.231787587
cycle= 7 E= -12115.2317875862  delta_E= -2.24e-06  |g|= 0.00841  |ddm|= 2.53
    sigma = 0.005  Optimized mu_alpha = -0.196916278665  entropy = 3.24841500925e-07
    sigma = 0.005  Optimized mu_beta  = -0.199535281423  entropy = 3.24841500925e-07
    Total E(T) = -12115.2317885628  Free energy = -12115.2317885645  E0 = -12115.2317885637
cycle= 8 E= -12115.2317885628  delta_E= -9.77e-07  |g|= 0.00591  |ddm|= 1.54
    sigma = 0.005  Optimized mu_alpha = -0.296466001679  entropy = 12.7819687276
    sigma = 0.005  Optimized mu_beta  = -0.299384308179  entropy = 12.7819687276
    Total E(T) = -12115.1959105555  Free energy = -12115.2598203991  E0 = -12115.2278654773
Extra cycle  E= -12115.1959105555  delta_E= 0.0359  |g|= 0.222  |ddm|=  878
converged SCF energy = -12115.1959105555  <S^2> = 2.0132697  2S+1 = 3.0088334
[timing] right/Al ensemble SCF = 1107.2s
[timing] collect state = 0.0s
[timing] grad contraction = 4.6s
Npdft 666.0000340012843
[timing] checkpoint save = 0.0s
step=   5 L=-12265.87905834 Ef=-12265.88268579 L1=1.25378710e+00 |grad|=2.35016e-02 t=1324.6s
[diagnostic] step=6 |b|=2.119136e-01 max|b|=1.723603e-02
[timing] build AO Vp from S3 = 1.6s
[diagnostic] |vpl|=1.722208e-01 max|vpl|=1.530631e-02
[diagnostic] |vpr|=3.464191e-01 max|vpr|=1.523292e-02
[diagnostic] |vpref|=3.645027e-01 max|vpref|=1.530643e-02
dm0 check [[[ 1.51511415e-09  2.24391628e-08  1.89789947e-07 ... -1.14718984e-07
    7.42476838e-07  6.64943258e-08]
  [ 2.24391628e-08  3.34444541e-07  2.75067408e-06 ... -1.77767093e-06
    1.10110575e-05  1.04757877e-06]
  [ 1.89789947e-07  2.75067408e-06  2.57237936e-05 ... -1.02769919e-05
    9.27869045e-05  4.99876461e-06]
  ...
  [-1.14718984e-07 -1.77767093e-06 -1.02769919e-05 ...  2.27166733e-04
    1.81897134e-06 -1.91352306e-04]
  [ 7.42476838e-07  1.10110575e-05  9.27869045e-05 ...  1.81897134e-06
    4.79980259e-04 -1.62432546e-06]
  [ 6.64943258e-08  1.04757877e-06  4.99876461e-06 ... -1.91352306e-04
   -1.62432546e-06  6.55604939e-04]]

 [[ 2.14412378e-09  3.18475878e-08  2.65523769e-07 ... -7.48705966e-08
    1.03578261e-06  2.38438148e-08]
  [ 3.18475878e-08  4.74248243e-07  3.91397303e-06 ... -9.93113260e-07
    1.53190777e-05  2.50155737e-07]
  [ 2.65523769e-07  3.91397303e-06  3.37625602e-05 ... -1.10142876e-05
    1.30901546e-04  4.52868172e-06]
  ...
  [-7.48705966e-08 -9.93113260e-07 -1.10142876e-05 ...  2.49604209e-04
    2.27939089e-06 -2.10130225e-04]
  [ 1.03578261e-06  1.53190777e-05  1.30901546e-04 ...  2.27939089e-06
    5.52938841e-04 -2.04467317e-06]
  [ 2.38438148e-08  2.50155737e-07  4.52868172e-06 ... -2.10130225e-04
   -2.04467317e-06  7.46013408e-04]]]
converged SCF energy = -150.22669371454  <S^2> = 2.0045398  2S+1 = 3.003025
dm0 check [[[ 1.14640648e-09  1.70870363e-08  1.38753766e-07 ... -8.06181611e-08
    6.25414530e-07  4.56915041e-08]
  [ 1.70870363e-08  2.56085699e-07  2.02952709e-06 ... -1.06181952e-06
    9.18279720e-06  7.18389933e-07]
  [ 1.38753766e-07  2.02952709e-06  1.80707419e-05 ... -1.26946015e-05
    8.12948677e-05  3.19878429e-06]
  ...
  [-8.06181611e-08 -1.06181952e-06 -1.26946015e-05 ...  2.39058919e-04
   -1.61646206e-06 -1.68275036e-04]
  [ 6.25414530e-07  9.18279720e-06  8.12948677e-05 ... -1.61646206e-06
    4.44995046e-04 -4.06014496e-06]
  [ 4.56915041e-08  7.18389933e-07  3.19878429e-06 ... -1.68275036e-04
   -4.06014496e-06  5.95722908e-04]]

 [[ 2.53030893e-08  3.85040792e-07  2.83121159e-06 ... -1.48563626e-07
    1.05888903e-07  7.43804317e-08]
  [ 3.85040792e-07  5.86062650e-06  4.30449919e-05 ... -2.17962744e-06
    1.18318299e-06  1.05277454e-06]
  [ 2.83121159e-06  4.30449919e-05  3.17984803e-04 ... -1.75087729e-05
    2.68725759e-05  9.38968399e-06]
  ...
  [-1.48563626e-07 -2.17962744e-06 -1.75087729e-05 ...  2.30571627e-04
    2.08962394e-07 -1.91671233e-04]
  [ 1.05888903e-07  1.18318299e-06  2.68725759e-05 ...  2.08962394e-07
    4.63238037e-04 -3.50226009e-06]
  [ 7.43804317e-08  1.05277454e-06  9.38968399e-06 ... -1.91671233e-04
   -3.50226009e-06  6.49568165e-04]]]
converged SCF energy = -150.244985829816  <S^2> = 0.92980776  2S+1 = 2.1723791
[timing] left/O ensemble SCF = 11.6s
dm0 check [[ 3.79540344e-01  6.12229271e-01 -1.25223289e-01 ...  8.31225810e-07
  -7.96034791e-07 -2.05451429e-06]
 [ 6.12229271e-01  1.01515551e+00 -3.34047885e-01 ...  2.94387352e-06
  -2.94410609e-06 -6.11758519e-06]
 [-1.25223289e-01 -3.34047885e-01  6.75255760e-01 ... -6.55060237e-06
   7.00065778e-06  1.46999731e-05]
 ...
 [ 8.31225810e-07  2.94387352e-06 -6.55060237e-06 ...  9.19470627e-07
  -2.50976420e-07  4.92170887e-08]
 [-7.96034791e-07 -2.94410609e-06  7.00065778e-06 ... -2.50976420e-07
   5.64808182e-07  7.84893844e-08]
 [-2.05451429e-06 -6.11758519e-06  1.46999731e-05 ...  4.92170887e-08
   7.84893844e-08  2.77137456e-07]]


******** <class 'pyscf.scf.addons.SmearingDFRKS'> ********
method = SmearingDFRKS
initial guess = minao
damping factor = 0.15
level_shift factor = 0.2
DIIS = <class 'pyscf.scf.diis.CDIIS'>
diis_start_cycle = 1
diis_space = 12
diis_damp = 0
SCF conv_tol = 5e-05
SCF conv_tol_grad = None
SCF max_cycles = 200
direct_scf = True
direct_scf_tol = 1e-13
chkfile to save SCF result = /tmp/tmpd0og41ld
max_memory 4000 MB (current use 87400 MB)
XC library pyscf.dft.libxc version 6.1.0
    S. Lehtola, C. Steigemann, M. J.T. Oliveira, and M. A.L. Marques.,  SoftwareX 7, 1–5 (2018)
XC functionals = pbe
    J. P. Perdew, K. Burke, and M. Ernzerhof.,  Phys. Rev. Lett. 77, 3865 (1996)
    J. P. Perdew, K. Burke, and M. Ernzerhof.,  Phys. Rev. Lett. 78, 1396 (1997)
    J. P. Perdew, K. Burke, and M. Ernzerhof.,  Phys. Rev. Lett. 77, 3865 (1996)
    J. P. Perdew, K. Burke, and M. Ernzerhof.,  Phys. Rev. Lett. 78, 1396 (1997)
small_rho_cutoff = 1e-06
Set gradient conv threshold to 0.00707107
    Total E(T) = -12115.6230261308  Free energy = -12116.6427452187  E0 = -12116.1328856747
init E= -12115.6230261308
    sigma = 0.02  Optimized mu = -0.0516343882135  entropy = 1.49778505455
    Total E(T) = -12115.6229895294  Free energy = -12115.6529452305  E0 = -12115.6379673799
cycle= 1 E= -12115.6229895294  delta_E= 3.66e-05  |g|= 0.0377  |ddm|= 27.9
    sigma = 0.02  Optimized mu = -0.0521031346641  entropy = 1.49647924042
    Total E(T) = -12115.6225669835  Free energy = -12115.6524965683  E0 = -12115.6375317759
cycle= 2 E= -12115.6225669835  delta_E= 0.000423  |g|= 0.124  |ddm|=  133
    sigma = 0.02  Optimized mu = -0.0517844491837  entropy = 1.49698615971
    Total E(T) = -12115.6228412176  Free energy = -12115.6527809408  E0 = -12115.6378110792
cycle= 3 E= -12115.6228412176  delta_E= -0.000274  |g|= 0.0624  |ddm|=   54
    sigma = 0.02  Optimized mu = -0.0517685084771  entropy = 1.49707397656
    Total E(T) = -12115.6229519386  Free energy = -12115.6528934182  E0 = -12115.6379226784
cycle= 4 E= -12115.6229519386  delta_E= -0.000111  |g|= 0.0401  |ddm|= 22.1
    sigma = 0.02  Optimized mu = -0.0517574092264  entropy = 1.49712004927
    Total E(T) = -12115.6229995017  Free energy = -12115.6529419027  E0 = -12115.6379707022
cycle= 5 E= -12115.6229995017  delta_E= -4.76e-05  |g|= 0.0254  |ddm|= 12.2
    sigma = 0.02  Optimized mu = -0.0517620195229  entropy = 1.49706817715
    Total E(T) = -12115.6230193258  Free energy = -12115.6529606894  E0 = -12115.6379900076
cycle= 6 E= -12115.6230193258  delta_E= -1.98e-05  |g|= 0.0171  |ddm|= 8.96
    sigma = 0.02  Optimized mu = -0.0517657164986  entropy = 1.49705531018
    Total E(T) = -12115.6230278343  Free energy = -12115.6529689405  E0 = -12115.6379983874
cycle= 7 E= -12115.6230278343  delta_E= -8.51e-06  |g|= 0.0113  |ddm|=  5.1
    sigma = 0.02  Optimized mu = -0.051760033733  entropy = 1.49708318356
    Total E(T) = -12115.6230315282  Free energy = -12115.6529731918  E0 = -12115.63800236
cycle= 8 E= -12115.6230315282  delta_E= -3.69e-06  |g|= 0.00767  |ddm|= 3.34
    sigma = 0.02  Optimized mu = -0.0517661566739  entropy = 1.49705435531
    Total E(T) = -12115.6230333219  Free energy = -12115.652974409  E0 = -12115.6380038655
cycle= 9 E= -12115.6230333219  delta_E= -1.79e-06  |g|= 0.00481  |ddm|= 2.52
    sigma = 0.02  Optimized mu = -0.151669437546  entropy = 50.9865554687
    Total E(T) = -12115.0954541412  Free energy = -12116.1151852505  E0 = -12115.6053196958
Extra cycle  E= -12115.0954541412  delta_E= 0.528  |g|= 0.405  |ddm|= 4.12e+03
converged SCF energy = -12115.0954541412
dm0 check [[[ 1.89791712e-01  3.06172356e-01 -6.27471019e-02 ...  3.33181600e-07
   -3.86650372e-07 -1.06589921e-06]
  [ 3.06172356e-01  5.07731241e-01 -1.67382199e-01 ...  1.25124350e-06
   -1.44164180e-06 -3.16250894e-06]
  [-6.27471019e-02 -1.67382199e-01  3.38455831e-01 ... -2.75152961e-06
    3.42916992e-06  7.59292954e-06]
  ...
  [ 3.33181600e-07  1.25124350e-06 -2.75152961e-06 ...  4.86194291e-07
   -1.29767338e-07  2.29018840e-08]
  [-3.86650372e-07 -1.44164180e-06  3.42916992e-06 ... -1.29767338e-07
    2.88878617e-07  4.29809815e-08]
  [-1.06589921e-06 -3.16250894e-06  7.59292954e-06 ...  2.29018840e-08
    4.29809815e-08  1.48303986e-07]]

 [[ 1.89771926e-01  3.06118259e-01 -6.26247898e-02 ...  5.72205000e-07
   -3.60684036e-07 -9.54642113e-07]
  [ 3.06118259e-01  5.07586751e-01 -1.67059904e-01 ...  1.89327633e-06
   -1.36991915e-06 -2.86250654e-06]
  [-6.26247898e-02 -1.67059904e-01  3.37739785e-01 ... -4.28062363e-06
    3.24124171e-06  6.86763226e-06]
  ...
  [ 5.72205000e-07  1.89327633e-06 -4.28062363e-06 ...  4.70659530e-07
   -1.32183001e-07  2.60634084e-08]
  [-3.60684036e-07 -1.36991915e-06  3.24124171e-06 ... -1.32183001e-07
    2.88401962e-07  4.11629326e-08]
  [-9.54642113e-07 -2.86250654e-06  6.86763226e-06 ...  2.60634084e-08
    4.11629326e-08  1.39848630e-07]]]


******** <class 'pyscf.scf.addons.SmearingDFUKS'> ********
method = SmearingDFUKS
initial guess = minao
damping factor = 0.15
level_shift factor = 0.2
DIIS = <class 'pyscf.scf.diis.CDIIS'>
diis_start_cycle = 1
diis_space = 12
diis_damp = 0
SCF conv_tol = 5e-05
SCF conv_tol_grad = None
SCF max_cycles = 200
direct_scf = True
direct_scf_tol = 1e-13
chkfile to save SCF result = /tmp/tmpmbdbfc33
max_memory 4000 MB (current use 87400 MB)
number electrons alpha = 325  beta = 323
XC library pyscf.dft.libxc version 6.1.0
    S. Lehtola, C. Steigemann, M. J.T. Oliveira, and M. A.L. Marques.,  SoftwareX 7, 1–5 (2018)
XC functionals = pbe
    J. P. Perdew, K. Burke, and M. Ernzerhof.,  Phys. Rev. Lett. 77, 3865 (1996)
    J. P. Perdew, K. Burke, and M. Ernzerhof.,  Phys. Rev. Lett. 78, 1396 (1997)
    J. P. Perdew, K. Burke, and M. Ernzerhof.,  Phys. Rev. Lett. 77, 3865 (1996)
    J. P. Perdew, K. Burke, and M. Ernzerhof.,  Phys. Rev. Lett. 78, 1396 (1997)
small_rho_cutoff = 1e-06
Set gradient conv threshold to 0.00707107
    Total E(T) = -12115.1783794229  Free energy = -12115.2422892666  E0 = -12115.2103343447
init E= -12115.1783794229
    sigma = 0.005  Optimized mu_alpha = -0.196839434676  entropy = 3.26478737779e-07
    sigma = 0.005  Optimized mu_beta  = -0.199444665517  entropy = 3.26478737779e-07
    Total E(T) = -12115.1783534329  Free energy = -12115.1783534345  E0 = -12115.1783534337
cycle= 1 E= -12115.1783534329  delta_E= 2.6e-05  |g|= 0.0456  |ddm|= 19.4
    sigma = 0.005  Optimized mu_alpha = -0.197160534496  entropy = 3.24594778879e-07
    sigma = 0.005  Optimized mu_beta  = -0.199793063881  entropy = 3.24594778879e-07
    Total E(T) = -12115.1780693963  Free energy = -12115.1780693979  E0 = -12115.1780693971
cycle= 2 E= -12115.1780693963  delta_E= 0.000284  |g|= 0.142  |ddm|=   87
    sigma = 0.005  Optimized mu_alpha = -0.196945222513  entropy = 3.25560107261e-07
    sigma = 0.005  Optimized mu_beta  = -0.199558000841  entropy = 3.25560107261e-07
    Total E(T) = -12115.1782552422  Free energy = -12115.1782552439  E0 = -12115.178255243
cycle= 3 E= -12115.1782552422  delta_E= -0.000186  |g|= 0.0705  |ddm|= 34.4
    sigma = 0.005  Optimized mu_alpha = -0.196941301378  entropy = 3.25607685724e-07
    sigma = 0.005  Optimized mu_beta  = -0.199553346238  entropy = 3.25607685724e-07
    Total E(T) = -12115.1783335299  Free energy = -12115.1783335315  E0 = -12115.1783335307
cycle= 4 E= -12115.1783335299  delta_E= -7.83e-05  |g|= 0.0439  |ddm|= 14.8
    sigma = 0.005  Optimized mu_alpha = -0.196922896096  entropy = 3.25630409632e-07
    sigma = 0.005  Optimized mu_beta  = -0.199534390841  entropy = 3.25630409632e-07
    Total E(T) = -12115.1783655053  Free energy = -12115.178365507  E0 = -12115.1783655062
cycle= 5 E= -12115.1783655053  delta_E= -3.2e-05  |g|= 0.0277  |ddm|= 8.43
    sigma = 0.005  Optimized mu_alpha = -0.196936059137  entropy = 3.25562916057e-07
    sigma = 0.005  Optimized mu_beta  = -0.199548178378  entropy = 3.25562916057e-07
    Total E(T) = -12115.1783785984  Free energy = -12115.1783786  E0 = -12115.1783785992
cycle= 6 E= -12115.1783785984  delta_E= -1.31e-05  |g|= 0.0172  |ddm|= 5.22
    sigma = 0.005  Optimized mu_alpha = -0.196934845884  entropy = 3.25561492869e-07
    sigma = 0.005  Optimized mu_beta  = -0.199546885212  entropy = 3.25561492869e-07
    Total E(T) = -12115.1783838027  Free energy = -12115.1783838043  E0 = -12115.1783838035
cycle= 7 E= -12115.1783838027  delta_E= -5.2e-06  |g|= 0.011  |ddm|=  3.5
    sigma = 0.005  Optimized mu_alpha = -0.196936074596  entropy = 3.25532282107e-07
    sigma = 0.005  Optimized mu_beta  = -0.199548408029  entropy = 3.25532282107e-07
    Total E(T) = -12115.1783859593  Free energy = -12115.1783859609  E0 = -12115.1783859601
cycle= 8 E= -12115.1783859593  delta_E= -2.16e-06  |g|= 0.00641  |ddm|= 2.18
    sigma = 0.005  Optimized mu_alpha = -0.296466851223  entropy = 12.7869645789
    sigma = 0.005  Optimized mu_beta  = -0.299381744758  entropy = 12.7869645789
    Total E(T) = -12115.1423833783  Free energy = -12115.2063182012  E0 = -12115.1743507897
Extra cycle  E= -12115.1423833783  delta_E= 0.036  |g|= 0.233  |ddm|=  882
converged SCF energy = -12115.1423833783  <S^2> = 2.013293  2S+1 = 3.008849
[timing] right/Al ensemble SCF = 1144.5s
[timing] collect state = 0.0s
[timing] grad contraction = 1.6s
Npdft 666.0000340001018
[timing] checkpoint save = 0.0s
step=   6 L=-12265.86948650 Ef=-12265.87327155 L1=1.22891108e+00 |grad|=2.30322e-02 t=1361.1s
[phase2 outer 3] previous L = -12265.87844498
[phase2 outer 3] new L = -12265.86948650
[phase2 outer 3] dL = 8.95848239e-03
[phase2 outer 3] previous Ef = -12265.88208725
[phase2 outer 3] new Ef = -12265.87327155
[phase2 outer 3] dEf = 8.81570049e-03
[phase2 outer 3] |db| = 1.51388e-02
[phase2 outer 3] |grad| = 2.30322e-02
[phase2 outer 3] raw_step_norm=1.513883e-02 capped_step_norm=1.513883e-02 raw_max_abs_step=1.641527e-03 capped_max_abs_step=1.641527e-03 step_cap=6.000000e-02 line_search_alpha=n/a
[phase2 outer 3] res.fun = 12265.86948650
[phase2 outer 3] res.message = STOP: TOTAL NO. of ITERATIONS REACHED LIMIT
[phase2 outer 3] finished message=STOP: TOTAL NO. of ITERATIONS REACHED LIMIT |b|=2.119136e-01
[phase2 outer 4] start |b|=2.119136e-01 max|b|=1.723603e-02 delta=1.642e-03
[diagnostic] step=7 |b|=2.119136e-01 max|b|=1.723603e-02
[timing] build AO Vp from S3 = 1.6s
[diagnostic] |vpl|=1.722208e-01 max|vpl|=1.530631e-02
[diagnostic] |vpr|=3.464191e-01 max|vpr|=1.523292e-02
[diagnostic] |vpref|=3.645027e-01 max|vpref|=1.530643e-02
dm0 check [[[ 1.51511371e-09  2.24391580e-08  1.89789887e-07 ... -1.14719069e-07
    7.42477006e-07  6.64944054e-08]
  [ 2.24391580e-08  3.34444508e-07  2.75067329e-06 ... -1.77767227e-06
    1.10110590e-05  1.04758010e-06]
  [ 1.89789887e-07  2.75067329e-06  2.57237857e-05 ... -1.02770025e-05
    9.27869319e-05  4.99877429e-06]
  ...
  [-1.14719069e-07 -1.77767227e-06 -1.02770025e-05 ...  2.27166703e-04
    1.81897077e-06 -1.91352282e-04]
  [ 7.42477006e-07  1.10110590e-05  9.27869319e-05 ...  1.81897077e-06
    4.79980259e-04 -1.62432551e-06]
  [ 6.64944054e-08  1.04758010e-06  4.99877429e-06 ... -1.91352282e-04
   -1.62432551e-06  6.55604917e-04]]

 [[ 2.14412331e-09  3.18475813e-08  2.65523732e-07 ... -7.48707309e-08
    1.03578263e-06  2.38439329e-08]
  [ 3.18475813e-08  4.74248164e-07  3.91397240e-06 ... -9.93114326e-07
    1.53190777e-05  2.50156711e-07]
  [ 2.65523732e-07  3.91397240e-06  3.37625569e-05 ... -1.10142968e-05
    1.30901555e-04  4.52868971e-06]
  ...
  [-7.48707309e-08 -9.93114326e-07 -1.10142968e-05 ...  2.49604192e-04
    2.27939038e-06 -2.10130211e-04]
  [ 1.03578263e-06  1.53190777e-05  1.30901555e-04 ...  2.27939038e-06
    5.52938935e-04 -2.04467318e-06]
  [ 2.38439329e-08  2.50156711e-07  4.52868971e-06 ... -2.10130211e-04
   -2.04467318e-06  7.46013492e-04]]]
converged SCF energy = -150.226693714539  <S^2> = 2.0045398  2S+1 = 3.003025
dm0 check [[[ 1.14641743e-09  1.70872016e-08  1.38754795e-07 ... -8.06220413e-08
    6.25416970e-07  4.56939038e-08]
  [ 1.70872016e-08  2.56088311e-07  2.02954148e-06 ... -1.06184704e-06
    9.18282865e-06  7.18422805e-07]
  [ 1.38754795e-07  2.02954148e-06  1.80708409e-05 ... -1.26948103e-05
    8.12953043e-05  3.19903514e-06]
  ...
  [-8.06220413e-08 -1.06184704e-06 -1.26948103e-05 ...  2.39057533e-04
   -1.61662264e-06 -1.68275226e-04]
  [ 6.25416970e-07  9.18282865e-06  8.12953043e-05 ... -1.61662264e-06
    4.44995820e-04 -4.06039411e-06]
  [ 4.56939038e-08  7.18422805e-07  3.19903514e-06 ... -1.68275226e-04
   -4.06039411e-06  5.95723545e-04]]

 [[ 2.53044811e-08  3.85062148e-07  2.83136626e-06 ... -1.48569177e-07
    1.05892141e-07  7.43850887e-08]
  [ 3.85062148e-07  5.86095441e-06  4.30473626e-05 ... -2.17968487e-06
    1.18322372e-06  1.05281906e-06]
  [ 2.83136626e-06  4.30473626e-05  3.18001967e-04 ... -1.75092932e-05
    2.68730217e-05  9.39007715e-06]
  ...
  [-1.48569177e-07 -2.17968487e-06 -1.75092932e-05 ...  2.30571790e-04
    2.08841136e-07 -1.91671315e-04]
  [ 1.05892141e-07  1.18322372e-06  2.68730217e-05 ...  2.08841136e-07
    4.63239567e-04 -3.50241762e-06]
  [ 7.43850887e-08  1.05281906e-06  9.39007715e-06 ... -1.91671315e-04
   -3.50241762e-06  6.49570878e-04]]]
converged SCF energy = -150.244985829827  <S^2> = 0.92979832  2S+1 = 2.1723704
[timing] left/O ensemble SCF = 16.7s
dm0 check [[ 3.79539485e-01  6.12228853e-01 -1.25222592e-01 ...  8.64490628e-07
  -7.73308386e-07 -2.11583770e-06]
 [ 6.12228853e-01  1.01515613e+00 -3.34045935e-01 ...  3.03379693e-06
  -2.88283344e-06 -6.28310495e-06]
 [-1.25222592e-01 -3.34045935e-01  6.75250574e-01 ... -6.76922679e-06
   6.85234759e-06  1.51012154e-05]
 ...
 [ 8.64490628e-07  3.03379693e-06 -6.76922679e-06 ...  9.12222041e-07
  -2.51895423e-07  5.23963071e-08]
 [-7.73308386e-07 -2.88283344e-06  6.85234759e-06 ... -2.51895423e-07
   5.65368392e-07  7.72248189e-08]
 [-2.11583770e-06 -6.28310495e-06  1.51012154e-05 ...  5.23963071e-08
   7.72248189e-08  2.82943654e-07]]


******** <class 'pyscf.scf.addons.SmearingDFRKS'> ********
method = SmearingDFRKS
initial guess = minao
damping factor = 0.15
level_shift factor = 0.2
DIIS = <class 'pyscf.scf.diis.CDIIS'>
diis_start_cycle = 1
diis_space = 12
diis_damp = 0
SCF conv_tol = 5e-05
SCF conv_tol_grad = None
SCF max_cycles = 200
direct_scf = True
direct_scf_tol = 1e-13
chkfile to save SCF result = /tmp/tmpd0og41ld
max_memory 4000 MB (current use 87381 MB)
XC library pyscf.dft.libxc version 6.1.0
    S. Lehtola, C. Steigemann, M. J.T. Oliveira, and M. A.L. Marques.,  SoftwareX 7, 1–5 (2018)
XC functionals = pbe
    J. P. Perdew, K. Burke, and M. Ernzerhof.,  Phys. Rev. Lett. 77, 3865 (1996)
    J. P. Perdew, K. Burke, and M. Ernzerhof.,  Phys. Rev. Lett. 78, 1396 (1997)
    J. P. Perdew, K. Burke, and M. Ernzerhof.,  Phys. Rev. Lett. 77, 3865 (1996)
    J. P. Perdew, K. Burke, and M. Ernzerhof.,  Phys. Rev. Lett. 78, 1396 (1997)
small_rho_cutoff = 1e-06
Set gradient conv threshold to 0.00707107
    Total E(T) = -12115.6230333225  Free energy = -12116.6427644318  E0 = -12116.1328988771
init E= -12115.6230333225
    sigma = 0.02  Optimized mu = -0.051704843904  entropy = 1.49735304691
    Total E(T) = -12115.623021411  Free energy = -12115.6529684719  E0 = -12115.6379949415
cycle= 1 E= -12115.623021411  delta_E= 1.19e-05  |g|= 0.0211  |ddm|= 19.1
    sigma = 0.02  Optimized mu = -0.0519430554049  entropy = 1.49652455596
    Total E(T) = -12115.6228898897  Free energy = -12115.6528203808  E0 = -12115.6378551352
cycle= 2 E= -12115.6228898897  delta_E= 0.000132  |g|= 0.0713  |ddm|= 73.4
    sigma = 0.02  Optimized mu = -0.0517757700456  entropy = 1.49698826992
    Total E(T) = -12115.6229723167  Free energy = -12115.6529120821  E0 = -12115.6379421994
cycle= 3 E= -12115.6229723167  delta_E= -8.24e-05  |g|= 0.0371  |ddm|= 28.2
    sigma = 0.02  Optimized mu = -0.0517694435085  entropy = 1.49703992633
    Total E(T) = -12115.6230059499  Free energy = -12115.6529467484  E0 = -12115.6379763491
cycle= 4 E= -12115.6230059499  delta_E= -3.36e-05  |g|= 0.0248  |ddm|=   12
    sigma = 0.02  Optimized mu = -0.0517656011491  entropy = 1.49705981413
    Total E(T) = -12115.6230210229  Free energy = -12115.6529622192  E0 = -12115.637991621
cycle= 5 E= -12115.6230210229  delta_E= -1.51e-05  |g|= 0.0169  |ddm|= 6.81
    sigma = 0.02  Optimized mu = -0.0517677925476  entropy = 1.49704513178
    Total E(T) = -12115.6230281793  Free energy = -12115.6529690819  E0 = -12115.6379986306
cycle= 6 E= -12115.6230281793  delta_E= -7.16e-06  |g|= 0.0116  |ddm|= 4.26
    sigma = 0.02  Optimized mu = -0.0517642293744  entropy = 1.49706565919
    Total E(T) = -12115.6230314416  Free energy = -12115.6529727548  E0 = -12115.6380020982
cycle= 7 E= -12115.6230314416  delta_E= -3.26e-06  |g|= 0.00827  |ddm|= 2.92
    sigma = 0.02  Optimized mu = -0.0517661364778  entropy = 1.49705862064
    Total E(T) = -12115.6230331166  Free energy = -12115.652974289  E0 = -12115.6380037028
cycle= 8 E= -12115.6230331166  delta_E= -1.67e-06  |g|= 0.00574  |ddm|= 1.91
    sigma = 0.02  Optimized mu = -0.151667847889  entropy = 50.9866171242
    Total E(T) = -12115.0952946628  Free energy = -12116.1150270053  E0 = -12115.605160834
Extra cycle  E= -12115.0952946628  delta_E= 0.528  |g|= 0.41  |ddm|= 4.12e+03
converged SCF energy = -12115.0952946628
dm0 check [[[ 1.89791288e-01  3.06172158e-01 -6.27467654e-02 ...  3.48345008e-07
   -3.76022011e-07 -1.09468708e-06]
  [ 3.06172158e-01  5.07731574e-01 -1.67381263e-01 ...  1.29222053e-06
   -1.41300482e-06 -3.24017021e-06]
  [-6.27467654e-02 -1.67381263e-01  3.38453306e-01 ... -2.85097285e-06
    3.36000478e-06  7.78079352e-06]
  ...
  [ 3.48345008e-07  1.29222053e-06 -2.85097285e-06 ...  4.82500935e-07
   -1.30285400e-07  2.45391847e-08]
  [-3.76022011e-07 -1.41300482e-06  3.36000478e-06 ... -1.30285400e-07
    2.89095744e-07  4.24386831e-08]
  [-1.09468708e-06 -3.24017021e-06  7.78079352e-06 ...  2.45391847e-08
    4.24386831e-08  1.51168900e-07]]

 [[ 1.89771424e-01  3.06117860e-01 -6.26239676e-02 ...  5.88050260e-07
   -3.50589408e-07 -9.83586982e-07]
  [ 3.06117860e-01  5.07586554e-01 -1.67057660e-01 ...  1.93613227e-06
   -1.34269737e-06 -2.94066098e-06]
  [-6.26239676e-02 -1.67057660e-01  3.37734059e-01 ... -4.38506360e-06
    3.17529349e-06  7.05732617e-06]
  ...
  [ 5.88050260e-07  1.93613227e-06 -4.38506360e-06 ...  4.66997816e-07
   -1.32644359e-07  2.77090615e-08]
  [-3.50589408e-07 -1.34269737e-06  3.17529349e-06 ... -1.32644359e-07
    2.88685405e-07  4.05624588e-08]
  [-9.83586982e-07 -2.94066098e-06  7.05732617e-06 ...  2.77090615e-08
    4.05624588e-08  1.42621578e-07]]]


******** <class 'pyscf.scf.addons.SmearingDFUKS'> ********
method = SmearingDFUKS
initial guess = minao
damping factor = 0.15
level_shift factor = 0.2
DIIS = <class 'pyscf.scf.diis.CDIIS'>
diis_start_cycle = 1
diis_space = 12
diis_damp = 0
SCF conv_tol = 5e-05
SCF conv_tol_grad = None
SCF max_cycles = 200
direct_scf = True
direct_scf_tol = 1e-13
chkfile to save SCF result = /tmp/tmpmbdbfc33
max_memory 4000 MB (current use 87381 MB)
number electrons alpha = 325  beta = 323
XC library pyscf.dft.libxc version 6.1.0
    S. Lehtola, C. Steigemann, M. J.T. Oliveira, and M. A.L. Marques.,  SoftwareX 7, 1–5 (2018)
XC functionals = pbe
    J. P. Perdew, K. Burke, and M. Ernzerhof.,  Phys. Rev. Lett. 77, 3865 (1996)
    J. P. Perdew, K. Burke, and M. Ernzerhof.,  Phys. Rev. Lett. 78, 1396 (1997)
    J. P. Perdew, K. Burke, and M. Ernzerhof.,  Phys. Rev. Lett. 77, 3865 (1996)
    J. P. Perdew, K. Burke, and M. Ernzerhof.,  Phys. Rev. Lett. 78, 1396 (1997)
small_rho_cutoff = 1e-06
Set gradient conv threshold to 0.00707107
    Total E(T) = -12115.1783859595  Free energy = -12115.2423207824  E0 = -12115.2103533709
init E= -12115.1783859595
    sigma = 0.005  Optimized mu_alpha = -0.196891210632  entropy = 3.25951894801e-07
    sigma = 0.005  Optimized mu_beta  = -0.199499664054  entropy = 3.25951894801e-07
    Total E(T) = -12115.1783757995  Free energy = -12115.1783758011  E0 = -12115.1783758003
cycle= 1 E= -12115.1783757995  delta_E= 1.02e-05  |g|= 0.0269  |ddm|= 16.2
    sigma = 0.005  Optimized mu_alpha = -0.19706682072  entropy = 3.24670883638e-07
    sigma = 0.005  Optimized mu_beta  = -0.199691524192  entropy = 3.24670883638e-07
    Total E(T) = -12115.1782734785  Free energy = -12115.1782734801  E0 = -12115.1782734793
cycle= 2 E= -12115.1782734785  delta_E= 0.000102  |g|= 0.0849  |ddm|= 54.8
    sigma = 0.005  Optimized mu_alpha = -0.196938532449  entropy = 3.25494904936e-07
    sigma = 0.005  Optimized mu_beta  = -0.199551370483  entropy = 3.25494904936e-07
    Total E(T) = -12115.1783401637  Free energy = -12115.1783401653  E0 = -12115.1783401645
cycle= 3 E= -12115.1783401637  delta_E= -6.67e-05  |g|= 0.0424  |ddm|= 19.8
    sigma = 0.005  Optimized mu_alpha = -0.196938161152  entropy = 3.25528557113e-07
    sigma = 0.005  Optimized mu_beta  = -0.199550554913  entropy = 3.25528557113e-07
    Total E(T) = -12115.1783675211  Free energy = -12115.1783675227  E0 = -12115.1783675219
cycle= 4 E= -12115.1783675211  delta_E= -2.74e-05  |g|= 0.027  |ddm|= 9.08
    sigma = 0.005  Optimized mu_alpha = -0.196933455863  entropy = 3.25554670623e-07
    sigma = 0.005  Optimized mu_beta  = -0.19954545886  entropy = 3.25554670623e-07
    Total E(T) = -12115.1783787496  Free energy = -12115.1783787512  E0 = -12115.1783787504
cycle= 5 E= -12115.1783787496  delta_E= -1.12e-05  |g|= 0.0178  |ddm|= 5.41
    sigma = 0.005  Optimized mu_alpha = -0.196935705518  entropy = 3.25543228561e-07
    sigma = 0.005  Optimized mu_beta  = -0.199547821936  entropy = 3.25543228561e-07
    Total E(T) = -12115.1783836825  Free energy = -12115.1783836841  E0 = -12115.1783836833
cycle= 6 E= -12115.1783836825  delta_E= -4.93e-06  |g|= 0.0114  |ddm|= 3.15
    sigma = 0.005  Optimized mu_alpha = -0.196937224621  entropy = 3.25527426502e-07
    sigma = 0.005  Optimized mu_beta  = -0.199549592426  entropy = 3.25527426502e-07
    Total E(T) = -12115.1783856877  Free energy = -12115.1783856893  E0 = -12115.1783856885
cycle= 7 E= -12115.1783856877  delta_E= -2.01e-06  |g|= 0.00809  |ddm|= 2.36
    sigma = 0.005  Optimized mu_alpha = -0.196937596092  entropy = 3.25517208845e-07
    sigma = 0.005  Optimized mu_beta  = -0.199550063092  entropy = 3.25517208845e-07
    Total E(T) = -12115.1783865676  Free energy = -12115.1783865692  E0 = -12115.1783865684
cycle= 8 E= -12115.1783865676  delta_E= -8.8e-07  |g|= 0.00571  |ddm|= 1.43
    sigma = 0.005  Optimized mu_alpha = -0.296486358049  entropy = 12.785409445
    sigma = 0.005  Optimized mu_beta  = -0.299401948113  entropy = 12.785409445
    Total E(T) = -12115.1425666249  Free energy = -12115.2064936722  E0 = -12115.1745301486
Extra cycle  E= -12115.1425666249  delta_E= 0.0358  |g|= 0.22  |ddm|=  879
converged SCF energy = -12115.1425666249  <S^2> = 2.0133013  2S+1 = 3.0088545
[timing] right/Al ensemble SCF = 1079.4s
[timing] collect state = 0.0s
[timing] grad contraction = 1.7s
Npdft 666.0000339991013
[timing] checkpoint save = 0.0s
step=   7 L=-12265.86936230 Ef=-12265.87314412 L1=1.22847768e+00 |grad|=2.30247e-02 t=1299.6s
[diagnostic] step=8 |b|=2.258612e-01 max|b|=1.887756e-02
[timing] build AO Vp from S3 = 3.2s
[diagnostic] |vpl|=1.849744e-01 max|vpl|=1.686323e-02
[diagnostic] |vpr|=3.666680e-01 max|vpr|=1.608627e-02
[diagnostic] |vpref|=3.865951e-01 max|vpref|=1.686277e-02
dm0 check [[[ 1.51511399e-09  2.24391602e-08  1.89789927e-07 ... -1.14718975e-07
    7.42476756e-07  6.64943181e-08]
  [ 2.24391602e-08  3.34444494e-07  2.75067383e-06 ... -1.77767069e-06
    1.10110565e-05  1.04757854e-06]
  [ 1.89789927e-07  2.75067383e-06  2.57237915e-05 ... -1.02769898e-05
    9.27868942e-05  4.99876289e-06]
  ...
  [-1.14718975e-07 -1.77767069e-06 -1.02769898e-05 ...  2.27166744e-04
    1.81897129e-06 -1.91352316e-04]
  [ 7.42476756e-07  1.10110565e-05  9.27868942e-05 ...  1.81897129e-06
    4.79980277e-04 -1.62432527e-06]
  [ 6.64943181e-08  1.04757854e-06  4.99876289e-06 ... -1.91352316e-04
   -1.62432527e-06  6.55604965e-04]]

 [[ 2.14412356e-09  3.18475848e-08  2.65523736e-07 ... -7.48705613e-08
    1.03578255e-06  2.38437860e-08]
  [ 3.18475848e-08  4.74248197e-07  3.91397265e-06 ... -9.93113146e-07
    1.53190770e-05  2.50155643e-07]
  [ 2.65523736e-07  3.91397265e-06  3.37625563e-05 ... -1.10142854e-05
    1.30901539e-04  4.52867998e-06]
  ...
  [-7.48705613e-08 -9.93113146e-07 -1.10142854e-05 ...  2.49604220e-04
    2.27939078e-06 -2.10130235e-04]
  [ 1.03578255e-06  1.53190770e-05  1.30901539e-04 ...  2.27939078e-06
    5.52938839e-04 -2.04467291e-06]
  [ 2.38437860e-08  2.50155643e-07  4.52867998e-06 ... -2.10130235e-04
   -2.04467291e-06  7.46013414e-04]]]
converged SCF energy = -150.22669371454  <S^2> = 2.0045398  2S+1 = 3.003025
dm0 check [[[ 1.14639704e-09  1.70868620e-08  1.38752864e-07 ... -8.06194819e-08
    6.25411557e-07  4.56925620e-08]
  [ 1.70868620e-08  2.56082651e-07  2.02950943e-06 ... -1.06182238e-06
    9.18273934e-06  7.18405989e-07]
  [ 1.38752864e-07  2.02950943e-06  1.80706598e-05 ... -1.26946790e-05
    8.12945738e-05  3.19890360e-06]
  ...
  [-8.06194819e-08 -1.06182238e-06 -1.26946790e-05 ...  2.39058933e-04
   -1.61653275e-06 -1.68275032e-04]
  [ 6.25411557e-07  9.18273934e-06  8.12945738e-05 ... -1.61653275e-06
    4.44994430e-04 -4.06021994e-06]
  [ 4.56925620e-08  7.18405989e-07  3.19890360e-06 ... -1.68275032e-04
   -4.06021994e-06  5.95721952e-04]]

 [[ 2.53031997e-08  3.85042754e-07  2.83122721e-06 ... -1.48564193e-07
    1.05902230e-07  7.43841170e-08]
  [ 3.85042754e-07  5.86066079e-06  4.30452600e-05 ... -2.17962406e-06
    1.18338844e-06  1.05281892e-06]
  [ 2.83122721e-06  4.30452600e-05  3.17986904e-04 ... -1.75087903e-05
    2.68740692e-05  9.39002488e-06]
  ...
  [-1.48564193e-07 -2.17962406e-06 -1.75087903e-05 ...  2.30571680e-04
    2.08936431e-07 -1.91671182e-04]
  [ 1.05902230e-07  1.18338844e-06  2.68740692e-05 ...  2.08936431e-07
    4.63237722e-04 -3.50219925e-06]
  [ 7.43841170e-08  1.05281892e-06  9.39002488e-06 ... -1.91671182e-04
   -3.50219925e-06  6.49568692e-04]]]
converged SCF energy = -150.244985829833  <S^2> = 0.92980241  2S+1 = 2.1723742
[timing] left/O ensemble SCF = 12.6s
dm0 check [[ 3.79539465e-01  6.12228805e-01 -1.25222464e-01 ...  8.65086377e-07
  -7.73235031e-07 -2.11606802e-06]
 [ 6.12228805e-01  1.01515600e+00 -3.34045602e-01 ...  3.03540366e-06
  -2.88263557e-06 -6.28372530e-06]
 [-1.25222464e-01 -3.34045602e-01  6.75249753e-01 ... -6.77311012e-06
   6.85186644e-06  1.51026977e-05]
 ...
 [ 8.65086377e-07  3.03540366e-06 -6.77311012e-06 ...  9.12277035e-07
  -2.51918078e-07  5.24109207e-08]
 [-7.73235031e-07 -2.88263557e-06  6.85186644e-06 ... -2.51918078e-07
   5.65371138e-07  7.72334797e-08]
 [-2.11606802e-06 -6.28372530e-06  1.51026977e-05 ...  5.24109207e-08
   7.72334797e-08  2.82945658e-07]]


******** <class 'pyscf.scf.addons.SmearingDFRKS'> ********
method = SmearingDFRKS
initial guess = minao
damping factor = 0.15
level_shift factor = 0.2
DIIS = <class 'pyscf.scf.diis.CDIIS'>
diis_start_cycle = 1
diis_space = 12
diis_damp = 0
SCF conv_tol = 5e-05
SCF conv_tol_grad = None
SCF max_cycles = 200
direct_scf = True
direct_scf_tol = 1e-13
chkfile to save SCF result = /tmp/tmpd0og41ld
max_memory 4000 MB (current use 87299 MB)
XC library pyscf.dft.libxc version 6.1.0
    S. Lehtola, C. Steigemann, M. J.T. Oliveira, and M. A.L. Marques.,  SoftwareX 7, 1–5 (2018)
XC functionals = pbe
    J. P. Perdew, K. Burke, and M. Ernzerhof.,  Phys. Rev. Lett. 77, 3865 (1996)
    J. P. Perdew, K. Burke, and M. Ernzerhof.,  Phys. Rev. Lett. 78, 1396 (1997)
    J. P. Perdew, K. Burke, and M. Ernzerhof.,  Phys. Rev. Lett. 77, 3865 (1996)
    J. P. Perdew, K. Burke, and M. Ernzerhof.,  Phys. Rev. Lett. 78, 1396 (1997)
small_rho_cutoff = 1e-06
Set gradient conv threshold to 0.00707107
    Total E(T) = -12115.5670194334  Free energy = -12116.5867517758  E0 = -12116.0768856046
init E= -12115.5670194334
    sigma = 0.02  Optimized mu = -0.0516494401451  entropy = 1.49838969256
    Total E(T) = -12115.5669804278  Free energy = -12115.5969482217  E0 = -12115.5819643247
cycle= 1 E= -12115.5669804278  delta_E= 3.9e-05  |g|= 0.0387  |ddm|= 28.5
    sigma = 0.02  Optimized mu = -0.0521341630403  entropy = 1.49706930722
    Total E(T) = -12115.5665323907  Free energy = -12115.5964737768  E0 = -12115.5815030838
cycle= 2 E= -12115.5665323907  delta_E= 0.000448  |g|= 0.128  |ddm|=  137
    sigma = 0.02  Optimized mu = -0.0518020150191  entropy = 1.49758977093
    Total E(T) = -12115.566822189  Free energy = -12115.5967739844  E0 = -12115.5817980867
cycle= 3 E= -12115.566822189  delta_E= -0.00029  |g|= 0.0644  |ddm|= 55.4
    sigma = 0.02  Optimized mu = -0.0517870587695  entropy = 1.4976742794
    Total E(T) = -12115.566938876  Free energy = -12115.5968923616  E0 = -12115.5819156188
cycle= 4 E= -12115.566938876  delta_E= -0.000117  |g|= 0.0416  |ddm|= 22.9
    sigma = 0.02  Optimized mu = -0.0517759251208  entropy = 1.49771990119
    Total E(T) = -12115.566989203  Free energy = -12115.5969436011  E0 = -12115.581966402
cycle= 5 E= -12115.566989203  delta_E= -5.03e-05  |g|= 0.0268  |ddm|= 12.6
    sigma = 0.02  Optimized mu = -0.0517817659605  entropy = 1.4976641532
    Total E(T) = -12115.5670106487  Free energy = -12115.5969639318  E0 = -12115.5819872903
cycle= 6 E= -12115.5670106487  delta_E= -2.14e-05  |g|= 0.018  |ddm|= 8.91
    sigma = 0.02  Optimized mu = -0.0517828392524  entropy = 1.49766312346
    Total E(T) = -12115.5670199321  Free energy = -12115.5969731946  E0 = -12115.5819965634
cycle= 7 E= -12115.5670199321  delta_E= -9.28e-06  |g|= 0.0121  |ddm|= 5.18
    sigma = 0.02  Optimized mu = -0.0517799776777  entropy = 1.49767583755
    Total E(T) = -12115.5670241138  Free energy = -12115.5969776305  E0 = -12115.5820008722
cycle= 8 E= -12115.5670241138  delta_E= -4.18e-06  |g|= 0.00805  |ddm|= 3.24
    sigma = 0.02  Optimized mu = -0.0517862287738  entropy = 1.49764680698
    Total E(T) = -12115.567026054  Free energy = -12115.5969789902  E0 = -12115.5820025221
cycle= 9 E= -12115.567026054  delta_E= -1.94e-06  |g|= 0.0052  |ddm|= 2.98
    sigma = 0.02  Optimized mu = -0.151670338752  entropy = 50.9880139194
    Total E(T) = -12115.0392601495  Free energy = -12116.0590204278  E0 = -12115.5491402887
Extra cycle  E= -12115.0392601495  delta_E= 0.528  |g|= 0.41  |ddm|= 4.12e+03
converged SCF energy = -12115.0392601495
dm0 check [[[ 1.89791290e-01  3.06172163e-01 -6.27467937e-02 ...  3.48494606e-07
   -3.76018119e-07 -1.09490758e-06]
  [ 3.06172163e-01  5.07731587e-01 -1.67381342e-01 ...  1.29262167e-06
   -1.41299429e-06 -3.24076463e-06]
  [-6.27467937e-02 -1.67381342e-01  3.38453581e-01 ... -2.85192554e-06
    3.35998104e-06  7.78223352e-06]
  ...
  [ 3.48494606e-07  1.29262167e-06 -2.85192554e-06 ...  4.82509205e-07
   -1.30272502e-07  2.45583520e-08]
  [-3.76018119e-07 -1.41299429e-06  3.35998104e-06 ... -1.30272502e-07
    2.89050043e-07  4.24344317e-08]
  [-1.09490758e-06 -3.24076463e-06  7.78223352e-06 ...  2.45583520e-08
    4.24344317e-08  1.51157797e-07]]

 [[ 1.89771422e-01  3.06117853e-01 -6.26239649e-02 ...  5.87995633e-07
   -3.50934941e-07 -9.83536168e-07]
  [ 3.06117853e-01  5.07586534e-01 -1.67057653e-01 ...  1.93598444e-06
   -1.34363044e-06 -2.94052323e-06]
  [-6.26239649e-02 -1.67057653e-01  3.37734106e-01 ... -4.38470645e-06
    3.17756402e-06  7.05699033e-06]
  ...
  [ 5.87995633e-07  1.93598444e-06 -4.38470645e-06 ...  4.67005266e-07
   -1.32619478e-07  2.77261158e-08]
  [-3.50934941e-07 -1.34363044e-06  3.17756402e-06 ... -1.32619478e-07
    2.88640649e-07  4.05601468e-08]
  [-9.83536168e-07 -2.94052323e-06  7.05699033e-06 ...  2.77261158e-08
    4.05601468e-08  1.42611195e-07]]]


******** <class 'pyscf.scf.addons.SmearingDFUKS'> ********
method = SmearingDFUKS
initial guess = minao
damping factor = 0.15
level_shift factor = 0.2
DIIS = <class 'pyscf.scf.diis.CDIIS'>
diis_start_cycle = 1
diis_space = 12
diis_damp = 0
SCF conv_tol = 5e-05
SCF conv_tol_grad = None
SCF max_cycles = 200
direct_scf = True
direct_scf_tol = 1e-13
chkfile to save SCF result = /tmp/tmpmbdbfc33
max_memory 4000 MB (current use 87318 MB)
number electrons alpha = 325  beta = 323
XC library pyscf.dft.libxc version 6.1.0
    S. Lehtola, C. Steigemann, M. J.T. Oliveira, and M. A.L. Marques.,  SoftwareX 7, 1–5 (2018)
XC functionals = pbe
    J. P. Perdew, K. Burke, and M. Ernzerhof.,  Phys. Rev. Lett. 77, 3865 (1996)
    J. P. Perdew, K. Burke, and M. Ernzerhof.,  Phys. Rev. Lett. 78, 1396 (1997)
    J. P. Perdew, K. Burke, and M. Ernzerhof.,  Phys. Rev. Lett. 77, 3865 (1996)
    J. P. Perdew, K. Burke, and M. Ernzerhof.,  Phys. Rev. Lett. 78, 1396 (1997)
small_rho_cutoff = 1e-06
Set gradient conv threshold to 0.00707107
    Total E(T) = -12115.1224271337  Free energy = -12115.1863541809  E0 = -12115.1543906573
init E= -12115.1224271337
    sigma = 0.005  Optimized mu_alpha = -0.196861017959  entropy = 3.27077652286e-07
    sigma = 0.005  Optimized mu_beta  = -0.199460832945  entropy = 3.27077652286e-07
    Total E(T) = -12115.1224035375  Free energy = -12115.1224035392  E0 = -12115.1224035383
cycle= 1 E= -12115.1224035375  delta_E= 2.36e-05  |g|= 0.0437  |ddm|= 18.1
    sigma = 0.005  Optimized mu_alpha = -0.19717300487  entropy = 3.2526897279e-07
    sigma = 0.005  Optimized mu_beta  = -0.199798310931  entropy = 3.2526897279e-07
    Total E(T) = -12115.12214444  Free energy = -12115.1221444416  E0 = -12115.1221444408
cycle= 2 E= -12115.12214444  delta_E= 0.000259  |g|= 0.136  |ddm|= 82.2
    sigma = 0.005  Optimized mu_alpha = -0.196964154584  entropy = 3.26204931213e-07
    sigma = 0.005  Optimized mu_beta  = -0.199570936962  entropy = 3.26204931213e-07
    Total E(T) = -12115.1223131608  Free energy = -12115.1223131625  E0 = -12115.1223131616
cycle= 3 E= -12115.1223131608  delta_E= -0.000169  |g|= 0.0679  |ddm|= 32.6
    sigma = 0.005  Optimized mu_alpha = -0.196960135166  entropy = 3.26248477204e-07
    sigma = 0.005  Optimized mu_beta  = -0.199566248428  entropy = 3.26248477204e-07
    Total E(T) = -12115.1223845098  Free energy = -12115.1223845115  E0 = -12115.1223845107
cycle= 4 E= -12115.1223845098  delta_E= -7.13e-05  |g|= 0.0423  |ddm|= 13.9
    sigma = 0.005  Optimized mu_alpha = -0.196942672497  entropy = 3.26272102937e-07
    sigma = 0.005  Optimized mu_beta  = -0.199548288369  entropy = 3.26272102937e-07
    Total E(T) = -12115.122413813  Free energy = -12115.1224138147  E0 = -12115.1224138138
cycle= 5 E= -12115.122413813  delta_E= -2.93e-05  |g|= 0.027  |ddm|= 7.94
    sigma = 0.005  Optimized mu_alpha = -0.196954846067  entropy = 3.26209870233e-07
    sigma = 0.005  Optimized mu_beta  = -0.199561023595  entropy = 3.26209870233e-07
    Total E(T) = -12115.1224259751  Free energy = -12115.1224259767  E0 = -12115.1224259759
cycle= 6 E= -12115.1224259751  delta_E= -1.22e-05  |g|= 0.0168  |ddm|= 4.86
    sigma = 0.005  Optimized mu_alpha = -0.196953915684  entropy = 3.26209857646e-07
    sigma = 0.005  Optimized mu_beta  = -0.199560024724  entropy = 3.26209857646e-07
    Total E(T) = -12115.1224308422  Free energy = -12115.1224308438  E0 = -12115.122430843
cycle= 7 E= -12115.1224308422  delta_E= -4.87e-06  |g|= 0.0109  |ddm|= 3.35
    sigma = 0.005  Optimized mu_alpha = -0.196954912546  entropy = 3.26181996728e-07
    sigma = 0.005  Optimized mu_beta  = -0.199561280585  entropy = 3.26181996728e-07
    Total E(T) = -12115.1224328952  Free energy = -12115.1224328968  E0 = -12115.122432896
cycle= 8 E= -12115.1224328952  delta_E= -2.05e-06  |g|= 0.00641  |ddm|= 2.06
    sigma = 0.005  Optimized mu_alpha = -0.296485803197  entropy = 12.790234728
    sigma = 0.005  Optimized mu_beta  = -0.299398179381  entropy = 12.790234728
    Total E(T) = -12115.0864640564  Free energy = -12115.1504152301  E0 = -12115.1184396433
Extra cycle  E= -12115.0864640564  delta_E= 0.036  |g|= 0.233  |ddm|=  883
converged SCF energy = -12115.0864640564  <S^2> = 2.0133236  2S+1 = 3.0088693
[timing] right/Al ensemble SCF = 1131.9s
[timing] collect state = 0.0s
[timing] grad contraction = 1.6s
Npdft 666.000033998628
[timing] checkpoint save = 0.0s
step=   8 L=-12265.85928858 Ef=-12265.86321283 L1=1.20575376e+00 |grad|=2.26029e-02 t=1349.4s
[phase2 outer 4] previous L = -12265.86948650
[phase2 outer 4] new L = -12265.85928858
[phase2 outer 4] dL = 1.01979198e-02
[phase2 outer 4] previous Ef = -12265.87327155
[phase2 outer 4] new Ef = -12265.86321283
[phase2 outer 4] dEf = 1.00587220e-02
[phase2 outer 4] |db| = 1.46399e-02
[phase2 outer 4] |grad| = 2.26029e-02
[phase2 outer 4] raw_step_norm=1.463989e-02 capped_step_norm=1.463989e-02 raw_max_abs_step=1.641527e-03 capped_max_abs_step=1.641527e-03 step_cap=6.000000e-02 line_search_alpha=n/a
[phase2 outer 4] res.fun = 12265.85928858
[phase2 outer 4] res.message = STOP: TOTAL NO. of ITERATIONS REACHED LIMIT
[phase2 outer 4] finished message=STOP: TOTAL NO. of ITERATIONS REACHED LIMIT |b|=2.258612e-01
[phase2 outer 5] start |b|=2.258612e-01 max|b|=1.887756e-02 delta=1.642e-03
[diagnostic] step=9 |b|=2.258612e-01 max|b|=1.887756e-02
[timing] build AO Vp from S3 = 1.7s
[diagnostic] |vpl|=1.849744e-01 max|vpl|=1.686323e-02
[diagnostic] |vpr|=3.666680e-01 max|vpr|=1.608627e-02
[diagnostic] |vpref|=3.865951e-01 max|vpref|=1.686277e-02
dm0 check [[[ 1.51511375e-09  2.24391589e-08  1.89789892e-07 ... -1.14719075e-07
    7.42477043e-07  6.64944109e-08]
  [ 2.24391589e-08  3.34444525e-07  2.75067336e-06 ... -1.77767242e-06
    1.10110595e-05  1.04758023e-06]
  [ 1.89789892e-07  2.75067336e-06  2.57237862e-05 ... -1.02770036e-05
    9.27869367e-05  4.99877526e-06]
  ...
  [-1.14719075e-07 -1.77767242e-06 -1.02770036e-05 ...  2.27166698e-04
    1.81897078e-06 -1.91352277e-04]
  [ 7.42477043e-07  1.10110595e-05  9.27869367e-05 ...  1.81897078e-06
    4.79980252e-04 -1.62432557e-06]
  [ 6.64944109e-08  1.04758023e-06  4.99877526e-06 ... -1.91352277e-04
   -1.62432557e-06  6.55604906e-04]]

 [[ 2.14412339e-09  3.18475823e-08  2.65523744e-07 ... -7.48707479e-08
    1.03578265e-06  2.38439469e-08]
  [ 3.18475823e-08  4.74248180e-07  3.91397253e-06 ... -9.93114410e-07
    1.53190780e-05  2.50156782e-07]
  [ 2.65523744e-07  3.91397253e-06  3.37625584e-05 ... -1.10142980e-05
    1.30901558e-04  4.52869062e-06]
  ...
  [-7.48707479e-08 -9.93114410e-07 -1.10142980e-05 ...  2.49604187e-04
    2.27939040e-06 -2.10130206e-04]
  [ 1.03578265e-06  1.53190780e-05  1.30901558e-04 ...  2.27939040e-06
    5.52938938e-04 -2.04467327e-06]
  [ 2.38439469e-08  2.50156782e-07  4.52869062e-06 ... -2.10130206e-04
   -2.04467327e-06  7.46013491e-04]]]
converged SCF energy = -150.226693714539  <S^2> = 2.0045398  2S+1 = 3.003025
dm0 check [[[ 1.14640467e-09  1.70869841e-08  1.38753588e-07 ... -8.06202918e-08
    6.25413415e-07  4.56929032e-08]
  [ 1.70869841e-08  2.56084631e-07  2.02952077e-06 ... -1.06182886e-06
    9.18276827e-06  7.18410480e-07]
  [ 1.38753588e-07  2.02952077e-06  1.80707297e-05 ... -1.26947211e-05
    8.12948143e-05  3.19892978e-06]
  ...
  [-8.06202918e-08 -1.06182886e-06 -1.26947211e-05 ...  2.39058474e-04
   -1.61663418e-06 -1.68274935e-04]
  [ 6.25413415e-07  9.18276827e-06  8.12948143e-05 ... -1.61663418e-06
    4.44994774e-04 -4.06031902e-06]
  [ 4.56929032e-08  7.18410480e-07  3.19892978e-06 ... -1.68274935e-04
   -4.06031902e-06  5.95722200e-04]]

 [[ 2.53037141e-08  3.85050587e-07  2.83128421e-06 ... -1.48565680e-07
    1.05891621e-07  7.43867409e-08]
  [ 3.85050587e-07  5.86078011e-06  4.30461274e-05 ... -2.17964126e-06
    1.18322490e-06  1.05285374e-06]
  [ 2.83128421e-06  4.30461274e-05  3.17993217e-04 ... -1.75089342e-05
    2.68729352e-05  9.39029027e-06]
  ...
  [-1.48565680e-07 -2.17964126e-06 -1.75089342e-05 ...  2.30571529e-04
    2.08909183e-07 -1.91671081e-04]
  [ 1.05891621e-07  1.18322490e-06  2.68729352e-05 ...  2.08909183e-07
    4.63237979e-04 -3.50223640e-06]
  [ 7.43867409e-08  1.05285374e-06  9.39029027e-06 ... -1.91671081e-04
   -3.50223640e-06  6.49568651e-04]]]
converged SCF energy = -150.244985829835  <S^2> = 0.92979868  2S+1 = 2.1723708
[timing] left/O ensemble SCF = 16.0s
dm0 check [[ 3.79539896e-01  6.12229043e-01 -1.25223092e-01 ...  8.98479490e-07
  -7.50293764e-07 -2.17777251e-06]
 [ 6.12229043e-01  1.01515535e+00 -3.34045699e-01 ...  3.12558187e-06
  -2.82069318e-06 -6.45019373e-06]
 [-1.25223092e-01 -3.34045699e-01  6.75249495e-01 ... -6.99213169e-06
   6.70171222e-06  1.55060994e-05]
 ...
 [ 8.98479490e-07  3.12558187e-06 -6.99213169e-06 ...  9.05211608e-07
  -2.52830963e-07  5.54261446e-08]
 [-7.50293764e-07 -2.82069318e-06  6.70171222e-06 ... -2.52830963e-07
   5.66015060e-07  7.59072440e-08]
 [-2.17777251e-06 -6.45019373e-06  1.55060994e-05 ...  5.54261446e-08
   7.59072440e-08  2.89035444e-07]]


******** <class 'pyscf.scf.addons.SmearingDFRKS'> ********
method = SmearingDFRKS
initial guess = minao
damping factor = 0.15
level_shift factor = 0.2
DIIS = <class 'pyscf.scf.diis.CDIIS'>
diis_start_cycle = 1
diis_space = 12
diis_damp = 0
SCF conv_tol = 5e-05
SCF conv_tol_grad = None
SCF max_cycles = 200
direct_scf = True
direct_scf_tol = 1e-13
chkfile to save SCF result = /tmp/tmpd0og41ld
max_memory 4000 MB (current use 87299 MB)
XC library pyscf.dft.libxc version 6.1.0
    S. Lehtola, C. Steigemann, M. J.T. Oliveira, and M. A.L. Marques.,  SoftwareX 7, 1–5 (2018)
XC functionals = pbe
    J. P. Perdew, K. Burke, and M. Ernzerhof.,  Phys. Rev. Lett. 77, 3865 (1996)
    J. P. Perdew, K. Burke, and M. Ernzerhof.,  Phys. Rev. Lett. 78, 1396 (1997)
    J. P. Perdew, K. Burke, and M. Ernzerhof.,  Phys. Rev. Lett. 77, 3865 (1996)
    J. P. Perdew, K. Burke, and M. Ernzerhof.,  Phys. Rev. Lett. 78, 1396 (1997)
small_rho_cutoff = 1e-06
Set gradient conv threshold to 0.00707107
    Total E(T) = -12115.5670260547  Free energy = -12116.5867863331  E0 = -12116.0769061939
init E= -12115.5670260547
    sigma = 0.02  Optimized mu = -0.0517066471162  entropy = 1.49802929883
    Total E(T) = -12115.5670118287  Free energy = -12115.5969724147  E0 = -12115.5819921217
cycle= 1 E= -12115.5670118287  delta_E= 1.42e-05  |g|= 0.0225  |ddm|= 20.7
    sigma = 0.02  Optimized mu = -0.052008258767  entropy = 1.49694688925
    Total E(T) = -12115.5668578902  Free energy = -12115.5967968279  E0 = -12115.581827359
cycle= 2 E= -12115.5668578902  delta_E= 0.000154  |g|= 0.0758  |ddm|= 80.1
    sigma = 0.02  Optimized mu = -0.0517951769591  entropy = 1.49757382893
    Total E(T) = -12115.5669555583  Free energy = -12115.5969070349  E0 = -12115.5819312966
cycle= 3 E= -12115.5669555583  delta_E= -9.77e-05  |g|= 0.0389  |ddm|=   31
    sigma = 0.02  Optimized mu = -0.0517872576744  entropy = 1.49764036334
    Total E(T) = -12115.5669949843  Free energy = -12115.5969477915  E0 = -12115.5819713879
cycle= 4 E= -12115.5669949843  delta_E= -3.94e-05  |g|= 0.0258  |ddm|= 13.4
    sigma = 0.02  Optimized mu = -0.0517827259555  entropy = 1.49766438516
    Total E(T) = -12115.5670123601  Free energy = -12115.5969656478  E0 = -12115.5819890039
cycle= 5 E= -12115.5670123601  delta_E= -1.74e-05  |g|= 0.0175  |ddm|= 7.47
    sigma = 0.02  Optimized mu = -0.0517851693288  entropy = 1.49764838696
    Total E(T) = -12115.5670204658  Free energy = -12115.5969734336  E0 = -12115.5819969497
cycle= 6 E= -12115.5670204658  delta_E= -8.11e-06  |g|= 0.0119  |ddm|= 4.67
    sigma = 0.02  Optimized mu = -0.0517816843178  entropy = 1.4976694033
    Total E(T) = -12115.5670241022  Free energy = -12115.5969774902  E0 = -12115.5820007962
cycle= 7 E= -12115.5670241022  delta_E= -3.64e-06  |g|= 0.00846  |ddm|= 3.19
    sigma = 0.02  Optimized mu = -0.0517832205311  entropy = 1.4976642979
    Total E(T) = -12115.5670259525  Free energy = -12115.5969792385  E0 = -12115.5820025955
cycle= 8 E= -12115.5670259525  delta_E= -1.85e-06  |g|= 0.00581  |ddm|= 1.95
    sigma = 0.02  Optimized mu = -0.151672999197  entropy = 50.9878185931
    Total E(T) = -12115.0392087467  Free energy = -12116.0589651186  E0 = -12115.5490869327
Extra cycle  E= -12115.0392087467  delta_E= 0.528  |g|= 0.413  |ddm|= 4.12e+03
converged SCF energy = -12115.0392087467
dm0 check [[[ 1.89791502e-01  3.06172270e-01 -6.27470617e-02 ...  3.63774495e-07
   -3.65312296e-07 -1.12381819e-06]
  [ 3.06172270e-01  5.07731231e-01 -1.67381272e-01 ...  1.33386749e-06
   -1.38410339e-06 -3.31871646e-06]
  [-6.27470617e-02 -1.67381272e-01  3.38453114e-01 ... -2.95190326e-06
    3.29008895e-06  7.97072433e-06]
  ...
  [ 3.63774495e-07  1.33386749e-06 -2.95190326e-06 ...  4.78911197e-07
   -1.30792934e-07  2.61144765e-08]
  [-3.65312296e-07 -1.38410339e-06  3.29008895e-06 ... -1.30792934e-07
    2.89309002e-07  4.18697489e-08]
  [-1.12381819e-06 -3.31871646e-06  7.97072433e-06 ...  2.61144765e-08
    4.18697489e-08  1.54159130e-07]]

 [[ 1.89771559e-01  3.06117769e-01 -6.26237681e-02 ...  6.03849635e-07
   -3.40647202e-07 -1.01256342e-06]
  [ 3.06117769e-01  5.07585673e-01 -1.67056332e-01 ...  1.97881710e-06
   -1.31584268e-06 -3.01886006e-06]
  [-6.26237681e-02 -1.67056332e-01  3.37730573e-01 ... -4.48897537e-06
    3.11012980e-06  7.24704610e-06]
  ...
  [ 6.03849635e-07  1.97881710e-06 -4.48897537e-06 ...  4.63441116e-07
   -1.33086250e-07  2.92900926e-08]
  [-3.40647202e-07 -1.31584268e-06  3.11012980e-06 ... -1.33086250e-07
    2.88964717e-07  3.99369480e-08]
  [-1.01256342e-06 -3.01886006e-06  7.24704610e-06 ...  2.92900926e-08
    3.99369480e-08  1.45519004e-07]]]


******** <class 'pyscf.scf.addons.SmearingDFUKS'> ********
method = SmearingDFUKS
initial guess = minao
damping factor = 0.15
level_shift factor = 0.2
DIIS = <class 'pyscf.scf.diis.CDIIS'>
diis_start_cycle = 1
diis_space = 12
diis_damp = 0
SCF conv_tol = 5e-05
SCF conv_tol_grad = None
SCF max_cycles = 200
direct_scf = True
direct_scf_tol = 1e-13
chkfile to save SCF result = /tmp/tmpmbdbfc33
max_memory 4000 MB (current use 87299 MB)
number electrons alpha = 325  beta = 323
XC library pyscf.dft.libxc version 6.1.0
    S. Lehtola, C. Steigemann, M. J.T. Oliveira, and M. A.L. Marques.,  SoftwareX 7, 1–5 (2018)
XC functionals = pbe
    J. P. Perdew, K. Burke, and M. Ernzerhof.,  Phys. Rev. Lett. 77, 3865 (1996)
    J. P. Perdew, K. Burke, and M. Ernzerhof.,  Phys. Rev. Lett. 78, 1396 (1997)
    J. P. Perdew, K. Burke, and M. Ernzerhof.,  Phys. Rev. Lett. 77, 3865 (1996)
    J. P. Perdew, K. Burke, and M. Ernzerhof.,  Phys. Rev. Lett. 78, 1396 (1997)
small_rho_cutoff = 1e-06
Set gradient conv threshold to 0.00707107
    Total E(T) = -12115.1224328957  Free energy = -12115.1863840693  E0 = -12115.1544084825
init E= -12115.1224328957
    sigma = 0.005  Optimized mu_alpha = -0.196911553542  entropy = 3.26587711865e-07
    sigma = 0.005  Optimized mu_beta  = -0.199514241726  entropy = 3.26587711865e-07
    Total E(T) = -12115.1224228789  Free energy = -12115.1224228805  E0 = -12115.1224228797
cycle= 1 E= -12115.1224228789  delta_E= 1e-05  |g|= 0.0269  |ddm|= 15.8
    sigma = 0.005  Optimized mu_alpha = -0.197080526656  entropy = 3.25369246583e-07
    sigma = 0.005  Optimized mu_beta  = -0.199698713984  entropy = 3.25369246583e-07
    Total E(T) = -12115.1223212793  Free energy = -12115.1223212809  E0 = -12115.1223212801
cycle= 2 E= -12115.1223212793  delta_E= 0.000102  |g|= 0.0851  |ddm|=   54
    sigma = 0.005  Optimized mu_alpha = -0.196957884502  entropy = 3.2614318955e-07
    sigma = 0.005  Optimized mu_beta  = -0.199564784874  entropy = 3.2614318955e-07
    Total E(T) = -12115.1223870211  Free energy = -12115.1223870227  E0 = -12115.1223870219
cycle= 3 E= -12115.1223870211  delta_E= -6.57e-05  |g|= 0.0427  |ddm|= 19.5
    sigma = 0.005  Optimized mu_alpha = -0.196957410016  entropy = 3.26176834309e-07
    sigma = 0.005  Optimized mu_beta  = -0.19956382186  entropy = 3.26176834309e-07
    Total E(T) = -12115.1224142022  Free energy = -12115.1224142038  E0 = -12115.122414203
cycle= 4 E= -12115.1224142022  delta_E= -2.72e-05  |g|= 0.0273  |ddm|=  8.9
    sigma = 0.005  Optimized mu_alpha = -0.196952612964  entropy = 3.26203285967e-07
    sigma = 0.005  Optimized mu_beta  = -0.199558669543  entropy = 3.26203285967e-07
    Total E(T) = -12115.1224254613  Free energy = -12115.122425463  E0 = -12115.1224254622
cycle= 5 E= -12115.1224254613  delta_E= -1.13e-05  |g|= 0.0181  |ddm|= 5.31
    sigma = 0.005  Optimized mu_alpha = -0.196954768988  entropy = 3.26192203503e-07
    sigma = 0.005  Optimized mu_beta  = -0.199560918578  entropy = 3.26192203503e-07
    Total E(T) = -12115.1224304527  Free energy = -12115.1224304543  E0 = -12115.1224304535
cycle= 6 E= -12115.1224304527  delta_E= -4.99e-06  |g|= 0.0117  |ddm|=  3.1
    sigma = 0.005  Optimized mu_alpha = -0.19695615722  entropy = 3.26178386429e-07
    sigma = 0.005  Optimized mu_beta  = -0.199562529504  entropy = 3.26178386429e-07
    Total E(T) = -12115.1224325038  Free energy = -12115.1224325054  E0 = -12115.1224325046
cycle= 7 E= -12115.1224325038  delta_E= -2.05e-06  |g|= 0.00834  |ddm|= 2.36
    sigma = 0.005  Optimized mu_alpha = -0.196956506643  entropy = 3.26168180801e-07
    sigma = 0.005  Optimized mu_beta  = -0.199562927326  entropy = 3.26168180801e-07
    Total E(T) = -12115.1224334126  Free energy = -12115.1224334143  E0 = -12115.1224334134
cycle= 8 E= -12115.1224334126  delta_E= -9.09e-07  |g|= 0.00592  |ddm|= 1.43
    sigma = 0.005  Optimized mu_alpha = -0.296504137574  entropy = 12.7888608982
    sigma = 0.005  Optimized mu_beta  = -0.299417125425  entropy = 12.7888608982
    Total E(T) = -12115.0866194676  Free energy = -12115.1505637721  E0 = -12115.1185916199
Extra cycle  E= -12115.0866194676  delta_E= 0.0358  |g|= 0.223  |ddm|=  880
converged SCF energy = -12115.0866194676  <S^2> = 2.0133315  2S+1 = 3.0088746
[timing] right/Al ensemble SCF = 1098.3s
[timing] collect state = 0.0s
[timing] grad contraction = 3.0s
Npdft 666.0000339967855
[timing] checkpoint save = 0.0s
step=   9 L=-12265.85925846 Ef=-12265.86317789 L1=1.20531978e+00 |grad|=2.25924e-02 t=1318.4s
[diagnostic] step=10 |b|=2.393104e-01 max|b|=2.051909e-02
[timing] build AO Vp from S3 = 1.6s
[diagnostic] |vpl|=1.973673e-01 max|vpl|=1.843991e-02
[diagnostic] |vpr|=3.857658e-01 max|vpr|=1.691450e-02
[diagnostic] |vpref|=4.075591e-01 max|vpref|=1.843882e-02
dm0 check [[[ 1.51511399e-09  2.24391600e-08  1.89789926e-07 ... -1.14718968e-07
    7.42476732e-07  6.64943123e-08]
  [ 2.24391600e-08  3.34444487e-07  2.75067382e-06 ... -1.77767057e-06
    1.10110563e-05  1.04757843e-06]
  [ 1.89789926e-07  2.75067382e-06  2.57237916e-05 ... -1.02769888e-05
    9.27868910e-05  4.99876206e-06]
  ...
  [-1.14718968e-07 -1.77767057e-06 -1.02769888e-05 ...  2.27166748e-04
    1.81897131e-06 -1.91352319e-04]
  [ 7.42476732e-07  1.10110563e-05  9.27868910e-05 ...  1.81897131e-06
    4.79980281e-04 -1.62432524e-06]
  [ 6.64943123e-08  1.04757843e-06  4.99876206e-06 ... -1.91352319e-04
   -1.62432524e-06  6.55604971e-04]]

 [[ 2.14412354e-09  3.18475845e-08  2.65523732e-07 ... -7.48705480e-08
    1.03578254e-06  2.38437748e-08]
  [ 3.18475845e-08  4.74248192e-07  3.91397261e-06 ... -9.93113066e-07
    1.53190769e-05  2.50155574e-07]
  [ 2.65523732e-07  3.91397261e-06  3.37625557e-05 ... -1.10142845e-05
    1.30901537e-04  4.52867924e-06]
  ...
  [-7.48705480e-08 -9.93113066e-07 -1.10142845e-05 ...  2.49604223e-04
    2.27939079e-06 -2.10130237e-04]
  [ 1.03578254e-06  1.53190769e-05  1.30901537e-04 ...  2.27939079e-06
    5.52938834e-04 -2.04467287e-06]
  [ 2.38437748e-08  2.50155574e-07  4.52867924e-06 ... -2.10130237e-04
   -2.04467287e-06  7.46013411e-04]]]
converged SCF energy = -150.226693714539  <S^2> = 2.0045398  2S+1 = 3.003025
dm0 check [[[ 1.14640688e-09  1.70870171e-08  1.38753755e-07 ... -8.06196780e-08
    6.25413758e-07  4.56925708e-08]
  [ 1.70870171e-08  2.56085099e-07  2.02952346e-06 ... -1.06182488e-06
    9.18277271e-06  7.18406544e-07]
  [ 1.38753755e-07  2.02952346e-06  1.80707402e-05 ... -1.26947107e-05
    8.12948227e-05  3.19889317e-06]
  ...
  [-8.06196780e-08 -1.06182488e-06 -1.26947107e-05 ...  2.39058982e-04
   -1.61665419e-06 -1.68274902e-04]
  [ 6.25413758e-07  9.18277271e-06  8.12948227e-05 ... -1.61665419e-06
    4.44994666e-04 -4.06031186e-06]
  [ 4.56925708e-08  7.18406544e-07  3.19889317e-06 ... -1.68274902e-04
   -4.06031186e-06  5.95722174e-04]]

 [[ 2.53031397e-08  3.85041819e-07  2.83122102e-06 ... -1.48564539e-07
    1.05895255e-07  7.43873384e-08]
  [ 3.85041819e-07  5.86064622e-06  4.30451633e-05 ... -2.17962934e-06
    1.18328184e-06  1.05286793e-06]
  [ 2.83122102e-06  4.30451633e-05  3.17986273e-04 ... -1.75088244e-05
    2.68733069e-05  9.39038078e-06]
  ...
  [-1.48564539e-07 -2.17962934e-06 -1.75088244e-05 ...  2.30571566e-04
    2.08932905e-07 -1.91671105e-04]
  [ 1.05895255e-07  1.18328184e-06  2.68733069e-05 ...  2.08932905e-07
    4.63237695e-04 -3.50217821e-06]
  [ 7.43873384e-08  1.05286793e-06  9.39038078e-06 ... -1.91671105e-04
   -3.50217821e-06  6.49568282e-04]]]
converged SCF energy = -150.24498582983  <S^2> = 0.92979834  2S+1 = 2.1723704
[timing] left/O ensemble SCF = 11.7s
dm0 check [[ 3.79539878e-01  6.12229000e-01 -1.25222973e-01 ...  8.99114189e-07
  -7.50235601e-07 -2.17801211e-06]
 [ 6.12229000e-01  1.01515525e+00 -3.34045393e-01 ...  3.12729370e-06
  -2.82053665e-06 -6.45083864e-06]
 [-1.25222973e-01 -3.34045393e-01  6.75248717e-01 ... -6.99626948e-06
   6.70133489e-06  1.55076358e-05]
 ...
 [ 8.99114189e-07  3.12729370e-06 -6.99626948e-06 ...  9.05238607e-07
  -2.52841290e-07  5.54363758e-08]
 [-7.50235601e-07 -2.82053665e-06  6.70133489e-06 ... -2.52841290e-07
   5.66005884e-07  7.59147340e-08]
 [-2.17801211e-06 -6.45083864e-06  1.55076358e-05 ...  5.54363758e-08
   7.59147340e-08  2.89040712e-07]]


******** <class 'pyscf.scf.addons.SmearingDFRKS'> ********
method = SmearingDFRKS
initial guess = minao
damping factor = 0.15
level_shift factor = 0.2
DIIS = <class 'pyscf.scf.diis.CDIIS'>
diis_start_cycle = 1
diis_space = 12
diis_damp = 0
SCF conv_tol = 5e-05
SCF conv_tol_grad = None
SCF max_cycles = 200
direct_scf = True
direct_scf_tol = 1e-13
chkfile to save SCF result = /tmp/tmpd0og41ld
max_memory 4000 MB (current use 87336 MB)
XC library pyscf.dft.libxc version 6.1.0
    S. Lehtola, C. Steigemann, M. J.T. Oliveira, and M. A.L. Marques.,  SoftwareX 7, 1–5 (2018)
XC functionals = pbe
    J. P. Perdew, K. Burke, and M. Ernzerhof.,  Phys. Rev. Lett. 77, 3865 (1996)
    J. P. Perdew, K. Burke, and M. Ernzerhof.,  Phys. Rev. Lett. 78, 1396 (1997)
    J. P. Perdew, K. Burke, and M. Ernzerhof.,  Phys. Rev. Lett. 77, 3865 (1996)
    J. P. Perdew, K. Burke, and M. Ernzerhof.,  Phys. Rev. Lett. 78, 1396 (1997)
small_rho_cutoff = 1e-06
Set gradient conv threshold to 0.00707107
    Total E(T) = -12115.5149496948  Free energy = -12116.5347060666  E0 = -12116.0248278807
init E= -12115.5149496948
    sigma = 0.02  Optimized mu = -0.0516561229773  entropy = 1.49899290829
