pyscf max mem 921862
SLURM_CPUS_PER_TASK = 64
OMP_NUM_THREADS = 64
MKL_NUM_THREADS = 64
OPENBLAS_NUM_THREADS = 64
PySCF lib.num_threads() = 64
left ensemble electron number ([9, 9], [7, 8])
right ensemble electron number ([325, 325], [325, 323])
[setup] build_system t=1.8s
building grid (level 3)...
[setup] grid t=5.0s
computing S3 tensors (DF)...
S3 shapes: left=(116, 116, 1336) right=(1528, 1528, 1336) ref=(1544, 1544, 1336) t=776.4s
[warm-start] loaded pdft_optimizer_trust_ridge1e3.pkl
[warm-start] b0 priority source = pdft_optimizer_trust_ridge1e3.pkl (fallback: pdft_optimizer_trust_ridge1e32.pkl)
[warm-start] rdft1.D ← pickle dm_ig1
[warm-start] rdft2.D ← pickle dm_ig2
[init] b0 from pdft_optimizer_trust_ridge1e3.pkl, npbs=1336
[warm-start] Lagrangian x0 ready, |b0| = 7.83560e-02
[setup] warm-start t=0.1s
[main] skipping phase1; starting phase2 directly from b0
starting phase 2: L-BFGS-B optimization
starting phase 2: bounded L-BFGS-B outer loop
[phase2] step_cap=6.000000e-02, step_cap_scale=2.000, base_step_cap=3.000000e-02
[phase2 outer 1] start |b|=7.835600e-02 max|b|=4.103817e-03 delta=1.642e-03
[diagnostic] step=1 |b|=7.835600e-02 max|b|=4.103817e-03
[timing] build AO Vp from S3 = 1.7s
[diagnostic] |vpl|=5.412235e-02 max|vpl|=5.687005e-03
[diagnostic] |vpr|=1.354007e-01 max|vpr|=5.748640e-03
[diagnostic] |vpref|=1.392794e-01 max|vpref|=5.748640e-03
dm0 check None
converged SCF energy = -150.226693714537  <S^2> = 2.0045399  2S+1 = 3.003025
dm0 check None
converged SCF energy = -150.244985829666  <S^2> = 0.9297856  2S+1 = 2.1723587
[timing] left/O ensemble SCF = 243.2s
dm0 check [[ 3.79539362e-01  6.12228321e-01 -1.25220648e-01 ...  6.02575581e-07
  -9.46225701e-07 -1.62933390e-06]
 [ 6.12228321e-01  1.01515718e+00 -3.34050317e-01 ...  2.32703753e-06
  -3.34949207e-06 -4.97100274e-06]
 [-1.25220648e-01 -3.34050317e-01  6.75266733e-01 ... -5.05555915e-06
   7.98255227e-06  1.19247166e-05]
 ...
 [ 6.02575581e-07  2.32703753e-06 -5.05555915e-06 ...  9.74356312e-07
  -2.44802835e-07  2.15102397e-08]
 [-9.46225701e-07 -3.34949207e-06  7.98255227e-06 ... -2.44802835e-07
   5.63157575e-07  8.61112515e-08]
 [-1.62933390e-06 -4.97100274e-06  1.19247166e-05 ...  2.15102397e-08
   8.61112515e-08  2.44850536e-07]]


******** <class 'pyscf.scf.addons.SmearingDFRKS'> ********
method = SmearingDFRKS
initial guess = minao
damping factor = 0.15
level_shift factor = 0.2
DIIS = <class 'pyscf.scf.diis.CDIIS'>
diis_start_cycle = 1
diis_space = 12
diis_damp = 0
SCF conv_tol = 5e-05
SCF conv_tol_grad = None
SCF max_cycles = 200
direct_scf = True
direct_scf_tol = 1e-13
chkfile to save SCF result = /tmp/tmposeml0yq
max_memory 4000 MB (current use 85865 MB)
XC library pyscf.dft.libxc version 6.1.0
    S. Lehtola, C. Steigemann, M. J.T. Oliveira, and M. A.L. Marques.,  SoftwareX 7, 1–5 (2018)
XC functionals = pbe
    J. P. Perdew, K. Burke, and M. Ernzerhof.,  Phys. Rev. Lett. 77, 3865 (1996)
    J. P. Perdew, K. Burke, and M. Ernzerhof.,  Phys. Rev. Lett. 78, 1396 (1997)
    J. P. Perdew, K. Burke, and M. Ernzerhof.,  Phys. Rev. Lett. 77, 3865 (1996)
    J. P. Perdew, K. Burke, and M. Ernzerhof.,  Phys. Rev. Lett. 78, 1396 (1997)
small_rho_cutoff = 1e-06
Set gradient conv threshold to 0.00707107
init E= -12116.1211918968
    sigma = 0.02  Optimized mu = -0.0514529143939  entropy = 1.49112753345
    Total E(T) = -12116.1211811083  Free energy = -12116.151003659  E0 = -12116.1360923837
cycle= 1 E= -12116.1211811083  delta_E= 1.08e-05  |g|= 0.019  |ddm|=   21
    sigma = 0.02  Optimized mu = -0.0517188083798  entropy = 1.49018687601
    Total E(T) = -12116.121070313  Free energy = -12116.1508740506  E0 = -12116.1359721818
cycle= 2 E= -12116.121070313  delta_E= 0.000111  |g|= 0.0623  |ddm|=   75
    sigma = 0.02  Optimized mu = -0.0515272299721  entropy = 1.49075802461
    Total E(T) = -12116.1211431505  Free energy = -12116.1509583109  E0 = -12116.1360507307
cycle= 3 E= -12116.1211431505  delta_E= -7.28e-05  |g|= 0.0309  |ddm|= 27.6
    sigma = 0.02  Optimized mu = -0.0515215351783  entropy = 1.49081127148
    Total E(T) = -12116.1211719028  Free energy = -12116.1509881282  E0 = -12116.1360800155
cycle= 4 E= -12116.1211719028  delta_E= -2.88e-05  |g|= 0.0199  |ddm|= 12.5
    sigma = 0.02  Optimized mu = -0.051517547269  entropy = 1.49083332853
    Total E(T) = -12116.1211839817  Free energy = -12116.1510006483  E0 = -12116.136092315
cycle= 5 E= -12116.1211839817  delta_E= -1.21e-05  |g|= 0.0128  |ddm|= 7.09
    sigma = 0.02  Optimized mu = -0.0515211595692  entropy = 1.49081159693
    Total E(T) = -12116.1211891628  Free energy = -12116.1510053948  E0 = -12116.1360972788
cycle= 6 E= -12116.1211891628  delta_E= -5.18e-06  |g|= 0.0086  |ddm|= 4.87
    sigma = 0.02  Optimized mu = -0.0515205819339  entropy = 1.49081997955
    Total E(T) = -12116.1211913375  Free energy = -12116.1510077371  E0 = -12116.1360995373
cycle= 7 E= -12116.1211913375  delta_E= -2.17e-06  |g|= 0.00592  |ddm|=    3
    sigma = 0.02  Optimized mu = -0.151407892676  entropy = 50.98562392
    Total E(T) = -12115.5917992832  Free energy = -12116.6115117616  E0 = -12116.1016555224
Extra cycle  E= -12115.5917992832  delta_E= 0.529  |g|= 0.407  |ddm|= 4.12e+03
converged SCF energy = -12115.5917992832
dm0 check [[[ 1.89791132e-01  3.06171707e-01 -6.27453006e-02 ...  2.30235855e-07
   -4.57537610e-07 -8.65352327e-07]
  [ 3.06171707e-01  5.07731665e-01 -1.67382113e-01 ...  9.73673214e-07
   -1.63285939e-06 -2.62201078e-06]
  [-6.27453006e-02 -1.67382113e-01  3.38457720e-01 ... -2.08020067e-06
    3.89121810e-06  6.28750220e-06]
  ...
  [ 2.30235855e-07  9.73673214e-07 -2.08020067e-06 ...  5.14185056e-07
   -1.26445553e-07  8.79548219e-09]
  [-4.57537610e-07 -1.63285939e-06  3.89121810e-06 ... -1.26445553e-07
    2.88725830e-07  4.63191801e-08]
  [-8.65352327e-07 -2.62201078e-06  6.28750220e-06 ...  8.79548219e-09
    4.63191801e-08  1.32246692e-07]]

 [[ 1.89772107e-01  3.06119563e-01 -6.26277071e-02 ...  4.59391117e-07
   -4.20506095e-07 -7.52848784e-07]
  [ 3.06119563e-01  5.07592346e-01 -1.67072538e-01 ...  1.58879961e-06
   -1.53143905e-06 -2.31815783e-06]
  [-6.26277071e-02 -1.67072538e-01  3.37772708e-01 ... -3.54101566e-06
    3.63274702e-06  5.54840084e-06]
  ...
  [ 4.59391117e-07  1.58879961e-06 -3.54101566e-06 ...  4.98511857e-07
   -1.29422410e-07  1.18898179e-08]
  [-4.20506095e-07 -1.53143905e-06  3.63274702e-06 ... -1.29422410e-07
    2.87735218e-07  4.48915586e-08]
  [-7.52848784e-07 -2.31815783e-06  5.54840084e-06 ...  1.18898179e-08
    4.48915586e-08  1.24390568e-07]]]


******** <class 'pyscf.scf.addons.SmearingDFUKS'> ********
method = SmearingDFUKS
initial guess = minao
damping factor = 0.15
level_shift factor = 0.2
DIIS = <class 'pyscf.scf.diis.CDIIS'>
diis_start_cycle = 1
diis_space = 12
diis_damp = 0
SCF conv_tol = 5e-05
SCF conv_tol_grad = None
SCF max_cycles = 200
direct_scf = True
direct_scf_tol = 1e-13
chkfile to save SCF result = /tmp/tmpiytuev4b
max_memory 4000 MB (current use 86622 MB)
number electrons alpha = 325  beta = 323
XC library pyscf.dft.libxc version 6.1.0
    S. Lehtola, C. Steigemann, M. J.T. Oliveira, and M. A.L. Marques.,  SoftwareX 7, 1–5 (2018)
XC functionals = pbe
    J. P. Perdew, K. Burke, and M. Ernzerhof.,  Phys. Rev. Lett. 77, 3865 (1996)
    J. P. Perdew, K. Burke, and M. Ernzerhof.,  Phys. Rev. Lett. 78, 1396 (1997)
    J. P. Perdew, K. Burke, and M. Ernzerhof.,  Phys. Rev. Lett. 77, 3865 (1996)
    J. P. Perdew, K. Burke, and M. Ernzerhof.,  Phys. Rev. Lett. 78, 1396 (1997)
small_rho_cutoff = 1e-06
Set gradient conv threshold to 0.00707107
init E= -12115.6760969817
    sigma = 0.005  Optimized mu_alpha = -0.196635256949  entropy = 3.19686139324e-07
    sigma = 0.005  Optimized mu_beta  = -0.199317525818  entropy = 3.19686139324e-07
    Total E(T) = -12115.6760854274  Free energy = -12115.676085429  E0 = -12115.6760854282
cycle= 1 E= -12115.6760854274  delta_E= 1.16e-05  |g|= 0.0294  |ddm|= 17.5
    sigma = 0.005  Optimized mu_alpha = -0.196760451583  entropy = 3.18638478479e-07
    sigma = 0.005  Optimized mu_beta  = -0.199459004678  entropy = 3.18638478479e-07
    Total E(T) = -12115.6759674929  Free energy = -12115.6759674945  E0 = -12115.6759674937
cycle= 2 E= -12115.6759674929  delta_E= 0.000118  |g|= 0.0933  |ddm|= 58.2
    sigma = 0.005  Optimized mu_alpha = -0.196669917892  entropy = 3.19246104131e-07
    sigma = 0.005  Optimized mu_beta  = -0.199356777904  entropy = 3.19246104131e-07
    Total E(T) = -12115.6760430594  Free energy = -12115.676043061  E0 = -12115.6760430602
cycle= 3 E= -12115.6760430594  delta_E= -7.56e-05  |g|= 0.0471  |ddm|= 20.8
    sigma = 0.005  Optimized mu_alpha = -0.19667010058  entropy = 3.1928949686e-07
    sigma = 0.005  Optimized mu_beta  = -0.199356472997  entropy = 3.1928949686e-07
    Total E(T) = -12115.6760747037  Free energy = -12115.6760747053  E0 = -12115.6760747045
cycle= 4 E= -12115.6760747037  delta_E= -3.16e-05  |g|= 0.0304  |ddm|= 9.41
    sigma = 0.005  Optimized mu_alpha = -0.19666563982  entropy = 3.19316784065e-07
    sigma = 0.005  Optimized mu_beta  = -0.199351544178  entropy = 3.19316784065e-07
    Total E(T) = -12115.6760879551  Free energy = -12115.6760879567  E0 = -12115.6760879559
cycle= 5 E= -12115.6760879551  delta_E= -1.33e-05  |g|= 0.0202  |ddm|= 5.79
    sigma = 0.005  Optimized mu_alpha = -0.196668060205  entropy = 3.1930532906e-07
    sigma = 0.005  Optimized mu_beta  = -0.199354099883  entropy = 3.1930532906e-07
    Total E(T) = -12115.6760938994  Free energy = -12115.676093901  E0 = -12115.6760939002
cycle= 6 E= -12115.6760938994  delta_E= -5.94e-06  |g|= 0.0131  |ddm|= 3.35
    sigma = 0.005  Optimized mu_alpha = -0.196668330852  entropy = 3.19291216232e-07
    sigma = 0.005  Optimized mu_beta  = -0.199354630506  entropy = 3.19291216232e-07
    Total E(T) = -12115.6760963643  Free energy = -12115.6760963659  E0 = -12115.6760963651
cycle= 7 E= -12115.6760963643  delta_E= -2.46e-06  |g|= 0.00938  |ddm|= 2.56
    sigma = 0.005  Optimized mu_alpha = -0.196668519076  entropy = 3.19282052319e-07
    sigma = 0.005  Optimized mu_beta  = -0.199354919206  entropy = 3.19282052319e-07
    Total E(T) = -12115.6760974705  Free energy = -12115.6760974721  E0 = -12115.6760974713
cycle= 8 E= -12115.6760974705  delta_E= -1.11e-06  |g|= 0.00667  |ddm|= 1.62
    sigma = 0.005  Optimized mu_alpha = -0.296244372758  entropy = 12.7456711435
    sigma = 0.005  Optimized mu_beta  = -0.299191245817  entropy = 12.7456711435
    Total E(T) = -12115.6399986531  Free energy = -12115.7037270088  E0 = -12115.6718628309
Extra cycle  E= -12115.6399986531  delta_E= 0.0361  |g|= 0.229  |ddm|=  870
converged SCF energy = -12115.6399986531  <S^2> = 2.0130256  2S+1 = 3.0086712
[timing] right/Al ensemble SCF = 1079.9s
[timing] collect state = 0.0s
[timing] grad contraction = 1.5s
Npdft 666.0000340294229
[timing] checkpoint save = 0.0s
step=   1 L=-12265.93494463 Ef=-12265.93669086 L1=1.50460524e+00 |grad|=2.86783e-02 t=1525.2s
[diagnostic] step=2 |b|=9.732913e-02 max|b|=5.745344e-03
[timing] build AO Vp from S3 = 1.6s
[diagnostic] |vpl|=7.061390e-02 max|vpl|=7.185931e-03
[diagnostic] |vpr|=1.666459e-01 max|vpr|=7.127878e-03
[diagnostic] |vpref|=1.722485e-01 max|vpref|=7.127878e-03
dm0 check [[[ 1.51510539e-09  2.24390407e-08  1.89788584e-07 ... -1.14716793e-07
    7.42480591e-07  6.64925537e-08]
  [ 2.24390407e-08  3.34442860e-07  2.75065447e-06 ... -1.77763476e-06
    1.10111116e-05  1.04754946e-06]
  [ 1.89788584e-07  2.75065447e-06  2.57236015e-05 ... -1.02767709e-05
    9.27874012e-05  4.99858660e-06]
  ...
  [-1.14716793e-07 -1.77763476e-06 -1.02767709e-05 ...  2.27166818e-04
    1.81897022e-06 -1.91352427e-04]
  [ 7.42480591e-07  1.10111116e-05  9.27874012e-05 ...  1.81897022e-06
    4.79983561e-04 -1.62425374e-06]
  [ 6.64925537e-08  1.04754946e-06  4.99858660e-06 ... -1.91352427e-04
   -1.62425374e-06  6.55608417e-04]]

 [[ 2.14412926e-09  3.18476687e-08  2.65524476e-07 ... -7.48678675e-08
    1.03578378e-06  2.38417798e-08]
  [ 3.18476687e-08  4.74249422e-07  3.91398393e-06 ... -9.93071944e-07
    1.53190952e-05  2.50124817e-07]
  [ 2.65524476e-07  3.91398393e-06  3.37626381e-05 ... -1.10139777e-05
    1.30901684e-04  4.52845690e-06]
  ...
  [-7.48678675e-08 -9.93071944e-07 -1.10139777e-05 ...  2.49604988e-04
    2.27945400e-06 -2.10130920e-04]
  [ 1.03578378e-06  1.53190952e-05  1.30901684e-04 ...  2.27945400e-06
    5.52938192e-04 -2.04465529e-06]
  [ 2.38417798e-08  2.50124817e-07  4.52845690e-06 ... -2.10130920e-04
   -2.04465529e-06  7.46013266e-04]]]
converged SCF energy = -150.226693714539  <S^2> = 2.0045398  2S+1 = 3.003025
dm0 check [[[ 1.14663927e-09  1.70906963e-08  1.38764383e-07 ... -8.06351991e-08
    6.25424907e-07  4.57094748e-08]
  [ 1.70906963e-08  2.56142401e-07  2.02970512e-06 ... -1.06203847e-06
    9.18297648e-06  7.18610580e-07]
  [ 1.38764383e-07  2.02970512e-06  1.80711277e-05 ... -1.26954868e-05
    8.12953223e-05  3.19992557e-06]
  ...
  [-8.06351991e-08 -1.06203847e-06 -1.26954868e-05 ...  2.39056590e-04
   -1.61628522e-06 -1.68273569e-04]
  [ 6.25424907e-07  9.18297648e-06  8.12953223e-05 ... -1.61628522e-06
    4.44991768e-04 -4.05797461e-06]
  [ 4.57094748e-08  7.18610580e-07  3.19992557e-06 ... -1.68273569e-04
   -4.05797461e-06  5.95720304e-04]]

 [[ 2.52991917e-08  3.84988468e-07  2.83081238e-06 ... -1.48521070e-07
    1.05980491e-07  7.43608026e-08]
  [ 3.84988468e-07  5.85993601e-06  4.30397101e-05 ... -2.17883477e-06
    1.18474495e-06  1.05238318e-06]
  [ 2.83081238e-06  4.30397101e-05  3.17944269e-04 ... -1.75046016e-05
    2.68826267e-05  9.38690535e-06]
  ...
  [-1.48521070e-07 -2.17883477e-06 -1.75046016e-05 ...  2.30576224e-04
    2.09094784e-07 -1.91668407e-04]
  [ 1.05980491e-07  1.18474495e-06  2.68826267e-05 ...  2.09094784e-07
    4.63234853e-04 -3.50197083e-06]
  [ 7.43608026e-08  1.05238318e-06  9.38690535e-06 ... -1.91668407e-04
   -3.50197083e-06  6.49562330e-04]]]
converged SCF energy = -150.244985829812  <S^2> = 0.92979458  2S+1 = 2.172367
[timing] left/O ensemble SCF = 15.2s
dm0 check [[ 3.79539323e-01  6.12228224e-01 -1.25220374e-01 ...  6.02389573e-07
  -9.46008429e-07 -1.62920786e-06]
 [ 6.12228224e-01  1.01515693e+00 -3.34049598e-01 ...  2.32653403e-06
  -3.34890558e-06 -4.97066077e-06]
 [-1.25220374e-01 -3.34049598e-01  6.75264871e-01 ... -5.05430970e-06
   7.98112180e-06  1.19238535e-05]
 ...
 [ 6.02389573e-07  2.32653403e-06 -5.05430970e-06 ...  9.74427616e-07
  -2.44830516e-07  2.15165388e-08]
 [-9.46008429e-07 -3.34890558e-06  7.98112180e-06 ... -2.44830516e-07
   5.63153318e-07  8.61230641e-08]
 [-1.62920786e-06 -4.97066077e-06  1.19238535e-05 ...  2.15165388e-08
   8.61230641e-08  2.44849366e-07]]


******** <class 'pyscf.scf.addons.SmearingDFRKS'> ********
method = SmearingDFRKS
initial guess = minao
damping factor = 0.15
level_shift factor = 0.2
DIIS = <class 'pyscf.scf.diis.CDIIS'>
diis_start_cycle = 1
diis_space = 12
diis_damp = 0
SCF conv_tol = 5e-05
SCF conv_tol_grad = None
SCF max_cycles = 200
direct_scf = True
direct_scf_tol = 1e-13
chkfile to save SCF result = /tmp/tmposeml0yq
max_memory 4000 MB (current use 86828 MB)
XC library pyscf.dft.libxc version 6.1.0
    S. Lehtola, C. Steigemann, M. J.T. Oliveira, and M. A.L. Marques.,  SoftwareX 7, 1–5 (2018)
XC functionals = pbe
    J. P. Perdew, K. Burke, and M. Ernzerhof.,  Phys. Rev. Lett. 77, 3865 (1996)
    J. P. Perdew, K. Burke, and M. Ernzerhof.,  Phys. Rev. Lett. 78, 1396 (1997)
    J. P. Perdew, K. Burke, and M. Ernzerhof.,  Phys. Rev. Lett. 77, 3865 (1996)
    J. P. Perdew, K. Burke, and M. Ernzerhof.,  Phys. Rev. Lett. 78, 1396 (1997)
small_rho_cutoff = 1e-06
Set gradient conv threshold to 0.00707107
    Total E(T) = -12116.038415008  Free energy = -12117.0581274864  E0 = -12116.5482712472
init E= -12116.038415008
    sigma = 0.02  Optimized mu = -0.0513829763625  entropy = 1.49285027765
    Total E(T) = -12116.0383472866  Free energy = -12116.0682042922  E0 = -12116.0532757894
cycle= 1 E= -12116.0383472866  delta_E= 6.77e-05  |g|= 0.0496  |ddm|= 52.2
    sigma = 0.02  Optimized mu = -0.0520652810016  entropy = 1.49103176303
    Total E(T) = -12116.0375867475  Free energy = -12116.0674073828  E0 = -12116.0524970652
cycle= 2 E= -12116.0375867475  delta_E= 0.000761  |g|= 0.161  |ddm|=  203
    sigma = 0.02  Optimized mu = -0.05157790573  entropy = 1.49171120274
    Total E(T) = -12116.0381048543  Free energy = -12116.0679390784  E0 = -12116.0530219663
cycle= 3 E= -12116.0381048543  delta_E= -0.000518  |g|= 0.077  |ddm|= 77.9
    sigma = 0.02  Optimized mu = -0.051561087761  entropy = 1.49181056204
    Total E(T) = -12116.0383033377  Free energy = -12116.0681395489  E0 = -12116.0532214433
cycle= 4 E= -12116.0383033377  delta_E= -0.000198  |g|= 0.0475  |ddm|= 34.8
    sigma = 0.02  Optimized mu = -0.051542825556  entropy = 1.49188955557
    Total E(T) = -12116.0383826819  Free energy = -12116.068220473  E0 = -12116.0533015774
cycle= 5 E= -12116.0383826819  delta_E= -7.93e-05  |g|= 0.0286  |ddm|= 19.4
    sigma = 0.02  Optimized mu = -0.0515544533923  entropy = 1.49179316544
    Total E(T) = -12116.038413405  Free energy = -12116.0682492683  E0 = -12116.0533313366
cycle= 6 E= -12116.038413405  delta_E= -3.07e-05  |g|= 0.0183  |ddm|= 13.3
    sigma = 0.02  Optimized mu = -0.0515608401418  entropy = 1.49176899958
    Total E(T) = -12116.0384254776  Free energy = -12116.0682608576  E0 = -12116.0533431676
cycle= 7 E= -12116.0384254776  delta_E= -1.21e-05  |g|= 0.0111  |ddm|= 7.67
    sigma = 0.02  Optimized mu = -0.05155263313  entropy = 1.49181019461
    Total E(T) = -12116.0384299411  Free energy = -12116.068266145  E0 = -12116.053348043
cycle= 8 E= -12116.0384299411  delta_E= -4.46e-06  |g|= 0.00729  |ddm|= 5.06
    sigma = 0.02  Optimized mu = -0.0515624698026  entropy = 1.4917673952
    Total E(T) = -12116.0384318974  Free energy = -12116.0682672453  E0 = -12116.0533495713
cycle= 9 E= -12116.0384318974  delta_E= -1.96e-06  |g|= 0.00421  |ddm|= 3.63
    sigma = 0.02  Optimized mu = -0.151476735943  entropy = 50.9839488521
    Total E(T) = -12115.509898681  Free energy = -12116.5295776581  E0 = -12116.0197381695
Extra cycle  E= -12115.509898681  delta_E= 0.529  |g|= 0.395  |ddm|= 4.13e+03
converged SCF energy = -12115.509898681
dm0 check [[[ 1.89791139e-01  3.06171724e-01 -6.27453689e-02 ...  2.29921134e-07
   -4.57597482e-07 -8.65410121e-07]
  [ 3.06171724e-01  5.07731708e-01 -1.67382298e-01 ...  9.72821718e-07
   -1.63302051e-06 -2.62216674e-06]
  [-6.27453689e-02 -1.67382298e-01  3.38458298e-01 ... -2.07811845e-06
    3.89160903e-06  6.28788703e-06]
  ...
  [ 2.29921134e-07  9.72821718e-07 -2.07811845e-06 ...  5.14191609e-07
   -1.26425653e-07  8.81440041e-09]
  [-4.57597482e-07 -1.63302051e-06  3.89160903e-06 ... -1.26425653e-07
    2.88674780e-07  4.63140356e-08]
  [-8.65410121e-07 -2.62216674e-06  6.28788703e-06 ...  8.81440041e-09
    4.63140356e-08  1.32233498e-07]]

 [[ 1.89772110e-01  3.06119568e-01 -6.26277434e-02 ...  4.59235800e-07
   -4.20886682e-07 -7.52824655e-07]
  [ 3.06119568e-01  5.07592357e-01 -1.67072635e-01 ...  1.58837958e-06
   -1.53246630e-06 -2.31809266e-06]
  [-6.26277434e-02 -1.67072635e-01  3.37773050e-01 ... -3.53999324e-06
    3.63524396e-06  5.54824860e-06]
  ...
  [ 4.59235800e-07  1.58837958e-06 -3.53999324e-06 ...  4.98524599e-07
   -1.29399268e-07  1.19079086e-08]
  [-4.20886682e-07 -1.53246630e-06  3.63524396e-06 ... -1.29399268e-07
    2.87686246e-07  4.48869864e-08]
  [-7.52824655e-07 -2.31809266e-06  5.54824860e-06 ...  1.19079086e-08
    4.48869864e-08  1.24377036e-07]]]


******** <class 'pyscf.scf.addons.SmearingDFUKS'> ********
method = SmearingDFUKS
initial guess = minao
damping factor = 0.15
level_shift factor = 0.2
DIIS = <class 'pyscf.scf.diis.CDIIS'>
diis_start_cycle = 1
diis_space = 12
diis_damp = 0
SCF conv_tol = 5e-05
SCF conv_tol_grad = None
SCF max_cycles = 200
direct_scf = True
direct_scf_tol = 1e-13
chkfile to save SCF result = /tmp/tmpiytuev4b
max_memory 4000 MB (current use 86829 MB)
number electrons alpha = 325  beta = 323
XC library pyscf.dft.libxc version 6.1.0
    S. Lehtola, C. Steigemann, M. J.T. Oliveira, and M. A.L. Marques.,  SoftwareX 7, 1–5 (2018)
XC functionals = pbe
    J. P. Perdew, K. Burke, and M. Ernzerhof.,  Phys. Rev. Lett. 77, 3865 (1996)
    J. P. Perdew, K. Burke, and M. Ernzerhof.,  Phys. Rev. Lett. 78, 1396 (1997)
    J. P. Perdew, K. Burke, and M. Ernzerhof.,  Phys. Rev. Lett. 77, 3865 (1996)
    J. P. Perdew, K. Burke, and M. Ernzerhof.,  Phys. Rev. Lett. 78, 1396 (1997)
small_rho_cutoff = 1e-06
Set gradient conv threshold to 0.00707107
    Total E(T) = -12115.5933799572  Free energy = -12115.6571083129  E0 = -12115.625244135
init E= -12115.5933799572
    sigma = 0.005  Optimized mu_alpha = -0.196607297963  entropy = 3.21435535548e-07
    sigma = 0.005  Optimized mu_beta  = -0.199269600596  entropy = 3.21435535548e-07
    Total E(T) = -12115.5933350751  Free energy = -12115.5933350767  E0 = -12115.5933350759
cycle= 1 E= -12115.5933350751  delta_E= 4.49e-05  |g|= 0.0608  |ddm|= 34.3
    sigma = 0.005  Optimized mu_alpha = -0.196982607065  entropy = 3.19468488955e-07
    sigma = 0.005  Optimized mu_beta  = -0.199685251954  entropy = 3.19468488955e-07
    Total E(T) = -12115.5928348871  Free energy = -12115.5928348887  E0 = -12115.5928348879
cycle= 2 E= -12115.5928348871  delta_E= 0.0005  |g|= 0.189  |ddm|=  125
    sigma = 0.005  Optimized mu_alpha = -0.196723880397  entropy = 3.20265934814e-07
    sigma = 0.005  Optimized mu_beta  = -0.199397809539  entropy = 3.20265934814e-07
    Total E(T) = -12115.5931702034  Free energy = -12115.593170205  E0 = -12115.5931702042
cycle= 3 E= -12115.5931702034  delta_E= -0.000335  |g|= 0.0915  |ddm|= 47.5
    sigma = 0.005  Optimized mu_alpha = -0.196719976443  entropy = 3.20330737951e-07
    sigma = 0.005  Optimized mu_beta  = -0.199392805582  entropy = 3.20330737951e-07
    Total E(T) = -12115.5933083173  Free energy = -12115.5933083189  E0 = -12115.5933083181
cycle= 4 E= -12115.5933083173  delta_E= -0.000138  |g|= 0.0555  |ddm|= 21.2
    sigma = 0.005  Optimized mu_alpha = -0.196693117799  entropy = 3.20334444835e-07
    sigma = 0.005  Optimized mu_beta  = -0.19936504784  entropy = 3.20334444835e-07
    Total E(T) = -12115.5933621727  Free energy = -12115.5933621743  E0 = -12115.5933621735
cycle= 5 E= -12115.5933621727  delta_E= -5.39e-05  |g|= 0.0344  |ddm|=   13
    sigma = 0.005  Optimized mu_alpha = -0.196714345723  entropy = 3.20247994732e-07
    sigma = 0.005  Optimized mu_beta  = -0.199387343433  entropy = 3.20247994732e-07
    Total E(T) = -12115.5933833727  Free energy = -12115.5933833743  E0 = -12115.5933833735
cycle= 6 E= -12115.5933833727  delta_E= -2.12e-05  |g|= 0.0206  |ddm|= 7.73
    sigma = 0.005  Optimized mu_alpha = -0.196711279259  entropy = 3.20252522641e-07
    sigma = 0.005  Optimized mu_beta  = -0.199384148391  entropy = 3.20252522641e-07
    Total E(T) = -12115.5933914663  Free energy = -12115.5933914679  E0 = -12115.5933914671
cycle= 7 E= -12115.5933914663  delta_E= -8.09e-06  |g|= 0.0126  |ddm|= 4.82
    sigma = 0.005  Optimized mu_alpha = -0.196715248755  entropy = 3.20198873447e-07
    sigma = 0.005  Optimized mu_beta  = -0.199388736103  entropy = 3.20198873447e-07
    Total E(T) = -12115.5933945375  Free energy = -12115.5933945391  E0 = -12115.5933945383
cycle= 8 E= -12115.5933945375  delta_E= -3.07e-06  |g|= 0.00683  |ddm|= 3.15
    sigma = 0.005  Optimized mu_alpha = -0.296261974546  entropy = 12.7544028473
    sigma = 0.005  Optimized mu_beta  = -0.299202489475  entropy = 12.7544028473
    Total E(T) = -12115.5571475022  Free energy = -12115.6209195165  E0 = -12115.5890335093
Extra cycle  E= -12115.5571475022  delta_E= 0.0362  |g|= 0.237  |ddm|=  874
converged SCF energy = -12115.5571475022  <S^2> = 2.0130522  2S+1 = 3.0086889
[timing] right/Al ensemble SCF = 1139.3s
[timing] collect state = 0.0s
[timing] grad contraction = 1.5s
Npdft 666.0000340267492
[timing] checkpoint save = 0.0s
step=   2 L=-12265.92869427 Ef=-12265.93083689 L1=1.45985006e+00 |grad|=2.76977e-02 t=1356.0s
[phase2 outer 1] |db| = 2.01684e-02
[phase2 outer 1] |grad| = 2.76977e-02
[phase2 outer 1] raw_step_norm=2.016840e-02 capped_step_norm=2.016840e-02 raw_max_abs_step=1.641527e-03 capped_max_abs_step=1.641527e-03 step_cap=6.000000e-02 line_search_alpha=n/a
[phase2 outer 1] res.fun = 12265.92869427
[phase2 outer 1] res.message = STOP: TOTAL NO. of ITERATIONS REACHED LIMIT
[phase2 outer 1] finished message=STOP: TOTAL NO. of ITERATIONS REACHED LIMIT |b|=9.732913e-02
[phase2 outer 2] start |b|=9.732913e-02 max|b|=5.745344e-03 delta=1.642e-03
[diagnostic] step=3 |b|=9.732913e-02 max|b|=5.745344e-03
[timing] build AO Vp from S3 = 1.6s
[diagnostic] |vpl|=7.061390e-02 max|vpl|=7.185931e-03
[diagnostic] |vpr|=1.666459e-01 max|vpr|=7.127878e-03
[diagnostic] |vpref|=1.722485e-01 max|vpref|=7.127878e-03
dm0 check [[[ 1.51511142e-09  2.24391254e-08  1.89789561e-07 ... -1.14719027e-07
    7.42476491e-07  6.64943648e-08]
  [ 2.24391254e-08  3.34443992e-07  2.75066910e-06 ... -1.77767180e-06
    1.10110522e-05  1.04757955e-06]
  [ 1.89789561e-07  2.75066910e-06  2.57237476e-05 ... -1.02769946e-05
    9.27868755e-05  4.99876704e-06]
  ...
  [-1.14719027e-07 -1.77767180e-06 -1.02769946e-05 ...  2.27166708e-04
    1.81896838e-06 -1.91352285e-04]
  [ 7.42476491e-07  1.10110522e-05  9.27868755e-05 ...  1.81896838e-06
    4.79980334e-04 -1.62432356e-06]
  [ 6.64943648e-08  1.04757955e-06  4.99876704e-06 ... -1.91352285e-04
   -1.62432356e-06  6.55604999e-04]]

 [[ 2.14412007e-09  3.18475347e-08  2.65523309e-07 ... -7.48705567e-08
    1.03578174e-06  2.38437832e-08]
  [ 3.18475347e-08  4.74247460e-07  3.91396668e-06 ... -9.93113700e-07
    1.53190651e-05  2.50156053e-07]
  [ 2.65523309e-07  3.91396668e-06  3.37625059e-05 ... -1.10142815e-05
    1.30901449e-04  4.52867684e-06]
  ...
  [-7.48705567e-08 -9.93113700e-07 -1.10142815e-05 ...  2.49604219e-04
    2.27938802e-06 -2.10130234e-04]
  [ 1.03578174e-06  1.53190651e-05  1.30901449e-04 ...  2.27938802e-06
    5.52938805e-04 -2.04467203e-06]
  [ 2.38437832e-08  2.50156053e-07  4.52867684e-06 ... -2.10130234e-04
   -2.04467203e-06  7.46013382e-04]]]
converged SCF energy = -150.22669371454  <S^2> = 2.0045398  2S+1 = 3.003025
dm0 check [[[ 1.14644043e-09  1.70875533e-08  1.38757202e-07 ... -8.06195898e-08
    6.25424546e-07  4.56943851e-08]
  [ 1.70875533e-08  2.56093598e-07  2.02957957e-06 ... -1.06182913e-06
    9.18294702e-06  7.18429121e-07]
  [ 1.38757202e-07  2.02957957e-06  1.80710819e-05 ... -1.26945917e-05
    8.12960528e-05  3.19915114e-06]
  ...
  [-8.06195898e-08 -1.06182913e-06 -1.26945917e-05 ...  2.39058219e-04
   -1.61590734e-06 -1.68277561e-04]
  [ 6.25424546e-07  9.18294702e-06  8.12960528e-05 ... -1.61590734e-06
    4.44997716e-04 -4.05929866e-06]
  [ 4.56943851e-08  7.18429121e-07  3.19915114e-06 ... -1.68277561e-04
   -4.05929866e-06  5.95725214e-04]]

 [[ 2.53036790e-08  3.85050753e-07  2.83126579e-06 ... -1.48564615e-07
    1.05907478e-07  7.43836339e-08]
  [ 3.85050753e-07  5.86079318e-06  4.30459256e-05 ... -2.17962739e-06
    1.18345893e-06  1.05280689e-06]
  [ 2.83126579e-06  4.30459256e-05  3.17989580e-04 ... -1.75086853e-05
    2.68751830e-05  9.38988858e-06]
  ...
  [-1.48564615e-07 -2.17962739e-06 -1.75086853e-05 ...  2.30571795e-04
    2.09025570e-07 -1.91673883e-04]
  [ 1.05907478e-07  1.18345893e-06  2.68751830e-05 ...  2.09025570e-07
    4.63241178e-04 -3.50232729e-06]
  [ 7.43836339e-08  1.05280689e-06  9.38988858e-06 ... -1.91673883e-04
   -3.50232729e-06  6.49569815e-04]]]
converged SCF energy = -150.24498582983  <S^2> = 0.92979806  2S+1 = 2.1723702
[timing] left/O ensemble SCF = 12.7s
dm0 check [[ 3.79543221e-01  6.12230251e-01 -1.25224334e-01 ...  6.34053313e-07
  -9.25679631e-07 -1.68956565e-06]
 [ 6.12230251e-01  1.01515290e+00 -3.34054368e-01 ...  2.41146286e-06
  -3.29379730e-06 -5.13301783e-06]
 [-1.25224334e-01 -3.34054368e-01  6.75274834e-01 ... -5.25863865e-06
   7.84735404e-06  1.23153901e-05]
 ...
 [ 6.34053313e-07  2.41146286e-06 -5.25863865e-06 ...  9.66147879e-07
  -2.45639324e-07  2.60582406e-08]
 [-9.25679631e-07 -3.29379730e-06  7.84735404e-06 ... -2.45639324e-07
   5.63199748e-07  8.51205377e-08]
 [-1.68956565e-06 -5.13301783e-06  1.23153901e-05 ...  2.60582406e-08
   8.51205377e-08  2.48568912e-07]]


******** <class 'pyscf.scf.addons.SmearingDFRKS'> ********
method = SmearingDFRKS
initial guess = minao
damping factor = 0.15
level_shift factor = 0.2
DIIS = <class 'pyscf.scf.diis.CDIIS'>
diis_start_cycle = 1
diis_space = 12
diis_damp = 0
SCF conv_tol = 5e-05
SCF conv_tol_grad = None
SCF max_cycles = 200
direct_scf = True
direct_scf_tol = 1e-13
chkfile to save SCF result = /tmp/tmposeml0yq
max_memory 4000 MB (current use 87034 MB)
XC library pyscf.dft.libxc version 6.1.0
    S. Lehtola, C. Steigemann, M. J.T. Oliveira, and M. A.L. Marques.,  SoftwareX 7, 1–5 (2018)
XC functionals = pbe
    J. P. Perdew, K. Burke, and M. Ernzerhof.,  Phys. Rev. Lett. 77, 3865 (1996)
    J. P. Perdew, K. Burke, and M. Ernzerhof.,  Phys. Rev. Lett. 78, 1396 (1997)
    J. P. Perdew, K. Burke, and M. Ernzerhof.,  Phys. Rev. Lett. 77, 3865 (1996)
    J. P. Perdew, K. Burke, and M. Ernzerhof.,  Phys. Rev. Lett. 78, 1396 (1997)
small_rho_cutoff = 1e-06
Set gradient conv threshold to 0.00707107
    Total E(T) = -12116.0384318982  Free energy = -12117.0581108753  E0 = -12116.5482713867
init E= -12116.0384318982
    sigma = 0.02  Optimized mu = -0.0515067782282  entropy = 1.4920292932
    Total E(T) = -12116.0384224089  Free energy = -12116.0682629948  E0 = -12116.0533427018
cycle= 1 E= -12116.0384224089  delta_E= 9.49e-06  |g|= 0.0184  |ddm|= 19.6
    sigma = 0.02  Optimized mu = -0.051731461491  entropy = 1.49123945541
    Total E(T) = -12116.0383218467  Free energy = -12116.0681466358  E0 = -12116.0532342413
cycle= 2 E= -12116.0383218467  delta_E= 0.000101  |g|= 0.0611  |ddm|=   70
    sigma = 0.02  Optimized mu = -0.051569571245  entropy = 1.49171528373
    Total E(T) = -12116.038386947  Free energy = -12116.0682212527  E0 = -12116.0533040998
cycle= 3 E= -12116.038386947  delta_E= -6.51e-05  |g|= 0.0308  |ddm|= 25.9
    sigma = 0.02  Optimized mu = -0.0515645204883  entropy = 1.49176008633
    Total E(T) = -12116.0384130391  Free energy = -12116.0682482408  E0 = -12116.05333064
cycle= 4 E= -12116.0384130391  delta_E= -2.61e-05  |g|= 0.02  |ddm|= 11.4
    sigma = 0.02  Optimized mu = -0.051560912825  entropy = 1.49177914654
    Total E(T) = -12116.0384242066  Free energy = -12116.0682597896  E0 = -12116.0533419981
cycle= 5 E= -12116.0384242066  delta_E= -1.12e-05  |g|= 0.0131  |ddm|= 6.53
    sigma = 0.02  Optimized mu = -0.0515643228166  entropy = 1.49175783749
    Total E(T) = -12116.0384291981  Free energy = -12116.0682643549  E0 = -12116.0533467765
cycle= 6 E= -12116.0384291981  delta_E= -4.99e-06  |g|= 0.00867  |ddm|= 4.32
    sigma = 0.02  Optimized mu = -0.0515621384332  entropy = 1.49177224415
    Total E(T) = -12116.0384312647  Free energy = -12116.0682667096  E0 = -12116.0533489872
cycle= 7 E= -12116.0384312647  delta_E= -2.07e-06  |g|= 0.00607  |ddm|= 2.85
    sigma = 0.02  Optimized mu = -0.151463837916  entropy = 50.9849336609
    Total E(T) = -12115.5093853695  Free energy = -12116.5290840427  E0 = -12116.0192347061
Extra cycle  E= -12115.5093853695  delta_E= 0.529  |g|= 0.408  |ddm|= 4.12e+03
converged SCF energy = -12115.5093853695
dm0 check [[[ 1.89793083e-01  3.06172718e-01 -6.27472696e-02 ...  2.44312275e-07
   -4.47901842e-07 -8.93751110e-07]
  [ 3.06172718e-01  5.07729635e-01 -1.67384471e-01 ...  1.01138536e-06
   -1.60674887e-06 -2.69834357e-06]
  [-6.27472696e-02 -1.67384471e-01  3.38462658e-01 ... -2.17067724e-06
    3.82799447e-06  6.47113851e-06]
  ...
  [ 2.44312275e-07  1.01138536e-06 -2.17067724e-06 ...  5.09989649e-07
   -1.26892887e-07  1.10882164e-08]
  [-4.47901842e-07 -1.60674887e-06  3.82799447e-06 ... -1.26892887e-07
    2.88680499e-07  4.58795010e-08]
  [-8.93751110e-07 -2.69834357e-06  6.47113851e-06 ...  1.10882164e-08
    4.58795010e-08  1.34124617e-07]]

 [[ 1.89773932e-01  3.06120249e-01 -6.26288985e-02 ...  4.75978355e-07
   -4.12728483e-07 -7.81930751e-07]
  [ 3.06120249e-01  5.07589456e-01 -1.67072804e-01 ...  1.63332081e-06
   -1.51032096e-06 -2.39640492e-06]
  [-6.26288985e-02 -1.67072804e-01  3.37772600e-01 ... -3.64834027e-06
    3.58139867e-06  5.73732305e-06]
  ...
  [ 4.75978355e-07  1.63332081e-06 -3.64834027e-06 ...  4.94337958e-07
   -1.29797865e-07  1.41958630e-08]
  [-4.12728483e-07 -1.51032096e-06  3.58139867e-06 ... -1.29797865e-07
    2.87766347e-07  4.43956770e-08]
  [-7.81930751e-07 -2.39640492e-06  5.73732305e-06 ...  1.41958630e-08
    4.43956770e-08  1.26186452e-07]]]


******** <class 'pyscf.scf.addons.SmearingDFUKS'> ********
method = SmearingDFUKS
initial guess = minao
damping factor = 0.15
level_shift factor = 0.2
DIIS = <class 'pyscf.scf.diis.CDIIS'>
diis_start_cycle = 1
diis_space = 12
diis_damp = 0
SCF conv_tol = 5e-05
SCF conv_tol_grad = None
SCF max_cycles = 200
direct_scf = True
direct_scf_tol = 1e-13
chkfile to save SCF result = /tmp/tmpiytuev4b
max_memory 4000 MB (current use 87034 MB)
number electrons alpha = 325  beta = 323
XC library pyscf.dft.libxc version 6.1.0
    S. Lehtola, C. Steigemann, M. J.T. Oliveira, and M. A.L. Marques.,  SoftwareX 7, 1–5 (2018)
XC functionals = pbe
    J. P. Perdew, K. Burke, and M. Ernzerhof.,  Phys. Rev. Lett. 77, 3865 (1996)
    J. P. Perdew, K. Burke, and M. Ernzerhof.,  Phys. Rev. Lett. 78, 1396 (1997)
    J. P. Perdew, K. Burke, and M. Ernzerhof.,  Phys. Rev. Lett. 77, 3865 (1996)
    J. P. Perdew, K. Burke, and M. Ernzerhof.,  Phys. Rev. Lett. 78, 1396 (1997)
small_rho_cutoff = 1e-06
Set gradient conv threshold to 0.00707107
    Total E(T) = -12115.5933945382  Free energy = -12115.6571665524  E0 = -12115.6252805453
init E= -12115.5933945382
    sigma = 0.005  Optimized mu_alpha = -0.196672320321  entropy = 3.20641491706e-07
    sigma = 0.005  Optimized mu_beta  = -0.199341297071  entropy = 3.20641491706e-07
    Total E(T) = -12115.5933823862  Free energy = -12115.5933823878  E0 = -12115.593382387
cycle= 1 E= -12115.5933823862  delta_E= 1.22e-05  |g|= 0.0292  |ddm|= 19.1
    sigma = 0.005  Optimized mu_alpha = -0.196842154904  entropy = 3.19311331023e-07
    sigma = 0.005  Optimized mu_beta  = -0.199530022895  entropy = 3.19311331023e-07
    Total E(T) = -12115.5932614362  Free energy = -12115.5932614378  E0 = -12115.593261437
cycle= 2 E= -12115.5932614362  delta_E= 0.000121  |g|= 0.0919  |ddm|= 61.9
    sigma = 0.005  Optimized mu_alpha = -0.196716326115  entropy = 3.20161861789e-07
    sigma = 0.005  Optimized mu_beta  = -0.19939033126  entropy = 3.20161861789e-07
    Total E(T) = -12115.5933413386  Free energy = -12115.5933413402  E0 = -12115.5933413394
cycle= 3 E= -12115.5933413386  delta_E= -7.99e-05  |g|= 0.0452  |ddm|= 21.9
    sigma = 0.005  Optimized mu_alpha = -0.196716758262  entropy = 3.202008146e-07
    sigma = 0.005  Optimized mu_beta  = -0.199390289606  entropy = 3.202008146e-07
    Total E(T) = -12115.5933736717  Free energy = -12115.5933736733  E0 = -12115.5933736725
cycle= 4 E= -12115.5933736717  delta_E= -3.23e-05  |g|= 0.0284  |ddm|= 10.2
    sigma = 0.005  Optimized mu_alpha = -0.196711954533  entropy = 3.20226798051e-07
    sigma = 0.005  Optimized mu_beta  = -0.199385043535  entropy = 3.20226798051e-07
    Total E(T) = -12115.5933866651  Free energy = -12115.5933866667  E0 = -12115.5933866659
cycle= 5 E= -12115.5933866651  delta_E= -1.3e-05  |g|= 0.0186  |ddm|= 6.19
    sigma = 0.005  Optimized mu_alpha = -0.196714580759  entropy = 3.20214020817e-07
    sigma = 0.005  Optimized mu_beta  = -0.199387830735  entropy = 3.20214020817e-07
    Total E(T) = -12115.5933922759  Free energy = -12115.5933922775  E0 = -12115.5933922767
cycle= 6 E= -12115.5933922759  delta_E= -5.61e-06  |g|= 0.0117  |ddm|= 3.56
    sigma = 0.005  Optimized mu_alpha = -0.196716373577  entropy = 3.20187911165e-07
    sigma = 0.005  Optimized mu_beta  = -0.199390003837  entropy = 3.20187911165e-07
    Total E(T) = -12115.5933944968  Free energy = -12115.5933944984  E0 = -12115.5933944976
cycle= 7 E= -12115.5933944968  delta_E= -2.22e-06  |g|= 0.00827  |ddm|= 2.55
    sigma = 0.005  Optimized mu_alpha = -0.19671659003  entropy = 3.20177709558e-07
    sigma = 0.005  Optimized mu_beta  = -0.199390299074  entropy = 3.20177709558e-07
    Total E(T) = -12115.59339545  Free energy = -12115.5933954516  E0 = -12115.5933954508
cycle= 8 E= -12115.59339545  delta_E= -9.53e-07  |g|= 0.00578  |ddm|= 1.61
    sigma = 0.005  Optimized mu_alpha = -0.296283212316  entropy = 12.7524077379
    sigma = 0.005  Optimized mu_beta  = -0.299224702833  entropy = 12.7524077379
    Total E(T) = -12115.5573935129  Free energy = -12115.6211555516  E0 = -12115.5892745322
Extra cycle  E= -12115.5573935129  delta_E= 0.036  |g|= 0.219  |ddm|=  871
converged SCF energy = -12115.5573935129  <S^2> = 2.0130606  2S+1 = 3.0086944
[timing] right/Al ensemble SCF = 1037.3s
[timing] collect state = 0.0s
[timing] grad contraction = 1.6s
Npdft 666.000034025846
[timing] checkpoint save = 0.2s
step=   3 L=-12265.92825911 Ef=-12265.93040163 L1=1.45925723e+00 |grad|=2.76953e-02 t=1252.4s
[diagnostic] step=4 |b|=1.157001e-01 max|b|=7.386871e-03
[timing] build AO Vp from S3 = 1.6s
[diagnostic] |vpl|=8.669441e-02 max|vpl|=8.605731e-03
[diagnostic] |vpr|=1.971285e-01 max|vpr|=8.443005e-03
[diagnostic] |vpref|=2.044622e-01 max|vpref|=8.443005e-03
dm0 check [[[ 1.51511507e-09  2.24391764e-08  1.89790082e-07 ... -1.14718990e-07
    7.42477045e-07  6.64943306e-08]
  [ 2.24391764e-08  3.34444763e-07  2.75067587e-06 ... -1.77767125e-06
    1.10110602e-05  1.04757907e-06]
  [ 1.89790082e-07  2.75067587e-06  2.57238102e-05 ... -1.02769953e-05
    9.27869282e-05  4.99876750e-06]
  ...
  [-1.14718990e-07 -1.77767125e-06 -1.02769953e-05 ...  2.27166703e-04
    1.81897159e-06 -1.91352281e-04]
  [ 7.42477045e-07  1.10110602e-05  9.27869282e-05 ...  1.81897159e-06
    4.79980205e-04 -1.62432622e-06]
  [ 6.64943306e-08  1.04757907e-06  4.99876750e-06 ... -1.91352281e-04
   -1.62432622e-06  6.55604862e-04]]

 [[ 2.14412506e-09  3.18476057e-08  2.65523940e-07 ... -7.48707043e-08
    1.03578288e-06  2.38439018e-08]
  [ 3.18476057e-08  4.74248514e-07  3.91397520e-06 ... -9.93113263e-07
    1.53190814e-05  2.50155752e-07]
  [ 2.65523940e-07  3.91397520e-06  3.37625800e-05 ... -1.10142938e-05
    1.30901577e-04  4.52868661e-06]
  ...
  [-7.48707043e-08 -9.93113263e-07 -1.10142938e-05 ...  2.49604179e-04
    2.27939104e-06 -2.10130198e-04]
  [ 1.03578288e-06  1.53190814e-05  1.30901577e-04 ...  2.27939104e-06
    5.52938810e-04 -2.04467526e-06]
  [ 2.38439018e-08  2.50155752e-07  4.52868661e-06 ... -2.10130198e-04
   -2.04467526e-06  7.46013355e-04]]]
converged SCF energy = -150.226693714539  <S^2> = 2.0045398  2S+1 = 3.003025
dm0 check [[[ 1.14640389e-09  1.70870133e-08  1.38753939e-07 ... -8.06188010e-08
    6.25415508e-07  4.56897409e-08]
  [ 1.70870133e-08  2.56085856e-07  2.02952809e-06 ... -1.06182303e-06
    9.18280262e-06  7.18371405e-07]
  [ 1.38753939e-07  2.02952809e-06  1.80707535e-05 ... -1.26946238e-05
    8.12949622e-05  3.19865437e-06]
  ...
  [-8.06188010e-08 -1.06182303e-06 -1.26946238e-05 ...  2.39058491e-04
   -1.61625120e-06 -1.68274807e-04]
  [ 6.25415508e-07  9.18280262e-06  8.12949622e-05 ... -1.61625120e-06
    4.44994840e-04 -4.05993503e-06]
  [ 4.56897409e-08  7.18371405e-07  3.19865437e-06 ... -1.68274807e-04
   -4.05993503e-06  5.95722512e-04]]

 [[ 2.53036577e-08  3.85049032e-07  2.83126422e-06 ... -1.48564942e-07
    1.05891592e-07  7.43764913e-08]
  [ 3.85049032e-07  5.86074589e-06  4.30457436e-05 ... -2.17965303e-06
    1.18317950e-06  1.05272041e-06]
  [ 2.83126422e-06  4.30457436e-05  3.17989433e-04 ... -1.75089510e-05
    2.68727894e-05  9.38929286e-06]
  ...
  [-1.48564942e-07 -2.17965303e-06 -1.75089510e-05 ...  2.30571546e-04
    2.08965287e-07 -1.91670976e-04]
  [ 1.05891592e-07  1.18317950e-06  2.68727894e-05 ...  2.08965287e-07
    4.63237986e-04 -3.50230113e-06]
  [ 7.43764913e-08  1.05272041e-06  9.38929286e-06 ... -1.91670976e-04
   -3.50230113e-06  6.49568405e-04]]]
converged SCF energy = -150.244985829834  <S^2> = 0.92979734  2S+1 = 2.1723695
[timing] left/O ensemble SCF = 13.9s
dm0 check [[ 3.79543196e-01  6.12230190e-01 -1.25224174e-01 ...  6.34072145e-07
  -9.25521550e-07 -1.68951050e-06]
 [ 6.12230190e-01  1.01515274e+00 -3.34053957e-01 ...  2.41151126e-06
  -3.29337025e-06 -5.13286806e-06]
 [-1.25224174e-01 -3.34053957e-01  6.75273837e-01 ... -5.25872188e-06
   7.84631385e-06  1.23150041e-05]
 ...
 [ 6.34072145e-07  2.41151126e-06 -5.25872188e-06 ...  9.66258539e-07
  -2.45678530e-07  2.60761427e-08]
 [-9.25521550e-07 -3.29337025e-06  7.84631385e-06 ... -2.45678530e-07
   5.63208906e-07  8.51393189e-08]
 [-1.68951050e-06 -5.13286806e-06  1.23150041e-05 ...  2.60761427e-08
   8.51393189e-08  2.48568885e-07]]


******** <class 'pyscf.scf.addons.SmearingDFRKS'> ********
method = SmearingDFRKS
initial guess = minao
damping factor = 0.15
level_shift factor = 0.2
DIIS = <class 'pyscf.scf.diis.CDIIS'>
diis_start_cycle = 1
diis_space = 12
diis_damp = 0
SCF conv_tol = 5e-05
SCF conv_tol_grad = None
SCF max_cycles = 200
direct_scf = True
direct_scf_tol = 1e-13
chkfile to save SCF result = /tmp/tmposeml0yq
max_memory 4000 MB (current use 87120 MB)
XC library pyscf.dft.libxc version 6.1.0
    S. Lehtola, C. Steigemann, M. J.T. Oliveira, and M. A.L. Marques.,  SoftwareX 7, 1–5 (2018)
XC functionals = pbe
    J. P. Perdew, K. Burke, and M. Ernzerhof.,  Phys. Rev. Lett. 77, 3865 (1996)
    J. P. Perdew, K. Burke, and M. Ernzerhof.,  Phys. Rev. Lett. 78, 1396 (1997)
    J. P. Perdew, K. Burke, and M. Ernzerhof.,  Phys. Rev. Lett. 77, 3865 (1996)
    J. P. Perdew, K. Burke, and M. Ernzerhof.,  Phys. Rev. Lett. 78, 1396 (1997)
small_rho_cutoff = 1e-06
Set gradient conv threshold to 0.00707107
    Total E(T) = -12115.9870638754  Free energy = -12117.0067625486  E0 = -12116.496913212
init E= -12115.9870638754
    sigma = 0.02  Optimized mu = -0.0514394621339  entropy = 1.49364542174
    Total E(T) = -12115.9870010821  Free energy = -12116.0168739905  E0 = -12116.0019375363
cycle= 1 E= -12115.9870010821  delta_E= 6.28e-05  |g|= 0.0486  |ddm|= 48.5
    sigma = 0.02  Optimized mu = -0.0520515461664  entropy = 1.49211727523
    Total E(T) = -12115.9862864013  Free energy = -12116.0161287468  E0 = -12116.001207574
cycle= 2 E= -12115.9862864013  delta_E= 0.000715  |g|= 0.159  |ddm|=  193
    sigma = 0.02  Optimized mu = -0.0516180215461  entropy = 1.49261298892
    Total E(T) = -12115.9867674562  Free energy = -12116.016619716  E0 = -12116.0016935861
cycle= 3 E= -12115.9867674562  delta_E= -0.000481  |g|= 0.0771  |ddm|= 74.2
    sigma = 0.02  Optimized mu = -0.051601549194  entropy = 1.49270119151
    Total E(T) = -12115.9869540856  Free energy = -12116.0168081094  E0 = -12116.0018810975
cycle= 4 E= -12115.9869540856  delta_E= -0.000187  |g|= 0.0479  |ddm|= 32.5
    sigma = 0.02  Optimized mu = -0.0515851894583  entropy = 1.49276885445
    Total E(T) = -12115.987030078  Free energy = -12116.016885455  E0 = -12116.0019577665
cycle= 5 E= -12115.987030078  delta_E= -7.6e-05  |g|= 0.0292  |ddm|= 18.3
    sigma = 0.02  Optimized mu = -0.0515951018406  entropy = 1.49268062665
    Total E(T) = -12115.9870601508  Free energy = -12116.0169137633  E0 = -12116.0019869571
cycle= 6 E= -12115.9870601508  delta_E= -3.01e-05  |g|= 0.0188  |ddm|= 12.8
    sigma = 0.02  Optimized mu = -0.0515999339972  entropy = 1.49266366348
    Total E(T) = -12115.9870721204  Free energy = -12116.0169253936  E0 = -12116.001998757
cycle= 7 E= -12115.9870721204  delta_E= -1.2e-05  |g|= 0.0116  |ddm|= 7.55
    sigma = 0.02  Optimized mu = -0.0515933076875  entropy = 1.49269551229
    Total E(T) = -12115.9870767193  Free energy = -12116.0169306295  E0 = -12116.0020036744
cycle= 8 E= -12115.9870767193  delta_E= -4.6e-06  |g|= 0.00758  |ddm|= 4.67
    sigma = 0.02  Optimized mu = -0.0516030112628  entropy = 1.49265229856
    Total E(T) = -12115.9870787695  Free energy = -12116.0169318155  E0 = -12116.0020052925
cycle= 9 E= -12115.9870787695  delta_E= -2.05e-06  |g|= 0.00438  |ddm|= 3.66
    sigma = 0.02  Optimized mu = -0.151510410549  entropy = 50.984457174
    Total E(T) = -12115.4586217157  Free energy = -12116.4783108592  E0 = -12115.9684662875
Extra cycle  E= -12115.4586217157  delta_E= 0.528  |g|= 0.399  |ddm|= 4.13e+03
converged SCF energy = -12115.4586217157
dm0 check [[[ 1.89793086e-01  3.06172725e-01 -6.27473142e-02 ...  2.44088495e-07
   -4.47868689e-07 -8.93903026e-07]
  [ 3.06172725e-01  5.07729653e-01 -1.67384598e-01 ...  1.01077811e-06
   -1.60665939e-06 -2.69875295e-06]
  [-6.27473142e-02 -1.67384598e-01  3.38463112e-01 ... -2.16917634e-06
    3.82778127e-06  6.47213152e-06]
  ...
  [ 2.44088495e-07  1.01077811e-06 -2.16917634e-06 ...  5.10017389e-07
   -1.26874812e-07  1.11179257e-08]
  [-4.47868689e-07 -1.60665939e-06  3.82778127e-06 ... -1.26874812e-07
    2.88617988e-07  4.58739945e-08]
  [-8.93903026e-07 -2.69875295e-06  6.47213152e-06 ...  1.11179257e-08
    4.58739945e-08  1.34105430e-07]]

 [[ 1.89773928e-01  3.06120238e-01 -6.26288972e-02 ...  4.75823812e-07
   -4.13190645e-07 -7.81920076e-07]
  [ 3.06120238e-01  5.07589427e-01 -1.67072804e-01 ...  1.63290263e-06
   -1.51156879e-06 -2.39637559e-06]
  [-6.26288972e-02 -1.67072804e-01  3.37772718e-01 ... -3.64732026e-06
    3.58443393e-06  5.73725265e-06]
  ...
  [ 4.75823812e-07  1.63290263e-06 -3.64732026e-06 ...  4.94367820e-07
   -1.29768325e-07  1.42247329e-08]
  [-4.13190645e-07 -1.51156879e-06  3.58443393e-06 ... -1.29768325e-07
    2.87707359e-07  4.43916305e-08]
  [-7.81920076e-07 -2.39637559e-06  5.73725265e-06 ...  1.42247329e-08
    4.43916305e-08  1.26167599e-07]]]


******** <class 'pyscf.scf.addons.SmearingDFUKS'> ********
method = SmearingDFUKS
initial guess = minao
damping factor = 0.15
level_shift factor = 0.2
DIIS = <class 'pyscf.scf.diis.CDIIS'>
diis_start_cycle = 1
diis_space = 12
diis_damp = 0
SCF conv_tol = 5e-05
SCF conv_tol_grad = None
SCF max_cycles = 200
direct_scf = True
direct_scf_tol = 1e-13
chkfile to save SCF result = /tmp/tmpiytuev4b
max_memory 4000 MB (current use 87176 MB)
number electrons alpha = 325  beta = 323
XC library pyscf.dft.libxc version 6.1.0
    S. Lehtola, C. Steigemann, M. J.T. Oliveira, and M. A.L. Marques.,  SoftwareX 7, 1–5 (2018)
XC functionals = pbe
    J. P. Perdew, K. Burke, and M. Ernzerhof.,  Phys. Rev. Lett. 77, 3865 (1996)
    J. P. Perdew, K. Burke, and M. Ernzerhof.,  Phys. Rev. Lett. 78, 1396 (1997)
    J. P. Perdew, K. Burke, and M. Ernzerhof.,  Phys. Rev. Lett. 77, 3865 (1996)
    J. P. Perdew, K. Burke, and M. Ernzerhof.,  Phys. Rev. Lett. 78, 1396 (1997)
small_rho_cutoff = 1e-06
Set gradient conv threshold to 0.00707107
    Total E(T) = -12115.5420860987  Free energy = -12115.6058481374  E0 = -12115.5739671181
init E= -12115.5420860987
    sigma = 0.005  Optimized mu_alpha = -0.196647790348  entropy = 3.22243096876e-07
    sigma = 0.005  Optimized mu_beta  = -0.199299317365  entropy = 3.22243096876e-07
    Total E(T) = -12115.5420470265  Free energy = -12115.5420470281  E0 = -12115.5420470273
cycle= 1 E= -12115.5420470265  delta_E= 3.91e-05  |g|= 0.056  |ddm|=   31
    sigma = 0.005  Optimized mu_alpha = -0.197030369902  entropy = 3.20095303442e-07
    sigma = 0.005  Optimized mu_beta  = -0.19971997165  entropy = 3.20095303442e-07
    Total E(T) = -12115.5416157855  Free energy = -12115.5416157871  E0 = -12115.5416157863
cycle= 2 E= -12115.5416157855  delta_E= 0.000431  |g|= 0.173  |ddm|=  117
    sigma = 0.005  Optimized mu_alpha = -0.1967656152  entropy = 3.21133918794e-07
    sigma = 0.005  Optimized mu_beta  = -0.19942787611  entropy = 3.21133918794e-07
    Total E(T) = -12115.5419073677  Free energy = -12115.5419073693  E0 = -12115.5419073685
cycle= 3 E= -12115.5419073677  delta_E= -0.000292  |g|= 0.0836  |ddm|= 44.6
    sigma = 0.005  Optimized mu_alpha = -0.196762058596  entropy = 3.21186327789e-07
    sigma = 0.005  Optimized mu_beta  = -0.19942342295  entropy = 3.21186327789e-07
    Total E(T) = -12115.5420262004  Free energy = -12115.542026202  E0 = -12115.5420262012
cycle= 4 E= -12115.5420262004  delta_E= -0.000119  |g|= 0.0502  |ddm|= 19.9
    sigma = 0.005  Optimized mu_alpha = -0.19673659077  entropy = 3.21189986356e-07
    sigma = 0.005  Optimized mu_beta  = -0.199397167934  entropy = 3.21189986356e-07
    Total E(T) = -12115.542072076  Free energy = -12115.5420720776  E0 = -12115.5420720768
cycle= 5 E= -12115.542072076  delta_E= -4.59e-05  |g|= 0.0309  |ddm|= 11.9
    sigma = 0.005  Optimized mu_alpha = -0.196756402877  entropy = 3.21105442301e-07
    sigma = 0.005  Optimized mu_beta  = -0.19941800015  entropy = 3.21105442301e-07
    Total E(T) = -12115.5420898527  Free energy = -12115.5420898543  E0 = -12115.5420898535
cycle= 6 E= -12115.5420898527  delta_E= -1.78e-05  |g|= 0.0184  |ddm|= 7.18
    sigma = 0.005  Optimized mu_alpha = -0.196754644815  entropy = 3.21107303198e-07
    sigma = 0.005  Optimized mu_beta  = -0.199416157648  entropy = 3.21107303198e-07
    Total E(T) = -12115.5420965465  Free energy = -12115.5420965482  E0 = -12115.5420965474
cycle= 7 E= -12115.5420965465  delta_E= -6.69e-06  |g|= 0.0112  |ddm|= 4.45
    sigma = 0.005  Optimized mu_alpha = -0.196758164383  entropy = 3.21059097263e-07
    sigma = 0.005  Optimized mu_beta  = -0.199420196737  entropy = 3.21059097263e-07
    Total E(T) = -12115.5420990663  Free energy = -12115.5420990679  E0 = -12115.5420990671
cycle= 8 E= -12115.5420990663  delta_E= -2.52e-06  |g|= 0.00603  |ddm|= 2.86
    sigma = 0.005  Optimized mu_alpha = -0.296303045778  entropy = 12.7600359595
    sigma = 0.005  Optimized mu_beta  = -0.299238979661  entropy = 12.7600359595
    Total E(T) = -12115.5059848412  Free energy = -12115.569785021  E0 = -12115.5378849311
Extra cycle  E= -12115.5059848412  delta_E= 0.0361  |g|= 0.227  |ddm|=  875
converged SCF energy = -12115.5059848412  <S^2> = 2.0130883  2S+1 = 3.0087129
[timing] right/Al ensemble SCF = 1108.4s
[timing] collect state = 0.0s
[timing] grad contraction = 1.8s
Npdft 666.000034023353
[timing] checkpoint save = 0.0s
step=   4 L=-12265.92136209 Ef=-12265.92384765 L1=1.41819863e+00 |grad|=2.68151e-02 t=1326.9s
[phase2 outer 2] previous L = -12265.92869427
[phase2 outer 2] new L = -12265.92136209
[phase2 outer 2] dL = 7.33217772e-03
[phase2 outer 2] previous Ef = -12265.93083689
[phase2 outer 2] new Ef = -12265.92384765
[phase2 outer 2] dEf = 6.98923832e-03
[phase2 outer 2] |db| = 1.92901e-02
[phase2 outer 2] |grad| = 2.68151e-02
[phase2 outer 2] raw_step_norm=1.929008e-02 capped_step_norm=1.929008e-02 raw_max_abs_step=1.641527e-03 capped_max_abs_step=1.641527e-03 step_cap=6.000000e-02 line_search_alpha=n/a
[phase2 outer 2] res.fun = 12265.92136209
[phase2 outer 2] res.message = STOP: TOTAL NO. of ITERATIONS REACHED LIMIT
[phase2 outer 2] finished message=STOP: TOTAL NO. of ITERATIONS REACHED LIMIT |b|=1.157001e-01
[phase2 outer 3] start |b|=1.157001e-01 max|b|=7.386871e-03 delta=1.642e-03
[diagnostic] step=5 |b|=1.157001e-01 max|b|=7.386871e-03
[timing] build AO Vp from S3 = 1.6s
[diagnostic] |vpl|=8.669441e-02 max|vpl|=8.605731e-03
[diagnostic] |vpr|=1.971285e-01 max|vpr|=8.443005e-03
[diagnostic] |vpref|=2.044622e-01 max|vpref|=8.443005e-03
dm0 check [[[ 1.51511345e-09  2.24391537e-08  1.89789845e-07 ... -1.14719041e-07
    7.42476856e-07  6.64943793e-08]
  [ 2.24391537e-08  3.34444425e-07  2.75067274e-06 ... -1.77767171e-06
    1.10110573e-05  1.04757954e-06]
  [ 1.89789845e-07  2.75067274e-06  2.57237806e-05 ... -1.02769975e-05
    9.27869110e-05  4.99876992e-06]
  ...
  [-1.14719041e-07 -1.77767171e-06 -1.02769975e-05 ...  2.27166714e-04
    1.81897069e-06 -1.91352291e-04]
  [ 7.42476856e-07  1.10110573e-05  9.27869110e-05 ...  1.81897069e-06
    4.79980266e-04 -1.62432538e-06]
  [ 6.64943793e-08  1.04757954e-06  4.99876992e-06 ... -1.91352291e-04
   -1.62432538e-06  6.55604932e-04]]

 [[ 2.14412288e-09  3.18475751e-08  2.65523668e-07 ... -7.48706513e-08
    1.03578247e-06  2.38438681e-08]
  [ 3.18475751e-08  4.74248065e-07  3.91397161e-06 ... -9.93113945e-07
    1.53190755e-05  2.50156401e-07]
  [ 2.65523668e-07  3.91397161e-06  3.37625491e-05 ... -1.10142914e-05
    1.30901535e-04  4.52868544e-06]
  ...
  [-7.48706513e-08 -9.93113945e-07 -1.10142914e-05 ...  2.49604200e-04
    2.27939015e-06 -2.10130218e-04]
  [ 1.03578247e-06  1.53190755e-05  1.30901535e-04 ...  2.27939015e-06
    5.52938890e-04 -2.04467291e-06]
  [ 2.38438681e-08  2.50156401e-07  4.52868544e-06 ... -2.10130218e-04
   -2.04467291e-06  7.46013452e-04]]]
converged SCF energy = -150.226693714539  <S^2> = 2.0045398  2S+1 = 3.003025
dm0 check [[[ 1.14641745e-09  1.70871841e-08  1.38754813e-07 ... -8.06196941e-08
    6.25417120e-07  4.56926965e-08]
  [ 1.70871841e-08  2.56087717e-07  2.02954043e-06 ... -1.06182579e-06
    9.18282741e-06  7.18406974e-07]
  [ 1.38754813e-07  2.02954043e-06  1.80708466e-05 ... -1.26946806e-05
    8.12951703e-05  3.19891372e-06]
  ...
  [-8.06196941e-08 -1.06182579e-06 -1.26946806e-05 ...  2.39058742e-04
   -1.61627707e-06 -1.68275179e-04]
  [ 6.25417120e-07  9.18282741e-06  8.12951703e-05 ... -1.61627707e-06
    4.44995293e-04 -4.05994829e-06]
  [ 4.56926965e-08  7.18406974e-07  3.19891372e-06 ... -1.68275179e-04
   -4.05994829e-06  5.95722691e-04]]

 [[ 2.53030872e-08  3.85041148e-07  2.83121281e-06 ... -1.48564709e-07
    1.05890540e-07  7.43821277e-08]
  [ 3.85041148e-07  5.86063793e-06  4.30450523e-05 ... -2.17963110e-06
    1.18320858e-06  1.05278733e-06]
  [ 2.83121281e-06  4.30450523e-05  3.17985100e-04 ... -1.75088049e-05
    2.68728932e-05  9.38978177e-06]
  ...
  [-1.48564709e-07 -2.17963110e-06 -1.75088049e-05 ...  2.30571482e-04
    2.08982238e-07 -1.91671362e-04]
  [ 1.05890540e-07  1.18320858e-06  2.68728932e-05 ...  2.08982238e-07
    4.63238233e-04 -3.50223686e-06]
  [ 7.43821277e-08  1.05278733e-06  9.38978177e-06 ... -1.91671362e-04
   -3.50223686e-06  6.49568189e-04]]]
converged SCF energy = -150.244985829831  <S^2> = 0.92979752  2S+1 = 2.1723697
[timing] left/O ensemble SCF = 12.2s
dm0 check [[ 3.79540121e-01  6.12228853e-01 -1.25221729e-01 ...  6.65550238e-07
  -9.04521441e-07 -1.74952034e-06]
 [ 6.12228853e-01  1.01515626e+00 -3.34049875e-01 ...  2.49656000e-06
  -3.23694711e-06 -5.29481292e-06]
 [-1.25221729e-01 -3.34049875e-01  6.75263602e-01 ... -5.46518536e-06
   7.71050968e-06  1.27070269e-05]
 ...
 [ 6.65550238e-07  2.49656000e-06 -5.46518536e-06 ...  9.58056510e-07
  -2.46516711e-07  3.04039659e-08]
 [-9.04521441e-07 -3.23694711e-06  7.71050968e-06 ... -2.46516711e-07
   5.63298621e-07  8.41023640e-08]
 [-1.74952034e-06 -5.29481292e-06  1.27070269e-05 ...  3.04039659e-08
   8.41023640e-08  2.52582278e-07]]


******** <class 'pyscf.scf.addons.SmearingDFRKS'> ********
method = SmearingDFRKS
initial guess = minao
damping factor = 0.15
level_shift factor = 0.2
DIIS = <class 'pyscf.scf.diis.CDIIS'>
diis_start_cycle = 1
diis_space = 12
diis_damp = 0
SCF conv_tol = 5e-05
SCF conv_tol_grad = None
SCF max_cycles = 200
direct_scf = True
direct_scf_tol = 1e-13
chkfile to save SCF result = /tmp/tmposeml0yq
max_memory 4000 MB (current use 87307 MB)
XC library pyscf.dft.libxc version 6.1.0
    S. Lehtola, C. Steigemann, M. J.T. Oliveira, and M. A.L. Marques.,  SoftwareX 7, 1–5 (2018)
XC functionals = pbe
    J. P. Perdew, K. Burke, and M. Ernzerhof.,  Phys. Rev. Lett. 77, 3865 (1996)
    J. P. Perdew, K. Burke, and M. Ernzerhof.,  Phys. Rev. Lett. 78, 1396 (1997)
    J. P. Perdew, K. Burke, and M. Ernzerhof.,  Phys. Rev. Lett. 77, 3865 (1996)
    J. P. Perdew, K. Burke, and M. Ernzerhof.,  Phys. Rev. Lett. 78, 1396 (1997)
small_rho_cutoff = 1e-06
Set gradient conv threshold to 0.00707107
    Total E(T) = -12115.9870787694  Free energy = -12117.0067679128  E0 = -12116.4969233411
init E= -12115.9870787694
    sigma = 0.02  Optimized mu = -0.0515415295856  entropy = 1.49294528075
    Total E(T) = -12115.9870683427  Free energy = -12116.0169272483  E0 = -12116.0019977955
cycle= 1 E= -12115.9870683427  delta_E= 1.04e-05  |g|= 0.0193  |ddm|= 20.4
    sigma = 0.02  Optimized mu = -0.0517841990765  entropy = 1.49207602736
    Total E(T) = -12115.9869575205  Free energy = -12116.016799041  E0 = -12116.0018782807
cycle= 2 E= -12115.9869575205  delta_E= 0.000111  |g|= 0.0642  |ddm|= 72.9
    sigma = 0.02  Optimized mu = -0.0516092606245  entropy = 1.49260190387
    Total E(T) = -12115.9870291415  Free energy = -12116.0168811795  E0 = -12116.0019551605
cycle= 3 E= -12115.9870291415  delta_E= -7.16e-05  |g|= 0.0325  |ddm|= 27.1
    sigma = 0.02  Optimized mu = -0.051603656743  entropy = 1.49265163555
    Total E(T) = -12115.9870578246  Free energy = -12116.0169108573  E0 = -12116.0019843409
cycle= 4 E= -12115.9870578246  delta_E= -2.87e-05  |g|= 0.0211  |ddm|= 11.9
    sigma = 0.02  Optimized mu = -0.0515998108643  entropy = 1.49267179775
    Total E(T) = -12115.9870701137  Free energy = -12116.0169235496  E0 = -12116.0019968316
cycle= 5 E= -12115.9870701137  delta_E= -1.23e-05  |g|= 0.0139  |ddm|= 6.83
    sigma = 0.02  Optimized mu = -0.0516031713578  entropy = 1.49265116284
    Total E(T) = -12115.9870756823  Free energy = -12116.0169287055  E0 = -12116.0020021939
cycle= 6 E= -12115.9870756823  delta_E= -5.57e-06  |g|= 0.00917  |ddm|= 4.35
    sigma = 0.02  Optimized mu = -0.0516002141354  entropy = 1.49266868419
    Total E(T) = -12115.9870779886  Free energy = -12116.0169313623  E0 = -12116.0020046754
cycle= 7 E= -12115.9870779886  delta_E= -2.31e-06  |g|= 0.00647  |ddm|=    3
    sigma = 0.02  Optimized mu = -0.151497079453  entropy = 50.9853914644
    Total E(T) = -12115.4580603882  Free energy = -12116.4777682175  E0 = -12115.9679143028
Extra cycle  E= -12115.4580603882  delta_E= 0.529  |g|= 0.413  |ddm|= 4.12e+03
converged SCF energy = -12115.4580603882
dm0 check [[[ 1.89791546e-01  3.06172046e-01 -6.27460346e-02 ...  2.58488909e-07
   -4.37885481e-07 -9.22122690e-07]
  [ 3.06172046e-01  5.07731386e-01 -1.67382415e-01 ...  1.04967309e-06
   -1.57986002e-06 -2.77486659e-06]
  [-6.27460346e-02 -1.67382415e-01  3.38457537e-01 ... -2.26344724e-06
    3.76346308e-06  6.65595810e-06]
  ...
  [ 2.58488909e-07  1.04967309e-06 -2.26344724e-06 ...  5.05846738e-07
   -1.27351627e-07  1.32913251e-08]
  [-4.37885481e-07 -1.57986002e-06  3.76346308e-06 ... -1.27351627e-07
    2.88629954e-07  4.54282907e-08]
  [-9.22122690e-07 -2.77486659e-06  6.65595810e-06 ...  1.32913251e-08
    4.54282907e-08  1.36133642e-07]]

 [[ 1.89772275e-01  3.06119270e-01 -6.26269267e-02 ...  4.92159888e-07
   -4.04631855e-07 -8.10747553e-07]
  [ 3.06119270e-01  5.07590393e-01 -1.67068760e-01 ...  1.67706142e-06
   -1.48858929e-06 -2.47419685e-06]
  [-6.26269267e-02 -1.67068760e-01  3.37762661e-01 ... -3.75470913e-06
    3.52915809e-06  5.92587179e-06]
  ...
  [ 4.92159888e-07  1.67706142e-06 -3.75470913e-06 ...  4.90212964e-07
   -1.30173940e-07  1.64111747e-08]
  [-4.04631855e-07 -1.48858929e-06  3.52915809e-06 ... -1.30173940e-07
    2.87792877e-07  4.38883948e-08]
  [-8.10747553e-07 -2.47419685e-06  5.92587179e-06 ...  1.64111747e-08
    4.38883948e-08  1.28112453e-07]]]


******** <class 'pyscf.scf.addons.SmearingDFUKS'> ********
method = SmearingDFUKS
initial guess = minao
damping factor = 0.15
level_shift factor = 0.2
DIIS = <class 'pyscf.scf.diis.CDIIS'>
diis_start_cycle = 1
diis_space = 12
diis_damp = 0
SCF conv_tol = 5e-05
SCF conv_tol_grad = None
SCF max_cycles = 200
direct_scf = True
direct_scf_tol = 1e-13
chkfile to save SCF result = /tmp/tmpiytuev4b
max_memory 4000 MB (current use 87325 MB)
number electrons alpha = 325  beta = 323
XC library pyscf.dft.libxc version 6.1.0
    S. Lehtola, C. Steigemann, M. J.T. Oliveira, and M. A.L. Marques.,  SoftwareX 7, 1–5 (2018)
XC functionals = pbe
    J. P. Perdew, K. Burke, and M. Ernzerhof.,  Phys. Rev. Lett. 77, 3865 (1996)
    J. P. Perdew, K. Burke, and M. Ernzerhof.,  Phys. Rev. Lett. 78, 1396 (1997)
    J. P. Perdew, K. Burke, and M. Ernzerhof.,  Phys. Rev. Lett. 77, 3865 (1996)
    J. P. Perdew, K. Burke, and M. Ernzerhof.,  Phys. Rev. Lett. 78, 1396 (1997)
small_rho_cutoff = 1e-06
Set gradient conv threshold to 0.00707107
    Total E(T) = -12115.5420990666  Free energy = -12115.6058992464  E0 = -12115.5739991565
init E= -12115.5420990666
    sigma = 0.005  Optimized mu_alpha = -0.196715921479  entropy = 3.21467946243e-07
    sigma = 0.005  Optimized mu_beta  = -0.199373738986  entropy = 3.21467946243e-07
    Total E(T) = -12115.5420894242  Free energy = -12115.5420894258  E0 = -12115.542089425
cycle= 1 E= -12115.5420894242  delta_E= 9.64e-06  |g|= 0.0257  |ddm|= 17.2
    sigma = 0.005  Optimized mu_alpha = -0.19688385322  entropy = 3.2015133944e-07
    sigma = 0.005  Optimized mu_beta  = -0.199559183716  entropy = 3.2015133944e-07
    Total E(T) = -12115.5419943965  Free energy = -12115.5419943982  E0 = -12115.5419943974
cycle= 2 E= -12115.5419943965  delta_E= 9.5e-05  |g|= 0.0804  |ddm|= 55.7
    sigma = 0.005  Optimized mu_alpha = -0.196758898338  entropy = 3.21028577591e-07
    sigma = 0.005  Optimized mu_beta  = -0.199421386916  entropy = 3.21028577591e-07
    Total E(T) = -12115.5420578827  Free energy = -12115.5420578843  E0 = -12115.5420578835
cycle= 3 E= -12115.5420578827  delta_E= -6.35e-05  |g|= 0.0392  |ddm|= 19.7
    sigma = 0.005  Optimized mu_alpha = -0.196759297764  entropy = 3.2106133246e-07
    sigma = 0.005  Optimized mu_beta  = -0.199421335274  entropy = 3.2106133246e-07
    Total E(T) = -12115.5420832319  Free energy = -12115.5420832335  E0 = -12115.5420832327
cycle= 4 E= -12115.5420832319  delta_E= -2.53e-05  |g|= 0.0244  |ddm|= 9.27
    sigma = 0.005  Optimized mu_alpha = -0.196755081509  entropy = 3.21083121192e-07
    sigma = 0.005  Optimized mu_beta  = -0.199416781065  entropy = 3.21083121192e-07
    Total E(T) = -12115.5420932803  Free energy = -12115.5420932819  E0 = -12115.5420932811
cycle= 5 E= -12115.5420932803  delta_E= -1e-05  |g|= 0.0159  |ddm|= 5.55
    sigma = 0.005  Optimized mu_alpha = -0.196757588339  entropy = 3.21070742905e-07
    sigma = 0.005  Optimized mu_beta  = -0.199419429589  entropy = 3.21070742905e-07
    Total E(T) = -12115.5420975564  Free energy = -12115.542097558  E0 = -12115.5420975572
cycle= 6 E= -12115.5420975564  delta_E= -4.28e-06  |g|= 0.00992  |ddm|= 3.19
    sigma = 0.005  Optimized mu_alpha = -0.196759388234  entropy = 3.21045054833e-07
    sigma = 0.005  Optimized mu_beta  = -0.199421596984  entropy = 3.21045054833e-07
    Total E(T) = -12115.5420992225  Free energy = -12115.5420992241  E0 = -12115.5420992233
cycle= 7 E= -12115.5420992225  delta_E= -1.67e-06  |g|= 0.00694  |ddm|= 2.25
    sigma = 0.005  Optimized mu_alpha = -0.296311131567  entropy = 12.7596762092
    sigma = 0.005  Optimized mu_beta  = -0.299247230106  entropy = 12.7596762092
    Total E(T) = -12115.5059364173  Free energy = -12115.5697347983  E0 = -12115.5378356078
Extra cycle  E= -12115.5059364173  delta_E= 0.0362  |g|= 0.235  |ddm|=  874
converged SCF energy = -12115.5059364173  <S^2> = 2.0130941  2S+1 = 3.0087168
[timing] right/Al ensemble SCF = 987.7s
[timing] collect state = 0.0s
[timing] grad contraction = 1.6s
Npdft 666.0000340218111
[timing] checkpoint save = 0.0s
step=   5 L=-12265.92085355 Ef=-12265.92334033 L1=1.41772186e+00 |grad|=2.68216e-02 t=1203.2s
[diagnostic] step=6 |b|=1.334099e-01 max|b|=9.028398e-03
[timing] build AO Vp from S3 = 1.6s
[diagnostic] |vpl|=1.022358e-01 max|vpl|=9.931746e-03
[diagnostic] |vpr|=2.257887e-01 max|vpr|=9.786995e-03
[diagnostic] |vpref|=2.348829e-01 max|vpref|=9.786995e-03
dm0 check [[[ 1.51511415e-09  2.24391628e-08  1.89789947e-07 ... -1.14718984e-07
    7.42476838e-07  6.64943258e-08]
  [ 2.24391628e-08  3.34444541e-07  2.75067408e-06 ... -1.77767093e-06
    1.10110575e-05  1.04757877e-06]
  [ 1.89789947e-07  2.75067408e-06  2.57237936e-05 ... -1.02769919e-05
    9.27869045e-05  4.99876461e-06]
  ...
  [-1.14718984e-07 -1.77767093e-06 -1.02769919e-05 ...  2.27166733e-04
    1.81897134e-06 -1.91352306e-04]
  [ 7.42476838e-07  1.10110575e-05  9.27869045e-05 ...  1.81897134e-06
    4.79980259e-04 -1.62432546e-06]
  [ 6.64943258e-08  1.04757877e-06  4.99876461e-06 ... -1.91352306e-04
   -1.62432546e-06  6.55604939e-04]]

 [[ 2.14412378e-09  3.18475878e-08  2.65523769e-07 ... -7.48705966e-08
    1.03578261e-06  2.38438148e-08]
  [ 3.18475878e-08  4.74248243e-07  3.91397303e-06 ... -9.93113260e-07
    1.53190777e-05  2.50155737e-07]
  [ 2.65523769e-07  3.91397303e-06  3.37625602e-05 ... -1.10142876e-05
    1.30901546e-04  4.52868172e-06]
  ...
  [-7.48705966e-08 -9.93113260e-07 -1.10142876e-05 ...  2.49604209e-04
    2.27939089e-06 -2.10130225e-04]
  [ 1.03578261e-06  1.53190777e-05  1.30901546e-04 ...  2.27939089e-06
    5.52938841e-04 -2.04467317e-06]
  [ 2.38438148e-08  2.50155737e-07  4.52868172e-06 ... -2.10130225e-04
   -2.04467317e-06  7.46013408e-04]]]
converged SCF energy = -150.226693714539  <S^2> = 2.0045398  2S+1 = 3.003025
dm0 check [[[ 1.14640648e-09  1.70870363e-08  1.38753766e-07 ... -8.06181611e-08
    6.25414530e-07  4.56915041e-08]
  [ 1.70870363e-08  2.56085699e-07  2.02952709e-06 ... -1.06181952e-06
    9.18279720e-06  7.18389933e-07]
  [ 1.38753766e-07  2.02952709e-06  1.80707419e-05 ... -1.26946015e-05
    8.12948677e-05  3.19878429e-06]
  ...
  [-8.06181611e-08 -1.06181952e-06 -1.26946015e-05 ...  2.39058919e-04
   -1.61646206e-06 -1.68275036e-04]
  [ 6.25414530e-07  9.18279720e-06  8.12948677e-05 ... -1.61646206e-06
    4.44995046e-04 -4.06014496e-06]
  [ 4.56915041e-08  7.18389933e-07  3.19878429e-06 ... -1.68275036e-04
   -4.06014496e-06  5.95722908e-04]]

 [[ 2.53030893e-08  3.85040792e-07  2.83121159e-06 ... -1.48563626e-07
    1.05888903e-07  7.43804317e-08]
  [ 3.85040792e-07  5.86062650e-06  4.30449919e-05 ... -2.17962744e-06
    1.18318299e-06  1.05277454e-06]
  [ 2.83121159e-06  4.30449919e-05  3.17984803e-04 ... -1.75087729e-05
    2.68725759e-05  9.38968400e-06]
  ...
  [-1.48563626e-07 -2.17962744e-06 -1.75087729e-05 ...  2.30571627e-04
    2.08962394e-07 -1.91671233e-04]
  [ 1.05888903e-07  1.18318299e-06  2.68725759e-05 ...  2.08962394e-07
    4.63238037e-04 -3.50226009e-06]
  [ 7.43804317e-08  1.05277454e-06  9.38968400e-06 ... -1.91671233e-04
   -3.50226009e-06  6.49568165e-04]]]
converged SCF energy = -150.244985829816  <S^2> = 0.92980776  2S+1 = 2.1723791
[timing] left/O ensemble SCF = 12.1s
dm0 check [[ 3.79540095e-01  6.12228792e-01 -1.25221565e-01 ...  6.65804881e-07
  -9.04347381e-07 -1.74958285e-06]
 [ 6.12228792e-01  1.01515611e+00 -3.34049453e-01 ...  2.49724511e-06
  -3.23647752e-06 -5.29498013e-06]
 [-1.25221565e-01 -3.34049453e-01  6.75262560e-01 ... -5.46681691e-06
   7.70937159e-06  1.27074036e-05]
 ...
 [ 6.65804881e-07  2.49724511e-06 -5.46681691e-06 ...  9.58148244e-07
  -2.46550051e-07  3.04215691e-08]
 [-9.04347381e-07 -3.23647752e-06  7.70937159e-06 ... -2.46550051e-07
   5.63321452e-07  8.41246076e-08]
 [-1.74958285e-06 -5.29498013e-06  1.27074036e-05 ...  3.04215691e-08
   8.41246076e-08  2.52584444e-07]]


******** <class 'pyscf.scf.addons.SmearingDFRKS'> ********
method = SmearingDFRKS
initial guess = minao
damping factor = 0.15
level_shift factor = 0.2
DIIS = <class 'pyscf.scf.diis.CDIIS'>
diis_start_cycle = 1
diis_space = 12
diis_damp = 0
SCF conv_tol = 5e-05
SCF conv_tol_grad = None
SCF max_cycles = 200
direct_scf = True
direct_scf_tol = 1e-13
chkfile to save SCF result = /tmp/tmposeml0yq
max_memory 4000 MB (current use 87232 MB)
XC library pyscf.dft.libxc version 6.1.0
    S. Lehtola, C. Steigemann, M. J.T. Oliveira, and M. A.L. Marques.,  SoftwareX 7, 1–5 (2018)
XC functionals = pbe
    J. P. Perdew, K. Burke, and M. Ernzerhof.,  Phys. Rev. Lett. 77, 3865 (1996)
    J. P. Perdew, K. Burke, and M. Ernzerhof.,  Phys. Rev. Lett. 78, 1396 (1997)
    J. P. Perdew, K. Burke, and M. Ernzerhof.,  Phys. Rev. Lett. 77, 3865 (1996)
    J. P. Perdew, K. Burke, and M. Ernzerhof.,  Phys. Rev. Lett. 78, 1396 (1997)
small_rho_cutoff = 1e-06
Set gradient conv threshold to 0.00707107
    Total E(T) = -12115.9140051011  Free energy = -12116.9337129304  E0 = -12116.4238590158
init E= -12115.9140051011
    sigma = 0.02  Optimized mu = -0.051472020812  entropy = 1.49448349544
    Total E(T) = -12115.9139415096  Free energy = -12115.9438311795  E0 = -12115.9288863446
cycle= 1 E= -12115.9139415096  delta_E= 6.36e-05  |g|= 0.0488  |ddm|= 46.1
    sigma = 0.02  Optimized mu = -0.0520916934451  entropy = 1.49294312405
    Total E(T) = -12115.9132192104  Free energy = -12115.9430780728  E0 = -12115.9281486416
cycle= 2 E= -12115.9132192104  delta_E= 0.000722  |g|= 0.16  |ddm|=  191
    sigma = 0.02  Optimized mu = -0.0516556066354  entropy = 1.49344368081
    Total E(T) = -12115.9137013565  Free energy = -12115.9435702301  E0 = -12115.9286357933
cycle= 3 E= -12115.9137013565  delta_E= -0.000482  |g|= 0.0783  |ddm|= 73.7
    sigma = 0.02  Optimized mu = -0.0516380808814  entropy = 1.49353789828
    Total E(T) = -12115.9138898059  Free energy = -12115.9437605638  E0 = -12115.9288251849
cycle= 4 E= -12115.9138898059  delta_E= -0.000188  |g|= 0.0491  |ddm|=   32
    sigma = 0.02  Optimized mu = -0.0516220900698  entropy = 1.49360301934
    Total E(T) = -12115.9139674843  Free energy = -12115.9438395447  E0 = -12115.9289035145
cycle= 5 E= -12115.9139674843  delta_E= -7.77e-05  |g|= 0.0303  |ddm|=   18
    sigma = 0.02  Optimized mu = -0.0516315296925  entropy = 1.49351759585
    Total E(T) = -12115.9139987408  Free energy = -12115.9438690928  E0 = -12115.9289339168
cycle= 6 E= -12115.9139987408  delta_E= -3.13e-05  |g|= 0.0197  |ddm|= 12.6
    sigma = 0.02  Optimized mu = -0.0516355083415  entropy = 1.49350469546
    Total E(T) = -12115.9140114043  Free energy = -12115.9438814982  E0 = -12115.9289464513
cycle= 7 E= -12115.9140114043  delta_E= -1.27e-05  |g|= 0.0125  |ddm|= 7.45
    sigma = 0.02  Optimized mu = -0.0516297067391  entropy = 1.49353210752
    Total E(T) = -12115.9140164603  Free energy = -12115.9438871025  E0 = -12115.9289517814
cycle= 8 E= -12115.9140164603  delta_E= -5.06e-06  |g|= 0.00814  |ddm|= 4.57
    sigma = 0.02  Optimized mu = -0.0516389794571  entropy = 1.49349040585
    Total E(T) = -12115.9140187299  Free energy = -12115.943888538  E0 = -12115.928953634
cycle= 9 E= -12115.9140187299  delta_E= -2.27e-06  |g|= 0.00479  |ddm|= 3.76
    sigma = 0.02  Optimized mu = -0.151536336404  entropy = 50.985254447
    Total E(T) = -12115.3855334128  Free energy = -12116.4052385017  E0 = -12115.8953859572
Extra cycle  E= -12115.3855334128  delta_E= 0.528  |g|= 0.404  |ddm|= 4.12e+03
converged SCF energy = -12115.3855334128
dm0 check [[[ 1.89791544e-01  3.06172041e-01 -6.27460395e-02 ...  2.58448447e-07
   -4.37834608e-07 -9.22245746e-07]
  [ 3.06172041e-01  5.07731373e-01 -1.67382435e-01 ...  1.04956080e-06
   -1.57972300e-06 -2.77519834e-06]
  [-6.27460395e-02 -1.67382435e-01  3.38457691e-01 ... -2.26314660e-06
    3.76313627e-06  6.65676166e-06]
  ...
  [ 2.58448447e-07  1.04956080e-06 -2.26314660e-06 ...  5.05875879e-07
   -1.27344936e-07  1.33108601e-08]
  [-4.37834608e-07 -1.57972300e-06  3.76313627e-06 ... -1.27344936e-07
    2.88605217e-07  4.54344843e-08]
  [-9.22245746e-07 -2.77519834e-06  6.65676166e-06 ...  1.33108601e-08
    4.54344843e-08  1.36125549e-07]]

 [[ 1.89772263e-01  3.06119237e-01 -6.26268624e-02 ...  4.92135316e-07
   -4.04981460e-07 -8.10652381e-07]
  [ 3.06119237e-01  5.07590305e-01 -1.67068591e-01 ...  1.67699427e-06
   -1.48953363e-06 -2.47393958e-06]
  [-6.26268624e-02 -1.67068591e-01  3.37762332e-01 ... -3.75454059e-06
    3.53145898e-06  5.92524605e-06]
  ...
  [ 4.92135316e-07  1.67699427e-06 -3.75454059e-06 ...  4.90242118e-07
   -1.30156251e-07  1.64296368e-08]
  [-4.04981460e-07 -1.48953363e-06  3.53145898e-06 ... -1.30156251e-07
    2.87771323e-07  4.38960877e-08]
  [-8.10652381e-07 -2.47393958e-06  5.92524605e-06 ...  1.64296368e-08
    4.38960877e-08  1.28103976e-07]]]


******** <class 'pyscf.scf.addons.SmearingDFUKS'> ********
method = SmearingDFUKS
initial guess = minao
damping factor = 0.15
level_shift factor = 0.2
DIIS = <class 'pyscf.scf.diis.CDIIS'>
diis_start_cycle = 1
diis_space = 12
diis_damp = 0
SCF conv_tol = 5e-05
SCF conv_tol_grad = None
SCF max_cycles = 200
direct_scf = True
direct_scf_tol = 1e-13
chkfile to save SCF result = /tmp/tmpiytuev4b
max_memory 4000 MB (current use 87269 MB)
number electrons alpha = 325  beta = 323
XC library pyscf.dft.libxc version 6.1.0
    S. Lehtola, C. Steigemann, M. J.T. Oliveira, and M. A.L. Marques.,  SoftwareX 7, 1–5 (2018)
XC functionals = pbe
    J. P. Perdew, K. Burke, and M. Ernzerhof.,  Phys. Rev. Lett. 77, 3865 (1996)
    J. P. Perdew, K. Burke, and M. Ernzerhof.,  Phys. Rev. Lett. 78, 1396 (1997)
    J. P. Perdew, K. Burke, and M. Ernzerhof.,  Phys. Rev. Lett. 77, 3865 (1996)
    J. P. Perdew, K. Burke, and M. Ernzerhof.,  Phys. Rev. Lett. 78, 1396 (1997)
small_rho_cutoff = 1e-06
Set gradient conv threshold to 0.00707107
    Total E(T) = -12115.4690823976  Free energy = -12115.5328807787  E0 = -12115.5009815882
init E= -12115.4690823976
    sigma = 0.005  Optimized mu_alpha = -0.196675775061  entropy = 3.23138172713e-07
    sigma = 0.005  Optimized mu_beta  = -0.199316665266  entropy = 3.23138172713e-07
    Total E(T) = -12115.4690366884  Free energy = -12115.46903669  E0 = -12115.4690366892
cycle= 1 E= -12115.4690366884  delta_E= 4.57e-05  |g|= 0.0592  |ddm|= 32.1
    sigma = 0.005  Optimized mu_alpha = -0.197098771582  entropy = 3.20825680214e-07
    sigma = 0.005  Optimized mu_beta  = -0.199780228073  entropy = 3.20825680214e-07
    Total E(T) = -12115.4685493572  Free energy = -12115.4685493588  E0 = -12115.468549358
cycle= 2 E= -12115.4685493572  delta_E= 0.000487  |g|= 0.183  |ddm|=  124
    sigma = 0.005  Optimized mu_alpha = -0.196804750831  entropy = 3.21954815087e-07
    sigma = 0.005  Optimized mu_beta  = -0.199456695751  entropy = 3.21954815087e-07
    Total E(T) = -12115.4688780066  Free energy = -12115.4688780082  E0 = -12115.4688780074
cycle= 3 E= -12115.4688780066  delta_E= -0.000329  |g|= 0.0885  |ddm|= 47.2
    sigma = 0.005  Optimized mu_alpha = -0.19680124388  entropy = 3.22010799474e-07
    sigma = 0.005  Optimized mu_beta  = -0.199452251558  entropy = 3.22010799474e-07
    Total E(T) = -12115.4690117594  Free energy = -12115.469011761  E0 = -12115.4690117602
cycle= 4 E= -12115.4690117594  delta_E= -0.000134  |g|= 0.0535  |ddm|= 21.2
    sigma = 0.005  Optimized mu_alpha = -0.196775637711  entropy = 3.2202166941e-07
    sigma = 0.005  Optimized mu_beta  = -0.199425805647  entropy = 3.2202166941e-07
    Total E(T) = -12115.4690637295  Free energy = -12115.4690637311  E0 = -12115.4690637303
cycle= 5 E= -12115.4690637295  delta_E= -5.2e-05  |g|= 0.0332  |ddm|= 12.5
    sigma = 0.005  Optimized mu_alpha = -0.196794869608  entropy = 3.2193251013e-07
    sigma = 0.005  Optimized mu_beta  = -0.199446087061  entropy = 3.2193251013e-07
    Total E(T) = -12115.4690840988  Free energy = -12115.4690841004  E0 = -12115.4690840996
cycle= 6 E= -12115.4690840988  delta_E= -2.04e-05  |g|= 0.02  |ddm|= 7.53
    sigma = 0.005  Optimized mu_alpha = -0.196793738343  entropy = 3.21931451869e-07
    sigma = 0.005  Optimized mu_beta  = -0.199444865347  entropy = 3.21931451869e-07
    Total E(T) = -12115.4690918701  Free energy = -12115.4690918718  E0 = -12115.469091871
cycle= 7 E= -12115.4690918701  delta_E= -7.77e-06  |g|= 0.0123  |ddm|= 4.71
    sigma = 0.005  Optimized mu_alpha = -0.196796603749  entropy = 3.21886495836e-07
    sigma = 0.005  Optimized mu_beta  = -0.199448244323  entropy = 3.21886495836e-07
    Total E(T) = -12115.469094867  Free energy = -12115.4690948686  E0 = -12115.4690948678
cycle= 8 E= -12115.469094867  delta_E= -3e-06  |g|= 0.00674  |ddm|= 3.05
    sigma = 0.005  Optimized mu_alpha = -0.296334188454  entropy = 12.7661062452
    sigma = 0.005  Optimized mu_beta  = -0.299265508673  entropy = 12.7661062452
    Total E(T) = -12115.4328933059  Free energy = -12115.4967238371  E0 = -12115.4648085715
Extra cycle  E= -12115.4328933059  delta_E= 0.0362  |g|= 0.236  |ddm|=  877
converged SCF energy = -12115.4328933059  <S^2> = 2.0131235  2S+1 = 3.0087363
[timing] right/Al ensemble SCF = 1112.3s
[timing] collect state = 0.0s
[timing] grad contraction = 1.5s
Npdft 666.0000340190189
[timing] checkpoint save = 0.0s
step=   6 L=-12265.91351804 Ef=-12265.91630265 L1=1.37989562e+00 |grad|=2.60249e-02 t=1326.7s
[phase2 outer 3] previous L = -12265.92136209
[phase2 outer 3] new L = -12265.91351804
[phase2 outer 3] dL = 7.84405000e-03
[phase2 outer 3] previous Ef = -12265.92384765
[phase2 outer 3] new Ef = -12265.91630265
[phase2 outer 3] dEf = 7.54499838e-03
[phase2 outer 3] |db| = 1.84875e-02
[phase2 outer 3] |grad| = 2.60249e-02
[phase2 outer 3] raw_step_norm=1.848746e-02 capped_step_norm=1.848746e-02 raw_max_abs_step=1.641527e-03 capped_max_abs_step=1.641527e-03 step_cap=6.000000e-02 line_search_alpha=n/a
[phase2 outer 3] res.fun = 12265.91351804
[phase2 outer 3] res.message = STOP: TOTAL NO. of ITERATIONS REACHED LIMIT
[phase2 outer 3] finished message=STOP: TOTAL NO. of ITERATIONS REACHED LIMIT |b|=1.334099e-01
[phase2 outer 4] start |b|=1.334099e-01 max|b|=9.028398e-03 delta=1.642e-03
[diagnostic] step=7 |b|=1.334099e-01 max|b|=9.028398e-03
[timing] build AO Vp from S3 = 1.6s
[diagnostic] |vpl|=1.022358e-01 max|vpl|=9.931746e-03
[diagnostic] |vpr|=2.257887e-01 max|vpr|=9.786995e-03
[diagnostic] |vpref|=2.348829e-01 max|vpref|=9.786995e-03
dm0 check [[[ 1.51511371e-09  2.24391580e-08  1.89789887e-07 ... -1.14719069e-07
    7.42477006e-07  6.64944054e-08]
  [ 2.24391580e-08  3.34444508e-07  2.75067329e-06 ... -1.77767227e-06
    1.10110590e-05  1.04758010e-06]
  [ 1.89789887e-07  2.75067329e-06  2.57237857e-05 ... -1.02770025e-05
    9.27869319e-05  4.99877429e-06]
  ...
  [-1.14719069e-07 -1.77767227e-06 -1.02770025e-05 ...  2.27166703e-04
    1.81897077e-06 -1.91352282e-04]
  [ 7.42477006e-07  1.10110590e-05  9.27869319e-05 ...  1.81897077e-06
    4.79980259e-04 -1.62432551e-06]
  [ 6.64944054e-08  1.04758010e-06  4.99877429e-06 ... -1.91352282e-04
   -1.62432551e-06  6.55604917e-04]]

 [[ 2.14412331e-09  3.18475813e-08  2.65523732e-07 ... -7.48707309e-08
    1.03578263e-06  2.38439329e-08]
  [ 3.18475813e-08  4.74248164e-07  3.91397240e-06 ... -9.93114326e-07
    1.53190777e-05  2.50156711e-07]
  [ 2.65523732e-07  3.91397240e-06  3.37625569e-05 ... -1.10142968e-05
    1.30901555e-04  4.52868971e-06]
  ...
  [-7.48707309e-08 -9.93114326e-07 -1.10142968e-05 ...  2.49604192e-04
    2.27939038e-06 -2.10130211e-04]
  [ 1.03578263e-06  1.53190777e-05  1.30901555e-04 ...  2.27939038e-06
    5.52938935e-04 -2.04467318e-06]
  [ 2.38439329e-08  2.50156711e-07  4.52868971e-06 ... -2.10130211e-04
   -2.04467318e-06  7.46013492e-04]]]
converged SCF energy = -150.226693714539  <S^2> = 2.0045398  2S+1 = 3.003025
dm0 check [[[ 1.14641743e-09  1.70872016e-08  1.38754795e-07 ... -8.06220413e-08
    6.25416970e-07  4.56939038e-08]
  [ 1.70872016e-08  2.56088311e-07  2.02954148e-06 ... -1.06184704e-06
    9.18282865e-06  7.18422805e-07]
  [ 1.38754795e-07  2.02954148e-06  1.80708409e-05 ... -1.26948103e-05
    8.12953043e-05  3.19903514e-06]
  ...
  [-8.06220413e-08 -1.06184704e-06 -1.26948103e-05 ...  2.39057533e-04
   -1.61662264e-06 -1.68275226e-04]
  [ 6.25416970e-07  9.18282865e-06  8.12953043e-05 ... -1.61662264e-06
    4.44995820e-04 -4.06039411e-06]
  [ 4.56939038e-08  7.18422805e-07  3.19903514e-06 ... -1.68275226e-04
   -4.06039411e-06  5.95723545e-04]]

 [[ 2.53044811e-08  3.85062148e-07  2.83136626e-06 ... -1.48569177e-07
    1.05892141e-07  7.43850888e-08]
  [ 3.85062148e-07  5.86095441e-06  4.30473626e-05 ... -2.17968487e-06
    1.18322372e-06  1.05281906e-06]
  [ 2.83136626e-06  4.30473626e-05  3.18001967e-04 ... -1.75092932e-05
    2.68730217e-05  9.39007716e-06]
  ...
  [-1.48569177e-07 -2.17968487e-06 -1.75092932e-05 ...  2.30571790e-04
    2.08841136e-07 -1.91671315e-04]
  [ 1.05892141e-07  1.18322372e-06  2.68730217e-05 ...  2.08841136e-07
    4.63239567e-04 -3.50241762e-06]
  [ 7.43850888e-08  1.05281906e-06  9.39007716e-06 ... -1.91671315e-04
   -3.50241762e-06  6.49570878e-04]]]
converged SCF energy = -150.244985829827  <S^2> = 0.92979832  2S+1 = 2.1723704
[timing] left/O ensemble SCF = 17.1s
dm0 check [[ 3.79542060e-01  6.12229868e-01 -1.25223802e-01 ...  6.97855162e-07
  -8.83419266e-07 -1.80998318e-06]
 [ 6.12229868e-01  1.01515411e+00 -3.34051899e-01 ...  2.58357552e-06
  -3.17984926e-06 -5.45774856e-06]
 [-1.25223802e-01 -3.34051899e-01  6.75267465e-01 ... -5.67566273e-06
   7.57179460e-06  1.31011340e-05]
 ...
 [ 6.97855162e-07  2.58357552e-06 -5.67566273e-06 ...  9.50050706e-07
  -2.47394195e-07  3.45474390e-08]
 [-8.83419266e-07 -3.17984926e-06  7.57179460e-06 ... -2.47394195e-07
   5.63468796e-07  8.30595604e-08]
 [-1.80998318e-06 -5.45774856e-06  1.31011340e-05 ...  3.45474390e-08
   8.30595604e-08  2.56896673e-07]]


******** <class 'pyscf.scf.addons.SmearingDFRKS'> ********
method = SmearingDFRKS
initial guess = minao
damping factor = 0.15
level_shift factor = 0.2
DIIS = <class 'pyscf.scf.diis.CDIIS'>
diis_start_cycle = 1
diis_space = 12
diis_damp = 0
SCF conv_tol = 5e-05
SCF conv_tol_grad = None
SCF max_cycles = 200
direct_scf = True
direct_scf_tol = 1e-13
chkfile to save SCF result = /tmp/tmposeml0yq
max_memory 4000 MB (current use 87325 MB)
XC library pyscf.dft.libxc version 6.1.0
    S. Lehtola, C. Steigemann, M. J.T. Oliveira, and M. A.L. Marques.,  SoftwareX 7, 1–5 (2018)
XC functionals = pbe
    J. P. Perdew, K. Burke, and M. Ernzerhof.,  Phys. Rev. Lett. 77, 3865 (1996)
    J. P. Perdew, K. Burke, and M. Ernzerhof.,  Phys. Rev. Lett. 78, 1396 (1997)
    J. P. Perdew, K. Burke, and M. Ernzerhof.,  Phys. Rev. Lett. 77, 3865 (1996)
    J. P. Perdew, K. Burke, and M. Ernzerhof.,  Phys. Rev. Lett. 78, 1396 (1997)
small_rho_cutoff = 1e-06
Set gradient conv threshold to 0.00707107
    Total E(T) = -12115.9140187308  Free energy = -12116.9337238198  E0 = -12116.4238712753
init E= -12115.9140187308
    sigma = 0.02  Optimized mu = -0.0515684990662  entropy = 1.49382888851
    Total E(T) = -12115.9140062785  Free energy = -12115.9438828562  E0 = -12115.9289445674
cycle= 1 E= -12115.9140062785  delta_E= 1.25e-05  |g|= 0.021  |ddm|= 21.8
    sigma = 0.02  Optimized mu = -0.0518438237367  entropy = 1.4928391981
    Total E(T) = -12115.9138734455  Free energy = -12115.9437302294  E0 = -12115.9288018374
cycle= 2 E= -12115.9138734455  delta_E= 0.000133  |g|= 0.0699  |ddm|= 78.9
    sigma = 0.02  Optimized mu = -0.0516461597452  entropy = 1.49343131411
    Total E(T) = -12115.9139591206  Free energy = -12115.9438277469  E0 = -12115.9288934338
cycle= 3 E= -12115.9139591206  delta_E= -8.57e-05  |g|= 0.0356  |ddm|= 29.5
    sigma = 0.02  Optimized mu = -0.051639564477  entropy = 1.49348912795
    Total E(T) = -12115.9139933995  Free energy = -12115.9438631821  E0 = -12115.9289282908
cycle= 4 E= -12115.9139933995  delta_E= -3.43e-05  |g|= 0.0232  |ddm|=   13
    sigma = 0.02  Optimized mu = -0.0516352659804  entropy = 1.49351162456
    Total E(T) = -12115.9140081356  Free energy = -12115.9438783681  E0 = -12115.9289432518
cycle= 5 E= -12115.9140081356  delta_E= -1.47e-05  |g|= 0.0154  |ddm|= 7.38
    sigma = 0.02  Optimized mu = -0.0516386380744  entropy = 1.49349087619
    Total E(T) = -12115.9140148528  Free energy = -12115.9438846704  E0 = -12115.9289497616
cycle= 6 E= -12115.9140148528  delta_E= -6.72e-06  |g|= 0.0102  |ddm|= 4.65
    sigma = 0.02  Optimized mu = -0.0516353176798  entropy = 1.49351029716
    Total E(T) = -12115.9140176731  Free energy = -12115.9438878791  E0 = -12115.9289527761
cycle= 7 E= -12115.9140176731  delta_E= -2.82e-06  |g|= 0.0072  |ddm|= 3.23
    sigma = 0.02  Optimized mu = -0.0516377139084  entropy = 1.49350185072
    Total E(T) = -12115.9140190657  Free energy = -12115.9438891027  E0 = -12115.9289540842
cycle= 8 E= -12115.9140190657  delta_E= -1.39e-06  |g|= 0.00487  |ddm|=    2
    sigma = 0.02  Optimized mu = -0.151546682249  entropy = 50.9846182698
    Total E(T) = -12115.3857113657  Free energy = -12116.405403731  E0 = -12115.8955575484
Extra cycle  E= -12115.3857113657  delta_E= 0.528  |g|= 0.401  |ddm|= 4.13e+03
converged SCF energy = -12115.3857113657
dm0 check [[[ 1.89792529e-01  3.06172579e-01 -6.27471385e-02 ...  2.73066804e-07
   -4.27933015e-07 -9.50640769e-07]
  [ 3.06172579e-01  5.07730370e-01 -1.67383605e-01 ...  1.08891344e-06
   -1.55294403e-06 -2.85166834e-06]
  [-6.27471385e-02 -1.67383605e-01  3.38459952e-01 ... -2.35814552e-06
    3.69822147e-06  6.84131252e-06]
  ...
  [ 2.73066804e-07  1.08891344e-06 -2.35814552e-06 ...  5.01766396e-07
   -1.27822645e-07  1.53902322e-08]
  [-4.27933015e-07 -1.55294403e-06  3.69822147e-06 ... -1.27822645e-07
    2.88628138e-07  4.49724435e-08]
  [-9.50640769e-07 -2.85166834e-06  6.84131252e-06 ...  1.53902322e-08
    4.49724435e-08  1.38289833e-07]]

 [[ 1.89773141e-01  3.06119504e-01 -6.26273077e-02 ...  5.08457481e-07
   -3.96386266e-07 -8.39562087e-07]
  [ 3.06119504e-01  5.07588584e-01 -1.67068004e-01 ...  1.72097923e-06
   -1.46625658e-06 -2.55186904e-06]
  [-6.26273077e-02 -1.67068004e-01  3.37760333e-01 ... -3.86118643e-06
    3.47481893e-06  6.11397138e-06]
  ...
  [ 5.08457481e-07  1.72097923e-06 -3.86118643e-06 ...  4.86145282e-07
   -1.30562527e-07  1.85214108e-08]
  [-3.96386266e-07 -1.46625658e-06  3.47481893e-06 ... -1.30562527e-07
    2.87866302e-07  4.33769198e-08]
  [-8.39562087e-07 -2.55186904e-06  6.11397138e-06 ...  1.85214108e-08
    4.33769198e-08  1.30184301e-07]]]


******** <class 'pyscf.scf.addons.SmearingDFUKS'> ********
method = SmearingDFUKS
initial guess = minao
damping factor = 0.15
level_shift factor = 0.2
DIIS = <class 'pyscf.scf.diis.CDIIS'>
diis_start_cycle = 1
diis_space = 12
diis_damp = 0
SCF conv_tol = 5e-05
SCF conv_tol_grad = None
SCF max_cycles = 200
direct_scf = True
direct_scf_tol = 1e-13
chkfile to save SCF result = /tmp/tmpiytuev4b
max_memory 4000 MB (current use 87325 MB)
number electrons alpha = 325  beta = 323
XC library pyscf.dft.libxc version 6.1.0
    S. Lehtola, C. Steigemann, M. J.T. Oliveira, and M. A.L. Marques.,  SoftwareX 7, 1–5 (2018)
XC functionals = pbe
    J. P. Perdew, K. Burke, and M. Ernzerhof.,  Phys. Rev. Lett. 77, 3865 (1996)
    J. P. Perdew, K. Burke, and M. Ernzerhof.,  Phys. Rev. Lett. 78, 1396 (1997)
    J. P. Perdew, K. Burke, and M. Ernzerhof.,  Phys. Rev. Lett. 77, 3865 (1996)
    J. P. Perdew, K. Burke, and M. Ernzerhof.,  Phys. Rev. Lett. 78, 1396 (1997)
small_rho_cutoff = 1e-06
Set gradient conv threshold to 0.00707107
    Total E(T) = -12115.4690948678  Free energy = -12115.532925399  E0 = -12115.5010101334
init E= -12115.4690948678
    sigma = 0.005  Optimized mu_alpha = -0.196749528679  entropy = 3.22347169479e-07
    sigma = 0.005  Optimized mu_beta  = -0.199396545866  entropy = 3.22347169479e-07
    Total E(T) = -12115.469082917  Free energy = -12115.4690829186  E0 = -12115.4690829178
cycle= 1 E= -12115.469082917  delta_E= 1.2e-05  |g|= 0.0286  |ddm|=   19
    sigma = 0.005  Optimized mu_alpha = -0.196937047749  entropy = 3.20897888266e-07
    sigma = 0.005  Optimized mu_beta  = -0.199603418247  entropy = 3.20897888266e-07
    Total E(T) = -12115.468965197  Free energy = -12115.4689651986  E0 = -12115.4689651978
cycle= 2 E= -12115.468965197  delta_E= 0.000118  |g|= 0.0895  |ddm|= 61.7
    sigma = 0.005  Optimized mu_alpha = -0.19679801505  entropy = 3.21849478891e-07
    sigma = 0.005  Optimized mu_beta  = -0.199450177643  entropy = 3.21849478891e-07
    Total E(T) = -12115.4690436827  Free energy = -12115.4690436843  E0 = -12115.4690436835
cycle= 3 E= -12115.4690436827  delta_E= -7.85e-05  |g|= 0.0437  |ddm|= 21.9
    sigma = 0.005  Optimized mu_alpha = -0.196798423792  entropy = 3.21886154535e-07
    sigma = 0.005  Optimized mu_beta  = -0.199450085404  entropy = 3.21886154535e-07
    Total E(T) = -12115.4690750787  Free energy = -12115.4690750803  E0 = -12115.4690750795
cycle= 4 E= -12115.4690750787  delta_E= -3.14e-05  |g|= 0.0273  |ddm|= 10.3
    sigma = 0.005  Optimized mu_alpha = -0.196793684076  entropy = 3.21910868298e-07
    sigma = 0.005  Optimized mu_beta  = -0.199444960484  entropy = 3.21910868298e-07
    Total E(T) = -12115.4690875686  Free energy = -12115.4690875702  E0 = -12115.4690875694
cycle= 5 E= -12115.4690875686  delta_E= -1.25e-05  |g|= 0.0177  |ddm|= 6.14
    sigma = 0.005  Optimized mu_alpha = -0.196796367862  entropy = 3.21897328081e-07
    sigma = 0.005  Optimized mu_beta  = -0.199447793667  entropy = 3.21897328081e-07
    Total E(T) = -12115.4690928935  Free energy = -12115.4690928951  E0 = -12115.4690928943
cycle= 6 E= -12115.4690928935  delta_E= -5.32e-06  |g|= 0.0111  |ddm|= 3.54
    sigma = 0.005  Optimized mu_alpha = -0.196798368798  entropy = 3.21870017551e-07
    sigma = 0.005  Optimized mu_beta  = -0.199450168025  entropy = 3.21870017551e-07
    Total E(T) = -12115.4690949824  Free energy = -12115.469094984  E0 = -12115.4690949832
cycle= 7 E= -12115.4690949824  delta_E= -2.09e-06  |g|= 0.0078  |ddm|= 2.51
    sigma = 0.005  Optimized mu_alpha = -0.196798561663  entropy = 3.21859920274e-07
    sigma = 0.005  Optimized mu_beta  = -0.199450470049  entropy = 3.21859920274e-07
    Total E(T) = -12115.4690958706  Free energy = -12115.4690958722  E0 = -12115.4690958714
cycle= 8 E= -12115.4690958706  delta_E= -8.88e-07  |g|= 0.00543  |ddm|= 1.57
    sigma = 0.005  Optimized mu_alpha = -0.296357978186  entropy = 12.763953409
    sigma = 0.005  Optimized mu_beta  = -0.299290314277  entropy = 12.763953409
    Total E(T) = -12115.4331704702  Free energy = -12115.4969902373  E0 = -12115.4650803537
Extra cycle  E= -12115.4331704702  delta_E= 0.0359  |g|= 0.216  |ddm|=  874
converged SCF energy = -12115.4331704702  <S^2> = 2.0131333  2S+1 = 3.0087428
[timing] right/Al ensemble SCF = 1074.5s
[timing] collect state = 0.0s
[timing] grad contraction = 1.5s
Npdft 666.0000340164706
[timing] checkpoint save = 0.0s
step=   7 L=-12265.91370620 Ef=-12265.91648410 L1=1.37890880e+00 |grad|=2.59908e-02 t=1295.1s
[diagnostic] step=8 |b|=1.503814e-01 max|b|=1.066993e-02
[timing] build AO Vp from S3 = 1.6s
[diagnostic] |vpl|=1.171695e-01 max|vpl|=1.114570e-02
[diagnostic] |vpr|=2.527390e-01 max|vpr|=1.104625e-02
[diagnostic] |vpref|=2.636054e-01 max|vpref|=1.104625e-02
dm0 check [[[ 1.51511399e-09  2.24391602e-08  1.89789927e-07 ... -1.14718975e-07
    7.42476756e-07  6.64943181e-08]
  [ 2.24391602e-08  3.34444494e-07  2.75067383e-06 ... -1.77767069e-06
    1.10110565e-05  1.04757854e-06]
  [ 1.89789927e-07  2.75067383e-06  2.57237915e-05 ... -1.02769898e-05
    9.27868942e-05  4.99876289e-06]
  ...
  [-1.14718975e-07 -1.77767069e-06 -1.02769898e-05 ...  2.27166744e-04
    1.81897129e-06 -1.91352316e-04]
  [ 7.42476756e-07  1.10110565e-05  9.27868942e-05 ...  1.81897129e-06
    4.79980277e-04 -1.62432527e-06]
  [ 6.64943181e-08  1.04757854e-06  4.99876289e-06 ... -1.91352316e-04
   -1.62432527e-06  6.55604965e-04]]

 [[ 2.14412356e-09  3.18475848e-08  2.65523736e-07 ... -7.48705613e-08
    1.03578255e-06  2.38437860e-08]
  [ 3.18475848e-08  4.74248197e-07  3.91397265e-06 ... -9.93113146e-07
    1.53190770e-05  2.50155643e-07]
  [ 2.65523736e-07  3.91397265e-06  3.37625563e-05 ... -1.10142854e-05
    1.30901539e-04  4.52867998e-06]
  ...
  [-7.48705613e-08 -9.93113146e-07 -1.10142854e-05 ...  2.49604220e-04
    2.27939078e-06 -2.10130235e-04]
  [ 1.03578255e-06  1.53190770e-05  1.30901539e-04 ...  2.27939078e-06
    5.52938839e-04 -2.04467291e-06]
  [ 2.38437860e-08  2.50155643e-07  4.52867998e-06 ... -2.10130235e-04
   -2.04467291e-06  7.46013414e-04]]]
converged SCF energy = -150.22669371454  <S^2> = 2.0045398  2S+1 = 3.003025
dm0 check [[[ 1.14639704e-09  1.70868620e-08  1.38752864e-07 ... -8.06194819e-08
    6.25411557e-07  4.56925620e-08]
  [ 1.70868620e-08  2.56082651e-07  2.02950943e-06 ... -1.06182238e-06
    9.18273934e-06  7.18405989e-07]
  [ 1.38752864e-07  2.02950943e-06  1.80706598e-05 ... -1.26946790e-05
    8.12945738e-05  3.19890360e-06]
  ...
  [-8.06194819e-08 -1.06182238e-06 -1.26946790e-05 ...  2.39058933e-04
   -1.61653275e-06 -1.68275032e-04]
  [ 6.25411557e-07  9.18273934e-06  8.12945738e-05 ... -1.61653275e-06
    4.44994430e-04 -4.06021994e-06]
  [ 4.56925620e-08  7.18405989e-07  3.19890360e-06 ... -1.68275032e-04
   -4.06021994e-06  5.95721952e-04]]

 [[ 2.53031997e-08  3.85042754e-07  2.83122721e-06 ... -1.48564193e-07
    1.05902230e-07  7.43841171e-08]
  [ 3.85042754e-07  5.86066079e-06  4.30452600e-05 ... -2.17962406e-06
    1.18338844e-06  1.05281892e-06]
  [ 2.83122721e-06  4.30452600e-05  3.17986904e-04 ... -1.75087903e-05
    2.68740692e-05  9.39002489e-06]
  ...
  [-1.48564193e-07 -2.17962406e-06 -1.75087903e-05 ...  2.30571680e-04
    2.08936430e-07 -1.91671182e-04]
  [ 1.05902230e-07  1.18338844e-06  2.68740692e-05 ...  2.08936430e-07
    4.63237722e-04 -3.50219925e-06]
  [ 7.43841171e-08  1.05281892e-06  9.39002489e-06 ... -1.91671182e-04
   -3.50219925e-06  6.49568692e-04]]]
converged SCF energy = -150.244985829834  <S^2> = 0.92980241  2S+1 = 2.1723742
[timing] left/O ensemble SCF = 13.5s
dm0 check [[ 3.79542041e-01  6.12229826e-01 -1.25223686e-01 ...  6.98421916e-07
  -8.83364265e-07 -1.81022112e-06]
 [ 6.12229826e-01  1.01515401e+00 -3.34051604e-01 ...  2.58510318e-06
  -3.17970088e-06 -5.45838853e-06]
 [-1.25223686e-01 -3.34051604e-01  6.75266741e-01 ... -5.67934366e-06
   7.57143430e-06  1.31026516e-05]
 ...
 [ 6.98421916e-07  2.58510318e-06 -5.67934366e-06 ...  9.50120056e-07
  -2.47415056e-07  3.45755028e-08]
 [-8.83364265e-07 -3.17970088e-06  7.57143430e-06 ... -2.47415056e-07
   5.63439646e-07  8.30630717e-08]
 [-1.81022112e-06 -5.45838853e-06  1.31026516e-05 ...  3.45755028e-08
   8.30630717e-08  2.56887470e-07]]


******** <class 'pyscf.scf.addons.SmearingDFRKS'> ********
method = SmearingDFRKS
initial guess = minao
damping factor = 0.15
level_shift factor = 0.2
DIIS = <class 'pyscf.scf.diis.CDIIS'>
diis_start_cycle = 1
diis_space = 12
diis_damp = 0
SCF conv_tol = 5e-05
SCF conv_tol_grad = None
SCF max_cycles = 200
direct_scf = True
direct_scf_tol = 1e-13
chkfile to save SCF result = /tmp/tmposeml0yq
max_memory 4000 MB (current use 87176 MB)
XC library pyscf.dft.libxc version 6.1.0
    S. Lehtola, C. Steigemann, M. J.T. Oliveira, and M. A.L. Marques.,  SoftwareX 7, 1–5 (2018)
XC functionals = pbe
    J. P. Perdew, K. Burke, and M. Ernzerhof.,  Phys. Rev. Lett. 77, 3865 (1996)
    J. P. Perdew, K. Burke, and M. Ernzerhof.,  Phys. Rev. Lett. 78, 1396 (1997)
    J. P. Perdew, K. Burke, and M. Ernzerhof.,  Phys. Rev. Lett. 77, 3865 (1996)
    J. P. Perdew, K. Burke, and M. Ernzerhof.,  Phys. Rev. Lett. 78, 1396 (1997)
small_rho_cutoff = 1e-06
Set gradient conv threshold to 0.00707107
    Total E(T) = -12115.8583330196  Free energy = -12116.878025385  E0 = -12116.3681792023
init E= -12115.8583330196
    sigma = 0.02  Optimized mu = -0.0515225735575  entropy = 1.49513499746
    Total E(T) = -12115.8582885049  Free energy = -12115.8881912049  E0 = -12115.8732398549
cycle= 1 E= -12115.8582885049  delta_E= 4.45e-05  |g|= 0.0408  |ddm|= 36.5
    sigma = 0.02  Optimized mu = -0.0520632497426  entropy = 1.49361007691
    Total E(T) = -12115.8577812256  Free energy = -12115.8876534271  E0 = -12115.8727173264
cycle= 2 E= -12115.8577812256  delta_E= 0.000507  |g|= 0.133  |ddm|=  158
    sigma = 0.02  Optimized mu = -0.0516837800169  entropy = 1.49424373546
    Total E(T) = -12115.8581223216  Free energy = -12115.8880071963  E0 = -12115.8730647589
cycle= 3 E= -12115.8581223216  delta_E= -0.000341  |g|= 0.0647  |ddm|= 62.3
    sigma = 0.02  Optimized mu = -0.051668824111  entropy = 1.49432700943
    Total E(T) = -12115.8582552144  Free energy = -12115.8881417546  E0 = -12115.8731984845
cycle= 4 E= -12115.8582552144  delta_E= -0.000133  |g|= 0.0403  |ddm|= 26.8
    sigma = 0.02  Optimized mu = -0.0516546366434  entropy = 1.49438500244
    Total E(T) = -12115.858309423  Free energy = -12115.8881971231  E0 = -12115.873253273
cycle= 5 E= -12115.858309423  delta_E= -5.42e-05  |g|= 0.0245  |ddm|= 14.8
    sigma = 0.02  Optimized mu = -0.0516624992089  entropy = 1.49431228167
    Total E(T) = -12115.8583307716  Free energy = -12115.8882170172  E0 = -12115.8732738944
cycle= 6 E= -12115.8583307716  delta_E= -2.13e-05  |g|= 0.0159  |ddm|= 10.5
    sigma = 0.02  Optimized mu = -0.0516678295169  entropy = 1.49429223641
    Total E(T) = -12115.8583393211  Free energy = -12115.8882251658  E0 = -12115.8732822434
cycle= 7 E= -12115.8583393211  delta_E= -8.55e-06  |g|= 0.00987  |ddm|=  6.1
    sigma = 0.02  Optimized mu = -0.0516610563332  entropy = 1.49432620174
    Total E(T) = -12115.858342618  Free energy = -12115.888229142  E0 = -12115.87328588
cycle= 8 E= -12115.858342618  delta_E= -3.3e-06  |g|= 0.00651  |ddm|=  3.9
    sigma = 0.02  Optimized mu = -0.15156709294  entropy = 50.9848916514
    Total E(T) = -12115.3298857085  Free energy = -12116.3495835416  E0 = -12115.8397346251
Extra cycle  E= -12115.3298857085  delta_E= 0.528  |g|= 0.411  |ddm|= 4.12e+03
converged SCF energy = -12115.3298857085
dm0 check [[[ 1.89792530e-01  3.06172582e-01 -6.27471698e-02 ...  2.73038581e-07
   -4.27883883e-07 -9.50853272e-07]
  [ 3.06172582e-01  5.07730378e-01 -1.67383696e-01 ...  1.08883385e-06
   -1.55281152e-06 -2.85224110e-06]
  [-6.27471698e-02 -1.67383696e-01  3.38460302e-01 ... -2.35792367e-06
    3.69790364e-06  6.84269985e-06]
  ...
  [ 2.73038581e-07  1.08883385e-06 -2.35792367e-06 ...  5.01794446e-07
   -1.27808211e-07  1.54179712e-08]
  [-4.27883883e-07 -1.55281152e-06  3.69790364e-06 ... -1.27808211e-07
    2.88565944e-07  4.49671368e-08]
  [-9.50853272e-07 -2.85224110e-06  6.84269985e-06 ...  1.54179712e-08
    4.49671368e-08  1.38271900e-07]]

 [[ 1.89773137e-01  3.06119491e-01 -6.26272987e-02 ...  5.08311634e-07
   -3.96833164e-07 -8.39515843e-07]
  [ 3.06119491e-01  5.07588551e-01 -1.67067983e-01 ...  1.72058481e-06
   -1.46746333e-06 -2.55174361e-06]
  [-6.26272987e-02 -1.67067983e-01  3.37760382e-01 ... -3.86022725e-06
    3.47775469e-06  6.11366617e-06]
  ...
  [ 5.08311634e-07  1.72058481e-06 -3.86022725e-06 ...  4.86171452e-07
   -1.30532775e-07  1.85476506e-08]
  [-3.96833164e-07 -1.46746333e-06  3.47775469e-06 ... -1.30532775e-07
    2.87806742e-07  4.33734294e-08]
  [-8.39515843e-07 -2.55174361e-06  6.11366617e-06 ...  1.85476506e-08
    4.33734294e-08  1.30167573e-07]]]


******** <class 'pyscf.scf.addons.SmearingDFUKS'> ********
method = SmearingDFUKS
initial guess = minao
damping factor = 0.15
level_shift factor = 0.2
DIIS = <class 'pyscf.scf.diis.CDIIS'>
diis_start_cycle = 1
diis_space = 12
diis_damp = 0
SCF conv_tol = 5e-05
SCF conv_tol_grad = None
SCF max_cycles = 200
direct_scf = True
direct_scf_tol = 1e-13
chkfile to save SCF result = /tmp/tmpiytuev4b
max_memory 4000 MB (current use 87251 MB)
number electrons alpha = 325  beta = 323
XC library pyscf.dft.libxc version 6.1.0
    S. Lehtola, C. Steigemann, M. J.T. Oliveira, and M. A.L. Marques.,  SoftwareX 7, 1–5 (2018)
XC functionals = pbe
    J. P. Perdew, K. Burke, and M. Ernzerhof.,  Phys. Rev. Lett. 77, 3865 (1996)
    J. P. Perdew, K. Burke, and M. Ernzerhof.,  Phys. Rev. Lett. 78, 1396 (1997)
    J. P. Perdew, K. Burke, and M. Ernzerhof.,  Phys. Rev. Lett. 77, 3865 (1996)
    J. P. Perdew, K. Burke, and M. Ernzerhof.,  Phys. Rev. Lett. 78, 1396 (1997)
small_rho_cutoff = 1e-06
Set gradient conv threshold to 0.00707107
    Total E(T) = -12115.4134661676  Free energy = -12115.4772859347  E0 = -12115.4453760511
init E= -12115.4134661676
    sigma = 0.005  Optimized mu_alpha = -0.196724291265  entropy = 3.23756343247e-07
    sigma = 0.005  Optimized mu_beta  = -0.199357484443  entropy = 3.23756343247e-07
    Total E(T) = -12115.4134337862  Free energy = -12115.4134337879  E0 = -12115.4134337871
cycle= 1 E= -12115.4134337862  delta_E= 3.24e-05  |g|= 0.0506  |ddm|= 25.4
    sigma = 0.005  Optimized mu_alpha = -0.197090121024  entropy = 3.2160736589e-07
    sigma = 0.005  Optimized mu_beta  = -0.199756983673  entropy = 3.2160736589e-07
    Total E(T) = -12115.413079266  Free energy = -12115.4130792676  E0 = -12115.4130792668
cycle= 2 E= -12115.413079266  delta_E= 0.000355  |g|= 0.156  |ddm|=  104
    sigma = 0.005  Optimized mu_alpha = -0.196839395356  entropy = 3.22734588765e-07
    sigma = 0.005  Optimized mu_beta  = -0.199481904688  entropy = 3.22734588765e-07
    Total E(T) = -12115.4133180158  Free energy = -12115.4133180175  E0 = -12115.4133180166
cycle= 3 E= -12115.4133180158  delta_E= -0.000239  |g|= 0.0755  |ddm|= 40.1
    sigma = 0.005  Optimized mu_alpha = -0.196835764962  entropy = 3.22780310907e-07
    sigma = 0.005  Optimized mu_beta  = -0.19947750317  entropy = 3.22780310907e-07
    Total E(T) = -12115.4134156671  Free energy = -12115.4134156687  E0 = -12115.4134156679
cycle= 4 E= -12115.4134156671  delta_E= -9.77e-05  |g|= 0.0457  |ddm|= 17.7
    sigma = 0.005  Optimized mu_alpha = -0.196812842364  entropy = 3.22789511421e-07
    sigma = 0.005  Optimized mu_beta  = -0.19945394858  entropy = 3.22789511421e-07
    Total E(T) = -12115.4134537923  Free energy = -12115.4134537939  E0 = -12115.4134537931
cycle= 5 E= -12115.4134537923  delta_E= -3.81e-05  |g|= 0.0282  |ddm|= 10.3
    sigma = 0.005  Optimized mu_alpha = -0.19682990779  entropy = 3.22709389107e-07
    sigma = 0.005  Optimized mu_beta  = -0.199471872332  entropy = 3.22709389107e-07
    Total E(T) = -12115.4134686196  Free energy = -12115.4134686212  E0 = -12115.4134686204
cycle= 6 E= -12115.4134686196  delta_E= -1.48e-05  |g|= 0.0169  |ddm|= 6.33
    sigma = 0.005  Optimized mu_alpha = -0.196828970368  entropy = 3.2270865564e-07
    sigma = 0.005  Optimized mu_beta  = -0.199470826859  entropy = 3.2270865564e-07
    Total E(T) = -12115.4134742405  Free energy = -12115.4134742421  E0 = -12115.4134742413
cycle= 7 E= -12115.4134742405  delta_E= -5.62e-06  |g|= 0.0104  |ddm|= 3.98
    sigma = 0.005  Optimized mu_alpha = -0.196831605226  entropy = 3.22669053152e-07
    sigma = 0.005  Optimized mu_beta  = -0.199473937865  entropy = 3.22669053152e-07
    Total E(T) = -12115.4134763997  Free energy = -12115.4134764013  E0 = -12115.4134764005
cycle= 8 E= -12115.4134763997  delta_E= -2.16e-06  |g|= 0.00566  |ddm|= 2.51
    sigma = 0.005  Optimized mu_alpha = -0.296371651905  entropy = 12.7702752678
    sigma = 0.005  Optimized mu_beta  = -0.299299427227  entropy = 12.7702752678
    Total E(T) = -12115.3774601914  Free energy = -12115.4413115677  E0 = -12115.4093858795
Extra cycle  E= -12115.3774601914  delta_E= 0.036  |g|= 0.223  |ddm|=  877
converged SCF energy = -12115.3774601914  <S^2> = 2.0131603  2S+1 = 3.0087607
[timing] right/Al ensemble SCF = 1060.4s
[timing] collect state = 0.0s
[timing] grad contraction = 1.5s
Npdft 666.0000340124847
[timing] checkpoint save = 0.0s
step=   8 L=-12265.90533539 Ef=-12265.90838395 L1=1.34486593e+00 |grad|=2.53314e-02 t=1275.8s
[phase2 outer 4] previous L = -12265.91351804
[phase2 outer 4] new L = -12265.90533539
[phase2 outer 4] dL = 8.18264879e-03
[phase2 outer 4] previous Ef = -12265.91630265
[phase2 outer 4] new Ef = -12265.90838395
[phase2 outer 4] dEf = 7.91869624e-03
[phase2 outer 4] |db| = 1.76730e-02
[phase2 outer 4] |grad| = 2.53314e-02
[phase2 outer 4] raw_step_norm=1.767299e-02 capped_step_norm=1.767299e-02 raw_max_abs_step=1.641527e-03 capped_max_abs_step=1.641527e-03 step_cap=6.000000e-02 line_search_alpha=n/a
[phase2 outer 4] res.fun = 12265.90533539
[phase2 outer 4] res.message = STOP: TOTAL NO. of ITERATIONS REACHED LIMIT
[phase2 outer 4] finished message=STOP: TOTAL NO. of ITERATIONS REACHED LIMIT |b|=1.503814e-01
[phase2 outer 5] start |b|=1.503814e-01 max|b|=1.066993e-02 delta=1.642e-03
[diagnostic] step=9 |b|=1.503814e-01 max|b|=1.066993e-02
[timing] build AO Vp from S3 = 1.7s
[diagnostic] |vpl|=1.171695e-01 max|vpl|=1.114570e-02
[diagnostic] |vpr|=2.527390e-01 max|vpr|=1.104625e-02
[diagnostic] |vpref|=2.636054e-01 max|vpref|=1.104625e-02
dm0 check [[[ 1.51511375e-09  2.24391589e-08  1.89789892e-07 ... -1.14719075e-07
    7.42477044e-07  6.64944109e-08]
  [ 2.24391589e-08  3.34444525e-07  2.75067336e-06 ... -1.77767242e-06
    1.10110595e-05  1.04758023e-06]
  [ 1.89789892e-07  2.75067336e-06  2.57237862e-05 ... -1.02770036e-05
    9.27869367e-05  4.99877526e-06]
  ...
  [-1.14719075e-07 -1.77767242e-06 -1.02770036e-05 ...  2.27166698e-04
    1.81897078e-06 -1.91352277e-04]
  [ 7.42477044e-07  1.10110595e-05  9.27869367e-05 ...  1.81897078e-06
    4.79980252e-04 -1.62432557e-06]
  [ 6.64944109e-08  1.04758023e-06  4.99877526e-06 ... -1.91352277e-04
   -1.62432557e-06  6.55604906e-04]]

 [[ 2.14412339e-09  3.18475823e-08  2.65523744e-07 ... -7.48707479e-08
    1.03578265e-06  2.38439469e-08]
  [ 3.18475823e-08  4.74248180e-07  3.91397253e-06 ... -9.93114410e-07
    1.53190780e-05  2.50156782e-07]
  [ 2.65523744e-07  3.91397253e-06  3.37625584e-05 ... -1.10142980e-05
    1.30901558e-04  4.52869062e-06]
  ...
  [-7.48707479e-08 -9.93114410e-07 -1.10142980e-05 ...  2.49604187e-04
    2.27939040e-06 -2.10130206e-04]
  [ 1.03578265e-06  1.53190780e-05  1.30901558e-04 ...  2.27939040e-06
    5.52938938e-04 -2.04467327e-06]
  [ 2.38439469e-08  2.50156782e-07  4.52869062e-06 ... -2.10130206e-04
   -2.04467327e-06  7.46013491e-04]]]
converged SCF energy = -150.22669371454  <S^2> = 2.0045398  2S+1 = 3.003025
dm0 check [[[ 1.14640467e-09  1.70869841e-08  1.38753588e-07 ... -8.06202918e-08
    6.25413415e-07  4.56929032e-08]
  [ 1.70869841e-08  2.56084631e-07  2.02952077e-06 ... -1.06182886e-06
    9.18276827e-06  7.18410480e-07]
  [ 1.38753588e-07  2.02952077e-06  1.80707297e-05 ... -1.26947211e-05
    8.12948143e-05  3.19892978e-06]
  ...
  [-8.06202918e-08 -1.06182886e-06 -1.26947211e-05 ...  2.39058474e-04
   -1.61663418e-06 -1.68274935e-04]
  [ 6.25413415e-07  9.18276827e-06  8.12948143e-05 ... -1.61663418e-06
    4.44994774e-04 -4.06031902e-06]
  [ 4.56929032e-08  7.18410480e-07  3.19892978e-06 ... -1.68274935e-04
   -4.06031902e-06  5.95722200e-04]]

 [[ 2.53037141e-08  3.85050587e-07  2.83128421e-06 ... -1.48565680e-07
    1.05891621e-07  7.43867409e-08]
  [ 3.85050587e-07  5.86078011e-06  4.30461274e-05 ... -2.17964126e-06
    1.18322490e-06  1.05285374e-06]
  [ 2.83128421e-06  4.30461274e-05  3.17993217e-04 ... -1.75089342e-05
    2.68729352e-05  9.39029027e-06]
  ...
  [-1.48565680e-07 -2.17964126e-06 -1.75089342e-05 ...  2.30571529e-04
    2.08909183e-07 -1.91671081e-04]
  [ 1.05891621e-07  1.18322490e-06  2.68729352e-05 ...  2.08909183e-07
    4.63237979e-04 -3.50223640e-06]
  [ 7.43867409e-08  1.05285374e-06  9.39029027e-06 ... -1.91671081e-04
   -3.50223640e-06  6.49568651e-04]]]
converged SCF energy = -150.244985829835  <S^2> = 0.92979868  2S+1 = 2.1723708
[timing] left/O ensemble SCF = 16.2s
dm0 check [[ 3.79540185e-01  6.12229028e-01 -1.25222300e-01 ...  7.31067678e-07
  -8.61951559e-07 -1.87053248e-06]
 [ 6.12229028e-01  1.01515604e+00 -3.34048901e-01 ...  2.67336345e-06
  -3.12204597e-06 -5.62118844e-06]
 [-1.25222300e-01 -3.34048901e-01  6.75259732e-01 ... -5.89384107e-06
   7.43210684e-06  1.34971534e-05]
 ...
 [ 7.31067678e-07  2.67336345e-06 -5.89384107e-06 ...  9.42126326e-07
  -2.48283926e-07  3.84756102e-08]
 [-8.61951559e-07 -3.12204597e-06  7.43210684e-06 ... -2.48283926e-07
   5.63770451e-07  8.20091103e-08]
 [-1.87053248e-06 -5.62118844e-06  1.34971534e-05 ...  3.84756102e-08
   8.20091103e-08  2.61530835e-07]]


******** <class 'pyscf.scf.addons.SmearingDFRKS'> ********
method = SmearingDFRKS
initial guess = minao
damping factor = 0.15
level_shift factor = 0.2
DIIS = <class 'pyscf.scf.diis.CDIIS'>
diis_start_cycle = 1
diis_space = 12
diis_damp = 0
SCF conv_tol = 5e-05
SCF conv_tol_grad = None
SCF max_cycles = 200
direct_scf = True
direct_scf_tol = 1e-13
chkfile to save SCF result = /tmp/tmposeml0yq
max_memory 4000 MB (current use 87307 MB)
XC library pyscf.dft.libxc version 6.1.0
    S. Lehtola, C. Steigemann, M. J.T. Oliveira, and M. A.L. Marques.,  SoftwareX 7, 1–5 (2018)
XC functionals = pbe
    J. P. Perdew, K. Burke, and M. Ernzerhof.,  Phys. Rev. Lett. 77, 3865 (1996)
    J. P. Perdew, K. Burke, and M. Ernzerhof.,  Phys. Rev. Lett. 78, 1396 (1997)
    J. P. Perdew, K. Burke, and M. Ernzerhof.,  Phys. Rev. Lett. 77, 3865 (1996)
    J. P. Perdew, K. Burke, and M. Ernzerhof.,  Phys. Rev. Lett. 78, 1396 (1997)
small_rho_cutoff = 1e-06
Set gradient conv threshold to 0.00707107
    Total E(T) = -12115.8583426183  Free energy = -12116.8780404513  E0 = -12116.3681915348
init E= -12115.8583426183
    sigma = 0.02  Optimized mu = -0.0516003962122  entropy = 1.49462148524
    Total E(T) = -12115.8583218578  Free energy = -12115.8882142875  E0 = -12115.8732680727
cycle= 1 E= -12115.8583218578  delta_E= 2.08e-05  |g|= 0.0283  |ddm|= 28.5
    sigma = 0.02  Optimized mu = -0.0518659704621  entropy = 1.49391286957
    Total E(T) = -12115.8580855819  Free energy = -12115.8879638393  E0 = -12115.8730247106
cycle= 2 E= -12115.8580855819  delta_E= 0.000236  |g|= 0.0953  |ddm|=  103
    sigma = 0.02  Optimized mu = -0.0516802121708  entropy = 1.49423227777
    Total E(T) = -12115.8582351519  Free energy = -12115.8881197974  E0 = -12115.8731774747
cycle= 3 E= -12115.8582351519  delta_E= -0.00015  |g|= 0.0493  |ddm|= 38.3
    sigma = 0.02  Optimized mu = -0.0516736329264  entropy = 1.49427966956
    Total E(T) = -12115.8582950444  Free energy = -12115.8881806378  E0 = -12115.8732378411
cycle= 4 E= -12115.8582950444  delta_E= -5.99e-05  |g|= 0.0328  |ddm|= 16.6
    sigma = 0.02  Optimized mu = -0.0516687225223  entropy = 1.49430191172
    Total E(T) = -12115.8583215938  Free energy = -12115.8882076321  E0 = -12115.873264613
cycle= 5 E= -12115.8583215938  delta_E= -2.65e-05  |g|= 0.0222  |ddm|= 9.67
    sigma = 0.02  Optimized mu = -0.0516719940638  entropy = 1.49427792936
    Total E(T) = -12115.8583339789  Free energy = -12115.8882195374  E0 = -12115.8732767582
cycle= 6 E= -12115.8583339789  delta_E= -1.24e-05  |g|= 0.0152  |ddm|= 6.01
    sigma = 0.02  Optimized mu = -0.0516668853713  entropy = 1.49430419089
    Total E(T) = -12115.858339609  Free energy = -12115.8882256928  E0 = -12115.8732826509
cycle= 7 E= -12115.858339609  delta_E= -5.63e-06  |g|= 0.0107  |ddm|= 4.15
    sigma = 0.02  Optimized mu = -0.0516696017225  entropy = 1.49429334624
    Total E(T) = -12115.8583424676  Free energy = -12115.8882283345  E0 = -12115.873285401
cycle= 8 E= -12115.8583424676  delta_E= -2.86e-06  |g|= 0.0073  |ddm|= 2.76
    sigma = 0.02  Optimized mu = -0.051668387379  entropy = 1.49429877871
    Total E(T) = -12115.8583437625  Free energy = -12115.8882297381  E0 = -12115.8732867503
cycle= 9 E= -12115.8583437625  delta_E= -1.29e-06  |g|= 0.00525  |ddm|= 2.01
    sigma = 0.02  Optimized mu = -0.151596492524  entropy = 50.9833255315
    Total E(T) = -12115.3305302181  Free energy = -12116.3501967288  E0 = -12115.8403634735
Extra cycle  E= -12115.3305302181  delta_E= 0.528  |g|= 0.397  |ddm|= 4.13e+03
converged SCF energy = -12115.3305302181
dm0 check [[[ 1.89791605e-01  3.06172187e-01 -6.27464697e-02 ...  2.87782732e-07
   -4.17736268e-07 -9.79252151e-07]
  [ 3.06172187e-01  5.07731403e-01 -1.67382336e-01 ...  1.12868413e-06
   -1.52550810e-06 -2.92885929e-06]
  [-6.27464697e-02 -1.67382336e-01  3.38456744e-01 ... -2.45460046e-06
    3.63207494e-06  7.02796676e-06]
  ...
  [ 2.87782732e-07  1.12868413e-06 -2.45460046e-06 ...  4.97744386e-07
   -1.28297797e-07  1.74013446e-08]
  [-4.17736268e-07 -1.52550810e-06  3.63207494e-06 ... -1.28297797e-07
    2.88629162e-07  4.44989684e-08]
  [-9.79252151e-07 -2.92885929e-06  7.02796676e-06 ...  1.74013446e-08
    4.44989684e-08  1.40582614e-07]]

 [[ 1.89772113e-01  3.06118845e-01 -6.26259944e-02 ...  5.24388762e-07
   -3.87782894e-07 -8.68295032e-07]
  [ 3.06118845e-01  5.07588912e-01 -1.67064996e-01 ...  1.76407175e-06
   -1.44309692e-06 -2.62945672e-06]
  [-6.26259944e-02 -1.67064996e-01  3.37752872e-01 ... -3.96614564e-06
    3.41883724e-06  6.30222800e-06]
  ...
  [ 5.24388762e-07  1.76407175e-06 -3.96614564e-06 ...  4.82142495e-07
   -1.30954151e-07  2.05416770e-08]
  [-3.87782894e-07 -1.44309692e-06  3.41883724e-06 ... -1.30954151e-07
    2.87940644e-07  4.28469429e-08]
  [-8.68295032e-07 -2.62945672e-06  6.30222800e-06 ...  2.05416770e-08
    4.28469429e-08  1.32391709e-07]]]


******** <class 'pyscf.scf.addons.SmearingDFUKS'> ********
method = SmearingDFUKS
initial guess = minao
damping factor = 0.15
level_shift factor = 0.2
DIIS = <class 'pyscf.scf.diis.CDIIS'>
diis_start_cycle = 1
diis_space = 12
diis_damp = 0
SCF conv_tol = 5e-05
SCF conv_tol_grad = None
SCF max_cycles = 200
direct_scf = True
direct_scf_tol = 1e-13
chkfile to save SCF result = /tmp/tmpiytuev4b
max_memory 4000 MB (current use 87344 MB)
number electrons alpha = 325  beta = 323
XC library pyscf.dft.libxc version 6.1.0
    S. Lehtola, C. Steigemann, M. J.T. Oliveira, and M. A.L. Marques.,  SoftwareX 7, 1–5 (2018)
XC functionals = pbe
    J. P. Perdew, K. Burke, and M. Ernzerhof.,  Phys. Rev. Lett. 77, 3865 (1996)
    J. P. Perdew, K. Burke, and M. Ernzerhof.,  Phys. Rev. Lett. 78, 1396 (1997)
    J. P. Perdew, K. Burke, and M. Ernzerhof.,  Phys. Rev. Lett. 77, 3865 (1996)
    J. P. Perdew, K. Burke, and M. Ernzerhof.,  Phys. Rev. Lett. 78, 1396 (1997)
small_rho_cutoff = 1e-06
Set gradient conv threshold to 0.00707107
    Total E(T) = -12115.4134764002  Free energy = -12115.4773277765  E0 = -12115.4454020884
init E= -12115.4134764002
    sigma = 0.005  Optimized mu_alpha = -0.196788981777  entropy = 3.23062531767e-07
    sigma = 0.005  Optimized mu_beta  = -0.199427345487  entropy = 3.23062531767e-07
    Total E(T) = -12115.4134678965  Free energy = -12115.4134678982  E0 = -12115.4134678974
cycle= 1 E= -12115.4134678965  delta_E= 8.5e-06  |g|= 0.024  |ddm|=   16
    sigma = 0.005  Optimized mu_alpha = -0.196958205239  entropy = 3.21762760984e-07
    sigma = 0.005  Optimized mu_beta  = -0.199613052612  entropy = 3.21762760984e-07
    Total E(T) = -12115.4133841431  Free energy = -12115.4133841447  E0 = -12115.4133841439
cycle= 2 E= -12115.4133841431  delta_E= 8.38e-05  |g|= 0.075  |ddm|= 52.1
    sigma = 0.005  Optimized mu_alpha = -0.19683254445  entropy = 3.22640724692e-07
    sigma = 0.005  Optimized mu_beta  = -0.19947523115  entropy = 3.22640724692e-07
    Total E(T) = -12115.41344016  Free energy = -12115.4134401616  E0 = -12115.4134401608
cycle= 3 E= -12115.41344016  delta_E= -5.6e-05  |g|= 0.0366  |ddm|= 18.5
    sigma = 0.005  Optimized mu_alpha = -0.196832703776  entropy = 3.22670205202e-07
    sigma = 0.005  Optimized mu_beta  = -0.199475045053  entropy = 3.22670205202e-07
    Total E(T) = -12115.4134624793  Free energy = -12115.413462481  E0 = -12115.4134624802
cycle= 4 E= -12115.4134624793  delta_E= -2.23e-05  |g|= 0.0228  |ddm|= 8.72
    sigma = 0.005  Optimized mu_alpha = -0.196828707361  entropy = 3.22690576922e-07
    sigma = 0.005  Optimized mu_beta  = -0.199470719079  entropy = 3.22690576922e-07
    Total E(T) = -12115.4134713267  Free energy = -12115.4134713283  E0 = -12115.4134713275
cycle= 5 E= -12115.4134713267  delta_E= -8.85e-06  |g|= 0.0148  |ddm|= 5.17
    sigma = 0.005  Optimized mu_alpha = -0.196831041885  entropy = 3.22678747279e-07
    sigma = 0.005  Optimized mu_beta  = -0.199473175037  entropy = 3.22678747279e-07
    Total E(T) = -12115.4134750859  Free energy = -12115.4134750875  E0 = -12115.4134750867
cycle= 6 E= -12115.4134750859  delta_E= -3.76e-06  |g|= 0.00925  |ddm|= 2.98
    sigma = 0.005  Optimized mu_alpha = -0.196832858933  entropy = 3.22655811517e-07
    sigma = 0.005  Optimized mu_beta  = -0.199475312708  entropy = 3.22655811517e-07
    Total E(T) = -12115.4134765528  Free energy = -12115.4134765544  E0 = -12115.4134765536
cycle= 7 E= -12115.4134765528  delta_E= -1.47e-06  |g|= 0.00646  |ddm|=  2.1
    sigma = 0.005  Optimized mu_alpha = -0.296379338078  entropy = 12.7699103754
    sigma = 0.005  Optimized mu_beta  = -0.299307252153  entropy = 12.7699103754
    Total E(T) = -12115.3774244263  Free energy = -12115.4412739781  E0 = -12115.4093492022
Extra cycle  E= -12115.3774244263  delta_E= 0.0361  |g|= 0.229  |ddm|=  876
converged SCF energy = -12115.3774244263  <S^2> = 2.0131662  2S+1 = 3.0087647
[timing] right/Al ensemble SCF = 1059.2s
[timing] collect state = 0.0s
[timing] grad contraction = 1.5s
Npdft 666.0000340117012
[timing] checkpoint save = 0.0s
step=   9 L=-12265.90590988 Ef=-12265.90894558 L1=1.34358482e+00 |grad|=2.52759e-02 t=1276.4s
[diagnostic] step=10 |b|=1.666789e-01 max|b|=1.231145e-02
[timing] build AO Vp from S3 = 1.6s
[diagnostic] |vpl|=1.316184e-01 max|vpl|=1.228113e-02
[diagnostic] |vpr|=2.781408e-01 max|vpr|=1.222123e-02
[diagnostic] |vpref|=2.907944e-01 max|vpref|=1.222123e-02
dm0 check [[[ 1.51511399e-09  2.24391600e-08  1.89789926e-07 ... -1.14718968e-07
    7.42476732e-07  6.64943123e-08]
  [ 2.24391600e-08  3.34444487e-07  2.75067382e-06 ... -1.77767057e-06
    1.10110563e-05  1.04757843e-06]
  [ 1.89789926e-07  2.75067382e-06  2.57237916e-05 ... -1.02769888e-05
    9.27868910e-05  4.99876206e-06]
  ...
  [-1.14718968e-07 -1.77767057e-06 -1.02769888e-05 ...  2.27166748e-04
    1.81897131e-06 -1.91352319e-04]
  [ 7.42476732e-07  1.10110563e-05  9.27868910e-05 ...  1.81897131e-06
    4.79980281e-04 -1.62432524e-06]
  [ 6.64943123e-08  1.04757843e-06  4.99876206e-06 ... -1.91352319e-04
   -1.62432524e-06  6.55604971e-04]]

 [[ 2.14412354e-09  3.18475845e-08  2.65523732e-07 ... -7.48705480e-08
    1.03578254e-06  2.38437748e-08]
  [ 3.18475845e-08  4.74248192e-07  3.91397261e-06 ... -9.93113066e-07
    1.53190769e-05  2.50155574e-07]
  [ 2.65523732e-07  3.91397261e-06  3.37625557e-05 ... -1.10142845e-05
    1.30901537e-04  4.52867924e-06]
  ...
  [-7.48705480e-08 -9.93113066e-07 -1.10142845e-05 ...  2.49604223e-04
    2.27939079e-06 -2.10130237e-04]
  [ 1.03578254e-06  1.53190769e-05  1.30901537e-04 ...  2.27939079e-06
    5.52938834e-04 -2.04467287e-06]
  [ 2.38437748e-08  2.50155574e-07  4.52867924e-06 ... -2.10130237e-04
   -2.04467287e-06  7.46013411e-04]]]
converged SCF energy = -150.22669371454  <S^2> = 2.0045398  2S+1 = 3.003025
dm0 check [[[ 1.14640688e-09  1.70870171e-08  1.38753755e-07 ... -8.06196780e-08
    6.25413758e-07  4.56925708e-08]
  [ 1.70870171e-08  2.56085099e-07  2.02952346e-06 ... -1.06182488e-06
    9.18277271e-06  7.18406544e-07]
  [ 1.38753755e-07  2.02952346e-06  1.80707402e-05 ... -1.26947107e-05
    8.12948227e-05  3.19889317e-06]
  ...
  [-8.06196780e-08 -1.06182488e-06 -1.26947107e-05 ...  2.39058982e-04
   -1.61665419e-06 -1.68274902e-04]
  [ 6.25413758e-07  9.18277271e-06  8.12948227e-05 ... -1.61665419e-06
    4.44994666e-04 -4.06031186e-06]
  [ 4.56925708e-08  7.18406544e-07  3.19889317e-06 ... -1.68274902e-04
   -4.06031186e-06  5.95722174e-04]]

 [[ 2.53031397e-08  3.85041819e-07  2.83122102e-06 ... -1.48564539e-07
    1.05895255e-07  7.43873384e-08]
  [ 3.85041819e-07  5.86064622e-06  4.30451633e-05 ... -2.17962934e-06
    1.18328184e-06  1.05286793e-06]
  [ 2.83122102e-06  4.30451633e-05  3.17986273e-04 ... -1.75088244e-05
    2.68733069e-05  9.39038078e-06]
  ...
  [-1.48564539e-07 -2.17962934e-06 -1.75088244e-05 ...  2.30571566e-04
    2.08932905e-07 -1.91671105e-04]
  [ 1.05895255e-07  1.18328184e-06  2.68733069e-05 ...  2.08932905e-07
    4.63237695e-04 -3.50217821e-06]
  [ 7.43873384e-08  1.05286793e-06  9.39038078e-06 ... -1.91671105e-04
   -3.50217821e-06  6.49568282e-04]]]
converged SCF energy = -150.24498582983  <S^2> = 0.92979834  2S+1 = 2.1723704
[timing] left/O ensemble SCF = 12.3s
dm0 check [[ 3.79540186e-01  6.12229037e-01 -1.25222338e-01 ...  7.31310470e-07
  -8.62207041e-07 -1.87093375e-06]
 [ 6.12229037e-01  1.01515607e+00 -3.34049022e-01 ...  2.67401582e-06
  -3.12273395e-06 -5.62227205e-06]
 [-1.25222338e-01 -3.34049022e-01  6.75260144e-01 ... -5.89539810e-06
   7.43376046e-06  1.34997873e-05]
 ...
 [ 7.31310470e-07  2.67401582e-06 -5.89539810e-06 ...  9.42204967e-07
  -2.48274309e-07  3.85189815e-08]
 [-8.62207041e-07 -3.12273395e-06  7.43376046e-06 ... -2.48274309e-07
   5.63660788e-07  8.19870726e-08]
 [-1.87093375e-06 -5.62227205e-06  1.34997873e-05 ...  3.85189815e-08
   8.19870726e-08  2.61501759e-07]]


******** <class 'pyscf.scf.addons.SmearingDFRKS'> ********
method = SmearingDFRKS
initial guess = minao
damping factor = 0.15
level_shift factor = 0.2
DIIS = <class 'pyscf.scf.diis.CDIIS'>
diis_start_cycle = 1
diis_space = 12
diis_damp = 0
SCF conv_tol = 5e-05
SCF conv_tol_grad = None
SCF max_cycles = 200
direct_scf = True
direct_scf_tol = 1e-13
chkfile to save SCF result = /tmp/tmposeml0yq
max_memory 4000 MB (current use 87400 MB)
XC library pyscf.dft.libxc version 6.1.0
    S. Lehtola, C. Steigemann, M. J.T. Oliveira, and M. A.L. Marques.,  SoftwareX 7, 1–5 (2018)
XC functionals = pbe
    J. P. Perdew, K. Burke, and M. Ernzerhof.,  Phys. Rev. Lett. 77, 3865 (1996)
    J. P. Perdew, K. Burke, and M. Ernzerhof.,  Phys. Rev. Lett. 78, 1396 (1997)
    J. P. Perdew, K. Burke, and M. Ernzerhof.,  Phys. Rev. Lett. 77, 3865 (1996)
    J. P. Perdew, K. Burke, and M. Ernzerhof.,  Phys. Rev. Lett. 78, 1396 (1997)
small_rho_cutoff = 1e-06
Set gradient conv threshold to 0.00707107
    Total E(T) = -12115.7937611016  Free energy = -12116.8134276123  E0 = -12116.3035943569
init E= -12115.7937611016
    sigma = 0.02  Optimized mu = -0.0515734780938  entropy = 1.49576207629
    Total E(T) = -12115.7937183919  Free energy = -12115.8236336335  E0 = -12115.8086760127
cycle= 1 E= -12115.7937183919  delta_E= 4.27e-05  |g|= 0.041  |ddm|= 34.4
    sigma = 0.02  Optimized mu = -0.0520173191525  entropy = 1.49471986106
    Total E(T) = -12115.7932221508  Free energy = -12115.8231165481  E0 = -12115.8081693495
cycle= 2 E= -12115.7932221508  delta_E= 0.000496  |g|= 0.134  |ddm|=  152
    sigma = 0.02  Optimized mu = -0.0517130318016  entropy = 1.49500424334
    Total E(T) = -12115.7935508224  Free energy = -12115.8234509072  E0 = -12115.8085008648
cycle= 3 E= -12115.7935508224  delta_E= -0.000329  |g|= 0.0664  |ddm|= 59.8
    sigma = 0.02  Optimized mu = -0.0516990752293  entropy = 1.49507020642
    Total E(T) = -12115.7936806932  Free energy = -12115.8235820973  E0 = -12115.8086313953
cycle= 4 E= -12115.7936806932  delta_E= -0.00013  |g|= 0.0418  |ddm|= 25.1
    sigma = 0.02  Optimized mu = -0.0516864615667  entropy = 1.49512002176
    Total E(T) = -12115.7937349972  Free energy = -12115.8236373976  E0 = -12115.8086861974
cycle= 5 E= -12115.7937349972  delta_E= -5.43e-05  |g|= 0.0258  |ddm|= 14.2
    sigma = 0.02  Optimized mu = -0.0516920883306  entropy = 1.49505657266
    Total E(T) = -12115.7937568282  Free energy = -12115.8236579597  E0 = -12115.8087073939
cycle= 6 E= -12115.7937568282  delta_E= -2.18e-05  |g|= 0.017  |ddm|= 10.4
    sigma = 0.02  Optimized mu = -0.0516964792544  entropy = 1.49503943849
    Total E(T) = -12115.7937657774  Free energy = -12115.8236665662  E0 = -12115.8087161718
cycle= 7 E= -12115.7937657774  delta_E= -8.95e-06  |g|= 0.0108  |ddm|= 6.02
    sigma = 0.02  Optimized mu = -0.0516901202088  entropy = 1.49507091942
    Total E(T) = -12115.7937693739  Free energy = -12115.8236707923  E0 = -12115.8087200831
cycle= 8 E= -12115.7937693739  delta_E= -3.6e-06  |g|= 0.00711  |ddm|= 3.77
    sigma = 0.02  Optimized mu = -0.0516982268847  entropy = 1.49503404794
    Total E(T) = -12115.7937710558  Free energy = -12115.8236717368  E0 = -12115.8087213963
cycle= 9 E= -12115.7937710558  delta_E= -1.68e-06  |g|= 0.00426  |ddm|= 2.94
    sigma = 0.02  Optimized mu = -0.151615484594  entropy = 50.9843506968
    Total E(T) = -12115.2660886381  Free energy = -12116.285775652  E0 = -12115.7759321451
Extra cycle  E= -12115.2660886381  delta_E= 0.528  |g|= 0.396  |ddm|= 4.13e+03
converged SCF energy = -12115.2660886381
dm0 check [[[ 1.89791602e-01  3.06172179e-01 -6.27464649e-02 ...  2.87876990e-07
   -4.17673362e-07 -9.79421375e-07]
  [ 3.06172179e-01  5.07731383e-01 -1.67382331e-01 ...  1.12893554e-06
   -1.52533866e-06 -2.92931556e-06]
  [-6.27464649e-02 -1.67382331e-01  3.38456817e-01 ... -2.45518326e-06
    3.63166896e-06  7.02907102e-06]
  ...
  [ 2.87876990e-07  1.12893554e-06 -2.45518326e-06 ...  4.97769637e-07
   -1.28293736e-07  1.74189015e-08]
  [-4.17673362e-07 -1.52533866e-06  3.63166896e-06 ... -1.28293736e-07
    2.88608391e-07  4.45048048e-08]
  [-9.79421375e-07 -2.92931556e-06  7.02907102e-06 ...  1.74189015e-08
    4.45048048e-08  1.40576208e-07]]

 [[ 1.89772101e-01  3.06118813e-01 -6.26259280e-02 ...  5.24376779e-07
   -3.88087049e-07 -8.68197471e-07]
  [ 3.06118813e-01  5.07588827e-01 -1.67064821e-01 ...  1.76403880e-06
   -1.44391862e-06 -2.62919297e-06]
  [-6.26259280e-02 -1.67064821e-01  3.37752513e-01 ... -3.96606234e-06
    3.42084007e-06  6.30158560e-06]
  ...
  [ 5.24376779e-07  1.76403880e-06 -3.96606234e-06 ...  4.82167606e-07
   -1.30938618e-07  2.05576431e-08]
  [-3.88087049e-07 -1.44391862e-06  3.42084007e-06 ... -1.30938618e-07
    2.87922394e-07  4.28544851e-08]
  [-8.68197471e-07 -2.62919297e-06  6.30158560e-06 ...  2.05576431e-08
    4.28544851e-08  1.32385186e-07]]]


******** <class 'pyscf.scf.addons.SmearingDFUKS'> ********
method = SmearingDFUKS
initial guess = minao
damping factor = 0.15
level_shift factor = 0.2
DIIS = <class 'pyscf.scf.diis.CDIIS'>
diis_start_cycle = 1
diis_space = 12
diis_damp = 0
SCF conv_tol = 5e-05
SCF conv_tol_grad = None
SCF max_cycles = 200
direct_scf = True
direct_scf_tol = 1e-13
chkfile to save SCF result = /tmp/tmpiytuev4b
max_memory 4000 MB (current use 87400 MB)
number electrons alpha = 325  beta = 323
XC library pyscf.dft.libxc version 6.1.0
    S. Lehtola, C. Steigemann, M. J.T. Oliveira, and M. A.L. Marques.,  SoftwareX 7, 1–5 (2018)
XC functionals = pbe
    J. P. Perdew, K. Burke, and M. Ernzerhof.,  Phys. Rev. Lett. 77, 3865 (1996)
    J. P. Perdew, K. Burke, and M. Ernzerhof.,  Phys. Rev. Lett. 78, 1396 (1997)
    J. P. Perdew, K. Burke, and M. Ernzerhof.,  Phys. Rev. Lett. 77, 3865 (1996)
    J. P. Perdew, K. Burke, and M. Ernzerhof.,  Phys. Rev. Lett. 78, 1396 (1997)
small_rho_cutoff = 1e-06
Set gradient conv threshold to 0.00707107
    Total E(T) = -12115.3489499237  Free energy = -12115.4127994756  E0 = -12115.3808746997
init E= -12115.3489499237
    sigma = 0.005  Optimized mu_alpha = -0.196747583363  entropy = 3.24555699151e-07
    sigma = 0.005  Optimized mu_beta  = -0.199372209059  entropy = 3.24555699151e-07
    Total E(T) = -12115.3489128123  Free energy = -12115.3489128139  E0 = -12115.3489128131
cycle= 1 E= -12115.3489128123  delta_E= 3.71e-05  |g|= 0.0533  |ddm|= 26.4
    sigma = 0.005  Optimized mu_alpha = -0.197139473948  entropy = 3.22333050091e-07
    sigma = 0.005  Optimized mu_beta  = -0.199799170091  entropy = 3.22333050091e-07
    Total E(T) = -12115.3485172854  Free energy = -12115.348517287  E0 = -12115.3485172862
cycle= 2 E= -12115.3485172854  delta_E= 0.000396  |g|= 0.165  |ddm|=  109
    sigma = 0.005  Optimized mu_alpha = -0.196869899941  entropy = 3.23489016944e-07
    sigma = 0.005  Optimized mu_beta  = -0.1995039062  entropy = 3.23489016944e-07
    Total E(T) = -12115.3487825767  Free energy = -12115.3487825783  E0 = -12115.3487825775
cycle= 3 E= -12115.3487825767  delta_E= -0.000265  |g|= 0.08  |ddm|= 42.1
    sigma = 0.005  Optimized mu_alpha = -0.196866348753  entropy = 3.23537081212e-07
    sigma = 0.005  Optimized mu_beta  = -0.199499546182  entropy = 3.23537081212e-07
    Total E(T) = -12115.3488911574  Free energy = -12115.348891159  E0 = -12115.3488911582
cycle= 4 E= -12115.3488911574  delta_E= -0.000109  |g|= 0.0487  |ddm|= 18.6
    sigma = 0.005  Optimized mu_alpha = -0.196843470717  entropy = 3.23551095324e-07
    sigma = 0.005  Optimized mu_beta  = -0.199476019408  entropy = 3.23551095324e-07
    Total E(T) = -12115.3489338142  Free energy = -12115.3489338158  E0 = -12115.348933815
cycle= 5 E= -12115.3489338142  delta_E= -4.27e-05  |g|= 0.0304  |ddm|= 10.8
    sigma = 0.005  Optimized mu_alpha = -0.196860133106  entropy = 3.23469109227e-07
    sigma = 0.005  Optimized mu_beta  = -0.199493552287  entropy = 3.23469109227e-07
    Total E(T) = -12115.3489506749  Free energy = -12115.3489506766  E0 = -12115.3489506758
cycle= 6 E= -12115.3489506749  delta_E= -1.69e-05  |g|= 0.0184  |ddm|= 6.56
    sigma = 0.005  Optimized mu_alpha = -0.196859511366  entropy = 3.23467974256e-07
    sigma = 0.005  Optimized mu_beta  = -0.199492849865  entropy = 3.23467974256e-07
    Total E(T) = -12115.3489571573  Free energy = -12115.3489571589  E0 = -12115.3489571581
cycle= 7 E= -12115.3489571573  delta_E= -6.48e-06  |g|= 0.0114  |ddm|=  4.2
    sigma = 0.005  Optimized mu_alpha = -0.196861731821  entropy = 3.23429544628e-07
    sigma = 0.005  Optimized mu_beta  = -0.199495482609  entropy = 3.23429544628e-07
    Total E(T) = -12115.3489597054  Free energy = -12115.348959707  E0 = -12115.3489597062
cycle= 8 E= -12115.3489597054  delta_E= -2.55e-06  |g|= 0.00636  |ddm|= 2.68
    sigma = 0.005  Optimized mu_alpha = -0.296396370657  entropy = 12.7753613214
    sigma = 0.005  Optimized mu_beta  = -0.299320312496  entropy = 12.7753613214
    Total E(T) = -12115.3128691496  Free energy = -12115.3767459562  E0 = -12115.3448075529
Extra cycle  E= -12115.3128691496  delta_E= 0.0361  |g|= 0.232  |ddm|=  879
converged SCF energy = -12115.3128691496  <S^2> = 2.0131941  2S+1 = 3.0087832
[timing] right/Al ensemble SCF = 1115.7s
[timing] collect state = 0.0s
[timing] grad contraction = 1.5s
Npdft 666.0000340097872
[timing] checkpoint save = 0.0s
step=  10 L=-12265.89741721 Ef=-12265.90067972 L1=1.31160635e+00 |grad|=2.46349e-02 t=1329.8s
[phase2 outer 5] previous L = -12265.90533539
[phase2 outer 5] new L = -12265.89741721
[phase2 outer 5] dL = 7.91818314e-03
[phase2 outer 5] previous Ef = -12265.90838395
[phase2 outer 5] new Ef = -12265.90067972
[phase2 outer 5] dEf = 7.70423022e-03
[phase2 outer 5] |db| = 1.69595e-02
[phase2 outer 5] |grad| = 2.46349e-02
[phase2 outer 5] raw_step_norm=1.695949e-02 capped_step_norm=1.695949e-02 raw_max_abs_step=1.641527e-03 capped_max_abs_step=1.641527e-03 step_cap=6.000000e-02 line_search_alpha=n/a
[phase2 outer 5] res.fun = 12265.89741721
[phase2 outer 5] res.message = STOP: TOTAL NO. of ITERATIONS REACHED LIMIT
[phase2 outer 5] finished message=STOP: TOTAL NO. of ITERATIONS REACHED LIMIT |b|=1.666789e-01
optimizer finished: STOP: TOTAL NO. of ITERATIONS REACHED LIMIT final L = -12265.89741721  niter = 1  success = False

=== Vp comparison: S3 vs grid (final b) ===
Vpl (left): ||S3 - grid||_F = 3.852426e-03  rel = 2.921390e-02  max|Δ| = 1.707540e-03
Vpr (right): ||S3 - grid||_F = 7.056582e-03  rel = 2.530039e-02  max|Δ| = 1.323277e-03
Vpref (full): ||S3 - grid||_F = 7.944893e-03  rel = 2.723835e-02  max|Δ| = 1.726282e-03
[total] wall time t=14153.7s
=== Python finished ===
All done.
