pyscf max mem 1048548
SLURM_CPUS_PER_TASK = 64
OMP_NUM_THREADS = 64
MKL_NUM_THREADS = 64
OPENBLAS_NUM_THREADS = 64
PySCF lib.num_threads() = 64
left ensemble electron number ([9, 9], [7, 8])
right ensemble electron number ([325, 325], [325, 323])
=== warmstart compare 2.7 ===
AO_TO_PBS_PKL=ao_to_pbs_fit.pkl
OPT_FINAL_PKL=pdft_optimizer8.pkl
N_STEPS=5 ALPHA=1.0 MAX_STEP_NORM=0.05
USE_OPT_DM_GUESS=True
S3 shapes left=(116, 116, 1336), right=(1528, 1528, 1336), full=(1544, 1544, 1336)
left ensemble electron number ([9, 9], [7, 8])
right ensemble electron number ([325, 325], [325, 323])
[warm-start] rdft1.D ← pickle dm_ig1
[warm-start] rdft2.D ← pickle dm_ig2

===== case: b_zero =====
[init] |b|=0.000000e+00 max|b|=0.000000e+00
dm0 check None
converged SCF energy = -150.226693714537  <S^2> = 2.0045399  2S+1 = 3.003025
dm0 check None
converged SCF energy = -150.244985829666  <S^2> = 0.9297856  2S+1 = 2.1723587
[timing] left/O ensemble SCF = 239.7s
dm0 check [[ 3.79534667e-01  6.12215942e-01 -1.25201763e-01 ...  2.36317920e-05
   1.49366314e-05 -4.82399976e-05]
 [ 6.12215942e-01  1.01512501e+00 -3.34000618e-01 ...  6.44393809e-05
   3.94766218e-05 -1.30683035e-04]
 [-1.25201763e-01 -3.34000618e-01  6.75173101e-01 ... -1.55457170e-04
  -9.56115372e-05  3.16293403e-04]
 ...
 [ 2.36317920e-05  6.44393809e-05 -1.55457170e-04 ...  1.08752212e-05
   5.93102766e-06 -2.35175680e-05]
 [ 1.49366314e-05  3.94766218e-05 -9.56115372e-05 ...  5.93102766e-06
   4.91849297e-06 -1.47860727e-05]
 [-4.82399976e-05 -1.30683035e-04  3.16293403e-04 ... -2.35175680e-05
  -1.47860727e-05  5.94712674e-05]]


******** <class 'pyscf.scf.addons.SmearingDFRKS'> ********
method = SmearingDFRKS
initial guess = minao
damping factor = 0.15
level_shift factor = 0.2
DIIS = <class 'pyscf.scf.diis.CDIIS'>
diis_start_cycle = 1
diis_space = 12
diis_damp = 0
SCF conv_tol = 5e-05
SCF conv_tol_grad = None
SCF max_cycles = 200
direct_scf = True
direct_scf_tol = 1e-13
chkfile to save SCF result = /tmp/tmpp294qoe8
max_memory 4000 MB (current use 51739 MB)
XC library pyscf.dft.libxc version 6.1.0
    S. Lehtola, C. Steigemann, M. J.T. Oliveira, and M. A.L. Marques.,  SoftwareX 7, 1–5 (2018)
XC functionals = pbe
    J. P. Perdew, K. Burke, and M. Ernzerhof.,  Phys. Rev. Lett. 77, 3865 (1996)
    J. P. Perdew, K. Burke, and M. Ernzerhof.,  Phys. Rev. Lett. 78, 1396 (1997)
    J. P. Perdew, K. Burke, and M. Ernzerhof.,  Phys. Rev. Lett. 77, 3865 (1996)
    J. P. Perdew, K. Burke, and M. Ernzerhof.,  Phys. Rev. Lett. 78, 1396 (1997)
small_rho_cutoff = 1e-06
Set gradient conv threshold to 0.00707107
init E= -12116.2133348893
    sigma = 0.02  Optimized mu = -0.0549010061463  entropy = 1.49216980444
    Total E(T) = -12116.2267478665  Free energy = -12116.2565912626  E0 = -12116.2416695646
cycle= 1 E= -12116.2267478665  delta_E= -0.0134  |g|= 0.523  |ddm|=  854
    sigma = 0.02  Optimized mu = -0.0451107092359  entropy = 1.6422913438
    Total E(T) = -12116.1476265729  Free energy = -12116.1804723998  E0 = -12116.1640494863
cycle= 2 E= -12116.1476265729  delta_E= 0.0791  |g|= 1.58  |ddm|= 2.16e+03
    sigma = 0.02  Optimized mu = -0.0511054169932  entropy = 1.49674380868
    Total E(T) = -12116.2053508646  Free energy = -12116.2352857407  E0 = -12116.2203183027
cycle= 3 E= -12116.2053508646  delta_E= -0.0577  |g|= 0.76  |ddm|=  673
    sigma = 0.02  Optimized mu = -0.0515905131544  entropy = 1.49107055818
    Total E(T) = -12116.2273581808  Free energy = -12116.2571795919  E0 = -12116.2422688864
cycle= 4 E= -12116.2273581808  delta_E= -0.022  |g|= 0.446  |ddm|=  329
    sigma = 0.02  Optimized mu = -0.0520460033082  entropy = 1.48889004083
    Total E(T) = -12116.2356827368  Free energy = -12116.2654605377  E0 = -12116.2505716372
cycle= 5 E= -12116.2356827368  delta_E= -0.00832  |g|= 0.228  |ddm|=  175
    sigma = 0.02  Optimized mu = -0.0516172052214  entropy = 1.48748680982
    Total E(T) = -12116.2383446349  Free energy = -12116.2680943711  E0 = -12116.253219503
cycle= 6 E= -12116.2383446349  delta_E= -0.00266  |g|= 0.126  |ddm|=  166
    sigma = 0.02  Optimized mu = -0.0512521783866  entropy = 1.48808502991
    Total E(T) = -12116.2390746015  Free energy = -12116.2688363021  E0 = -12116.2539554518
cycle= 7 E= -12116.2390746015  delta_E= -0.00073  |g|= 0.0659  |ddm|=  125
    sigma = 0.02  Optimized mu = -0.0514070501546  entropy = 1.4867398419
    Total E(T) = -12116.2392863648  Free energy = -12116.2690211617  E0 = -12116.2541537632
cycle= 8 E= -12116.2392863648  delta_E= -0.000212  |g|= 0.0484  |ddm|= 74.8
    sigma = 0.02  Optimized mu = -0.0512805119382  entropy = 1.48723997983
    Total E(T) = -12116.2393740828  Free energy = -12116.2691188824  E0 = -12116.2542464826
cycle= 9 E= -12116.2393740828  delta_E= -8.77e-05  |g|= 0.0267  |ddm|= 25.3
    sigma = 0.02  Optimized mu = -0.0513094513007  entropy = 1.48706511221
    Total E(T) = -12116.2394119436  Free energy = -12116.2691532459  E0 = -12116.2542825947
cycle= 10 E= -12116.2394119436  delta_E= -3.79e-05  |g|= 0.0168  |ddm|= 16.8
    sigma = 0.02  Optimized mu = -0.0512979748755  entropy = 1.48709885458
    Total E(T) = -12116.2394287034  Free energy = -12116.2691706805  E0 = -12116.2542996919
cycle= 11 E= -12116.2394287034  delta_E= -1.68e-05  |g|= 0.0106  |ddm|= 12.8
    sigma = 0.02  Optimized mu = -0.0513089189573  entropy = 1.48704481208
    Total E(T) = -12116.2394375587  Free energy = -12116.269178455  E0 = -12116.2543080069
cycle= 12 E= -12116.2394375587  delta_E= -8.86e-06  |g|= 0.00851  |ddm|= 9.67
    sigma = 0.02  Optimized mu = -0.0512950780989  entropy = 1.4870898049
    Total E(T) = -12116.2394427792  Free energy = -12116.2691845753  E0 = -12116.2543136773
cycle= 13 E= -12116.2394427792  delta_E= -5.22e-06  |g|= 0.00726  |ddm|= 6.62
    sigma = 0.02  Optimized mu = -0.0512924557115  entropy = 1.4870615562
    Total E(T) = -12116.2394465601  Free energy = -12116.2691877912  E0 = -12116.2543171756
cycle= 14 E= -12116.2394465601  delta_E= -3.78e-06  |g|= 0.00698  |ddm|= 5.75
    sigma = 0.02  Optimized mu = -0.151352809539  entropy = 50.982888423
    Total E(T) = -12115.7108361986  Free energy = -12116.7304939671  E0 = -12116.2206650829
Extra cycle  E= -12115.7108361986  delta_E= 0.529  |g|= 0.391  |ddm|= 4.16e+03
converged SCF energy = -12115.7108361986
dm0 check [[[ 1.89789196e-01  3.06166479e-01 -6.27382539e-02 ...  9.19437390e-06
    5.84157518e-06 -2.11411548e-05]
  [ 3.06166479e-01  5.07718057e-01 -1.67363818e-01 ...  2.51422704e-05
    1.53443342e-05 -5.72819252e-05]
  [-6.27382539e-02 -1.67363818e-01  3.38427764e-01 ... -6.05253784e-05
   -3.71083306e-05  1.38400825e-04]
  ...
  [ 9.19437390e-06  2.51422704e-05 -6.05253784e-05 ...  3.13715954e-06
    1.55781055e-06 -7.62202888e-06]
  [ 5.84157518e-06  1.53443342e-05 -3.71083306e-05 ...  1.55781055e-06
    1.58848999e-06 -4.83700572e-06]
  [-2.11411548e-05 -5.72819252e-05  1.38400825e-04 ... -7.62202888e-06
   -4.83700572e-06  2.29806320e-05]]

 [[ 1.89768293e-01  3.06109553e-01 -6.26090281e-02 ...  1.01180610e-05
    6.66144515e-06 -2.24745711e-05]
  [ 3.06109553e-01  5.07566082e-01 -1.67022755e-01 ...  2.76492411e-05
    1.75711417e-05 -6.09233013e-05]
  [-6.26090281e-02 -1.67022755e-01  3.37665124e-01 ... -6.67405293e-05
   -4.26419552e-05  1.47637880e-04]
  ...
  [ 1.01180610e-05  2.76492411e-05 -6.67405293e-05 ...  3.37989959e-06
    1.74706069e-06 -8.19436833e-06]
  [ 6.66144515e-06  1.75711417e-05 -4.26419552e-05 ...  1.74706069e-06
    1.74323057e-06 -5.30648444e-06]
  [-2.24745711e-05 -6.09233013e-05  1.47637880e-04 ... -8.19436833e-06
   -5.30648444e-06  2.42423049e-05]]]


******** <class 'pyscf.scf.addons.SmearingDFUKS'> ********
method = SmearingDFUKS
initial guess = minao
damping factor = 0.15
level_shift factor = 0.2
DIIS = <class 'pyscf.scf.diis.CDIIS'>
diis_start_cycle = 1
diis_space = 12
diis_damp = 0
SCF conv_tol = 5e-05
SCF conv_tol_grad = None
SCF max_cycles = 200
direct_scf = True
direct_scf_tol = 1e-13
chkfile to save SCF result = /tmp/tmp7j30dbg6
max_memory 4000 MB (current use 52586 MB)
number electrons alpha = 325  beta = 323
XC library pyscf.dft.libxc version 6.1.0
    S. Lehtola, C. Steigemann, M. J.T. Oliveira, and M. A.L. Marques.,  SoftwareX 7, 1–5 (2018)
XC functionals = pbe
    J. P. Perdew, K. Burke, and M. Ernzerhof.,  Phys. Rev. Lett. 77, 3865 (1996)
    J. P. Perdew, K. Burke, and M. Ernzerhof.,  Phys. Rev. Lett. 78, 1396 (1997)
    J. P. Perdew, K. Burke, and M. Ernzerhof.,  Phys. Rev. Lett. 77, 3865 (1996)
    J. P. Perdew, K. Burke, and M. Ernzerhof.,  Phys. Rev. Lett. 78, 1396 (1997)
small_rho_cutoff = 1e-06
Set gradient conv threshold to 0.00707107
init E= -12115.7740813017
    sigma = 0.005  Optimized mu_alpha = -0.199712864138  entropy = 3.38626103141e-07
    sigma = 0.005  Optimized mu_beta  = -0.202760962167  entropy = 3.38626103141e-07
    Total E(T) = -12115.7821677988  Free energy = -12115.7821678005  E0 = -12115.7821677997
cycle= 1 E= -12115.7821677988  delta_E= -0.00809  |g|= 0.773  |ddm|=  562
    sigma = 0.005  Optimized mu_alpha = -0.190562514633  entropy = 6.81330385731e-07
    sigma = 0.005  Optimized mu_beta  = -0.193197402099  entropy = 6.81330385731e-07
    Total E(T) = -12115.7052667457  Free energy = -12115.7052667491  E0 = -12115.7052667474
cycle= 2 E= -12115.7052667457  delta_E= 0.0769  |g|= 2.25  |ddm|= 1.53e+03
    sigma = 0.005  Optimized mu_alpha = -0.196197602984  entropy = 3.1929301432e-07
    sigma = 0.005  Optimized mu_beta  = -0.198954009966  entropy = 3.1929301432e-07
    Total E(T) = -12115.7585980787  Free energy = -12115.7585980803  E0 = -12115.7585980795
cycle= 3 E= -12115.7585980787  delta_E= -0.0533  |g|= 1.13  |ddm|=  503
    sigma = 0.005  Optimized mu_alpha = -0.196572395601  entropy = 3.21923144749e-07
    sigma = 0.005  Optimized mu_beta  = -0.199322189007  entropy = 3.21923144749e-07
    Total E(T) = -12115.7813528364  Free energy = -12115.781352838  E0 = -12115.7813528372
cycle= 4 E= -12115.7813528364  delta_E= -0.0228  |g|= 0.65  |ddm|=  230
    sigma = 0.005  Optimized mu_alpha = -0.197305878836  entropy = 3.19251050378e-07
    sigma = 0.005  Optimized mu_beta  = -0.200094265287  entropy = 3.19251050378e-07
    Total E(T) = -12115.7898407003  Free energy = -12115.7898407019  E0 = -12115.7898407011
cycle= 5 E= -12115.7898407003  delta_E= -0.00849  |g|= 0.377  |ddm|=  127
    sigma = 0.005  Optimized mu_alpha = -0.196516618734  entropy = 3.16568226795e-07
    sigma = 0.005  Optimized mu_beta  = -0.199274328285  entropy = 3.16568226795e-07
    Total E(T) = -12115.7928615869  Free energy = -12115.7928615885  E0 = -12115.7928615877
cycle= 6 E= -12115.7928615869  delta_E= -0.00302  |g|= 0.195  |ddm|=  111
    sigma = 0.005  Optimized mu_alpha = -0.19647384881  entropy = 3.15245931187e-07
    sigma = 0.005  Optimized mu_beta  = -0.199232684966  entropy = 3.15245931187e-07
    Total E(T) = -12115.7937532125  Free energy = -12115.793753214  E0 = -12115.7937532132
cycle= 7 E= -12115.7937532125  delta_E= -0.000892  |g|= 0.117  |ddm|= 86.7
    sigma = 0.005  Optimized mu_alpha = -0.196373298033  entropy = 3.163589185e-07
    sigma = 0.005  Optimized mu_beta  = -0.199118474623  entropy = 3.163589185e-07
    Total E(T) = -12115.7940289142  Free energy = -12115.7940289158  E0 = -12115.794028915
cycle= 8 E= -12115.7940289142  delta_E= -0.000276  |g|= 0.0636  |ddm|= 39.3
    sigma = 0.005  Optimized mu_alpha = -0.196444531306  entropy = 3.15508035663e-07
    sigma = 0.005  Optimized mu_beta  = -0.19919520619  entropy = 3.15508035663e-07
    Total E(T) = -12115.7941318615  Free energy = -12115.7941318631  E0 = -12115.7941318623
cycle= 9 E= -12115.7941318615  delta_E= -0.000103  |g|= 0.044  |ddm|= 22.9
    sigma = 0.005  Optimized mu_alpha = -0.196416715858  entropy = 3.1548235293e-07
    sigma = 0.005  Optimized mu_beta  = -0.199167629606  entropy = 3.1548235293e-07
    Total E(T) = -12115.7941749271  Free energy = -12115.7941749287  E0 = -12115.7941749279
cycle= 10 E= -12115.7941749271  delta_E= -4.31e-05  |g|= 0.0265  |ddm|= 14.7
    sigma = 0.005  Optimized mu_alpha = -0.196413415489  entropy = 3.1541400226e-07
    sigma = 0.005  Optimized mu_beta  = -0.199164625545  entropy = 3.1541400226e-07
    Total E(T) = -12115.7941949765  Free energy = -12115.7941949781  E0 = -12115.7941949773
cycle= 11 E= -12115.7941949765  delta_E= -2e-05  |g|= 0.0173  |ddm|= 8.72
    sigma = 0.005  Optimized mu_alpha = -0.196419670012  entropy = 3.15584963553e-07
    sigma = 0.005  Optimized mu_beta  = -0.199168613093  entropy = 3.15584963553e-07
    Total E(T) = -12115.79420487  Free energy = -12115.7942048715  E0 = -12115.7942048708
cycle= 12 E= -12115.79420487  delta_E= -9.89e-06  |g|= 0.0137  |ddm|= 8.05
    sigma = 0.005  Optimized mu_alpha = -0.196409823668  entropy = 3.15556994299e-07
    sigma = 0.005  Optimized mu_beta  = -0.199158713549  entropy = 3.15556994299e-07
    Total E(T) = -12115.7942106171  Free energy = -12115.7942106187  E0 = -12115.7942106179
cycle= 13 E= -12115.7942106171  delta_E= -5.75e-06  |g|= 0.0122  |ddm|= 4.98
    sigma = 0.005  Optimized mu_alpha = -0.196404550233  entropy = 3.15528176657e-07
    sigma = 0.005  Optimized mu_beta  = -0.199153882202  entropy = 3.15528176657e-07
    Total E(T) = -12115.7942148841  Free energy = -12115.7942148857  E0 = -12115.7942148849
cycle= 14 E= -12115.7942148841  delta_E= -4.27e-06  |g|= 0.0113  |ddm|= 4.49
    sigma = 0.005  Optimized mu_alpha = -0.196401918717  entropy = 3.15540328305e-07
    sigma = 0.005  Optimized mu_beta  = -0.199150862846  entropy = 3.15540328305e-07
    Total E(T) = -12115.7942180568  Free energy = -12115.7942180584  E0 = -12115.7942180576
cycle= 15 E= -12115.7942180568  delta_E= -3.17e-06  |g|= 0.011  |ddm|= 4.07
    sigma = 0.005  Optimized mu_alpha = -0.196405185105  entropy = 3.15570445006e-07
    sigma = 0.005  Optimized mu_beta  = -0.199153650637  entropy = 3.15570445006e-07
    Total E(T) = -12115.7942206941  Free energy = -12115.7942206957  E0 = -12115.7942206949
cycle= 16 E= -12115.7942206941  delta_E= -2.64e-06  |g|= 0.00997  |ddm|= 3.41
    sigma = 0.005  Optimized mu_alpha = -0.196404174095  entropy = 3.15552242373e-07
    sigma = 0.005  Optimized mu_beta  = -0.199153171705  entropy = 3.15552242373e-07
    Total E(T) = -12115.7942227657  Free energy = -12115.7942227672  E0 = -12115.7942227665
cycle= 17 E= -12115.7942227657  delta_E= -2.07e-06  |g|= 0.00971  |ddm|= 3.26
    sigma = 0.005  Optimized mu_alpha = -0.196400629546  entropy = 3.15562978573e-07
    sigma = 0.005  Optimized mu_beta  = -0.199149106518  entropy = 3.15562978573e-07
    Total E(T) = -12115.7942245636  Free energy = -12115.7942245652  E0 = -12115.7942245644
cycle= 18 E= -12115.7942245636  delta_E= -1.8e-06  |g|= 0.00933  |ddm|= 3.12
    sigma = 0.005  Optimized mu_alpha = -0.196410387131  entropy = 3.15568070584e-07
    sigma = 0.005  Optimized mu_beta  = -0.199159199448  entropy = 3.15568070584e-07
    Total E(T) = -12115.7942261107  Free energy = -12115.7942261123  E0 = -12115.7942261115
cycle= 19 E= -12115.7942261107  delta_E= -1.55e-06  |g|= 0.00891  |ddm|= 2.38
    sigma = 0.005  Optimized mu_alpha = -0.196400776684  entropy = 3.15610904511e-07
    sigma = 0.005  Optimized mu_beta  = -0.199148925971  entropy = 3.15610904511e-07
    Total E(T) = -12115.7942274395  Free energy = -12115.7942274411  E0 = -12115.7942274403
cycle= 20 E= -12115.7942274395  delta_E= -1.33e-06  |g|= 0.00806  |ddm|= 2.34
    sigma = 0.005  Optimized mu_alpha = -0.19640461211  entropy = 3.15569933276e-07
    sigma = 0.005  Optimized mu_beta  = -0.199153401854  entropy = 3.15569933276e-07
    Total E(T) = -12115.7942285716  Free energy = -12115.7942285732  E0 = -12115.7942285724
cycle= 21 E= -12115.7942285716  delta_E= -1.13e-06  |g|= 0.00783  |ddm|=  2.5
    sigma = 0.005  Optimized mu_alpha = -0.196401392528  entropy = 3.15529964863e-07
    sigma = 0.005  Optimized mu_beta  = -0.199150683242  entropy = 3.15529964863e-07
    Total E(T) = -12115.7942295416  Free energy = -12115.7942295432  E0 = -12115.7942295424
cycle= 22 E= -12115.7942295416  delta_E= -9.7e-07  |g|= 0.00712  |ddm|= 4.32
    sigma = 0.005  Optimized mu_alpha = -0.196413143873  entropy = 3.15552453678e-07
    sigma = 0.005  Optimized mu_beta  = -0.199162809282  entropy = 3.15552453678e-07
    Total E(T) = -12115.7942305405  Free energy = -12115.7942305421  E0 = -12115.7942305413
cycle= 23 E= -12115.7942305405  delta_E= -9.99e-07  |g|= 0.0064  |ddm|= 4.57
    sigma = 0.005  Optimized mu_alpha = -0.29606534778  entropy = 12.7096839497
    sigma = 0.005  Optimized mu_beta  = -0.299040557525  entropy = 12.7096839497
    Total E(T) = -12115.7585439372  Free energy = -12115.8220923569  E0 = -12115.790318147
Extra cycle  E= -12115.7585439372  delta_E= 0.0357  |g|= 0.19  |ddm|=  863
converged SCF energy = -12115.7585439372  <S^2> = 2.0129405  2S+1 = 3.0086146
[timing] right/Al ensemble SCF = 2425.7s
[timing] collect state = 0.0s
[eval-0] Ef=-12265.94620583 L=-12265.94620583 |grad|=3.270587e-02 cycles=None converged=True wall=2674.2s cos(grad,b_opt-b_init)=0.669656
dm0 check [[[ 1.51510539e-09  2.24390407e-08  1.89788584e-07 ... -1.14716793e-07
    7.42480591e-07  6.64925537e-08]
  [ 2.24390407e-08  3.34442860e-07  2.75065447e-06 ... -1.77763476e-06
    1.10111116e-05  1.04754946e-06]
  [ 1.89788584e-07  2.75065447e-06  2.57236015e-05 ... -1.02767709e-05
    9.27874012e-05  4.99858660e-06]
  ...
  [-1.14716793e-07 -1.77763476e-06 -1.02767709e-05 ...  2.27166818e-04
    1.81897022e-06 -1.91352427e-04]
  [ 7.42480591e-07  1.10111116e-05  9.27874012e-05 ...  1.81897022e-06
    4.79983561e-04 -1.62425374e-06]
  [ 6.64925537e-08  1.04754946e-06  4.99858660e-06 ... -1.91352427e-04
   -1.62425374e-06  6.55608417e-04]]

 [[ 2.14412926e-09  3.18476687e-08  2.65524476e-07 ... -7.48678675e-08
    1.03578378e-06  2.38417798e-08]
  [ 3.18476687e-08  4.74249422e-07  3.91398393e-06 ... -9.93071944e-07
    1.53190952e-05  2.50124817e-07]
  [ 2.65524476e-07  3.91398393e-06  3.37626381e-05 ... -1.10139777e-05
    1.30901684e-04  4.52845690e-06]
  ...
  [-7.48678675e-08 -9.93071944e-07 -1.10139777e-05 ...  2.49604988e-04
    2.27945400e-06 -2.10130920e-04]
  [ 1.03578378e-06  1.53190952e-05  1.30901684e-04 ...  2.27945400e-06
    5.52938192e-04 -2.04465529e-06]
  [ 2.38417798e-08  2.50124817e-07  4.52845690e-06 ... -2.10130920e-04
   -2.04465529e-06  7.46013266e-04]]]
converged SCF energy = -150.226693714539  <S^2> = 2.0045398  2S+1 = 3.003025
dm0 check [[[ 1.14663927e-09  1.70906963e-08  1.38764383e-07 ... -8.06351991e-08
    6.25424907e-07  4.57094749e-08]
  [ 1.70906963e-08  2.56142401e-07  2.02970512e-06 ... -1.06203847e-06
    9.18297648e-06  7.18610582e-07]
  [ 1.38764383e-07  2.02970512e-06  1.80711277e-05 ... -1.26954868e-05
    8.12953223e-05  3.19992558e-06]
  ...
  [-8.06351991e-08 -1.06203847e-06 -1.26954868e-05 ...  2.39056590e-04
   -1.61628520e-06 -1.68273569e-04]
  [ 6.25424907e-07  9.18297648e-06  8.12953223e-05 ... -1.61628520e-06
    4.44991768e-04 -4.05797458e-06]
  [ 4.57094749e-08  7.18610582e-07  3.19992558e-06 ... -1.68273569e-04
   -4.05797458e-06  5.95720304e-04]]

 [[ 2.52991916e-08  3.84988468e-07  2.83081237e-06 ... -1.48521069e-07
    1.05980492e-07  7.43608022e-08]
  [ 3.84988468e-07  5.85993600e-06  4.30397100e-05 ... -2.17883477e-06
    1.18474496e-06  1.05238318e-06]
  [ 2.83081237e-06  4.30397100e-05  3.17944268e-04 ... -1.75046016e-05
    2.68826268e-05  9.38690530e-06]
  ...
  [-1.48521069e-07 -2.17883477e-06 -1.75046016e-05 ...  2.30576224e-04
    2.09094787e-07 -1.91668407e-04]
  [ 1.05980492e-07  1.18474496e-06  2.68826268e-05 ...  2.09094787e-07
    4.63234853e-04 -3.50197082e-06]
  [ 7.43608022e-08  1.05238318e-06  9.38690530e-06 ... -1.91668407e-04
   -3.50197082e-06  6.49562330e-04]]]
converged SCF energy = -150.244985829812  <S^2> = 0.92979458  2S+1 = 2.172367
[timing] left/O ensemble SCF = 13.9s
dm0 check [[ 3.79558347e-01  6.12236187e-01 -1.25235617e-01 ...  5.09593095e-07
  -1.07684948e-06 -1.46839490e-06]
 [ 6.12236187e-01  1.01513401e+00 -3.34074600e-01 ...  2.08010179e-06
  -3.69937476e-06 -4.54010110e-06]
 [-1.25235617e-01 -3.34074600e-01  6.75328858e-01 ... -4.46904078e-06
   8.81375630e-06  1.09002497e-05]
 ...
 [ 5.09593095e-07  2.08010179e-06 -4.46904078e-06 ...  9.95271428e-07
  -2.34863877e-07  1.00673236e-08]
 [-1.07684948e-06 -3.69937476e-06  8.81375630e-06 ... -2.34863877e-07
   5.60722440e-07  9.16829060e-08]
 [-1.46839490e-06 -4.54010110e-06  1.09002497e-05 ...  1.00673236e-08
   9.16829060e-08  2.36468067e-07]]


******** <class 'pyscf.scf.addons.SmearingDFRKS'> ********
method = SmearingDFRKS
initial guess = minao
damping factor = 0.15
level_shift factor = 0.2
DIIS = <class 'pyscf.scf.diis.CDIIS'>
diis_start_cycle = 1
diis_space = 12
diis_damp = 0
SCF conv_tol = 5e-05
SCF conv_tol_grad = None
SCF max_cycles = 200
direct_scf = True
direct_scf_tol = 1e-13
chkfile to save SCF result = /tmp/tmpp294qoe8
max_memory 4000 MB (current use 52792 MB)
XC library pyscf.dft.libxc version 6.1.0
    S. Lehtola, C. Steigemann, M. J.T. Oliveira, and M. A.L. Marques.,  SoftwareX 7, 1–5 (2018)
XC functionals = pbe
    J. P. Perdew, K. Burke, and M. Ernzerhof.,  Phys. Rev. Lett. 77, 3865 (1996)
    J. P. Perdew, K. Burke, and M. Ernzerhof.,  Phys. Rev. Lett. 78, 1396 (1997)
    J. P. Perdew, K. Burke, and M. Ernzerhof.,  Phys. Rev. Lett. 77, 3865 (1996)
    J. P. Perdew, K. Burke, and M. Ernzerhof.,  Phys. Rev. Lett. 78, 1396 (1997)
small_rho_cutoff = 1e-06
Set gradient conv threshold to 0.00707107
    Total E(T) = -12116.2465056529  Free energy = -12117.2661634213  E0 = -12116.7563345371
init E= -12116.2465056529
    sigma = 0.02  Optimized mu = -0.0513055816666  entropy = 1.48897115253
    Total E(T) = -12116.2465193149  Free energy = -12116.276298738  E0 = -12116.2614090264
cycle= 1 E= -12116.2465193149  delta_E= -1.37e-05  |g|= 0.0189  |ddm|= 35.6
    sigma = 0.02  Optimized mu = -0.0514540394989  entropy = 1.4883002811
    Total E(T) = -12116.2464457155  Free energy = -12116.2762117211  E0 = -12116.2613287183
cycle= 2 E= -12116.2464457155  delta_E= 7.36e-05  |g|= 0.0482  |ddm|= 64.5
    sigma = 0.02  Optimized mu = -0.0513338006886  entropy = 1.48848732751
    Total E(T) = -12116.2465184603  Free energy = -12116.2762882069  E0 = -12116.2614033336
cycle= 3 E= -12116.2465184603  delta_E= -7.27e-05  |g|= 0.0146  |ddm|= 36.7
    sigma = 0.02  Optimized mu = -0.051348482394  entropy = 1.48842674717
    Total E(T) = -12116.246537144  Free energy = -12116.2763056789  E0 = -12116.2614214115
cycle= 4 E= -12116.246537144  delta_E= -1.87e-05  |g|= 0.00767  |ddm|= 19.3
    sigma = 0.02  Optimized mu = -0.0513364632202  entropy = 1.48849383325
    Total E(T) = -12116.2465412039  Free energy = -12116.2763110806  E0 = -12116.2614261423
cycle= 5 E= -12116.2465412039  delta_E= -4.06e-06  |g|= 0.00503  |ddm|= 8.63
    sigma = 0.02  Optimized mu = -0.151314036066  entropy = 50.9824307166
    Total E(T) = -12115.7185367445  Free energy = -12116.7381853589  E0 = -12116.2283610517
Extra cycle  E= -12115.7185367445  delta_E= 0.528  |g|= 0.362  |ddm|= 4.12e+03
converged SCF energy = -12115.7185367445
dm0 check [[[ 1.89800575e-01  3.06175499e-01 -6.27525606e-02 ...  1.87868634e-07
   -5.17383703e-07 -7.90292117e-07]
  [ 3.06175499e-01  5.07719673e-01 -1.67393551e-01 ...  8.61351301e-07
   -1.79295176e-06 -2.42126001e-06]
  [-6.27525606e-02 -1.67393551e-01  3.38487425e-01 ... -1.81383291e-06
    4.26961849e-06  5.81204357e-06]
  ...
  [ 1.87868634e-07  8.61351301e-07 -1.81383291e-06 ...  5.25465421e-07
   -1.21475264e-07  3.12834466e-09]
  [-5.17383703e-07 -1.79295176e-06  4.26961849e-06 ... -1.21475264e-07
    2.87980120e-07  4.90459202e-08]
  [-7.90292117e-07 -2.42126001e-06  5.81204357e-06 ...  3.12834466e-09
    4.90459202e-08  1.28043423e-07]]

 [[ 1.89782000e-01  3.06124510e-01 -6.26375699e-02 ...  3.98296914e-07
   -4.74420993e-07 -6.69952402e-07]
  [ 3.06124510e-01  5.07583417e-01 -1.67091012e-01 ...  1.42583254e-06
   -1.67566564e-06 -2.09609902e-06]
  [-6.26375699e-02 -1.67091012e-01  3.37818343e-01 ... -3.15312440e-06
    3.97438566e-06  5.01916334e-06]
  ...
  [ 3.98296914e-07  1.42583254e-06 -3.15312440e-06 ...  5.09693113e-07
   -1.24594360e-07  6.07905448e-09]
  [-4.74420993e-07 -1.67566564e-06  3.97438566e-06 ... -1.24594360e-07
    2.86483544e-07  4.75982759e-08]
  [-6.69952402e-07 -2.09609902e-06  5.01916334e-06 ...  6.07905448e-09
    4.75982759e-08  1.20436470e-07]]]


******** <class 'pyscf.scf.addons.SmearingDFUKS'> ********
method = SmearingDFUKS
initial guess = minao
damping factor = 0.15
level_shift factor = 0.2
DIIS = <class 'pyscf.scf.diis.CDIIS'>
diis_start_cycle = 1
diis_space = 12
diis_damp = 0
SCF conv_tol = 5e-05
SCF conv_tol_grad = None
SCF max_cycles = 200
direct_scf = True
direct_scf_tol = 1e-13
chkfile to save SCF result = /tmp/tmp7j30dbg6
max_memory 4000 MB (current use 52792 MB)
number electrons alpha = 325  beta = 323
XC library pyscf.dft.libxc version 6.1.0
    S. Lehtola, C. Steigemann, M. J.T. Oliveira, and M. A.L. Marques.,  SoftwareX 7, 1–5 (2018)
XC functionals = pbe
    J. P. Perdew, K. Burke, and M. Ernzerhof.,  Phys. Rev. Lett. 77, 3865 (1996)
    J. P. Perdew, K. Burke, and M. Ernzerhof.,  Phys. Rev. Lett. 78, 1396 (1997)
    J. P. Perdew, K. Burke, and M. Ernzerhof.,  Phys. Rev. Lett. 77, 3865 (1996)
    J. P. Perdew, K. Burke, and M. Ernzerhof.,  Phys. Rev. Lett. 78, 1396 (1997)
small_rho_cutoff = 1e-06
Set gradient conv threshold to 0.00707107
    Total E(T) = -12115.8013953612  Free energy = -12115.8649437809  E0 = -12115.8331695711
init E= -12115.8013953612
    sigma = 0.005  Optimized mu_alpha = -0.196410401969  entropy = 3.176764891e-07
    sigma = 0.005  Optimized mu_beta  = -0.199125483792  entropy = 3.176764891e-07
    Total E(T) = -12115.8014033736  Free energy = -12115.8014033752  E0 = -12115.8014033744
cycle= 1 E= -12115.8014033736  delta_E= -8.01e-06  |g|= 0.0313  |ddm|= 24.5
    sigma = 0.005  Optimized mu_alpha = -0.196605359576  entropy = 3.16064202233e-07
    sigma = 0.005  Optimized mu_beta  = -0.199344525189  entropy = 3.16064202233e-07
    Total E(T) = -12115.8012953805  Free energy = -12115.801295382  E0 = -12115.8012953812
cycle= 2 E= -12115.8012953805  delta_E= 0.000108  |g|= 0.0806  |ddm|= 61.1
    sigma = 0.005  Optimized mu_alpha = -0.196452990729  entropy = 3.17119907315e-07
    sigma = 0.005  Optimized mu_beta  = -0.199175788684  entropy = 3.17119907315e-07
    Total E(T) = -12115.8013923728  Free energy = -12115.8013923744  E0 = -12115.8013923736
cycle= 3 E= -12115.8013923728  delta_E= -9.7e-05  |g|= 0.0282  |ddm|= 32.8
    sigma = 0.005  Optimized mu_alpha = -0.196476261007  entropy = 3.16899988561e-07
    sigma = 0.005  Optimized mu_beta  = -0.199201452401  entropy = 3.16899988561e-07
    Total E(T) = -12115.8014196671  Free energy = -12115.8014196686  E0 = -12115.8014196678
cycle= 4 E= -12115.8014196671  delta_E= -2.73e-05  |g|= 0.0129  |ddm|= 11.6
    sigma = 0.005  Optimized mu_alpha = -0.196443521091  entropy = 3.16928994694e-07
    sigma = 0.005  Optimized mu_beta  = -0.199166934073  entropy = 3.16928994694e-07
    Total E(T) = -12115.8014256626  Free energy = -12115.8014256642  E0 = -12115.8014256634
cycle= 5 E= -12115.8014256626  delta_E= -6e-06  |g|= 0.00731  |ddm|= 6.57
    sigma = 0.005  Optimized mu_alpha = -0.196470512682  entropy = 3.1688531897e-07
    sigma = 0.005  Optimized mu_beta  = -0.199195072422  entropy = 3.1688531897e-07
    Total E(T) = -12115.8014274601  Free energy = -12115.8014274617  E0 = -12115.8014274609
cycle= 6 E= -12115.8014274601  delta_E= -1.8e-06  |g|= 0.00258  |ddm|= 3.02
    sigma = 0.005  Optimized mu_alpha = -0.296075263064  entropy = 12.7252126431
    sigma = 0.005  Optimized mu_beta  = -0.299038062942  entropy = 12.7252126431
    Total E(T) = -12115.7657255283  Free energy = -12115.8293515916  E0 = -12115.79753856
Extra cycle  E= -12115.7657255283  delta_E= 0.0357  |g|= 0.177  |ddm|=  867
converged SCF energy = -12115.7657255283  <S^2> = 2.0129822  2S+1 = 3.0086424
[timing] right/Al ensemble SCF = 828.9s
[timing] collect state = 0.0s
[step 1] |db|=3.270587e-02 Ef=-12265.89668876 (d=+4.952e-02) L=-12265.89567433 (d=+5.053e-02) |grad|=3.116194e-02 cycles=None converged=True wall=848.1s
dm0 check [[[ 1.51511142e-09  2.24391254e-08  1.89789561e-07 ... -1.14719027e-07
    7.42476491e-07  6.64943648e-08]
  [ 2.24391254e-08  3.34443992e-07  2.75066910e-06 ... -1.77767180e-06
    1.10110522e-05  1.04757955e-06]
  [ 1.89789561e-07  2.75066910e-06  2.57237476e-05 ... -1.02769946e-05
    9.27868755e-05  4.99876704e-06]
  ...
  [-1.14719027e-07 -1.77767180e-06 -1.02769946e-05 ...  2.27166708e-04
    1.81896838e-06 -1.91352285e-04]
  [ 7.42476491e-07  1.10110522e-05  9.27868755e-05 ...  1.81896838e-06
    4.79980334e-04 -1.62432356e-06]
  [ 6.64943648e-08  1.04757955e-06  4.99876704e-06 ... -1.91352285e-04
   -1.62432356e-06  6.55604999e-04]]

 [[ 2.14412007e-09  3.18475347e-08  2.65523309e-07 ... -7.48705567e-08
    1.03578174e-06  2.38437832e-08]
  [ 3.18475347e-08  4.74247460e-07  3.91396668e-06 ... -9.93113700e-07
    1.53190651e-05  2.50156053e-07]
  [ 2.65523309e-07  3.91396668e-06  3.37625059e-05 ... -1.10142815e-05
    1.30901449e-04  4.52867684e-06]
  ...
  [-7.48705567e-08 -9.93113700e-07 -1.10142815e-05 ...  2.49604219e-04
    2.27938802e-06 -2.10130234e-04]
  [ 1.03578174e-06  1.53190651e-05  1.30901449e-04 ...  2.27938802e-06
    5.52938805e-04 -2.04467203e-06]
  [ 2.38437832e-08  2.50156053e-07  4.52867684e-06 ... -2.10130234e-04
   -2.04467203e-06  7.46013382e-04]]]
converged SCF energy = -150.22669371454  <S^2> = 2.0045398  2S+1 = 3.003025
dm0 check [[[ 1.14644043e-09  1.70875533e-08  1.38757202e-07 ... -8.06195898e-08
    6.25424546e-07  4.56943851e-08]
  [ 1.70875533e-08  2.56093598e-07  2.02957957e-06 ... -1.06182913e-06
    9.18294702e-06  7.18429121e-07]
  [ 1.38757202e-07  2.02957957e-06  1.80710819e-05 ... -1.26945917e-05
    8.12960528e-05  3.19915114e-06]
  ...
  [-8.06195898e-08 -1.06182913e-06 -1.26945917e-05 ...  2.39058219e-04
   -1.61590733e-06 -1.68277561e-04]
  [ 6.25424546e-07  9.18294702e-06  8.12960528e-05 ... -1.61590733e-06
    4.44997716e-04 -4.05929865e-06]
  [ 4.56943851e-08  7.18429121e-07  3.19915114e-06 ... -1.68277561e-04
   -4.05929865e-06  5.95725214e-04]]

 [[ 2.53036790e-08  3.85050753e-07  2.83126579e-06 ... -1.48564615e-07
    1.05907478e-07  7.43836336e-08]
  [ 3.85050753e-07  5.86079318e-06  4.30459256e-05 ... -2.17962739e-06
    1.18345893e-06  1.05280689e-06]
  [ 2.83126579e-06  4.30459256e-05  3.17989580e-04 ... -1.75086853e-05
    2.68751830e-05  9.38988855e-06]
  ...
  [-1.48564615e-07 -2.17962739e-06 -1.75086853e-05 ...  2.30571795e-04
    2.09025570e-07 -1.91673883e-04]
  [ 1.05907478e-07  1.18345893e-06  2.68751830e-05 ...  2.09025570e-07
    4.63241178e-04 -3.50232730e-06]
  [ 7.43836336e-08  1.05280689e-06  9.38988855e-06 ... -1.91673883e-04
   -3.50232730e-06  6.49569815e-04]]]
converged SCF energy = -150.24498582983  <S^2> = 0.92979806  2S+1 = 2.1723702
[timing] left/O ensemble SCF = 12.1s
dm0 check [[ 3.79534751e-01  6.12225111e-01 -1.25214453e-01 ...  5.54514069e-07
  -1.05714330e-06 -1.58050462e-06]
 [ 6.12225111e-01  1.01516020e+00 -3.34044567e-01 ...  2.20103967e-06
  -3.64871627e-06 -4.84226950e-06]
 [-1.25214453e-01 -3.34044567e-01  6.75259158e-01 ... -4.76206747e-06
   8.70352535e-06  1.16271532e-05]
 ...
 [ 5.54514069e-07  2.20103967e-06 -4.76206747e-06 ...  9.78778946e-07
  -2.34524111e-07  1.90245074e-08]
 [-1.05714330e-06 -3.64871627e-06  8.70352535e-06 ... -2.34524111e-07
   5.58275826e-07  9.02707873e-08]
 [-1.58050462e-06 -4.84226950e-06  1.16271532e-05 ...  1.90245074e-08
   9.02707873e-08  2.42304045e-07]]


******** <class 'pyscf.scf.addons.SmearingDFRKS'> ********
method = SmearingDFRKS
initial guess = minao
damping factor = 0.15
level_shift factor = 0.2
DIIS = <class 'pyscf.scf.diis.CDIIS'>
diis_start_cycle = 1
diis_space = 12
diis_damp = 0
SCF conv_tol = 5e-05
SCF conv_tol_grad = None
SCF max_cycles = 200
direct_scf = True
direct_scf_tol = 1e-13
chkfile to save SCF result = /tmp/tmpp294qoe8
max_memory 4000 MB (current use 52662 MB)
XC library pyscf.dft.libxc version 6.1.0
    S. Lehtola, C. Steigemann, M. J.T. Oliveira, and M. A.L. Marques.,  SoftwareX 7, 1–5 (2018)
XC functionals = pbe
    J. P. Perdew, K. Burke, and M. Ernzerhof.,  Phys. Rev. Lett. 77, 3865 (1996)
    J. P. Perdew, K. Burke, and M. Ernzerhof.,  Phys. Rev. Lett. 78, 1396 (1997)
    J. P. Perdew, K. Burke, and M. Ernzerhof.,  Phys. Rev. Lett. 77, 3865 (1996)
    J. P. Perdew, K. Burke, and M. Ernzerhof.,  Phys. Rev. Lett. 78, 1396 (1997)
small_rho_cutoff = 1e-06
Set gradient conv threshold to 0.00707107
    Total E(T) = -12116.0969437573  Free energy = -12117.1165923716  E0 = -12116.6067680645
init E= -12116.0969437573
    sigma = 0.02  Optimized mu = -0.0512706771796  entropy = 1.49044773114
    Total E(T) = -12116.0968891155  Free energy = -12116.1266980701  E0 = -12116.1117935928
cycle= 1 E= -12116.0968891155  delta_E= 5.46e-05  |g|= 0.0464  |ddm|= 51.9
    sigma = 0.02  Optimized mu = -0.051741944449  entropy = 1.48967607418
    Total E(T) = -12116.0962522481  Free energy = -12116.1260457695  E0 = -12116.1111490088
cycle= 2 E= -12116.0962522481  delta_E= 0.000637  |g|= 0.138  |ddm|=  195
    sigma = 0.02  Optimized mu = -0.0513835745792  entropy = 1.48974368567
    Total E(T) = -12116.0967266861  Free energy = -12116.1265215598  E0 = -12116.111624123
cycle= 3 E= -12116.0967266861  delta_E= -0.000474  |g|= 0.0608  |ddm|= 78.6
    sigma = 0.02  Optimized mu = -0.0513964101027  entropy = 1.48969242931
    Total E(T) = -12116.0968928314  Free energy = -12116.12668668  E0 = -12116.1117897557
cycle= 4 E= -12116.0968928314  delta_E= -0.000166  |g|= 0.0353  |ddm|= 34.4
    sigma = 0.02  Optimized mu = -0.0513717409367  entropy = 1.48978884632
    Total E(T) = -12116.0969512927  Free energy = -12116.1267470696  E0 = -12116.1118491812
cycle= 5 E= -12116.0969512927  delta_E= -5.85e-05  |g|= 0.0195  |ddm|= 20.4
    sigma = 0.02  Optimized mu = -0.0513881034954  entropy = 1.48967345058
    Total E(T) = -12116.0969714039  Free energy = -12116.1267648729  E0 = -12116.1118681384
cycle= 6 E= -12116.0969714039  delta_E= -2.01e-05  |g|= 0.0113  |ddm|= 11.6
    sigma = 0.02  Optimized mu = -0.0513999470487  entropy = 1.48961929362
    Total E(T) = -12116.0969782391  Free energy = -12116.126770625  E0 = -12116.111874432
cycle= 7 E= -12116.0969782391  delta_E= -6.84e-06  |g|= 0.00555  |ddm|= 7.75
    sigma = 0.02  Optimized mu = -0.151292904786  entropy = 50.986989834
    Total E(T) = -12115.5679826958  Free energy = -12116.5877224925  E0 = -12116.0778525942
Extra cycle  E= -12115.5679826958  delta_E= 0.529  |g|= 0.384  |ddm|= 4.1e+03
converged SCF energy = -12115.5679826958
dm0 check [[[ 1.89788823e-01  3.06170130e-01 -6.27422682e-02 ...  2.10646364e-07
   -5.08644801e-07 -8.43368889e-07]
  [ 3.06170130e-01  5.07733296e-01 -1.67379461e-01 ...  9.22640426e-07
   -1.77064068e-06 -2.56423365e-06]
  [-6.27422682e-02 -1.67379461e-01  3.38454567e-01 ... -1.96216459e-06
    4.22203917e-06  6.15497228e-06]
  ...
  [ 2.10646364e-07  9.22640426e-07 -1.96216459e-06 ...  5.16472267e-07
   -1.21310850e-07  7.55240796e-09]
  [-5.08644801e-07 -1.77064068e-06  4.22203917e-06 ... -1.21310850e-07
    2.86464174e-07  4.84431112e-08]
  [-8.43368889e-07 -2.56423365e-06  6.15497228e-06 ...  7.55240796e-09
    4.84431112e-08  1.31001940e-07]]

 [[ 1.89770058e-01  3.06118667e-01 -6.26261913e-02 ...  4.21301565e-07
   -4.67509100e-07 -7.24377298e-07]
  [ 3.06118667e-01  5.07595788e-01 -1.67073952e-01 ...  1.48783107e-06
   -1.65827279e-06 -2.24282464e-06]
  [-6.26261913e-02 -1.67073952e-01  3.37778557e-01 ... -3.30294752e-06
    3.93851517e-06  5.37262520e-06]
  ...
  [ 4.21301565e-07  1.48783107e-06 -3.30294752e-06 ...  5.00808149e-07
   -1.24281763e-07  1.05578379e-08]
  [-4.67509100e-07 -1.65827279e-06  3.93851517e-06 ... -1.24281763e-07
    2.85192699e-07  4.69346993e-08]
  [-7.24377298e-07 -2.24282464e-06  5.37262520e-06 ...  1.05578379e-08
    4.69346993e-08  1.23267921e-07]]]


******** <class 'pyscf.scf.addons.SmearingDFUKS'> ********
method = SmearingDFUKS
initial guess = minao
damping factor = 0.15
level_shift factor = 0.2
DIIS = <class 'pyscf.scf.diis.CDIIS'>
diis_start_cycle = 1
diis_space = 12
diis_damp = 0
SCF conv_tol = 5e-05
SCF conv_tol_grad = None
SCF max_cycles = 200
direct_scf = True
direct_scf_tol = 1e-13
chkfile to save SCF result = /tmp/tmp7j30dbg6
max_memory 4000 MB (current use 52793 MB)
number electrons alpha = 325  beta = 323
XC library pyscf.dft.libxc version 6.1.0
    S. Lehtola, C. Steigemann, M. J.T. Oliveira, and M. A.L. Marques.,  SoftwareX 7, 1–5 (2018)
XC functionals = pbe
    J. P. Perdew, K. Burke, and M. Ernzerhof.,  Phys. Rev. Lett. 77, 3865 (1996)
    J. P. Perdew, K. Burke, and M. Ernzerhof.,  Phys. Rev. Lett. 78, 1396 (1997)
    J. P. Perdew, K. Burke, and M. Ernzerhof.,  Phys. Rev. Lett. 77, 3865 (1996)
    J. P. Perdew, K. Burke, and M. Ernzerhof.,  Phys. Rev. Lett. 78, 1396 (1997)
small_rho_cutoff = 1e-06
Set gradient conv threshold to 0.00707107
    Total E(T) = -12115.6519289409  Free energy = -12115.7155550041  E0 = -12115.6837419725
init E= -12115.6519289409
    sigma = 0.005  Optimized mu_alpha = -0.196417596173  entropy = 3.19188938224e-07
    sigma = 0.005  Optimized mu_beta  = -0.199110032694  entropy = 3.19188938224e-07
    Total E(T) = -12115.6518982233  Free energy = -12115.6518982248  E0 = -12115.6518982241
cycle= 1 E= -12115.6518982233  delta_E= 3.07e-05  |g|= 0.0552  |ddm|=   35
    sigma = 0.005  Optimized mu_alpha = -0.196800736161  entropy = 3.1714213504e-07
    sigma = 0.005  Optimized mu_beta  = -0.199534284377  entropy = 3.1714213504e-07
    Total E(T) = -12115.6514956069  Free energy = -12115.6514956085  E0 = -12115.6514956077
cycle= 2 E= -12115.6514956069  delta_E= 0.000403  |g|= 0.161  |ddm|=  122
    sigma = 0.005  Optimized mu_alpha = -0.196519710115  entropy = 3.18296156527e-07
    sigma = 0.005  Optimized mu_beta  = -0.199223172278  entropy = 3.18296156527e-07
    Total E(T) = -12115.6517921646  Free energy = -12115.6517921662  E0 = -12115.6517921654
cycle= 3 E= -12115.6517921646  delta_E= -0.000297  |g|= 0.0715  |ddm|= 49.4
    sigma = 0.005  Optimized mu_alpha = -0.196527575345  entropy = 3.18224176781e-07
    sigma = 0.005  Optimized mu_beta  = -0.199231429781  entropy = 3.18224176781e-07
    Total E(T) = -12115.6519031908  Free energy = -12115.6519031924  E0 = -12115.6519031916
cycle= 4 E= -12115.6519031908  delta_E= -0.000111  |g|= 0.04  |ddm|= 21.3
    sigma = 0.005  Optimized mu_alpha = -0.196494857214  entropy = 3.18176600243e-07
    sigma = 0.005  Optimized mu_beta  = -0.199197971763  entropy = 3.18176600243e-07
    Total E(T) = -12115.6519411239  Free energy = -12115.6519411255  E0 = -12115.6519411247
cycle= 5 E= -12115.6519411239  delta_E= -3.79e-05  |g|= 0.0224  |ddm|= 12.7
    sigma = 0.005  Optimized mu_alpha = -0.196522779692  entropy = 3.18102370138e-07
    sigma = 0.005  Optimized mu_beta  = -0.199227193557  entropy = 3.18102370138e-07
    Total E(T) = -12115.6519536956  Free energy = -12115.6519536972  E0 = -12115.6519536964
cycle= 6 E= -12115.6519536956  delta_E= -1.26e-05  |g|= 0.012  |ddm|=  7.3
    sigma = 0.005  Optimized mu_alpha = -0.196524756499  entropy = 3.18094168095e-07
    sigma = 0.005  Optimized mu_beta  = -0.199229272468  entropy = 3.18094168095e-07
    Total E(T) = -12115.6519576291  Free energy = -12115.6519576307  E0 = -12115.6519576299
cycle= 7 E= -12115.6519576291  delta_E= -3.93e-06  |g|= 0.00586  |ddm|= 4.46
    sigma = 0.005  Optimized mu_alpha = -0.296090263527  entropy = 12.7391614878
    sigma = 0.005  Optimized mu_beta  = -0.299042673521  entropy = 12.7391614878
    Total E(T) = -12115.6158446437  Free energy = -12115.6795404512  E0 = -12115.6476925475
Extra cycle  E= -12115.6158446437  delta_E= 0.0361  |g|= 0.217  |ddm|=  873
converged SCF energy = -12115.6158446437  <S^2> = 2.0130299  2S+1 = 3.0086741
[timing] right/Al ensemble SCF = 961.6s
[timing] collect state = 0.0s
[step 2] |db|=3.116194e-02 Ef=-12265.84516921 (d=+5.152e-02) L=-12265.84328522 (d=+5.239e-02) |grad|=2.965917e-02 cycles=None converged=True wall=978.9s
dm0 check [[[ 1.51511507e-09  2.24391764e-08  1.89790082e-07 ... -1.14718990e-07
    7.42477045e-07  6.64943306e-08]
  [ 2.24391764e-08  3.34444763e-07  2.75067587e-06 ... -1.77767125e-06
    1.10110602e-05  1.04757907e-06]
  [ 1.89790082e-07  2.75067587e-06  2.57238102e-05 ... -1.02769953e-05
    9.27869282e-05  4.99876750e-06]
  ...
  [-1.14718990e-07 -1.77767125e-06 -1.02769953e-05 ...  2.27166703e-04
    1.81897159e-06 -1.91352281e-04]
  [ 7.42477045e-07  1.10110602e-05  9.27869282e-05 ...  1.81897159e-06
    4.79980205e-04 -1.62432622e-06]
  [ 6.64943306e-08  1.04757907e-06  4.99876750e-06 ... -1.91352281e-04
   -1.62432622e-06  6.55604862e-04]]

 [[ 2.14412506e-09  3.18476057e-08  2.65523940e-07 ... -7.48707043e-08
    1.03578288e-06  2.38439018e-08]
  [ 3.18476057e-08  4.74248514e-07  3.91397520e-06 ... -9.93113263e-07
    1.53190814e-05  2.50155752e-07]
  [ 2.65523940e-07  3.91397520e-06  3.37625800e-05 ... -1.10142938e-05
    1.30901577e-04  4.52868661e-06]
  ...
  [-7.48707043e-08 -9.93113263e-07 -1.10142938e-05 ...  2.49604179e-04
    2.27939104e-06 -2.10130198e-04]
  [ 1.03578288e-06  1.53190814e-05  1.30901577e-04 ...  2.27939104e-06
    5.52938810e-04 -2.04467526e-06]
  [ 2.38439018e-08  2.50155752e-07  4.52868661e-06 ... -2.10130198e-04
   -2.04467526e-06  7.46013355e-04]]]
converged SCF energy = -150.226693714539  <S^2> = 2.0045398  2S+1 = 3.003025
dm0 check [[[ 1.14640389e-09  1.70870133e-08  1.38753939e-07 ... -8.06188010e-08
    6.25415508e-07  4.56897409e-08]
  [ 1.70870133e-08  2.56085856e-07  2.02952809e-06 ... -1.06182303e-06
    9.18280262e-06  7.18371405e-07]
  [ 1.38753939e-07  2.02952809e-06  1.80707535e-05 ... -1.26946238e-05
    8.12949622e-05  3.19865437e-06]
  ...
  [-8.06188010e-08 -1.06182303e-06 -1.26946238e-05 ...  2.39058491e-04
   -1.61625119e-06 -1.68274807e-04]
  [ 6.25415508e-07  9.18280262e-06  8.12949622e-05 ... -1.61625119e-06
    4.44994840e-04 -4.05993502e-06]
  [ 4.56897409e-08  7.18371405e-07  3.19865437e-06 ... -1.68274807e-04
   -4.05993502e-06  5.95722512e-04]]

 [[ 2.53036577e-08  3.85049032e-07  2.83126422e-06 ... -1.48564942e-07
    1.05891592e-07  7.43764910e-08]
  [ 3.85049032e-07  5.86074589e-06  4.30457436e-05 ... -2.17965303e-06
    1.18317950e-06  1.05272041e-06]
  [ 2.83126422e-06  4.30457436e-05  3.17989433e-04 ... -1.75089510e-05
    2.68727894e-05  9.38929283e-06]
  ...
  [-1.48564942e-07 -2.17965303e-06 -1.75089510e-05 ...  2.30571546e-04
    2.08965288e-07 -1.91670976e-04]
  [ 1.05891592e-07  1.18317950e-06  2.68727894e-05 ...  2.08965288e-07
    4.63237986e-04 -3.50230113e-06]
  [ 7.43764910e-08  1.05272041e-06  9.38929283e-06 ... -1.91670976e-04
   -3.50230113e-06  6.49568405e-04]]]
converged SCF energy = -150.244985829834  <S^2> = 0.92979734  2S+1 = 2.1723695
[timing] left/O ensemble SCF = 13.9s
dm0 check [[ 3.79550679e-01  6.12232999e-01 -1.25229643e-01 ...  6.04456515e-07
  -1.04081741e-06 -1.69386881e-06]
 [ 6.12232999e-01  1.01514326e+00 -3.34064800e-01 ...  2.33351048e-06
  -3.60395279e-06 -5.14606293e-06]
 [-1.25229643e-01 -3.34064800e-01  6.75304503e-01 ... -5.07709312e-06
   8.59705743e-06  1.23555002e-05]
 ...
 [ 6.04456515e-07  2.33351048e-06 -5.07709312e-06 ...  9.61480720e-07
  -2.34127866e-07  2.70993514e-08]
 [-1.04081741e-06 -3.60395279e-06  8.59705743e-06 ... -2.34127866e-07
   5.55129179e-07  8.86423102e-08]
 [-1.69386881e-06 -5.14606293e-06  1.23555002e-05 ...  2.70993514e-08
   8.86423102e-08  2.48807075e-07]]


******** <class 'pyscf.scf.addons.SmearingDFRKS'> ********
method = SmearingDFRKS
initial guess = minao
damping factor = 0.15
level_shift factor = 0.2
DIIS = <class 'pyscf.scf.diis.CDIIS'>
diis_start_cycle = 1
diis_space = 12
diis_damp = 0
SCF conv_tol = 5e-05
SCF conv_tol_grad = None
SCF max_cycles = 200
direct_scf = True
direct_scf_tol = 1e-13
chkfile to save SCF result = /tmp/tmpp294qoe8
max_memory 4000 MB (current use 52868 MB)
XC library pyscf.dft.libxc version 6.1.0
    S. Lehtola, C. Steigemann, M. J.T. Oliveira, and M. A.L. Marques.,  SoftwareX 7, 1–5 (2018)
XC functionals = pbe
    J. P. Perdew, K. Burke, and M. Ernzerhof.,  Phys. Rev. Lett. 77, 3865 (1996)
    J. P. Perdew, K. Burke, and M. Ernzerhof.,  Phys. Rev. Lett. 78, 1396 (1997)
    J. P. Perdew, K. Burke, and M. Ernzerhof.,  Phys. Rev. Lett. 77, 3865 (1996)
    J. P. Perdew, K. Burke, and M. Ernzerhof.,  Phys. Rev. Lett. 78, 1396 (1997)
small_rho_cutoff = 1e-06
Set gradient conv threshold to 0.00707107
    Total E(T) = -12116.0600365019  Free energy = -12117.0797762985  E0 = -12116.5699064002
init E= -12116.0600365019
    sigma = 0.02  Optimized mu = -0.0512549675267  entropy = 1.49191297047
    Total E(T) = -12116.0599503401  Free energy = -12116.0897885995  E0 = -12116.0748694698
cycle= 1 E= -12116.0599503401  delta_E= 8.62e-05  |g|= 0.0547  |ddm|=   61
    sigma = 0.02  Optimized mu = -0.0519825664371  entropy = 1.490264071
    Total E(T) = -12116.059031677  Free energy = -12116.0888369584  E0 = -12116.0739343177
cycle= 2 E= -12116.059031677  delta_E= 0.000919  |g|= 0.168  |ddm|=  235
    sigma = 0.02  Optimized mu = -0.0514328528645  entropy = 1.49087561205
    Total E(T) = -12116.059696325  Free energy = -12116.0895138372  E0 = -12116.0746050811
cycle= 3 E= -12116.059696325  delta_E= -0.000665  |g|= 0.0754  |ddm|= 92.5
    sigma = 0.02  Optimized mu = -0.0514362873421  entropy = 1.49087671313
    Total E(T) = -12116.0599355652  Free energy = -12116.0897530995  E0 = -12116.0748443323
cycle= 4 E= -12116.0599355652  delta_E= -0.000239  |g|= 0.0443  |ddm|= 41.3
    sigma = 0.02  Optimized mu = -0.0514120676963  entropy = 1.49097714909
    Total E(T) = -12116.0600225555  Free energy = -12116.0898420985  E0 = -12116.074932327
cycle= 5 E= -12116.0600225555  delta_E= -8.7e-05  |g|= 0.0253  |ddm|= 23.2
    sigma = 0.02  Optimized mu = -0.0514318186093  entropy = 1.49084319833
    Total E(T) = -12116.0600531362  Free energy = -12116.0898700002  E0 = -12116.0749615682
cycle= 6 E= -12116.0600531362  delta_E= -3.06e-05  |g|= 0.0152  |ddm|= 14.3
    sigma = 0.02  Optimized mu = -0.0514430757814  entropy = 1.49079565286
    Total E(T) = -12116.0600640599  Free energy = -12116.089879973  E0 = -12116.0749720165
cycle= 7 E= -12116.0600640599  delta_E= -1.09e-05  |g|= 0.00809  |ddm|= 8.55
    sigma = 0.02  Optimized mu = -0.0514323604011  entropy = 1.49085329728
    Total E(T) = -12116.060067516  Free energy = -12116.089884582  E0 = -12116.074976049
cycle= 8 E= -12116.060067516  delta_E= -3.46e-06  |g|= 0.00499  |ddm|= 5.64
    sigma = 0.02  Optimized mu = -0.151365860263  entropy = 50.98595996
    Total E(T) = -12115.5316797952  Free energy = -12116.5513989944  E0 = -12116.0415393948
Extra cycle  E= -12115.5316797952  delta_E= 0.528  |g|= 0.383  |ddm|= 4.12e+03
converged SCF energy = -12115.5316797952
dm0 check [[[ 1.89796808e-01  3.06174090e-01 -6.27499757e-02 ...  2.34097983e-07
   -5.01285233e-07 -8.96822717e-07]
  [ 3.06174090e-01  5.07724826e-01 -1.67389844e-01 ...  9.84740719e-07
   -1.75043814e-06 -2.70733266e-06]
  [-6.27499757e-02 -1.67389844e-01  3.38478190e-01 ... -2.10933055e-06
    4.17426158e-06  6.49707373e-06]
  ...
  [ 2.34097983e-07  9.84740719e-07 -2.10933055e-06 ...  5.07728069e-07
   -1.21230718e-07  1.15780071e-08]
  [-5.01285233e-07 -1.75043814e-06  4.17426158e-06 ... -1.21230718e-07
    2.84856081e-07  4.77490080e-08]
  [-8.96822717e-07 -2.70733266e-06  6.49707373e-06 ...  1.15780071e-08
    4.77490080e-08  1.34282335e-07]]

 [[ 1.89777847e-01  3.06122120e-01 -6.26327137e-02 ...  4.45227835e-07
   -4.61800718e-07 -7.79178681e-07]
  [ 3.06122120e-01  5.07585973e-01 -1.67081150e-01 ...  1.55125870e-06
   -1.64251461e-06 -2.38969408e-06]
  [-6.26327137e-02 -1.67081150e-01  3.37794701e-01 ... -3.45350417e-06
    3.90126044e-06  5.72511374e-06]
  ...
  [ 4.45227835e-07  1.55125870e-06 -3.45350417e-06 ...  4.92212013e-07
   -1.24110438e-07  1.46234512e-08]
  [-4.61800718e-07 -1.64251461e-06  3.90126044e-06 ... -1.24110438e-07
    2.83779636e-07  4.61819722e-08]
  [-7.79178681e-07 -2.38969408e-06  5.72511374e-06 ...  1.46234512e-08
    4.61819722e-08  1.26398119e-07]]]


******** <class 'pyscf.scf.addons.SmearingDFUKS'> ********
method = SmearingDFUKS
initial guess = minao
damping factor = 0.15
level_shift factor = 0.2
DIIS = <class 'pyscf.scf.diis.CDIIS'>
diis_start_cycle = 1
diis_space = 12
diis_damp = 0
SCF conv_tol = 5e-05
SCF conv_tol_grad = None
SCF max_cycles = 200
direct_scf = True
direct_scf_tol = 1e-13
chkfile to save SCF result = /tmp/tmp7j30dbg6
max_memory 4000 MB (current use 52905 MB)
number electrons alpha = 325  beta = 323
XC library pyscf.dft.libxc version 6.1.0
    S. Lehtola, C. Steigemann, M. J.T. Oliveira, and M. A.L. Marques.,  SoftwareX 7, 1–5 (2018)
XC functionals = pbe
    J. P. Perdew, K. Burke, and M. Ernzerhof.,  Phys. Rev. Lett. 77, 3865 (1996)
    J. P. Perdew, K. Burke, and M. Ernzerhof.,  Phys. Rev. Lett. 78, 1396 (1997)
    J. P. Perdew, K. Burke, and M. Ernzerhof.,  Phys. Rev. Lett. 77, 3865 (1996)
    J. P. Perdew, K. Burke, and M. Ernzerhof.,  Phys. Rev. Lett. 78, 1396 (1997)
small_rho_cutoff = 1e-06
Set gradient conv threshold to 0.00707107
    Total E(T) = -12115.6151044613  Free energy = -12115.6788002688  E0 = -12115.6469523651
init E= -12115.6151044613
    sigma = 0.005  Optimized mu_alpha = -0.196437999444  entropy = 3.20634088852e-07
    sigma = 0.005  Optimized mu_beta  = -0.199111041042  entropy = 3.20634088852e-07
    Total E(T) = -12115.6150446226  Free energy = -12115.6150446242  E0 = -12115.6150446234
cycle= 1 E= -12115.6150446226  delta_E= 5.98e-05  |g|= 0.0689  |ddm|= 41.1
    sigma = 0.005  Optimized mu_alpha = -0.196949811379  entropy = 3.18178353349e-07
    sigma = 0.005  Optimized mu_beta  = -0.199675081187  entropy = 3.18178353349e-07
    Total E(T) = -12115.6143881981  Free energy = -12115.6143881997  E0 = -12115.6143881989
cycle= 2 E= -12115.6143881981  delta_E= 0.000656  |g|= 0.207  |ddm|=  152
    sigma = 0.005  Optimized mu_alpha = -0.196576644344  entropy = 3.19418158359e-07
    sigma = 0.005  Optimized mu_beta  = -0.199263108307  entropy = 3.19418158359e-07
    Total E(T) = -12115.6148542733  Free energy = -12115.6148542749  E0 = -12115.6148542741
cycle= 3 E= -12115.6148542733  delta_E= -0.000466  |g|= 0.0953  |ddm|= 59.3
    sigma = 0.005  Optimized mu_alpha = -0.196578956887  entropy = 3.19408148828e-07
    sigma = 0.005  Optimized mu_beta  = -0.199265012381  entropy = 3.19408148828e-07
    Total E(T) = -12115.6150343893  Free energy = -12115.6150343909  E0 = -12115.6150343901
cycle= 4 E= -12115.6150343893  delta_E= -0.00018  |g|= 0.0548  |ddm|= 26.4
    sigma = 0.005  Optimized mu_alpha = -0.196544235133  entropy = 3.19363072984e-07
    sigma = 0.005  Optimized mu_beta  = -0.199229577203  entropy = 3.19363072984e-07
    Total E(T) = -12115.6150987768  Free energy = -12115.6150987784  E0 = -12115.6150987776
cycle= 5 E= -12115.6150987768  delta_E= -6.44e-05  |g|= 0.0324  |ddm|= 15.4
    sigma = 0.005  Optimized mu_alpha = -0.196575505759  entropy = 3.19255521539e-07
    sigma = 0.005  Optimized mu_beta  = -0.199262419611  entropy = 3.19255521539e-07
    Total E(T) = -12115.6151215493  Free energy = -12115.6151215509  E0 = -12115.6151215501
cycle= 6 E= -12115.6151215493  delta_E= -2.28e-05  |g|= 0.0184  |ddm|=  9.1
    sigma = 0.005  Optimized mu_alpha = -0.1965754989  entropy = 3.19260515431e-07
    sigma = 0.005  Optimized mu_beta  = -0.199262282403  entropy = 3.19260515431e-07
    Total E(T) = -12115.6151294411  Free energy = -12115.6151294427  E0 = -12115.6151294419
cycle= 7 E= -12115.6151294411  delta_E= -7.89e-06  |g|= 0.0103  |ddm|= 5.39
    sigma = 0.005  Optimized mu_alpha = -0.196581679958  entropy = 3.19192433552e-07
    sigma = 0.005  Optimized mu_beta  = -0.199269310944  entropy = 3.19192433552e-07
    Total E(T) = -12115.6151320274  Free energy = -12115.615132029  E0 = -12115.6151320282
cycle= 8 E= -12115.6151320274  delta_E= -2.59e-06  |g|= 0.0053  |ddm|= 3.27
    sigma = 0.005  Optimized mu_alpha = -0.296129200655  entropy = 12.7490295372
    sigma = 0.005  Optimized mu_beta  = -0.299073869261  entropy = 12.7490295372
    Total E(T) = -12115.5790497605  Free energy = -12115.6427949082  E0 = -12115.6109223344
Extra cycle  E= -12115.5790497605  delta_E= 0.0361  |g|= 0.213  |ddm|=  875
converged SCF energy = -12115.5790497605  <S^2> = 2.0130861  2S+1 = 3.0087114
[timing] right/Al ensemble SCF = 1073.6s
[timing] collect state = 0.0s
[step 3] |db|=2.965917e-02 Ef=-12265.79437631 (d=+5.079e-02) L=-12265.79175678 (d=+5.153e-02) |grad|=2.824638e-02 cycles=None converged=True wall=1092.9s
dm0 check [[[ 1.51511345e-09  2.24391537e-08  1.89789845e-07 ... -1.14719041e-07
    7.42476856e-07  6.64943793e-08]
  [ 2.24391537e-08  3.34444425e-07  2.75067274e-06 ... -1.77767171e-06
    1.10110573e-05  1.04757954e-06]
  [ 1.89789845e-07  2.75067274e-06  2.57237806e-05 ... -1.02769975e-05
    9.27869110e-05  4.99876992e-06]
  ...
  [-1.14719041e-07 -1.77767171e-06 -1.02769975e-05 ...  2.27166714e-04
    1.81897069e-06 -1.91352291e-04]
  [ 7.42476856e-07  1.10110573e-05  9.27869110e-05 ...  1.81897069e-06
    4.79980266e-04 -1.62432538e-06]
  [ 6.64943793e-08  1.04757954e-06  4.99876992e-06 ... -1.91352291e-04
   -1.62432538e-06  6.55604932e-04]]

 [[ 2.14412288e-09  3.18475751e-08  2.65523668e-07 ... -7.48706513e-08
    1.03578247e-06  2.38438680e-08]
  [ 3.18475751e-08  4.74248065e-07  3.91397161e-06 ... -9.93113944e-07
    1.53190755e-05  2.50156401e-07]
  [ 2.65523668e-07  3.91397161e-06  3.37625491e-05 ... -1.10142914e-05
    1.30901535e-04  4.52868544e-06]
  ...
  [-7.48706513e-08 -9.93113944e-07 -1.10142914e-05 ...  2.49604200e-04
    2.27939015e-06 -2.10130218e-04]
  [ 1.03578247e-06  1.53190755e-05  1.30901535e-04 ...  2.27939015e-06
    5.52938890e-04 -2.04467291e-06]
  [ 2.38438680e-08  2.50156401e-07  4.52868544e-06 ... -2.10130218e-04
   -2.04467291e-06  7.46013452e-04]]]
converged SCF energy = -150.226693714539  <S^2> = 2.0045398  2S+1 = 3.003025
dm0 check [[[ 1.14641745e-09  1.70871841e-08  1.38754813e-07 ... -8.06196941e-08
    6.25417120e-07  4.56926965e-08]
  [ 1.70871841e-08  2.56087717e-07  2.02954043e-06 ... -1.06182579e-06
    9.18282741e-06  7.18406974e-07]
  [ 1.38754813e-07  2.02954043e-06  1.80708466e-05 ... -1.26946806e-05
    8.12951703e-05  3.19891372e-06]
  ...
  [-8.06196941e-08 -1.06182579e-06 -1.26946806e-05 ...  2.39058742e-04
   -1.61627706e-06 -1.68275179e-04]
  [ 6.25417120e-07  9.18282741e-06  8.12951703e-05 ... -1.61627706e-06
    4.44995293e-04 -4.05994828e-06]
  [ 4.56926965e-08  7.18406974e-07  3.19891372e-06 ... -1.68275179e-04
   -4.05994828e-06  5.95722691e-04]]

 [[ 2.53030872e-08  3.85041148e-07  2.83121281e-06 ... -1.48564709e-07
    1.05890539e-07  7.43821275e-08]
  [ 3.85041148e-07  5.86063793e-06  4.30450523e-05 ... -2.17963110e-06
    1.18320858e-06  1.05278733e-06]
  [ 2.83121281e-06  4.30450523e-05  3.17985100e-04 ... -1.75088049e-05
    2.68728932e-05  9.38978174e-06]
  ...
  [-1.48564709e-07 -2.17963110e-06 -1.75088049e-05 ...  2.30571482e-04
    2.08982239e-07 -1.91671362e-04]
  [ 1.05890539e-07  1.18320858e-06  2.68728932e-05 ...  2.08982239e-07
    4.63238233e-04 -3.50223686e-06]
  [ 7.43821275e-08  1.05278733e-06  9.38978174e-06 ... -1.91671362e-04
   -3.50223686e-06  6.49568189e-04]]]
converged SCF energy = -150.244985829831  <S^2> = 0.92979752  2S+1 = 2.1723697
[timing] left/O ensemble SCF = 11.5s
dm0 check [[ 3.79538747e-01  6.12227641e-01 -1.25219870e-01 ...  6.53135553e-07
  -1.02287499e-06 -1.80742590e-06]
 [ 6.12227641e-01  1.01515723e+00 -3.34051505e-01 ...  2.46497650e-06
  -3.55681180e-06 -5.45242401e-06]
 [-1.25219870e-01 -3.34051505e-01  6.75274338e-01 ... -5.39666898e-06
   8.48925966e-06  1.30956593e-05]
 ...
 [ 6.53135553e-07  2.46497650e-06 -5.39666898e-06 ...  9.44830381e-07
  -2.33922442e-07  3.45800493e-08]
 [-1.02287499e-06 -3.55681180e-06  8.48925966e-06 ... -2.33922442e-07
   5.51829139e-07  8.68800564e-08]
 [-1.80742590e-06 -5.45242401e-06  1.30956593e-05 ...  3.45800493e-08
   8.68800564e-08  2.56109266e-07]]


******** <class 'pyscf.scf.addons.SmearingDFRKS'> ********
method = SmearingDFRKS
initial guess = minao
damping factor = 0.15
level_shift factor = 0.2
DIIS = <class 'pyscf.scf.diis.CDIIS'>
diis_start_cycle = 1
diis_space = 12
diis_damp = 0
SCF conv_tol = 5e-05
SCF conv_tol_grad = None
SCF max_cycles = 200
direct_scf = True
direct_scf_tol = 1e-13
chkfile to save SCF result = /tmp/tmpp294qoe8
max_memory 4000 MB (current use 52654 MB)
XC library pyscf.dft.libxc version 6.1.0
    S. Lehtola, C. Steigemann, M. J.T. Oliveira, and M. A.L. Marques.,  SoftwareX 7, 1–5 (2018)
XC functionals = pbe
    J. P. Perdew, K. Burke, and M. Ernzerhof.,  Phys. Rev. Lett. 77, 3865 (1996)
    J. P. Perdew, K. Burke, and M. Ernzerhof.,  Phys. Rev. Lett. 78, 1396 (1997)
    J. P. Perdew, K. Burke, and M. Ernzerhof.,  Phys. Rev. Lett. 77, 3865 (1996)
    J. P. Perdew, K. Burke, and M. Ernzerhof.,  Phys. Rev. Lett. 78, 1396 (1997)
small_rho_cutoff = 1e-06
Set gradient conv threshold to 0.00707107
    Total E(T) = -12115.9518430072  Free energy = -12116.9715622065  E0 = -12116.4617026068
init E= -12115.9518430072
    sigma = 0.02  Optimized mu = -0.0513290790542  entropy = 1.49281250324
    Total E(T) = -12115.9517770963  Free energy = -12115.9816333464  E0 = -12115.9667052213
cycle= 1 E= -12115.9517770963  delta_E= 6.59e-05  |g|= 0.0498  |ddm|= 52.1
    sigma = 0.02  Optimized mu = -0.051910104404  entropy = 1.49160585122
    Total E(T) = -12115.9510217865  Free energy = -12115.9808539035  E0 = -12115.965937845
cycle= 2 E= -12115.9510217865  delta_E= 0.000755  |g|= 0.158  |ddm|=  207
    sigma = 0.02  Optimized mu = -0.0514895122945  entropy = 1.49190747013
    Total E(T) = -12115.9515535849  Free energy = -12115.9813917343  E0 = -12115.9664726596
cycle= 3 E= -12115.9515535849  delta_E= -0.000532  |g|= 0.073  |ddm|= 80.1
    sigma = 0.02  Optimized mu = -0.0514817342022  entropy = 1.49193765851
    Total E(T) = -12115.9517507075  Free energy = -12115.9815894606  E0 = -12115.9666700841
cycle= 4 E= -12115.9517507075  delta_E= -0.000197  |g|= 0.0441  |ddm|= 35.3
    sigma = 0.02  Optimized mu = -0.0514639775318  entropy = 1.49200786708
    Total E(T) = -12115.9518259092  Free energy = -12115.9816660665  E0 = -12115.9667459879
cycle= 5 E= -12115.9518259092  delta_E= -7.52e-05  |g|= 0.0252  |ddm|= 20.2
    sigma = 0.02  Optimized mu = -0.0514749105913  entropy = 1.49191061271
    Total E(T) = -12115.9518527612  Free energy = -12115.9816909734  E0 = -12115.9667718673
cycle= 6 E= -12115.9518527612  delta_E= -2.69e-05  |g|= 0.0159  |ddm|=   14
    sigma = 0.02  Optimized mu = -0.0514852437164  entropy = 1.49186570696
    Total E(T) = -12115.9518627786  Free energy = -12115.9817000928  E0 = -12115.9667814357
cycle= 7 E= -12115.9518627786  delta_E= -1e-05  |g|= 0.00894  |ddm|= 7.84
    sigma = 0.02  Optimized mu = -0.0514743428615  entropy = 1.491922875
    Total E(T) = -12115.9518661371  Free energy = -12115.9817045946  E0 = -12115.9667853658
cycle= 8 E= -12115.9518661371  delta_E= -3.36e-06  |g|= 0.00554  |ddm|= 4.87
    sigma = 0.02  Optimized mu = -0.151413083547  entropy = 50.9860285914
    Total E(T) = -12115.4236328391  Free energy = -12116.4433534109  E0 = -12115.933493125
Extra cycle  E= -12115.4236328391  delta_E= 0.528  |g|= 0.389  |ddm|= 4.12e+03
converged SCF energy = -12115.4236328391
dm0 check [[[ 1.89790840e-01  3.06171400e-01 -6.27450378e-02 ...  2.56490734e-07
   -4.92859173e-07 -9.49973999e-07]
  [ 3.06171400e-01  5.07731773e-01 -1.67383069e-01 ...  1.04518055e-06
   -1.72834910e-06 -2.85064907e-06]
  [-6.27450378e-02 -1.67383069e-01  3.38462714e-01 ... -2.25599247e-06
    4.12409638e-06  6.84249101e-06]
  ...
  [ 2.56490734e-07  1.04518055e-06 -2.25599247e-06 ...  4.99170576e-07
   -1.21209202e-07  1.53033288e-08]
  [-4.92859173e-07 -1.72834910e-06  4.12409638e-06 ... -1.21209202e-07
    2.83152714e-07  4.69867774e-08]
  [-9.49973999e-07 -2.85064907e-06  6.84249101e-06 ...  1.53033288e-08
    4.69867774e-08  1.37949262e-07]]

 [[ 1.89771706e-01  3.06118980e-01 -6.26267209e-02 ...  4.67721405e-07
   -4.55281431e-07 -8.33566221e-07]
  [ 3.06118980e-01  5.07591724e-01 -1.67071523e-01 ...  1.61204585e-06
   -1.62555311e-06 -2.53646752e-06]
  [-6.26267209e-02 -1.67071523e-01  3.37772475e-01 ... -3.60127855e-06
    3.86332627e-06  6.08020604e-06]
  ...
  [ 4.67721405e-07  1.61204585e-06 -3.60127855e-06 ...  4.83791171e-07
   -1.23988256e-07  1.83903741e-08]
  [-4.55281431e-07 -1.62555311e-06  3.86332627e-06 ... -1.23988256e-07
    2.82268062e-07  4.53594266e-08]
  [-8.33566221e-07 -2.53646752e-06  6.08020604e-06 ...  1.83903741e-08
    4.53594266e-08  1.29914001e-07]]]


******** <class 'pyscf.scf.addons.SmearingDFUKS'> ********
method = SmearingDFUKS
initial guess = minao
damping factor = 0.15
level_shift factor = 0.2
DIIS = <class 'pyscf.scf.diis.CDIIS'>
diis_start_cycle = 1
diis_space = 12
diis_damp = 0
SCF conv_tol = 5e-05
SCF conv_tol_grad = None
SCF max_cycles = 200
direct_scf = True
direct_scf_tol = 1e-13
chkfile to save SCF result = /tmp/tmp7j30dbg6
max_memory 4000 MB (current use 52692 MB)
number electrons alpha = 325  beta = 323
XC library pyscf.dft.libxc version 6.1.0
    S. Lehtola, C. Steigemann, M. J.T. Oliveira, and M. A.L. Marques.,  SoftwareX 7, 1–5 (2018)
XC functionals = pbe
    J. P. Perdew, K. Burke, and M. Ernzerhof.,  Phys. Rev. Lett. 77, 3865 (1996)
    J. P. Perdew, K. Burke, and M. Ernzerhof.,  Phys. Rev. Lett. 78, 1396 (1997)
    J. P. Perdew, K. Burke, and M. Ernzerhof.,  Phys. Rev. Lett. 77, 3865 (1996)
    J. P. Perdew, K. Burke, and M. Ernzerhof.,  Phys. Rev. Lett. 78, 1396 (1997)
small_rho_cutoff = 1e-06
Set gradient conv threshold to 0.00707107
    Total E(T) = -12115.5069907494  Free energy = -12115.5707358971  E0 = -12115.5388633232
init E= -12115.5069907494
    sigma = 0.005  Optimized mu_alpha = -0.196479980326  entropy = 3.21675357094e-07
    sigma = 0.005  Optimized mu_beta  = -0.199138426864  entropy = 3.21675357094e-07
    Total E(T) = -12115.5069409508  Free energy = -12115.5069409524  E0 = -12115.5069409516
cycle= 1 E= -12115.5069409508  delta_E= 4.98e-05  |g|= 0.0615  |ddm|=   36
    sigma = 0.005  Optimized mu_alpha = -0.197010084412  entropy = 3.18794598119e-07
    sigma = 0.005  Optimized mu_beta  = -0.199718425245  entropy = 3.18794598119e-07
    Total E(T) = -12115.5063928143  Free energy = -12115.5063928159  E0 = -12115.5063928151
cycle= 2 E= -12115.5063928143  delta_E= 0.000548  |g|= 0.185  |ddm|=  139
    sigma = 0.005  Optimized mu_alpha = -0.196624326346  entropy = 3.20452683885e-07
    sigma = 0.005  Optimized mu_beta  = -0.199295961277  entropy = 3.20452683885e-07
    Total E(T) = -12115.5067810318  Free energy = -12115.5067810334  E0 = -12115.5067810326
cycle= 3 E= -12115.5067810318  delta_E= -0.000388  |g|= 0.0858  |ddm|= 54.3
    sigma = 0.005  Optimized mu_alpha = -0.196625590186  entropy = 3.20450453224e-07
    sigma = 0.005  Optimized mu_beta  = -0.199296787607  entropy = 3.20450453224e-07
    Total E(T) = -12115.5069308454  Free energy = -12115.506930847  E0 = -12115.5069308462
cycle= 4 E= -12115.5069308454  delta_E= -0.00015  |g|= 0.0495  |ddm|= 24.4
    sigma = 0.005  Optimized mu_alpha = -0.196595103294  entropy = 3.2042553638e-07
    sigma = 0.005  Optimized mu_beta  = -0.199265598261  entropy = 3.2042553638e-07
    Total E(T) = -12115.5069850754  Free energy = -12115.506985077  E0 = -12115.5069850762
cycle= 5 E= -12115.5069850754  delta_E= -5.42e-05  |g|= 0.0291  |ddm|= 13.8
    sigma = 0.005  Optimized mu_alpha = -0.196621971031  entropy = 3.20316580018e-07
    sigma = 0.005  Optimized mu_beta  = -0.199293862277  entropy = 3.20316580018e-07
    Total E(T) = -12115.5070041314  Free energy = -12115.507004133  E0 = -12115.5070041322
cycle= 6 E= -12115.5070041314  delta_E= -1.91e-05  |g|= 0.0167  |ddm|= 8.36
    sigma = 0.005  Optimized mu_alpha = -0.196622812631  entropy = 3.20312904147e-07
    sigma = 0.005  Optimized mu_beta  = -0.199294691991  entropy = 3.20312904147e-07
    Total E(T) = -12115.5070107544  Free energy = -12115.507010756  E0 = -12115.5070107552
cycle= 7 E= -12115.5070107544  delta_E= -6.62e-06  |g|= 0.0095  |ddm|= 4.84
    sigma = 0.005  Optimized mu_alpha = -0.196626692706  entropy = 3.20261401868e-07
    sigma = 0.005  Optimized mu_beta  = -0.199299210444  entropy = 3.20261401868e-07
    Total E(T) = -12115.5070129994  Free energy = -12115.507013001  E0 = -12115.5070130002
cycle= 8 E= -12115.5070129994  delta_E= -2.25e-06  |g|= 0.00486  |ddm|= 2.95
    sigma = 0.005  Optimized mu_alpha = -0.296170910513  entropy = 12.7566425809
    sigma = 0.005  Optimized mu_beta  = -0.299109390971  entropy = 12.7566425809
    Total E(T) = -12115.4709916996  Free energy = -12115.5347749125  E0 = -12115.502883306
Extra cycle  E= -12115.4709916996  delta_E= 0.036  |g|= 0.21  |ddm|=  877
converged SCF energy = -12115.4709916996  <S^2> = 2.0131414  2S+1 = 3.0087482
[timing] right/Al ensemble SCF = 1067.6s
[timing] collect state = 0.0s
[step 4] |db|=2.824638e-02 Ef=-12265.74239622 (d=+5.198e-02) L=-12265.73913794 (d=+5.262e-02) |grad|=2.706151e-02 cycles=None converged=True wall=1084.6s
dm0 check [[[ 1.51511415e-09  2.24391628e-08  1.89789947e-07 ... -1.14718984e-07
    7.42476838e-07  6.64943258e-08]
  [ 2.24391628e-08  3.34444541e-07  2.75067408e-06 ... -1.77767093e-06
    1.10110575e-05  1.04757877e-06]
  [ 1.89789947e-07  2.75067408e-06  2.57237936e-05 ... -1.02769919e-05
    9.27869045e-05  4.99876461e-06]
  ...
  [-1.14718984e-07 -1.77767093e-06 -1.02769919e-05 ...  2.27166733e-04
    1.81897134e-06 -1.91352306e-04]
  [ 7.42476838e-07  1.10110575e-05  9.27869045e-05 ...  1.81897134e-06
    4.79980259e-04 -1.62432546e-06]
  [ 6.64943258e-08  1.04757877e-06  4.99876461e-06 ... -1.91352306e-04
   -1.62432546e-06  6.55604939e-04]]

 [[ 2.14412378e-09  3.18475878e-08  2.65523769e-07 ... -7.48705966e-08
    1.03578261e-06  2.38438148e-08]
  [ 3.18475878e-08  4.74248243e-07  3.91397303e-06 ... -9.93113260e-07
    1.53190777e-05  2.50155737e-07]
  [ 2.65523769e-07  3.91397303e-06  3.37625602e-05 ... -1.10142876e-05
    1.30901546e-04  4.52868172e-06]
  ...
  [-7.48705966e-08 -9.93113260e-07 -1.10142876e-05 ...  2.49604209e-04
    2.27939089e-06 -2.10130225e-04]
  [ 1.03578261e-06  1.53190777e-05  1.30901546e-04 ...  2.27939089e-06
    5.52938841e-04 -2.04467317e-06]
  [ 2.38438148e-08  2.50155737e-07  4.52868172e-06 ... -2.10130225e-04
   -2.04467317e-06  7.46013408e-04]]]
converged SCF energy = -150.226693714539  <S^2> = 2.0045398  2S+1 = 3.003025
dm0 check [[[ 1.14640648e-09  1.70870363e-08  1.38753766e-07 ... -8.06181611e-08
    6.25414530e-07  4.56915041e-08]
  [ 1.70870363e-08  2.56085699e-07  2.02952709e-06 ... -1.06181952e-06
    9.18279720e-06  7.18389933e-07]
  [ 1.38753766e-07  2.02952709e-06  1.80707419e-05 ... -1.26946015e-05
    8.12948677e-05  3.19878429e-06]
  ...
  [-8.06181611e-08 -1.06181952e-06 -1.26946015e-05 ...  2.39058919e-04
   -1.61646206e-06 -1.68275036e-04]
  [ 6.25414530e-07  9.18279720e-06  8.12948677e-05 ... -1.61646206e-06
    4.44995046e-04 -4.06014495e-06]
  [ 4.56915041e-08  7.18389933e-07  3.19878429e-06 ... -1.68275036e-04
   -4.06014495e-06  5.95722908e-04]]

 [[ 2.53030893e-08  3.85040792e-07  2.83121159e-06 ... -1.48563626e-07
    1.05888903e-07  7.43804315e-08]
  [ 3.85040792e-07  5.86062650e-06  4.30449919e-05 ... -2.17962744e-06
    1.18318299e-06  1.05277454e-06]
  [ 2.83121159e-06  4.30449919e-05  3.17984803e-04 ... -1.75087729e-05
    2.68725759e-05  9.38968397e-06]
  ...
  [-1.48563626e-07 -2.17962744e-06 -1.75087729e-05 ...  2.30571627e-04
    2.08962395e-07 -1.91671233e-04]
  [ 1.05888903e-07  1.18318299e-06  2.68725759e-05 ...  2.08962395e-07
    4.63238037e-04 -3.50226009e-06]
  [ 7.43804315e-08  1.05277454e-06  9.38968397e-06 ... -1.91671233e-04
   -3.50226009e-06  6.49568165e-04]]]
converged SCF energy = -150.244985829816  <S^2> = 0.92980776  2S+1 = 2.1723791
[timing] left/O ensemble SCF = 11.7s
dm0 check [[ 3.79545231e-01  6.12230943e-01 -1.25226462e-01 ...  7.03923191e-07
  -1.00549208e-06 -1.92282784e-06]
 [ 6.12230943e-01  1.01515047e+00 -3.34060146e-01 ...  2.60117745e-06
  -3.50967222e-06 -5.76291602e-06]
 [-1.25226462e-01 -3.34060146e-01  6.75293894e-01 ... -5.72495865e-06
   8.37647323e-06  1.38447064e-05]
 ...
 [ 7.03923191e-07  2.60117745e-06 -5.72495865e-06 ...  9.28580787e-07
  -2.33821070e-07  4.13512071e-08]
 [-1.00549208e-06 -3.50967222e-06  8.37647323e-06 ... -2.33821070e-07
   5.48653121e-07  8.50652556e-08]
 [-1.92282784e-06 -5.76291602e-06  1.38447064e-05 ...  4.13512071e-08
   8.50652556e-08  2.64377589e-07]]


******** <class 'pyscf.scf.addons.SmearingDFRKS'> ********
method = SmearingDFRKS
initial guess = minao
damping factor = 0.15
level_shift factor = 0.2
DIIS = <class 'pyscf.scf.diis.CDIIS'>
diis_start_cycle = 1
diis_space = 12
diis_damp = 0
SCF conv_tol = 5e-05
SCF conv_tol_grad = None
SCF max_cycles = 200
direct_scf = True
direct_scf_tol = 1e-13
chkfile to save SCF result = /tmp/tmpp294qoe8
max_memory 4000 MB (current use 52878 MB)
XC library pyscf.dft.libxc version 6.1.0
    S. Lehtola, C. Steigemann, M. J.T. Oliveira, and M. A.L. Marques.,  SoftwareX 7, 1–5 (2018)
XC functionals = pbe
    J. P. Perdew, K. Burke, and M. Ernzerhof.,  Phys. Rev. Lett. 77, 3865 (1996)
    J. P. Perdew, K. Burke, and M. Ernzerhof.,  Phys. Rev. Lett. 78, 1396 (1997)
    J. P. Perdew, K. Burke, and M. Ernzerhof.,  Phys. Rev. Lett. 77, 3865 (1996)
    J. P. Perdew, K. Burke, and M. Ernzerhof.,  Phys. Rev. Lett. 78, 1396 (1997)
small_rho_cutoff = 1e-06
Set gradient conv threshold to 0.00707107
    Total E(T) = -12115.9028385996  Free energy = -12116.9225591714  E0 = -12116.4126988855
init E= -12115.9028385996
    sigma = 0.02  Optimized mu = -0.051380624386  entropy = 1.4937558984
    Total E(T) = -12115.9027744867  Free energy = -12115.9326496047  E0 = -12115.9177120457
cycle= 1 E= -12115.9027744867  delta_E= 6.41e-05  |g|= 0.05  |ddm|= 49.4
    sigma = 0.02  Optimized mu = -0.0519063874097  entropy = 1.4927829463
    Total E(T) = -12115.9020261193  Free energy = -12115.9318817783  E0 = -12115.9169539488
cycle= 2 E= -12115.9020261193  delta_E= 0.000748  |g|= 0.161  |ddm|=  200
    sigma = 0.02  Optimized mu = -0.0515329446082  entropy = 1.49289040928
    Total E(T) = -12115.9025411432  Free energy = -12115.9323989514  E0 = -12115.9174700473
cycle= 3 E= -12115.9025411432  delta_E= -0.000515  |g|= 0.0764  |ddm|= 76.9
    sigma = 0.02  Optimized mu = -0.0515215750102  entropy = 1.4929325065
    Total E(T) = -12115.9027364527  Free energy = -12115.9325951028  E0 = -12115.9176657778
cycle= 4 E= -12115.9027364527  delta_E= -0.000195  |g|= 0.0467  |ddm|= 33.4
    sigma = 0.02  Optimized mu = -0.0515053689973  entropy = 1.49299625552
    Total E(T) = -12115.902813492  Free energy = -12115.9326734172  E0 = -12115.9177434546
cycle= 5 E= -12115.902813492  delta_E= -7.7e-05  |g|= 0.0275  |ddm|= 19.3
    sigma = 0.02  Optimized mu = -0.0515149911042  entropy = 1.4929044649
    Total E(T) = -12115.9028423502  Free energy = -12115.9327004395  E0 = -12115.9177713948
cycle= 6 E= -12115.9028423502  delta_E= -2.89e-05  |g|= 0.0175  |ddm|= 13.5
    sigma = 0.02  Optimized mu = -0.0515222736869  entropy = 1.49287356432
    Total E(T) = -12115.9028534468  Free energy = -12115.9327109181  E0 = -12115.9177821824
cycle= 7 E= -12115.9028534468  delta_E= -1.11e-05  |g|= 0.0103  |ddm|= 7.74
    sigma = 0.02  Optimized mu = -0.0515131130243  entropy = 1.49292066798
    Total E(T) = -12115.9028573354  Free energy = -12115.9327157488  E0 = -12115.9177865421
cycle= 8 E= -12115.9028573354  delta_E= -3.89e-06  |g|= 0.00658  |ddm|=  4.9
    sigma = 0.02  Optimized mu = -0.151448477613  entropy = 50.9862457807
    Total E(T) = -12115.3746214577  Free energy = -12116.3943463733  E0 = -12115.8844839155
Extra cycle  E= -12115.3746214577  delta_E= 0.528  |g|= 0.397  |ddm|= 4.12e+03
converged SCF energy = -12115.3746214577
dm0 check [[[ 1.89794103e-01  3.06173093e-01 -6.27484417e-02 ...  2.80010097e-07
   -4.84779164e-07 -1.00411486e-06]
  [ 3.06173093e-01  5.07728495e-01 -1.67387678e-01 ...  1.10818565e-06
   -1.70644302e-06 -2.99620617e-06]
  [-6.27484417e-02 -1.67387678e-01  3.38473251e-01 ... -2.40742299e-06
    4.07187802e-06  7.19278546e-06]
  ...
  [ 2.80010097e-07  1.10818565e-06 -2.40742299e-06 ...  4.90779863e-07
   -1.21222170e-07  1.86977347e-08]
  [-4.84779164e-07 -1.70644302e-06  4.07187802e-06 ... -1.21222170e-07
    2.81516181e-07  4.62117563e-08]
  [-1.00411486e-06 -2.99620617e-06  7.19278546e-06 ...  1.86977347e-08
    4.62117563e-08  1.42069146e-07]]

 [[ 1.89774820e-01  3.06120290e-01 -6.26292105e-02 ...  4.90252339e-07
   -4.49014969e-07 -8.88554121e-07]
  [ 3.06120290e-01  5.07587433e-01 -1.67073668e-01 ...  1.67244205e-06
   -1.60852626e-06 -2.68444427e-06]
  [-6.26292105e-02 -1.67073668e-01  3.37777072e-01 ... -3.74688984e-06
    3.82274965e-06  6.43761084e-06]
  ...
  [ 4.90252339e-07  1.67244205e-06 -3.74688984e-06 ...  4.75527591e-07
   -1.23891876e-07  2.18299416e-08]
  [-4.49014969e-07 -1.60852626e-06  3.82274965e-06 ... -1.23891876e-07
    2.80809407e-07  4.45181231e-08]
  [-8.88554121e-07 -2.68444427e-06  6.43761084e-06 ...  2.18299416e-08
    4.45181231e-08  1.33883051e-07]]]


******** <class 'pyscf.scf.addons.SmearingDFUKS'> ********
method = SmearingDFUKS
initial guess = minao
damping factor = 0.15
level_shift factor = 0.2
DIIS = <class 'pyscf.scf.diis.CDIIS'>
diis_start_cycle = 1
diis_space = 12
diis_damp = 0
SCF conv_tol = 5e-05
SCF conv_tol_grad = None
SCF max_cycles = 200
direct_scf = True
direct_scf_tol = 1e-13
chkfile to save SCF result = /tmp/tmp7j30dbg6
max_memory 4000 MB (current use 52897 MB)
number electrons alpha = 325  beta = 323
XC library pyscf.dft.libxc version 6.1.0
    S. Lehtola, C. Steigemann, M. J.T. Oliveira, and M. A.L. Marques.,  SoftwareX 7, 1–5 (2018)
XC functionals = pbe
    J. P. Perdew, K. Burke, and M. Ernzerhof.,  Phys. Rev. Lett. 77, 3865 (1996)
    J. P. Perdew, K. Burke, and M. Ernzerhof.,  Phys. Rev. Lett. 78, 1396 (1997)
    J. P. Perdew, K. Burke, and M. Ernzerhof.,  Phys. Rev. Lett. 77, 3865 (1996)
    J. P. Perdew, K. Burke, and M. Ernzerhof.,  Phys. Rev. Lett. 78, 1396 (1997)
small_rho_cutoff = 1e-06
Set gradient conv threshold to 0.00707107
    Total E(T) = -12115.4580639994  Free energy = -12115.5218472123  E0 = -12115.4899556059
init E= -12115.4580639994
    sigma = 0.005  Optimized mu_alpha = -0.196527079964  entropy = 3.22616295434e-07
    sigma = 0.005  Optimized mu_beta  = -0.199173562766  entropy = 3.22616295434e-07
    Total E(T) = -12115.4580211316  Free energy = -12115.4580211332  E0 = -12115.4580211324
cycle= 1 E= -12115.4580211316  delta_E= 4.29e-05  |g|= 0.0567  |ddm|= 32.4
    sigma = 0.005  Optimized mu_alpha = -0.197041364725  entropy = 3.19684964312e-07
    sigma = 0.005  Optimized mu_beta  = -0.199733736831  entropy = 3.19684964312e-07
    Total E(T) = -12115.4575514096  Free energy = -12115.4575514112  E0 = -12115.4575514104
cycle= 2 E= -12115.4575514096  delta_E= 0.00047  |g|= 0.17  |ddm|=  128
    sigma = 0.005  Optimized mu_alpha = -0.196666117669  entropy = 3.21444349149e-07
    sigma = 0.005  Optimized mu_beta  = -0.19932459826  entropy = 3.21444349149e-07
    Total E(T) = -12115.4578842939  Free energy = -12115.4578842955  E0 = -12115.4578842947
cycle= 3 E= -12115.4578842939  delta_E= -0.000333  |g|= 0.079  |ddm|= 50.2
    sigma = 0.005  Optimized mu_alpha = -0.196667076532  entropy = 3.21440760124e-07
    sigma = 0.005  Optimized mu_beta  = -0.199325206328  entropy = 3.21440760124e-07
    Total E(T) = -12115.4580122774  Free energy = -12115.458012279  E0 = -12115.4580122782
cycle= 4 E= -12115.4580122774  delta_E= -0.000128  |g|= 0.0456  |ddm|= 22.6
    sigma = 0.005  Optimized mu_alpha = -0.196639457799  entropy = 3.21418853589e-07
    sigma = 0.005  Optimized mu_beta  = -0.199297028568  entropy = 3.21418853589e-07
    Total E(T) = -12115.4580584126  Free energy = -12115.4580584142  E0 = -12115.4580584134
cycle= 5 E= -12115.4580584126  delta_E= -4.61e-05  |g|= 0.0271  |ddm|= 12.5
    sigma = 0.005  Optimized mu_alpha = -0.19666398948  entropy = 3.21318595637e-07
    sigma = 0.005  Optimized mu_beta  = -0.199322793696  entropy = 3.21318595637e-07
    Total E(T) = -12115.4580748061  Free energy = -12115.4580748077  E0 = -12115.4580748069
cycle= 6 E= -12115.4580748061  delta_E= -1.64e-05  |g|= 0.0155  |ddm|= 7.47
    sigma = 0.005  Optimized mu_alpha = -0.196665487886  entropy = 3.21316960402e-07
    sigma = 0.005  Optimized mu_beta  = -0.199324255462  entropy = 3.21316960402e-07
    Total E(T) = -12115.458080535  Free energy = -12115.4580805366  E0 = -12115.4580805358
cycle= 7 E= -12115.458080535  delta_E= -5.73e-06  |g|= 0.00899  |ddm|= 4.46
    sigma = 0.005  Optimized mu_alpha = -0.196668949501  entropy = 3.21267907565e-07
    sigma = 0.005  Optimized mu_beta  = -0.199328273459  entropy = 3.21267907565e-07
    Total E(T) = -12115.4580825245  Free energy = -12115.4580825261  E0 = -12115.4580825253
cycle= 8 E= -12115.4580825245  delta_E= -1.99e-06  |g|= 0.0046  |ddm|= 2.79
    sigma = 0.005  Optimized mu_alpha = -0.296213595872  entropy = 12.7632297639
    sigma = 0.005  Optimized mu_beta  = -0.299146790756  entropy = 12.7632297639
    Total E(T) = -12115.4221228113  Free energy = -12115.4859389601  E0 = -12115.4540308857
Extra cycle  E= -12115.4221228113  delta_E= 0.036  |g|= 0.208  |ddm|=  878
converged SCF energy = -12115.4221228113  <S^2> = 2.0131954  2S+1 = 3.0087841
[timing] right/Al ensemble SCF = 1058.2s
[timing] collect state = 0.0s
[step 5] |db|=2.706151e-02 Ef=-12265.68964509 (d=+5.275e-02) L=-12265.68582470 (d=+5.331e-02) |grad|=2.604886e-02 cycles=None converged=True wall=1075.2s
[summary] grad_nonincreasing=True L_monotonic_increase=True Ef_monotonic_increase=True
left ensemble electron number ([9, 9], [7, 8])
right ensemble electron number ([325, 325], [325, 323])
[warm-start] rdft1.D ← pickle dm_ig1
[warm-start] rdft2.D ← pickle dm_ig2

===== case: b_ridge_1e-4 =====
[init] |b|=5.744716e+00 max|b|=2.003191e+00
dm0 check None
converged SCF energy = -150.226693714538  <S^2> = 2.0045399  2S+1 = 3.003025
dm0 check None
converged SCF energy = -150.244985829666  <S^2> = 0.9297856  2S+1 = 2.1723587
[timing] left/O ensemble SCF = 241.4s
dm0 check [[ 3.79534667e-01  6.12215942e-01 -1.25201763e-01 ...  2.36317920e-05
   1.49366314e-05 -4.82399976e-05]
 [ 6.12215942e-01  1.01512501e+00 -3.34000618e-01 ...  6.44393809e-05
   3.94766218e-05 -1.30683035e-04]
 [-1.25201763e-01 -3.34000618e-01  6.75173101e-01 ... -1.55457170e-04
  -9.56115372e-05  3.16293403e-04]
 ...
 [ 2.36317920e-05  6.44393809e-05 -1.55457170e-04 ...  1.08752212e-05
   5.93102766e-06 -2.35175680e-05]
 [ 1.49366314e-05  3.94766218e-05 -9.56115372e-05 ...  5.93102766e-06
   4.91849297e-06 -1.47860727e-05]
 [-4.82399976e-05 -1.30683035e-04  3.16293403e-04 ... -2.35175680e-05
  -1.47860727e-05  5.94712674e-05]]


******** <class 'pyscf.scf.addons.SmearingDFRKS'> ********
method = SmearingDFRKS
initial guess = minao
damping factor = 0.15
level_shift factor = 0.2
DIIS = <class 'pyscf.scf.diis.CDIIS'>
diis_start_cycle = 1
diis_space = 12
diis_damp = 0
SCF conv_tol = 5e-05
SCF conv_tol_grad = None
SCF max_cycles = 200
direct_scf = True
direct_scf_tol = 1e-13
chkfile to save SCF result = /tmp/tmpohzxmp6r
max_memory 4000 MB (current use 52953 MB)
XC library pyscf.dft.libxc version 6.1.0
    S. Lehtola, C. Steigemann, M. J.T. Oliveira, and M. A.L. Marques.,  SoftwareX 7, 1–5 (2018)
XC functionals = pbe
    J. P. Perdew, K. Burke, and M. Ernzerhof.,  Phys. Rev. Lett. 77, 3865 (1996)
    J. P. Perdew, K. Burke, and M. Ernzerhof.,  Phys. Rev. Lett. 78, 1396 (1997)
    J. P. Perdew, K. Burke, and M. Ernzerhof.,  Phys. Rev. Lett. 77, 3865 (1996)
    J. P. Perdew, K. Burke, and M. Ernzerhof.,  Phys. Rev. Lett. 78, 1396 (1997)
small_rho_cutoff = 1e-06
Set gradient conv threshold to 0.00707107
init E= -12115.8390338236
    sigma = 0.02  Optimized mu = -0.0544668433647  entropy = 1.5132974538
    Total E(T) = -12115.8467378794  Free energy = -12115.8770038285  E0 = -12115.861870854
cycle= 1 E= -12115.8467378794  delta_E= -0.0077  |g|= 0.309  |ddm|=  975
    sigma = 0.02  Optimized mu = -0.0478138986156  entropy = 1.5800297591
    Total E(T) = -12115.8186033788  Free energy = -12115.850203974  E0 = -12115.8344036764
cycle= 2 E= -12115.8186033788  delta_E= 0.0281  |g|= 0.967  |ddm|= 1.46e+03
    sigma = 0.02  Optimized mu = -0.0517553423726  entropy = 1.51743914657
    Total E(T) = -12115.8390676901  Free energy = -12115.869416473  E0 = -12115.8542420816
cycle= 3 E= -12115.8390676901  delta_E= -0.0205  |g|= 0.479  |ddm|=  382
    sigma = 0.02  Optimized mu = -0.0522398938959  entropy = 1.51409423177
    Total E(T) = -12115.8473662524  Free energy = -12115.877648137  E0 = -12115.8625071947
cycle= 4 E= -12115.8473662524  delta_E= -0.0083  |g|= 0.273  |ddm|=  251
    sigma = 0.02  Optimized mu = -0.0525133645422  entropy = 1.51228172885
    Total E(T) = -12115.8504712107  Free energy = -12115.8807168453  E0 = -12115.865594028
cycle= 5 E= -12115.8504712107  delta_E= -0.0031  |g|= 0.14  |ddm|=  123
    sigma = 0.02  Optimized mu = -0.0521032204392  entropy = 1.51276315146
    Total E(T) = -12115.8514592942  Free energy = -12115.8817145573  E0 = -12115.8665869258
cycle= 6 E= -12115.8514592942  delta_E= -0.000988  |g|= 0.0754  |ddm|=  117
    sigma = 0.02  Optimized mu = -0.0519188325475  entropy = 1.51266137711
    Total E(T) = -12115.8517183184  Free energy = -12115.881971546  E0 = -12115.8668449322
cycle= 7 E= -12115.8517183184  delta_E= -0.000259  |g|= 0.0428  |ddm|= 81.6
    sigma = 0.02  Optimized mu = -0.0519627489161  entropy = 1.51215715491
    Total E(T) = -12115.8517970536  Free energy = -12115.8820401967  E0 = -12115.8669186252
cycle= 8 E= -12115.8517970536  delta_E= -7.87e-05  |g|= 0.0305  |ddm|= 48.1
    sigma = 0.02  Optimized mu = -0.0519158288001  entropy = 1.5123853313
    Total E(T) = -12115.8518304699  Free energy = -12115.8820781765  E0 = -12115.8669543232
cycle= 9 E= -12115.8518304699  delta_E= -3.34e-05  |g|= 0.0179  |ddm|= 15.8
    sigma = 0.02  Optimized mu = -0.0519525951335  entropy = 1.51219178731
    Total E(T) = -12115.8518462203  Free energy = -12115.882090056  E0 = -12115.8669681381
cycle= 10 E= -12115.8518462203  delta_E= -1.58e-05  |g|= 0.0132  |ddm|= 10.5
    sigma = 0.02  Optimized mu = -0.0519379563051  entropy = 1.51224789278
    Total E(T) = -12115.8518538358  Free energy = -12115.8820987937  E0 = -12115.8669763147
cycle= 11 E= -12115.8518538358  delta_E= -7.62e-06  |g|= 0.0085  |ddm|=  9.7
    sigma = 0.02  Optimized mu = -0.0519410018163  entropy = 1.51222220835
    Total E(T) = -12115.8518577597  Free energy = -12115.8821022039  E0 = -12115.8669799818
cycle= 12 E= -12115.8518577597  delta_E= -3.92e-06  |g|= 0.00683  |ddm|= 5.97
    sigma = 0.02  Optimized mu = -0.152027126329  entropy = 51.0339173083
    Total E(T) = -12115.3288292988  Free energy = -12116.349507645  E0 = -12115.8391684719
Extra cycle  E= -12115.3288292988  delta_E= 0.523  |g|= 0.395  |ddm|= 4.17e+03
converged SCF energy = -12115.3288292988
dm0 check [[[ 1.89789196e-01  3.06166479e-01 -6.27382539e-02 ...  9.19437390e-06
    5.84157518e-06 -2.11411548e-05]
  [ 3.06166479e-01  5.07718057e-01 -1.67363818e-01 ...  2.51422704e-05
    1.53443342e-05 -5.72819252e-05]
  [-6.27382539e-02 -1.67363818e-01  3.38427764e-01 ... -6.05253784e-05
   -3.71083306e-05  1.38400825e-04]
  ...
  [ 9.19437390e-06  2.51422704e-05 -6.05253784e-05 ...  3.13715954e-06
    1.55781055e-06 -7.62202888e-06]
  [ 5.84157518e-06  1.53443342e-05 -3.71083306e-05 ...  1.55781055e-06
    1.58848999e-06 -4.83700572e-06]
  [-2.11411548e-05 -5.72819252e-05  1.38400825e-04 ... -7.62202888e-06
   -4.83700572e-06  2.29806320e-05]]

 [[ 1.89768293e-01  3.06109553e-01 -6.26090281e-02 ...  1.01180610e-05
    6.66144515e-06 -2.24745711e-05]
  [ 3.06109553e-01  5.07566082e-01 -1.67022755e-01 ...  2.76492411e-05
    1.75711417e-05 -6.09233013e-05]
  [-6.26090281e-02 -1.67022755e-01  3.37665124e-01 ... -6.67405293e-05
   -4.26419552e-05  1.47637880e-04]
  ...
  [ 1.01180610e-05  2.76492411e-05 -6.67405293e-05 ...  3.37989959e-06
    1.74706069e-06 -8.19436833e-06]
  [ 6.66144515e-06  1.75711417e-05 -4.26419552e-05 ...  1.74706069e-06
    1.74323057e-06 -5.30648444e-06]
  [-2.24745711e-05 -6.09233013e-05  1.47637880e-04 ... -8.19436833e-06
   -5.30648444e-06  2.42423049e-05]]]


******** <class 'pyscf.scf.addons.SmearingDFUKS'> ********
method = SmearingDFUKS
initial guess = minao
damping factor = 0.15
level_shift factor = 0.2
DIIS = <class 'pyscf.scf.diis.CDIIS'>
diis_start_cycle = 1
diis_space = 12
diis_damp = 0
SCF conv_tol = 5e-05
SCF conv_tol_grad = None
SCF max_cycles = 200
direct_scf = True
direct_scf_tol = 1e-13
chkfile to save SCF result = /tmp/tmp4r63bwaa
max_memory 4000 MB (current use 52863 MB)
number electrons alpha = 325  beta = 323
XC library pyscf.dft.libxc version 6.1.0
    S. Lehtola, C. Steigemann, M. J.T. Oliveira, and M. A.L. Marques.,  SoftwareX 7, 1–5 (2018)
XC functionals = pbe
    J. P. Perdew, K. Burke, and M. Ernzerhof.,  Phys. Rev. Lett. 77, 3865 (1996)
    J. P. Perdew, K. Burke, and M. Ernzerhof.,  Phys. Rev. Lett. 78, 1396 (1997)
    J. P. Perdew, K. Burke, and M. Ernzerhof.,  Phys. Rev. Lett. 77, 3865 (1996)
    J. P. Perdew, K. Burke, and M. Ernzerhof.,  Phys. Rev. Lett. 78, 1396 (1997)
small_rho_cutoff = 1e-06
Set gradient conv threshold to 0.00707107
init E= -12115.3996418441
    sigma = 0.005  Optimized mu_alpha = -0.199355603242  entropy = 3.48638813948e-07
    sigma = 0.005  Optimized mu_beta  = -0.201939164606  entropy = 3.48638813948e-07
    Total E(T) = -12115.4042304533  Free energy = -12115.4042304551  E0 = -12115.4042304542
cycle= 1 E= -12115.4042304533  delta_E= -0.00459  |g|= 0.479  |ddm|=  671
    sigma = 0.005  Optimized mu_alpha = -0.193094659755  entropy = 4.94966607056e-07
    sigma = 0.005  Optimized mu_beta  = -0.195687262606  entropy = 4.94966607056e-07
    Total E(T) = -12115.3742873186  Free energy = -12115.374287321  E0 = -12115.3742873198
cycle= 2 E= -12115.3742873186  delta_E= 0.0299  |g|= 1.44  |ddm|= 1.04e+03
    sigma = 0.005  Optimized mu_alpha = -0.19678778548  entropy = 3.43140180969e-07
    sigma = 0.005  Optimized mu_beta  = -0.199338360075  entropy = 3.43140180969e-07
    Total E(T) = -12115.3943914356  Free energy = -12115.3943914373  E0 = -12115.3943914365
cycle= 3 E= -12115.3943914356  delta_E= -0.0201  |g|= 0.754  |ddm|=  289
    sigma = 0.005  Optimized mu_alpha = -0.197120861343  entropy = 3.43424541158e-07
    sigma = 0.005  Optimized mu_beta  = -0.199672729363  entropy = 3.43424541158e-07
    Total E(T) = -12115.4035064057  Free energy = -12115.4035064074  E0 = -12115.4035064065
cycle= 4 E= -12115.4035064057  delta_E= -0.00911  |g|= 0.439  |ddm|=  162
    sigma = 0.005  Optimized mu_alpha = -0.197700115185  entropy = 3.40475431928e-07
    sigma = 0.005  Optimized mu_beta  = -0.200257211236  entropy = 3.40475431928e-07
    Total E(T) = -12115.406986801  Free energy = -12115.4069868027  E0 = -12115.4069868019
cycle= 5 E= -12115.406986801  delta_E= -0.00348  |g|= 0.277  |ddm|= 97.1
    sigma = 0.005  Optimized mu_alpha = -0.197098246794  entropy = 3.41683697079e-07
    sigma = 0.005  Optimized mu_beta  = -0.199655482458  entropy = 3.41683697079e-07
    Total E(T) = -12115.4083907052  Free energy = -12115.4083907069  E0 = -12115.408390706
cycle= 6 E= -12115.4083907052  delta_E= -0.0014  |g|= 0.137  |ddm|= 72.2
    sigma = 0.005  Optimized mu_alpha = -0.197005769638  entropy = 3.40227389732e-07
    sigma = 0.005  Optimized mu_beta  = -0.199567125117  entropy = 3.40227389732e-07
    Total E(T) = -12115.4087961979  Free energy = -12115.4087961996  E0 = -12115.4087961988
cycle= 7 E= -12115.4087961979  delta_E= -0.000405  |g|= 0.0904  |ddm|= 60.9
    sigma = 0.005  Optimized mu_alpha = -0.196994739009  entropy = 3.40622391029e-07
    sigma = 0.005  Optimized mu_beta  = -0.199549365967  entropy = 3.40622391029e-07
    Total E(T) = -12115.4089360185  Free energy = -12115.4089360202  E0 = -12115.4089360194
cycle= 8 E= -12115.4089360185  delta_E= -0.00014  |g|= 0.0525  |ddm|= 29.9
    sigma = 0.005  Optimized mu_alpha = -0.197011308588  entropy = 3.40362871985e-07
    sigma = 0.005  Optimized mu_beta  = -0.199567510755  entropy = 3.40362871985e-07
    Total E(T) = -12115.4089871849  Free energy = -12115.4089871866  E0 = -12115.4089871857
cycle= 9 E= -12115.4089871849  delta_E= -5.12e-05  |g|= 0.0375  |ddm|= 17.4
    sigma = 0.005  Optimized mu_alpha = -0.196999122515  entropy = 3.40495020535e-07
    sigma = 0.005  Optimized mu_beta  = -0.199555354027  entropy = 3.40495020535e-07
    Total E(T) = -12115.4090095904  Free energy = -12115.4090095921  E0 = -12115.4090095913
cycle= 10 E= -12115.4090095904  delta_E= -2.24e-05  |g|= 0.0247  |ddm|= 8.75
    sigma = 0.005  Optimized mu_alpha = -0.197004326328  entropy = 3.40440123628e-07
    sigma = 0.005  Optimized mu_beta  = -0.199560703597  entropy = 3.40440123628e-07
    Total E(T) = -12115.4090204453  Free energy = -12115.409020447  E0 = -12115.4090204461
cycle= 11 E= -12115.4090204453  delta_E= -1.09e-05  |g|= 0.0175  |ddm|= 6.42
    sigma = 0.005  Optimized mu_alpha = -0.19701185442  entropy = 3.40493812468e-07
    sigma = 0.005  Optimized mu_beta  = -0.199566860525  entropy = 3.40493812468e-07
    Total E(T) = -12115.409025921  Free energy = -12115.4090259227  E0 = -12115.4090259218
cycle= 12 E= -12115.409025921  delta_E= -5.48e-06  |g|= 0.0136  |ddm|=    5
    sigma = 0.005  Optimized mu_alpha = -0.19700522203  entropy = 3.40517563102e-07
    sigma = 0.005  Optimized mu_beta  = -0.199560497577  entropy = 3.40517563102e-07
    Total E(T) = -12115.4090290291  Free energy = -12115.4090290308  E0 = -12115.40902903
cycle= 13 E= -12115.4090290291  delta_E= -3.11e-06  |g|= 0.011  |ddm|= 3.31
    sigma = 0.005  Optimized mu_alpha = -0.197004548352  entropy = 3.40462062062e-07
    sigma = 0.005  Optimized mu_beta  = -0.199560210713  entropy = 3.40462062062e-07
    Total E(T) = -12115.4090310452  Free energy = -12115.4090310469  E0 = -12115.4090310461
cycle= 14 E= -12115.4090310452  delta_E= -2.02e-06  |g|= 0.00948  |ddm|= 3.03
    sigma = 0.005  Optimized mu_alpha = -0.197002108963  entropy = 3.40500012153e-07
    sigma = 0.005  Optimized mu_beta  = -0.199557257627  entropy = 3.40500012153e-07
    Total E(T) = -12115.4090324198  Free energy = -12115.4090324215  E0 = -12115.4090324206
cycle= 15 E= -12115.4090324198  delta_E= -1.37e-06  |g|= 0.00849  |ddm|= 2.52
    sigma = 0.005  Optimized mu_alpha = -0.197002413402  entropy = 3.40540181454e-07
    sigma = 0.005  Optimized mu_beta  = -0.199557131604  entropy = 3.40540181454e-07
    Total E(T) = -12115.4090334477  Free energy = -12115.4090334494  E0 = -12115.4090334485
cycle= 16 E= -12115.4090334477  delta_E= -1.03e-06  |g|= 0.00757  |ddm|= 2.02
    sigma = 0.005  Optimized mu_alpha = -0.19700152871  entropy = 3.40500598315e-07
    sigma = 0.005  Optimized mu_beta  = -0.199556859925  entropy = 3.40500598315e-07
    Total E(T) = -12115.4090344706  Free energy = -12115.4090344723  E0 = -12115.4090344714
cycle= 17 E= -12115.4090344706  delta_E= -1.02e-06  |g|= 0.00584  |ddm|=  2.2
    sigma = 0.005  Optimized mu_alpha = -0.29665095823  entropy = 12.841099233
    sigma = 0.005  Optimized mu_beta  = -0.299535748088  entropy = 12.841099233
    Total E(T) = -12115.3741438621  Free energy = -12115.4383493583  E0 = -12115.4062466102
Extra cycle  E= -12115.3741438621  delta_E= 0.0349  |g|= 0.208  |ddm|=  920
converged SCF energy = -12115.3741438621  <S^2> = 3.7630515  2S+1 = 4.0065204
[timing] right/Al ensemble SCF = 1832.8s
[timing] collect state = 0.0s
[eval-0] Ef=-12267.34415129 L=-12267.32756983 |grad|=1.932247e-02 cycles=None converged=True wall=2079.5s cos(grad,b_opt-b_init)=0.207813
dm0 check [[[ 1.51510539e-09  2.24390407e-08  1.89788584e-07 ... -1.14716793e-07
    7.42480591e-07  6.64925537e-08]
  [ 2.24390407e-08  3.34442860e-07  2.75065447e-06 ... -1.77763476e-06
    1.10111116e-05  1.04754946e-06]
  [ 1.89788584e-07  2.75065447e-06  2.57236015e-05 ... -1.02767709e-05
    9.27874012e-05  4.99858660e-06]
  ...
  [-1.14716793e-07 -1.77763476e-06 -1.02767709e-05 ...  2.27166818e-04
    1.81897022e-06 -1.91352427e-04]
  [ 7.42480591e-07  1.10111116e-05  9.27874012e-05 ...  1.81897022e-06
    4.79983561e-04 -1.62425374e-06]
  [ 6.64925537e-08  1.04754946e-06  4.99858660e-06 ... -1.91352427e-04
   -1.62425374e-06  6.55608417e-04]]

 [[ 2.14412926e-09  3.18476687e-08  2.65524476e-07 ... -7.48678675e-08
    1.03578378e-06  2.38417798e-08]
  [ 3.18476687e-08  4.74249422e-07  3.91398393e-06 ... -9.93071944e-07
    1.53190952e-05  2.50124817e-07]
  [ 2.65524476e-07  3.91398393e-06  3.37626381e-05 ... -1.10139777e-05
    1.30901684e-04  4.52845690e-06]
  ...
  [-7.48678675e-08 -9.93071944e-07 -1.10139777e-05 ...  2.49604988e-04
    2.27945400e-06 -2.10130920e-04]
  [ 1.03578378e-06  1.53190952e-05  1.30901684e-04 ...  2.27945400e-06
    5.52938192e-04 -2.04465529e-06]
  [ 2.38417798e-08  2.50124817e-07  4.52845690e-06 ... -2.10130920e-04
   -2.04465529e-06  7.46013266e-04]]]
converged SCF energy = -150.226693714539  <S^2> = 2.0045398  2S+1 = 3.003025
dm0 check [[[ 1.14663927e-09  1.70906963e-08  1.38764383e-07 ... -8.06351991e-08
    6.25424907e-07  4.57094748e-08]
  [ 1.70906963e-08  2.56142401e-07  2.02970512e-06 ... -1.06203847e-06
    9.18297648e-06  7.18610580e-07]
  [ 1.38764383e-07  2.02970512e-06  1.80711277e-05 ... -1.26954868e-05
    8.12953223e-05  3.19992558e-06]
  ...
  [-8.06351991e-08 -1.06203847e-06 -1.26954868e-05 ...  2.39056590e-04
   -1.61628521e-06 -1.68273569e-04]
  [ 6.25424907e-07  9.18297648e-06  8.12953223e-05 ... -1.61628521e-06
    4.44991768e-04 -4.05797460e-06]
  [ 4.57094748e-08  7.18610580e-07  3.19992558e-06 ... -1.68273569e-04
   -4.05797460e-06  5.95720304e-04]]

 [[ 2.52991917e-08  3.84988468e-07  2.83081238e-06 ... -1.48521070e-07
    1.05980492e-07  7.43608025e-08]
  [ 3.84988468e-07  5.85993601e-06  4.30397100e-05 ... -2.17883477e-06
    1.18474495e-06  1.05238318e-06]
  [ 2.83081238e-06  4.30397100e-05  3.17944269e-04 ... -1.75046016e-05
    2.68826267e-05  9.38690534e-06]
  ...
  [-1.48521070e-07 -2.17883477e-06 -1.75046016e-05 ...  2.30576224e-04
    2.09094785e-07 -1.91668407e-04]
  [ 1.05980492e-07  1.18474495e-06  2.68826267e-05 ...  2.09094785e-07
    4.63234853e-04 -3.50197083e-06]
  [ 7.43608025e-08  1.05238318e-06  9.38690534e-06 ... -1.91668407e-04
   -3.50197083e-06  6.49562330e-04]]]
converged SCF energy = -150.244985829812  <S^2> = 0.92979458  2S+1 = 2.172367
[timing] left/O ensemble SCF = 14.6s
dm0 check [[ 3.79544047e-01  6.12217647e-01 -1.25204591e-01 ...  7.17656843e-06
  -7.69253088e-07 -1.63284761e-05]
 [ 6.12217647e-01  1.01510270e+00 -3.33990524e-01 ...  2.00971498e-05
  -2.87548436e-06 -4.46492518e-05]
 [-1.25204591e-01 -3.33990524e-01  6.75169455e-01 ... -4.84560037e-05
   6.87418953e-06  1.08339000e-04]
 ...
 [ 7.17656843e-06  2.00971498e-05 -4.84560037e-05 ...  3.62243978e-06
   9.63724804e-08 -4.17416685e-06]
 [-7.69253088e-07 -2.87548436e-06  6.87418953e-06 ...  9.63724804e-08
   8.27357257e-07 -2.28966618e-07]
 [-1.63284761e-05 -4.46492518e-05  1.08339000e-04 ... -4.17416685e-06
  -2.28966618e-07  7.64841642e-06]]


******** <class 'pyscf.scf.addons.SmearingDFRKS'> ********
method = SmearingDFRKS
initial guess = minao
damping factor = 0.15
level_shift factor = 0.2
DIIS = <class 'pyscf.scf.diis.CDIIS'>
diis_start_cycle = 1
diis_space = 12
diis_damp = 0
SCF conv_tol = 5e-05
SCF conv_tol_grad = None
SCF max_cycles = 200
direct_scf = True
direct_scf_tol = 1e-13
chkfile to save SCF result = /tmp/tmpohzxmp6r
max_memory 4000 MB (current use 52881 MB)
XC library pyscf.dft.libxc version 6.1.0
    S. Lehtola, C. Steigemann, M. J.T. Oliveira, and M. A.L. Marques.,  SoftwareX 7, 1–5 (2018)
XC functionals = pbe
    J. P. Perdew, K. Burke, and M. Ernzerhof.,  Phys. Rev. Lett. 77, 3865 (1996)
    J. P. Perdew, K. Burke, and M. Ernzerhof.,  Phys. Rev. Lett. 78, 1396 (1997)
    J. P. Perdew, K. Burke, and M. Ernzerhof.,  Phys. Rev. Lett. 77, 3865 (1996)
    J. P. Perdew, K. Burke, and M. Ernzerhof.,  Phys. Rev. Lett. 78, 1396 (1997)
small_rho_cutoff = 1e-06
Set gradient conv threshold to 0.00707107
    Total E(T) = -12115.9391018968  Free energy = -12116.959780243  E0 = -12116.4494410699
init E= -12115.9391018968
    sigma = 0.02  Optimized mu = -0.0519573150274  entropy = 1.51245743481
    Total E(T) = -12115.9391090976  Free energy = -12115.9693582463  E0 = -12115.9542336719
cycle= 1 E= -12115.9391090976  delta_E= -7.2e-06  |g|= 0.016  |ddm|= 29.4
    sigma = 0.02  Optimized mu = -0.0520052912345  entropy = 1.51231844484
    Total E(T) = -12115.9390637113  Free energy = -12115.9693100802  E0 = -12115.9541868958
cycle= 2 E= -12115.9390637113  delta_E= 4.54e-05  |g|= 0.0428  |ddm|= 47.7
    sigma = 0.02  Optimized mu = -0.0519339469713  entropy = 1.51254289978
    Total E(T) = -12115.9391158903  Free energy = -12115.9693667483  E0 = -12115.9542413193
cycle= 3 E= -12115.9391158903  delta_E= -5.22e-05  |g|= 0.00693  |ddm|=   33
    sigma = 0.02  Optimized mu = -0.0519585298797  entropy = 1.51237098661
    Total E(T) = -12115.9391189432  Free energy = -12115.9693663629  E0 = -12115.954242653
cycle= 4 E= -12115.9391189432  delta_E= -3.05e-06  |g|= 0.00463  |ddm|=   27
    sigma = 0.02  Optimized mu = -0.151960549843  entropy = 51.043572793
    Total E(T) = -12115.4153749002  Free energy = -12116.4362463561  E0 = -12115.9258106282
Extra cycle  E= -12115.4153749002  delta_E= 0.524  |g|= 0.387  |ddm|= 4.15e+03
converged SCF energy = -12115.4153749002
dm0 check [[[ 1.89793246e-01  3.06165659e-01 -6.27355814e-02 ...  3.58811634e-06
   -5.01694431e-07 -7.72582831e-06]
  [ 3.06165659e-01  5.07702479e-01 -1.67347932e-01 ...  1.00414478e-05
   -1.75386787e-06 -2.11294298e-05]
  [-6.27355814e-02 -1.67347932e-01  3.38400152e-01 ... -2.41461688e-05
    4.20640959e-06  5.11560607e-05]
  ...
  [ 3.58811634e-06  1.00414478e-05 -2.41461688e-05 ...  1.72913274e-06
    1.22903942e-08 -1.93540450e-06]
  [-5.01694431e-07 -1.75386787e-06  4.20640959e-06 ...  1.22903942e-08
    4.17036397e-07 -6.42268031e-08]
  [-7.72582831e-06 -2.11294298e-05  5.11560607e-05 ... -1.93540450e-06
   -6.42268031e-08  3.45122548e-06]]

 [[ 1.89773825e-01  3.06112631e-01 -6.26150381e-02 ...  2.56031329e-06
   -5.84790716e-07 -7.17751528e-06]
  [ 3.06112631e-01  5.07560797e-01 -1.67029819e-01 ...  7.27224394e-06
   -1.97710313e-06 -1.96645680e-05]
  [-6.26150381e-02 -1.67029819e-01  3.37688083e-01 ... -1.74694649e-05
    4.74030740e-06  4.77399827e-05]
  ...
  [ 2.56031329e-06  7.27224394e-06 -1.74694649e-05 ...  1.66342660e-06
    1.11526748e-08 -1.89301344e-06]
  [-5.84790716e-07 -1.97710313e-06  4.74030740e-06 ...  1.11526748e-08
    4.25962240e-07 -6.67830958e-08]
  [-7.17751528e-06 -1.96645680e-05  4.77399827e-05 ... -1.89301344e-06
   -6.67830958e-08  3.42813767e-06]]]


******** <class 'pyscf.scf.addons.SmearingDFUKS'> ********
method = SmearingDFUKS
initial guess = minao
damping factor = 0.15
level_shift factor = 0.2
DIIS = <class 'pyscf.scf.diis.CDIIS'>
diis_start_cycle = 1
diis_space = 12
diis_damp = 0
SCF conv_tol = 5e-05
SCF conv_tol_grad = None
SCF max_cycles = 200
direct_scf = True
direct_scf_tol = 1e-13
chkfile to save SCF result = /tmp/tmp4r63bwaa
max_memory 4000 MB (current use 52881 MB)
number electrons alpha = 325  beta = 323
XC library pyscf.dft.libxc version 6.1.0
    S. Lehtola, C. Steigemann, M. J.T. Oliveira, and M. A.L. Marques.,  SoftwareX 7, 1–5 (2018)
XC functionals = pbe
    J. P. Perdew, K. Burke, and M. Ernzerhof.,  Phys. Rev. Lett. 77, 3865 (1996)
    J. P. Perdew, K. Burke, and M. Ernzerhof.,  Phys. Rev. Lett. 78, 1396 (1997)
    J. P. Perdew, K. Burke, and M. Ernzerhof.,  Phys. Rev. Lett. 77, 3865 (1996)
    J. P. Perdew, K. Burke, and M. Ernzerhof.,  Phys. Rev. Lett. 78, 1396 (1997)
small_rho_cutoff = 1e-06
Set gradient conv threshold to 0.00707107
    Total E(T) = -12115.4962395495  Free energy = -12115.5604450457  E0 = -12115.5283422976
init E= -12115.4962395495
    sigma = 0.005  Optimized mu_alpha = -0.196989670977  entropy = 3.41099455446e-07
    sigma = 0.005  Optimized mu_beta  = -0.199540496788  entropy = 3.41099455446e-07
    Total E(T) = -12115.4962458003  Free energy = -12115.496245802  E0 = -12115.4962458012
cycle= 1 E= -12115.4962458003  delta_E= -6.25e-06  |g|= 0.0192  |ddm|= 25.2
    sigma = 0.005  Optimized mu_alpha = -0.197175179319  entropy = 3.39739963709e-07
    sigma = 0.005  Optimized mu_beta  = -0.199737335811  entropy = 3.39739963709e-07
    Total E(T) = -12115.4962057864  Free energy = -12115.4962057881  E0 = -12115.4962057873
cycle= 2 E= -12115.4962057864  delta_E= 4e-05  |g|= 0.0465  |ddm|= 50.2
    sigma = 0.005  Optimized mu_alpha = -0.196964197932  entropy = 3.41296966765e-07
    sigma = 0.005  Optimized mu_beta  = -0.199513640165  entropy = 3.41296966765e-07
    Total E(T) = -12115.4962527936  Free energy = -12115.4962527954  E0 = -12115.4962527945
cycle= 3 E= -12115.4962527936  delta_E= -4.7e-05  |g|= 0.00674  |ddm|= 31.1
    sigma = 0.005  Optimized mu_alpha = -0.296609828041  entropy = 12.8463711058
    sigma = 0.005  Optimized mu_beta  = -0.299492003843  entropy = 12.8463711058
    Total E(T) = -12115.4612510509  Free energy = -12115.5254829064  E0 = -12115.4933669786
Extra cycle  E= -12115.4612510509  delta_E= 0.035  |g|= 0.193  |ddm|=  923
converged SCF energy = -12115.4612510509  <S^2> = 3.7630585  2S+1 = 4.0065239
[timing] right/Al ensemble SCF = 583.7s
[timing] collect state = 0.0s
[step 1] |db|=1.932247e-02 Ef=-12267.30310176 (d=+4.105e-02) L=-12267.28622443 (d=+4.135e-02) |grad|=1.878084e-02 cycles=None converged=True wall=603.6s
dm0 check [[[ 1.51511142e-09  2.24391254e-08  1.89789561e-07 ... -1.14719027e-07
    7.42476491e-07  6.64943648e-08]
  [ 2.24391254e-08  3.34443992e-07  2.75066910e-06 ... -1.77767180e-06
    1.10110522e-05  1.04757955e-06]
  [ 1.89789561e-07  2.75066910e-06  2.57237476e-05 ... -1.02769946e-05
    9.27868755e-05  4.99876704e-06]
  ...
  [-1.14719027e-07 -1.77767180e-06 -1.02769946e-05 ...  2.27166708e-04
    1.81896838e-06 -1.91352285e-04]
  [ 7.42476491e-07  1.10110522e-05  9.27868755e-05 ...  1.81896838e-06
    4.79980334e-04 -1.62432356e-06]
  [ 6.64943648e-08  1.04757955e-06  4.99876704e-06 ... -1.91352285e-04
   -1.62432356e-06  6.55604999e-04]]

 [[ 2.14412007e-09  3.18475347e-08  2.65523309e-07 ... -7.48705567e-08
    1.03578174e-06  2.38437832e-08]
  [ 3.18475347e-08  4.74247460e-07  3.91396668e-06 ... -9.93113700e-07
    1.53190651e-05  2.50156053e-07]
  [ 2.65523309e-07  3.91396668e-06  3.37625059e-05 ... -1.10142815e-05
    1.30901449e-04  4.52867684e-06]
  ...
  [-7.48705567e-08 -9.93113700e-07 -1.10142815e-05 ...  2.49604219e-04
    2.27938802e-06 -2.10130234e-04]
  [ 1.03578174e-06  1.53190651e-05  1.30901449e-04 ...  2.27938802e-06
    5.52938805e-04 -2.04467203e-06]
  [ 2.38437832e-08  2.50156053e-07  4.52867684e-06 ... -2.10130234e-04
   -2.04467203e-06  7.46013382e-04]]]
converged SCF energy = -150.226693714539  <S^2> = 2.0045398  2S+1 = 3.003025
dm0 check [[[ 1.14644043e-09  1.70875533e-08  1.38757202e-07 ... -8.06195898e-08
    6.25424546e-07  4.56943851e-08]
  [ 1.70875533e-08  2.56093598e-07  2.02957957e-06 ... -1.06182913e-06
    9.18294702e-06  7.18429121e-07]
  [ 1.38757202e-07  2.02957957e-06  1.80710819e-05 ... -1.26945917e-05
    8.12960528e-05  3.19915114e-06]
  ...
  [-8.06195898e-08 -1.06182913e-06 -1.26945917e-05 ...  2.39058219e-04
   -1.61590734e-06 -1.68277561e-04]
  [ 6.25424546e-07  9.18294702e-06  8.12960528e-05 ... -1.61590734e-06
    4.44997716e-04 -4.05929866e-06]
  [ 4.56943851e-08  7.18429121e-07  3.19915114e-06 ... -1.68277561e-04
   -4.05929866e-06  5.95725214e-04]]

 [[ 2.53036790e-08  3.85050753e-07  2.83126579e-06 ... -1.48564615e-07
    1.05907478e-07  7.43836338e-08]
  [ 3.85050753e-07  5.86079318e-06  4.30459256e-05 ... -2.17962739e-06
    1.18345893e-06  1.05280689e-06]
  [ 2.83126579e-06  4.30459256e-05  3.17989580e-04 ... -1.75086853e-05
    2.68751830e-05  9.38988857e-06]
  ...
  [-1.48564615e-07 -2.17962739e-06 -1.75086853e-05 ...  2.30571795e-04
    2.09025570e-07 -1.91673883e-04]
  [ 1.05907478e-07  1.18345893e-06  2.68751830e-05 ...  2.09025570e-07
    4.63241178e-04 -3.50232729e-06]
  [ 7.43836338e-08  1.05280689e-06  9.38988857e-06 ... -1.91673883e-04
   -3.50232729e-06  6.49569815e-04]]]
converged SCF energy = -150.24498582983  <S^2> = 0.92979806  2S+1 = 2.1723702
[timing] left/O ensemble SCF = 11.7s
dm0 check [[ 3.79535311e-01  6.12214531e-01 -1.25200065e-01 ...  7.20525701e-06
  -6.88659670e-07 -1.66102551e-05]
 [ 6.12214531e-01  1.01511626e+00 -3.33989193e-01 ...  2.01757912e-05
  -2.65869025e-06 -4.54112638e-05]
 [-1.25200065e-01 -3.33989193e-01  6.75170096e-01 ... -4.86511701e-05
   6.34990663e-06  1.10192980e-04]
 ...
 [ 7.20525701e-06  2.01757912e-05 -4.86511701e-05 ...  3.63831797e-06
   1.14429654e-07 -4.24074887e-06]
 [-6.88659670e-07 -2.65869025e-06  6.34990663e-06 ...  1.14429654e-07
   8.30600362e-07 -2.56825819e-07]
 [-1.66102551e-05 -4.54112638e-05  1.10192980e-04 ... -4.24074887e-06
  -2.56825819e-07  7.86853244e-06]]


******** <class 'pyscf.scf.addons.SmearingDFRKS'> ********
method = SmearingDFRKS
initial guess = minao
damping factor = 0.15
level_shift factor = 0.2
DIIS = <class 'pyscf.scf.diis.CDIIS'>
diis_start_cycle = 1
diis_space = 12
diis_damp = 0
SCF conv_tol = 5e-05
SCF conv_tol_grad = None
SCF max_cycles = 200
direct_scf = True
direct_scf_tol = 1e-13
chkfile to save SCF result = /tmp/tmpohzxmp6r
max_memory 4000 MB (current use 52881 MB)
XC library pyscf.dft.libxc version 6.1.0
    S. Lehtola, C. Steigemann, M. J.T. Oliveira, and M. A.L. Marques.,  SoftwareX 7, 1–5 (2018)
XC functionals = pbe
    J. P. Perdew, K. Burke, and M. Ernzerhof.,  Phys. Rev. Lett. 77, 3865 (1996)
    J. P. Perdew, K. Burke, and M. Ernzerhof.,  Phys. Rev. Lett. 78, 1396 (1997)
    J. P. Perdew, K. Burke, and M. Ernzerhof.,  Phys. Rev. Lett. 77, 3865 (1996)
    J. P. Perdew, K. Burke, and M. Ernzerhof.,  Phys. Rev. Lett. 78, 1396 (1997)
small_rho_cutoff = 1e-06
Set gradient conv threshold to 0.00707107
    Total E(T) = -12115.7316983112  Free energy = -12116.7525697671  E0 = -12116.2421340391
init E= -12115.7316983112
    sigma = 0.02  Optimized mu = -0.0518855769289  entropy = 1.51296226801
    Total E(T) = -12115.7316922214  Free energy = -12115.7619514667  E0 = -12115.7468218441
cycle= 1 E= -12115.7316922214  delta_E= 6.09e-06  |g|= 0.0192  |ddm|= 30.7
    sigma = 0.02  Optimized mu = -0.052283928197  entropy = 1.5114854192
    Total E(T) = -12115.731577385  Free energy = -12115.7618070934  E0 = -12115.7466922392
cycle= 2 E= -12115.731577385  delta_E= 0.000115  |g|= 0.0617  |ddm|= 80.6
    sigma = 0.02  Optimized mu = -0.0519697893303  entropy = 1.51249580437
    Total E(T) = -12115.7316682578  Free energy = -12115.7619181739  E0 = -12115.7467932158
cycle= 3 E= -12115.7316682578  delta_E= -9.09e-05  |g|= 0.0253  |ddm|= 32.5
    sigma = 0.02  Optimized mu = -0.0519478757915  entropy = 1.51264007727
    Total E(T) = -12115.7316984795  Free energy = -12115.761951281  E0 = -12115.7468248802
cycle= 4 E= -12115.7316984795  delta_E= -3.02e-05  |g|= 0.011  |ddm|= 20.2
    sigma = 0.02  Optimized mu = -0.051958635662  entropy = 1.51259124858
    Total E(T) = -12115.7317055256  Free energy = -12115.7619573506  E0 = -12115.7468314381
cycle= 5 E= -12115.7317055256  delta_E= -7.05e-06  |g|= 0.0055  |ddm|= 7.58
    sigma = 0.02  Optimized mu = -0.151854983861  entropy = 51.0518934989
    Total E(T) = -12115.2062676295  Free energy = -12116.2273054994  E0 = -12115.7167865644
Extra cycle  E= -12115.2062676295  delta_E= 0.525  |g|= 0.41  |ddm|= 4.1e+03
converged SCF energy = -12115.2062676295
dm0 check [[[ 1.89788947e-01  3.06164209e-01 -6.27338154e-02 ...  3.60092841e-06
   -4.67380249e-07 -7.84971787e-06]
  [ 3.06164209e-01  5.07709457e-01 -1.67348487e-01 ...  1.00766171e-05
   -1.66166540e-06 -2.14643783e-05]
  [-6.27338154e-02 -1.67348487e-01  3.38404202e-01 ... -2.42337347e-05
    3.98404712e-06  5.19702162e-05]
  ...
  [ 3.60092841e-06  1.00766171e-05 -2.42337347e-05 ...  1.73701425e-06
    2.00344461e-08 -1.96695838e-06]
  [-4.67380249e-07 -1.66166540e-06  3.98404712e-06 ...  2.00344461e-08
    4.18774323e-07 -7.47971326e-08]
  [-7.84971787e-06 -2.14643783e-05  5.19702162e-05 ... -1.96695838e-06
   -7.47971326e-08  3.54988336e-06]]

 [[ 1.89769494e-01  3.06111096e-01 -6.26130639e-02 ...  2.56983230e-06
   -5.50544141e-07 -7.30061798e-06]
  [ 3.06111096e-01  5.07567547e-01 -1.67029808e-01 ...  7.29847295e-06
   -1.88501985e-06 -1.99976224e-05]
  [-6.26130639e-02 -1.67029808e-01  3.37690738e-01 ... -1.75352119e-05
    4.51763708e-06  4.85517971e-05]
  ...
  [ 2.56983230e-06  7.29847295e-06 -1.75352119e-05 ...  1.67109194e-06
    1.88426316e-08 -1.92444179e-06]
  [-5.50544141e-07 -1.88501985e-06  4.51763708e-06 ...  1.88426316e-08
    4.27757302e-07 -7.74729761e-08]
  [-7.30061798e-06 -1.99976224e-05  4.85517971e-05 ... -1.92444179e-06
   -7.74729761e-08  3.52736229e-06]]]


******** <class 'pyscf.scf.addons.SmearingDFUKS'> ********
method = SmearingDFUKS
initial guess = minao
damping factor = 0.15
level_shift factor = 0.2
DIIS = <class 'pyscf.scf.diis.CDIIS'>
diis_start_cycle = 1
diis_space = 12
diis_damp = 0
SCF conv_tol = 5e-05
SCF conv_tol_grad = None
SCF max_cycles = 200
direct_scf = True
direct_scf_tol = 1e-13
chkfile to save SCF result = /tmp/tmp4r63bwaa
max_memory 4000 MB (current use 52881 MB)
number electrons alpha = 325  beta = 323
XC library pyscf.dft.libxc version 6.1.0
    S. Lehtola, C. Steigemann, M. J.T. Oliveira, and M. A.L. Marques.,  SoftwareX 7, 1–5 (2018)
XC functionals = pbe
    J. P. Perdew, K. Burke, and M. Ernzerhof.,  Phys. Rev. Lett. 77, 3865 (1996)
    J. P. Perdew, K. Burke, and M. Ernzerhof.,  Phys. Rev. Lett. 78, 1396 (1997)
    J. P. Perdew, K. Burke, and M. Ernzerhof.,  Phys. Rev. Lett. 77, 3865 (1996)
    J. P. Perdew, K. Burke, and M. Ernzerhof.,  Phys. Rev. Lett. 78, 1396 (1997)
small_rho_cutoff = 1e-06
Set gradient conv threshold to 0.00707107
    Total E(T) = -12115.2887925514  Free energy = -12115.3530244069  E0 = -12115.3209084791
init E= -12115.2887925514
    sigma = 0.005  Optimized mu_alpha = -0.196943535207  entropy = 3.41678430693e-07
    sigma = 0.005  Optimized mu_beta  = -0.199489007044  entropy = 3.41678430693e-07
    Total E(T) = -12115.2887720648  Free energy = -12115.2887720665  E0 = -12115.2887720657
cycle= 1 E= -12115.2887720648  delta_E= 2.05e-05  |g|= 0.0394  |ddm|= 50.2
    sigma = 0.005  Optimized mu_alpha = -0.197336686268  entropy = 3.39500994349e-07
    sigma = 0.005  Optimized mu_beta  = -0.19990729414  entropy = 3.39500994349e-07
    Total E(T) = -12115.2885613188  Free energy = -12115.2885613205  E0 = -12115.2885613197
cycle= 2 E= -12115.2885613188  delta_E= 0.000211  |g|= 0.114  |ddm|=  116
    sigma = 0.005  Optimized mu_alpha = -0.197049057646  entropy = 3.41045399653e-07
    sigma = 0.005  Optimized mu_beta  = -0.199600761522  entropy = 3.41045399653e-07
    Total E(T) = -12115.2887257313  Free energy = -12115.288725733  E0 = -12115.2887257322
cycle= 3 E= -12115.2887257313  delta_E= -0.000164  |g|= 0.0467  |ddm|= 38.2
    sigma = 0.005  Optimized mu_alpha = -0.197051849285  entropy = 3.41050411717e-07
    sigma = 0.005  Optimized mu_beta  = -0.199602053097  entropy = 3.41050411717e-07
    Total E(T) = -12115.2887822807  Free energy = -12115.2887822824  E0 = -12115.2887822815
cycle= 4 E= -12115.2887822807  delta_E= -5.65e-05  |g|= 0.0241  |ddm|= 20.8
    sigma = 0.005  Optimized mu_alpha = -0.197019515176  entropy = 3.41102825377e-07
    sigma = 0.005  Optimized mu_beta  = -0.199569880391  entropy = 3.41102825377e-07
    Total E(T) = -12115.28879863  Free energy = -12115.2887986317  E0 = -12115.2887986309
cycle= 5 E= -12115.28879863  delta_E= -1.63e-05  |g|= 0.0137  |ddm|= 13.4
    sigma = 0.005  Optimized mu_alpha = -0.197048622947  entropy = 3.41001145864e-07
    sigma = 0.005  Optimized mu_beta  = -0.199599375299  entropy = 3.41001145864e-07
    Total E(T) = -12115.2888038372  Free energy = -12115.2888038389  E0 = -12115.288803838
cycle= 6 E= -12115.2888038372  delta_E= -5.21e-06  |g|= 0.00617  |ddm|= 6.26
    sigma = 0.005  Optimized mu_alpha = -0.296607491439  entropy = 12.8491923854
    sigma = 0.005  Optimized mu_beta  = -0.299488098301  entropy = 12.8491923854
    Total E(T) = -12115.2534195045  Free energy = -12115.3176654665  E0 = -12115.2855424855
Extra cycle  E= -12115.2534195045  delta_E= 0.0354  |g|= 0.224  |ddm|=  926
converged SCF energy = -12115.2534195045  <S^2> = 3.7630655  2S+1 = 4.0065274
[timing] right/Al ensemble SCF = 776.5s
[timing] collect state = 0.0s
[step 2] |db|=1.878084e-02 Ef=-12267.26151406 (d=+4.159e-02) L=-12267.24433004 (d=+4.189e-02) |grad|=1.853618e-02 cycles=None converged=True wall=793.5s
dm0 check [[[ 1.51511507e-09  2.24391764e-08  1.89790082e-07 ... -1.14718990e-07
    7.42477045e-07  6.64943306e-08]
  [ 2.24391764e-08  3.34444763e-07  2.75067587e-06 ... -1.77767125e-06
    1.10110602e-05  1.04757907e-06]
  [ 1.89790082e-07  2.75067587e-06  2.57238102e-05 ... -1.02769953e-05
    9.27869282e-05  4.99876750e-06]
  ...
  [-1.14718990e-07 -1.77767125e-06 -1.02769953e-05 ...  2.27166703e-04
    1.81897159e-06 -1.91352281e-04]
  [ 7.42477045e-07  1.10110602e-05  9.27869282e-05 ...  1.81897159e-06
    4.79980205e-04 -1.62432622e-06]
  [ 6.64943306e-08  1.04757907e-06  4.99876750e-06 ... -1.91352281e-04
   -1.62432622e-06  6.55604862e-04]]

 [[ 2.14412506e-09  3.18476057e-08  2.65523940e-07 ... -7.48707043e-08
    1.03578288e-06  2.38439018e-08]
  [ 3.18476057e-08  4.74248514e-07  3.91397520e-06 ... -9.93113263e-07
    1.53190814e-05  2.50155752e-07]
  [ 2.65523940e-07  3.91397520e-06  3.37625800e-05 ... -1.10142938e-05
    1.30901577e-04  4.52868661e-06]
  ...
  [-7.48707043e-08 -9.93113263e-07 -1.10142938e-05 ...  2.49604179e-04
    2.27939104e-06 -2.10130198e-04]
  [ 1.03578288e-06  1.53190814e-05  1.30901577e-04 ...  2.27939104e-06
    5.52938810e-04 -2.04467526e-06]
  [ 2.38439018e-08  2.50155752e-07  4.52868661e-06 ... -2.10130198e-04
   -2.04467526e-06  7.46013355e-04]]]
converged SCF energy = -150.22669371454  <S^2> = 2.0045398  2S+1 = 3.003025
dm0 check [[[ 1.14640389e-09  1.70870133e-08  1.38753939e-07 ... -8.06188010e-08
    6.25415508e-07  4.56897409e-08]
  [ 1.70870133e-08  2.56085856e-07  2.02952809e-06 ... -1.06182303e-06
    9.18280262e-06  7.18371405e-07]
  [ 1.38753939e-07  2.02952809e-06  1.80707535e-05 ... -1.26946238e-05
    8.12949622e-05  3.19865437e-06]
  ...
  [-8.06188010e-08 -1.06182303e-06 -1.26946238e-05 ...  2.39058491e-04
   -1.61625119e-06 -1.68274807e-04]
  [ 6.25415508e-07  9.18280262e-06  8.12949622e-05 ... -1.61625119e-06
    4.44994840e-04 -4.05993503e-06]
  [ 4.56897409e-08  7.18371405e-07  3.19865437e-06 ... -1.68274807e-04
   -4.05993503e-06  5.95722512e-04]]

 [[ 2.53036577e-08  3.85049032e-07  2.83126422e-06 ... -1.48564942e-07
    1.05891592e-07  7.43764912e-08]
  [ 3.85049032e-07  5.86074589e-06  4.30457436e-05 ... -2.17965303e-06
    1.18317950e-06  1.05272041e-06]
  [ 2.83126422e-06  4.30457436e-05  3.17989433e-04 ... -1.75089510e-05
    2.68727894e-05  9.38929285e-06]
  ...
  [-1.48564942e-07 -2.17965303e-06 -1.75089510e-05 ...  2.30571546e-04
    2.08965287e-07 -1.91670976e-04]
  [ 1.05891592e-07  1.18317950e-06  2.68727894e-05 ...  2.08965287e-07
    4.63237986e-04 -3.50230113e-06]
  [ 7.43764912e-08  1.05272041e-06  9.38929285e-06 ... -1.91670976e-04
   -3.50230113e-06  6.49568405e-04]]]
converged SCF energy = -150.244985829834  <S^2> = 0.92979734  2S+1 = 2.1723695
[timing] left/O ensemble SCF = 13.8s
dm0 check [[ 3.79538085e-01  6.12216262e-01 -1.25204063e-01 ...  7.23621411e-06
  -6.01970243e-07 -1.69111134e-05]
 [ 6.12216262e-01  1.01511479e+00 -3.33996931e-01 ...  2.02592865e-05
  -2.42459577e-06 -4.62230497e-05]
 [-1.25204063e-01 -3.33996931e-01  6.75189879e-01 ... -4.88561242e-05
   5.78126535e-06  1.12167232e-04]
 ...
 [ 7.23621411e-06  2.02592865e-05 -4.88561242e-05 ...  3.65313385e-06
   1.32812995e-07 -4.31134805e-06]
 [-6.01970243e-07 -2.42459577e-06  5.78126535e-06 ...  1.32812995e-07
   8.34179859e-07 -2.86477896e-07]
 [-1.69111134e-05 -4.62230497e-05  1.12167232e-04 ... -4.31134805e-06
  -2.86477896e-07  8.10902062e-06]]


******** <class 'pyscf.scf.addons.SmearingDFRKS'> ********
method = SmearingDFRKS
initial guess = minao
damping factor = 0.15
level_shift factor = 0.2
DIIS = <class 'pyscf.scf.diis.CDIIS'>
diis_start_cycle = 1
diis_space = 12
diis_damp = 0
SCF conv_tol = 5e-05
SCF conv_tol_grad = None
SCF max_cycles = 200
direct_scf = True
direct_scf_tol = 1e-13
chkfile to save SCF result = /tmp/tmpohzxmp6r
max_memory 4000 MB (current use 52918 MB)
XC library pyscf.dft.libxc version 6.1.0
    S. Lehtola, C. Steigemann, M. J.T. Oliveira, and M. A.L. Marques.,  SoftwareX 7, 1–5 (2018)
XC functionals = pbe
    J. P. Perdew, K. Burke, and M. Ernzerhof.,  Phys. Rev. Lett. 77, 3865 (1996)
    J. P. Perdew, K. Burke, and M. Ernzerhof.,  Phys. Rev. Lett. 78, 1396 (1997)
    J. P. Perdew, K. Burke, and M. Ernzerhof.,  Phys. Rev. Lett. 77, 3865 (1996)
    J. P. Perdew, K. Burke, and M. Ernzerhof.,  Phys. Rev. Lett. 78, 1396 (1997)
small_rho_cutoff = 1e-06
Set gradient conv threshold to 0.00707107
    Total E(T) = -12115.7222620196  Free energy = -12116.7432998895  E0 = -12116.2327809545
init E= -12115.7222620196
    sigma = 0.02  Optimized mu = -0.0517895816264  entropy = 1.5135451809
    Total E(T) = -12115.7221917484  Free energy = -12115.752462652  E0 = -12115.7373272002
cycle= 1 E= -12115.7221917484  delta_E= 7.03e-05  |g|= 0.0467  |ddm|= 76.9
    sigma = 0.02  Optimized mu = -0.0526848601202  entropy = 1.51130566997
    Total E(T) = -12115.7214172454  Free energy = -12115.7516433588  E0 = -12115.7365303021
cycle= 2 E= -12115.7214172454  delta_E= 0.000775  |g|= 0.156  |ddm|=  223
    sigma = 0.02  Optimized mu = -0.0520122810941  entropy = 1.51254451562
    Total E(T) = -12115.7219603836  Free energy = -12115.7522112739  E0 = -12115.7370858288
cycle= 3 E= -12115.7219603836  delta_E= -0.000543  |g|= 0.0732  |ddm|= 76.7
    sigma = 0.02  Optimized mu = -0.0519894364636  entropy = 1.51268806272
    Total E(T) = -12115.7221583593  Free energy = -12115.7524121205  E0 = -12115.7372852399
cycle= 4 E= -12115.7221583593  delta_E= -0.000198  |g|= 0.0433  |ddm|=   39
    sigma = 0.02  Optimized mu = -0.0519705897172  entropy = 1.51278893304
    Total E(T) = -12115.7222274066  Free energy = -12115.7524831853  E0 = -12115.737355296
cycle= 5 E= -12115.7222274066  delta_E= -6.9e-05  |g|= 0.0283  |ddm|=   23
    sigma = 0.02  Optimized mu = -0.0519915699498  entropy = 1.51266529808
    Total E(T) = -12115.7222568166  Free energy = -12115.7525101226  E0 = -12115.7373834696
cycle= 6 E= -12115.7222568166  delta_E= -2.94e-05  |g|= 0.0165  |ddm|= 12.4
    sigma = 0.02  Optimized mu = -0.0519898624941  entropy = 1.51268936052
    Total E(T) = -12115.7222676368  Free energy = -12115.752521424  E0 = -12115.7373945304
cycle= 7 E= -12115.7222676368  delta_E= -1.08e-05  |g|= 0.011  |ddm|= 9.06
    sigma = 0.02  Optimized mu = -0.0520007273538  entropy = 1.51265702058
    Total E(T) = -12115.7222719998  Free energy = -12115.7525251402  E0 = -12115.73739857
cycle= 8 E= -12115.7222719998  delta_E= -4.36e-06  |g|= 0.00639  |ddm|= 6.08
    sigma = 0.02  Optimized mu = -0.151904208477  entropy = 51.0507259866
    Total E(T) = -12115.1975239557  Free energy = -12116.2185384755  E0 = -12115.7080312156
Extra cycle  E= -12115.1975239557  delta_E= 0.525  |g|= 0.397  |ddm|= 4.1e+03
converged SCF energy = -12115.1975239557
dm0 check [[[ 1.89790351e-01  3.06165165e-01 -6.27358867e-02 ...  3.61402566e-06
   -4.29965504e-07 -7.98464334e-06]
  [ 3.06165165e-01  5.07709018e-01 -1.67352608e-01 ...  1.01118998e-05
   -1.56066985e-06 -2.18282054e-05]
  [-6.27358867e-02 -1.67352608e-01  3.38414171e-01 ... -2.43200553e-05
    3.73909836e-06  5.28528913e-05]
  ...
  [ 3.61402566e-06  1.01118998e-05 -2.43200553e-05 ...  1.74615999e-06
    2.80751962e-08 -2.00231493e-06]
  [-4.29965504e-07 -1.56066985e-06  3.73909836e-06 ...  2.80751962e-08
    4.19952256e-07 -8.66356201e-08]
  [-7.98464334e-06 -2.18282054e-05  5.28528913e-05 ... -2.00231493e-06
   -8.66356201e-08  3.66008734e-06]]

 [[ 1.89770889e-01  3.06112029e-01 -6.26150830e-02 ...  2.58086882e-06
   -5.13171871e-07 -7.43734060e-06]
  [ 3.06112029e-01  5.07567048e-01 -1.67033796e-01 ...  7.32822364e-06
   -1.78405985e-06 -2.03665868e-05]
  [-6.26150830e-02 -1.67033796e-01  3.37700413e-01 ... -1.76081167e-05
    4.27207804e-06  4.94494249e-05]
  ...
  [ 2.58086882e-06  7.32822364e-06 -1.76081167e-05 ...  1.68014799e-06
    2.67777120e-08 -1.95986916e-06]
  [-5.13171871e-07 -1.78405985e-06  4.27207804e-06 ...  2.67777120e-08
    4.28965871e-07 -8.93012961e-08]
  [-7.43734060e-06 -2.03665868e-05  4.94494249e-05 ... -1.95986916e-06
   -8.93012961e-08  3.63859570e-06]]]


******** <class 'pyscf.scf.addons.SmearingDFUKS'> ********
method = SmearingDFUKS
initial guess = minao
damping factor = 0.15
level_shift factor = 0.2
DIIS = <class 'pyscf.scf.diis.CDIIS'>
diis_start_cycle = 1
diis_space = 12
diis_damp = 0
SCF conv_tol = 5e-05
SCF conv_tol_grad = None
SCF max_cycles = 200
direct_scf = True
direct_scf_tol = 1e-13
chkfile to save SCF result = /tmp/tmp4r63bwaa
max_memory 4000 MB (current use 52937 MB)
number electrons alpha = 325  beta = 323
XC library pyscf.dft.libxc version 6.1.0
    S. Lehtola, C. Steigemann, M. J.T. Oliveira, and M. A.L. Marques.,  SoftwareX 7, 1–5 (2018)
XC functionals = pbe
    J. P. Perdew, K. Burke, and M. Ernzerhof.,  Phys. Rev. Lett. 77, 3865 (1996)
    J. P. Perdew, K. Burke, and M. Ernzerhof.,  Phys. Rev. Lett. 78, 1396 (1997)
    J. P. Perdew, K. Burke, and M. Ernzerhof.,  Phys. Rev. Lett. 77, 3865 (1996)
    J. P. Perdew, K. Burke, and M. Ernzerhof.,  Phys. Rev. Lett. 78, 1396 (1997)
small_rho_cutoff = 1e-06
Set gradient conv threshold to 0.00707107
    Total E(T) = -12115.2793218188  Free energy = -12115.3435677807  E0 = -12115.3114447997
init E= -12115.2793218188
    sigma = 0.005  Optimized mu_alpha = -0.196948016638  entropy = 3.4217667403e-07
    sigma = 0.005  Optimized mu_beta  = -0.199490612052  entropy = 3.4217667403e-07
    Total E(T) = -12115.2792772081  Free energy = -12115.2792772098  E0 = -12115.2792772089
cycle= 1 E= -12115.2792772081  delta_E= 4.46e-05  |g|= 0.0545  |ddm|= 51.8
    sigma = 0.005  Optimized mu_alpha = -0.197481321604  entropy = 3.39467080546e-07
    sigma = 0.005  Optimized mu_beta  = -0.20005607943  entropy = 3.39467080546e-07
    Total E(T) = -12115.2788353513  Free energy = -12115.278835353  E0 = -12115.2788353521
cycle= 2 E= -12115.2788353513  delta_E= 0.000442  |g|= 0.167  |ddm|=  139
    sigma = 0.005  Optimized mu_alpha = -0.197069727246  entropy = 3.41171291043e-07
    sigma = 0.005  Optimized mu_beta  = -0.199620604281  entropy = 3.41171291043e-07
    Total E(T) = -12115.2791519704  Free energy = -12115.2791519721  E0 = -12115.2791519712
cycle= 3 E= -12115.2791519704  delta_E= -0.000317  |g|= 0.0766  |ddm|= 46.8
    sigma = 0.005  Optimized mu_alpha = -0.197071623852  entropy = 3.41228897976e-07
    sigma = 0.005  Optimized mu_beta  = -0.19962080518  entropy = 3.41228897976e-07
    Total E(T) = -12115.2792713556  Free energy = -12115.2792713573  E0 = -12115.2792713565
cycle= 4 E= -12115.2792713556  delta_E= -0.000119  |g|= 0.0428  |ddm|=   24
    sigma = 0.005  Optimized mu_alpha = -0.197040384094  entropy = 3.41349812283e-07
    sigma = 0.005  Optimized mu_beta  = -0.199588787403  entropy = 3.41349812283e-07
    Total E(T) = -12115.2793098731  Free energy = -12115.2793098748  E0 = -12115.279309874
cycle= 5 E= -12115.2793098731  delta_E= -3.85e-05  |g|= 0.0276  |ddm|=   15
    sigma = 0.005  Optimized mu_alpha = -0.197072260176  entropy = 3.41195930791e-07
    sigma = 0.005  Optimized mu_beta  = -0.199621276055  entropy = 3.41195930791e-07
    Total E(T) = -12115.2793248414  Free energy = -12115.2793248432  E0 = -12115.2793248423
cycle= 6 E= -12115.2793248414  delta_E= -1.5e-05  |g|= 0.0151  |ddm|= 8.09
    sigma = 0.005  Optimized mu_alpha = -0.197077383127  entropy = 3.41180498248e-07
    sigma = 0.005  Optimized mu_beta  = -0.199626902713  entropy = 3.41180498248e-07
    Total E(T) = -12115.2793299554  Free energy = -12115.2793299571  E0 = -12115.2793299563
cycle= 7 E= -12115.2793299554  delta_E= -5.11e-06  |g|= 0.00923  |ddm|= 5.15
    sigma = 0.005  Optimized mu_alpha = -0.197081408757  entropy = 3.41122749465e-07
    sigma = 0.005  Optimized mu_beta  = -0.199631530215  entropy = 3.41122749465e-07
    Total E(T) = -12115.2793317445  Free energy = -12115.2793317462  E0 = -12115.2793317454
cycle= 8 E= -12115.2793317445  delta_E= -1.79e-06  |g|= 0.005  |ddm|= 3.32
    sigma = 0.005  Optimized mu_alpha = -0.296639598255  entropy = 12.8484086352
    sigma = 0.005  Optimized mu_beta  = -0.299520339462  entropy = 12.8484086352
    Total E(T) = -12115.2441263846  Free energy = -12115.3083684278  E0 = -12115.2762474062
Extra cycle  E= -12115.2441263846  delta_E= 0.0352  |g|= 0.211  |ddm|=  923
converged SCF energy = -12115.2441263846  <S^2> = 3.7630749  2S+1 = 4.0065321
[timing] right/Al ensemble SCF = 1085.3s
[timing] collect state = 0.0s
[step 3] |db|=1.853618e-02 Ef=-12267.22283768 (d=+3.868e-02) L=-12267.20541116 (d=+3.892e-02) |grad|=1.814371e-02 cycles=None converged=True wall=1104.5s
dm0 check [[[ 1.51511345e-09  2.24391537e-08  1.89789845e-07 ... -1.14719041e-07
    7.42476856e-07  6.64943793e-08]
  [ 2.24391537e-08  3.34444425e-07  2.75067274e-06 ... -1.77767171e-06
    1.10110573e-05  1.04757954e-06]
  [ 1.89789845e-07  2.75067274e-06  2.57237806e-05 ... -1.02769975e-05
    9.27869110e-05  4.99876992e-06]
  ...
  [-1.14719041e-07 -1.77767171e-06 -1.02769975e-05 ...  2.27166714e-04
    1.81897069e-06 -1.91352291e-04]
  [ 7.42476856e-07  1.10110573e-05  9.27869110e-05 ...  1.81897069e-06
    4.79980266e-04 -1.62432538e-06]
  [ 6.64943793e-08  1.04757954e-06  4.99876992e-06 ... -1.91352291e-04
   -1.62432538e-06  6.55604932e-04]]

 [[ 2.14412288e-09  3.18475751e-08  2.65523668e-07 ... -7.48706513e-08
    1.03578247e-06  2.38438681e-08]
  [ 3.18475751e-08  4.74248065e-07  3.91397161e-06 ... -9.93113945e-07
    1.53190755e-05  2.50156401e-07]
  [ 2.65523668e-07  3.91397161e-06  3.37625491e-05 ... -1.10142914e-05
    1.30901535e-04  4.52868544e-06]
  ...
  [-7.48706513e-08 -9.93113945e-07 -1.10142914e-05 ...  2.49604200e-04
    2.27939015e-06 -2.10130218e-04]
  [ 1.03578247e-06  1.53190755e-05  1.30901535e-04 ...  2.27939015e-06
    5.52938890e-04 -2.04467291e-06]
  [ 2.38438681e-08  2.50156401e-07  4.52868544e-06 ... -2.10130218e-04
   -2.04467291e-06  7.46013452e-04]]]
converged SCF energy = -150.226693714539  <S^2> = 2.0045398  2S+1 = 3.003025
dm0 check [[[ 1.14641745e-09  1.70871841e-08  1.38754813e-07 ... -8.06196941e-08
    6.25417120e-07  4.56926965e-08]
  [ 1.70871841e-08  2.56087717e-07  2.02954043e-06 ... -1.06182579e-06
    9.18282741e-06  7.18406974e-07]
  [ 1.38754813e-07  2.02954043e-06  1.80708466e-05 ... -1.26946806e-05
    8.12951703e-05  3.19891372e-06]
  ...
  [-8.06196941e-08 -1.06182579e-06 -1.26946806e-05 ...  2.39058742e-04
   -1.61627706e-06 -1.68275179e-04]
  [ 6.25417120e-07  9.18282741e-06  8.12951703e-05 ... -1.61627706e-06
    4.44995293e-04 -4.05994829e-06]
  [ 4.56926965e-08  7.18406974e-07  3.19891372e-06 ... -1.68275179e-04
   -4.05994829e-06  5.95722691e-04]]

 [[ 2.53030872e-08  3.85041148e-07  2.83121281e-06 ... -1.48564709e-07
    1.05890540e-07  7.43821276e-08]
  [ 3.85041148e-07  5.86063793e-06  4.30450523e-05 ... -2.17963110e-06
    1.18320858e-06  1.05278733e-06]
  [ 2.83121281e-06  4.30450523e-05  3.17985100e-04 ... -1.75088049e-05
    2.68728932e-05  9.38978176e-06]
  ...
  [-1.48564709e-07 -2.17963110e-06 -1.75088049e-05 ...  2.30571482e-04
    2.08982238e-07 -1.91671362e-04]
  [ 1.05890540e-07  1.18320858e-06  2.68728932e-05 ...  2.08982238e-07
    4.63238233e-04 -3.50223686e-06]
  [ 7.43821276e-08  1.05278733e-06  9.38978176e-06 ... -1.91671362e-04
   -3.50223686e-06  6.49568189e-04]]]
converged SCF energy = -150.244985829831  <S^2> = 0.92979752  2S+1 = 2.1723697
[timing] left/O ensemble SCF = 11.3s
dm0 check [[ 3.79535265e-01  6.12215556e-01 -1.25203493e-01 ...  7.25975575e-06
  -5.13620770e-07 -1.72110997e-05]
 [ 6.12215556e-01  1.01512038e+00 -3.33999312e-01 ...  2.03233593e-05
  -2.18643882e-06 -4.70332660e-05]
 [-1.25203493e-01 -3.33999312e-01  6.75197477e-01 ... -4.90143492e-05
   5.20398740e-06  1.14136679e-04]
 ...
 [ 7.25975575e-06  2.03233593e-05 -4.90143492e-05 ...  3.66726576e-06
   1.51727822e-07 -4.38418376e-06]
 [-5.13620770e-07 -2.18643882e-06  5.20398740e-06 ...  1.51727822e-07
   8.37340637e-07 -3.17695399e-07]
 [-1.72110997e-05 -4.70332660e-05  1.14136679e-04 ... -4.38418376e-06
  -3.17695399e-07  8.36334354e-06]]


******** <class 'pyscf.scf.addons.SmearingDFRKS'> ********
method = SmearingDFRKS
initial guess = minao
damping factor = 0.15
level_shift factor = 0.2
DIIS = <class 'pyscf.scf.diis.CDIIS'>
diis_start_cycle = 1
diis_space = 12
diis_damp = 0
SCF conv_tol = 5e-05
SCF conv_tol_grad = None
SCF max_cycles = 200
direct_scf = True
direct_scf_tol = 1e-13
chkfile to save SCF result = /tmp/tmpohzxmp6r
max_memory 4000 MB (current use 52900 MB)
XC library pyscf.dft.libxc version 6.1.0
    S. Lehtola, C. Steigemann, M. J.T. Oliveira, and M. A.L. Marques.,  SoftwareX 7, 1–5 (2018)
XC functionals = pbe
    J. P. Perdew, K. Burke, and M. Ernzerhof.,  Phys. Rev. Lett. 77, 3865 (1996)
    J. P. Perdew, K. Burke, and M. Ernzerhof.,  Phys. Rev. Lett. 78, 1396 (1997)
    J. P. Perdew, K. Burke, and M. Ernzerhof.,  Phys. Rev. Lett. 77, 3865 (1996)
    J. P. Perdew, K. Burke, and M. Ernzerhof.,  Phys. Rev. Lett. 78, 1396 (1997)
small_rho_cutoff = 1e-06
Set gradient conv threshold to 0.00707107
    Total E(T) = -12115.5909945826  Free energy = -12116.6120091023  E0 = -12116.1015018424
init E= -12115.5909945826
    sigma = 0.02  Optimized mu = -0.0518430601835  entropy = 1.51343886031
    Total E(T) = -12115.5909278793  Free energy = -12115.6211966565  E0 = -12115.6060622679
cycle= 1 E= -12115.5909278793  delta_E= 6.67e-05  |g|= 0.0471  |ddm|= 68.9
    sigma = 0.02  Optimized mu = -0.0525596574308  entropy = 1.51223679301
    Total E(T) = -12115.5901911376  Free energy = -12115.6204358735  E0 = -12115.6053135055
cycle= 2 E= -12115.5901911376  delta_E= 0.000737  |g|= 0.158  |ddm|=  212
    sigma = 0.02  Optimized mu = -0.0520434178622  entropy = 1.51265598515
    Total E(T) = -12115.5906895794  Free energy = -12115.6209426991  E0 = -12115.6058161392
cycle= 3 E= -12115.5906895794  delta_E= -0.000498  |g|= 0.0763  |ddm|= 71.8
    sigma = 0.02  Optimized mu = -0.0520252634104  entropy = 1.51274852236
    Total E(T) = -12115.5908780499  Free energy = -12115.6211330203  E0 = -12115.6060055351
cycle= 4 E= -12115.5908780499  delta_E= -0.000188  |g|= 0.0474  |ddm|= 35.5
    sigma = 0.02  Optimized mu = -0.0520002444804  entropy = 1.51286250212
    Total E(T) = -12115.5909522528  Free energy = -12115.6212095029  E0 = -12115.6060808779
cycle= 5 E= -12115.5909522528  delta_E= -7.42e-05  |g|= 0.0303  |ddm|= 22.1
    sigma = 0.02  Optimized mu = -0.0520199809033  entropy = 1.51274522729
    Total E(T) = -12115.590984041  Free energy = -12115.6212389456  E0 = -12115.6061114933
cycle= 6 E= -12115.590984041  delta_E= -3.18e-05  |g|= 0.0183  |ddm|= 12.5
    sigma = 0.02  Optimized mu = -0.0520128970449  entropy = 1.51278951839
    Total E(T) = -12115.5909962972  Free energy = -12115.6212520876  E0 = -12115.6061241924
cycle= 7 E= -12115.5909962972  delta_E= -1.23e-05  |g|= 0.0121  |ddm|=  8.8
    sigma = 0.02  Optimized mu = -0.0520216931938  entropy = 1.51276191579
    Total E(T) = -12115.5910014834  Free energy = -12115.6212567217  E0 = -12115.6061291026
cycle= 8 E= -12115.5910014834  delta_E= -5.19e-06  |g|= 0.00698  |ddm|= 6.19
    sigma = 0.02  Optimized mu = -0.151921776299  entropy = 51.0526337418
    Total E(T) = -12115.0662501105  Free energy = -12116.0873027854  E0 = -12115.5767764479
Extra cycle  E= -12115.0662501105  delta_E= 0.525  |g|= 0.397  |ddm|= 4.1e+03
converged SCF energy = -12115.0662501105
dm0 check [[[ 1.89788925e-01  3.06164763e-01 -6.27355213e-02 ...  3.62514285e-06
   -3.93120171e-07 -8.11388835e-06]
  [ 3.06164763e-01  5.07711676e-01 -1.67353579e-01 ...  1.01421629e-05
   -1.46141694e-06 -2.21771615e-05]
  [-6.27355213e-02 -1.67353579e-01  3.38417588e-01 ... -2.43948088e-05
    3.49896803e-06  5.37000241e-05]
  ...
  [ 3.62514285e-06  1.01421629e-05 -2.43948088e-05 ...  1.75330133e-06
    3.60527139e-08 -2.03541110e-06]
  [-3.93120171e-07 -1.46141694e-06  3.49896803e-06 ...  3.60527139e-08
    4.21265331e-07 -9.84763391e-08]
  [-8.11388835e-06 -2.21771615e-05  5.37000241e-05 ... -2.03541110e-06
   -9.84763391e-08  3.76835846e-06]]

 [[ 1.89769455e-01  3.06111603e-01 -6.26146550e-02 ...  2.59074688e-06
   -4.76033559e-07 -7.56910039e-06]
  [ 3.06111603e-01  5.07569638e-01 -1.67034595e-01 ...  7.35511834e-06
   -1.68394363e-06 -2.07225620e-05]
  [-6.26146550e-02 -1.67034595e-01  3.37703393e-01 ... -1.76745899e-05
    4.02918227e-06  5.03157796e-05]
  ...
  [ 2.59074688e-06  7.35511834e-06 -1.76745899e-05 ...  1.68730479e-06
    3.46909891e-08 -1.99313464e-06]
  [-4.76033559e-07 -1.68394363e-06  4.02918227e-06 ...  3.46909891e-08
    4.30313846e-07 -1.01191516e-07]
  [-7.56910039e-06 -2.07225620e-05  5.03157796e-05 ... -1.99313464e-06
   -1.01191516e-07  3.74798017e-06]]]


******** <class 'pyscf.scf.addons.SmearingDFUKS'> ********
method = SmearingDFUKS
initial guess = minao
damping factor = 0.15
level_shift factor = 0.2
DIIS = <class 'pyscf.scf.diis.CDIIS'>
diis_start_cycle = 1
diis_space = 12
diis_damp = 0
SCF conv_tol = 5e-05
SCF conv_tol_grad = None
SCF max_cycles = 200
direct_scf = True
direct_scf_tol = 1e-13
chkfile to save SCF result = /tmp/tmp4r63bwaa
max_memory 4000 MB (current use 52825 MB)
number electrons alpha = 325  beta = 323
XC library pyscf.dft.libxc version 6.1.0
    S. Lehtola, C. Steigemann, M. J.T. Oliveira, and M. A.L. Marques.,  SoftwareX 7, 1–5 (2018)
XC functionals = pbe
    J. P. Perdew, K. Burke, and M. Ernzerhof.,  Phys. Rev. Lett. 77, 3865 (1996)
    J. P. Perdew, K. Burke, and M. Ernzerhof.,  Phys. Rev. Lett. 78, 1396 (1997)
    J. P. Perdew, K. Burke, and M. Ernzerhof.,  Phys. Rev. Lett. 77, 3865 (1996)
    J. P. Perdew, K. Burke, and M. Ernzerhof.,  Phys. Rev. Lett. 78, 1396 (1997)
small_rho_cutoff = 1e-06
Set gradient conv threshold to 0.00707107
    Total E(T) = -12115.1480228333  Free energy = -12115.2122648765  E0 = -12115.1801438549
init E= -12115.1480228333
    sigma = 0.005  Optimized mu_alpha = -0.196983085205  entropy = 3.4212988275e-07
    sigma = 0.005  Optimized mu_beta  = -0.199525931755  entropy = 3.4212988275e-07
    Total E(T) = -12115.1479902745  Free energy = -12115.1479902762  E0 = -12115.1479902753
cycle= 1 E= -12115.1479902745  delta_E= 3.26e-05  |g|= 0.0473  |ddm|= 40.3
    sigma = 0.005  Optimized mu_alpha = -0.197426044009  entropy = 3.39916199994e-07
    sigma = 0.005  Optimized mu_beta  = -0.199995521151  entropy = 3.39916199994e-07
    Total E(T) = -12115.1476546694  Free energy = -12115.1476546711  E0 = -12115.1476546702
cycle= 2 E= -12115.1476546694  delta_E= 0.000336  |g|= 0.149  |ddm|=  115
    sigma = 0.005  Optimized mu_alpha = -0.19710621694  entropy = 3.41217400828e-07
    sigma = 0.005  Optimized mu_beta  = -0.199656256505  entropy = 3.41217400828e-07
    Total E(T) = -12115.14788533  Free energy = -12115.1478853317  E0 = -12115.1478853309
cycle= 3 E= -12115.14788533  delta_E= -0.000231  |g|= 0.0708  |ddm|= 38.1
    sigma = 0.005  Optimized mu_alpha = -0.197100875948  entropy = 3.41305169957e-07
    sigma = 0.005  Optimized mu_beta  = -0.19964944774  entropy = 3.41305169957e-07
    Total E(T) = -12115.1479761285  Free energy = -12115.1479761302  E0 = -12115.1479761293
cycle= 4 E= -12115.1479761285  delta_E= -9.08e-05  |g|= 0.0418  |ddm|= 19.4
    sigma = 0.005  Optimized mu_alpha = -0.197070762384  entropy = 3.41444302369e-07
    sigma = 0.005  Optimized mu_beta  = -0.199618385319  entropy = 3.41444302369e-07
    Total E(T) = -12115.1480088844  Free energy = -12115.1480088861  E0 = -12115.1480088852
cycle= 5 E= -12115.1480088844  delta_E= -3.28e-05  |g|= 0.0272  |ddm|= 12.9
    sigma = 0.005  Optimized mu_alpha = -0.197093559717  entropy = 3.41317226087e-07
    sigma = 0.005  Optimized mu_beta  = -0.199641756418  entropy = 3.41317226087e-07
    Total E(T) = -12115.1480220997  Free energy = -12115.1480221014  E0 = -12115.1480221005
cycle= 6 E= -12115.1480220997  delta_E= -1.32e-05  |g|= 0.0157  |ddm|=  6.9
    sigma = 0.005  Optimized mu_alpha = -0.197097600962  entropy = 3.41304242878e-07
    sigma = 0.005  Optimized mu_beta  = -0.199646114977  entropy = 3.41304242878e-07
    Total E(T) = -12115.1480271039  Free energy = -12115.1480271056  E0 = -12115.1480271047
cycle= 7 E= -12115.1480271039  delta_E= -5e-06  |g|= 0.00946  |ddm|=  4.3
    sigma = 0.005  Optimized mu_alpha = -0.197100529276  entropy = 3.41267198519e-07
    sigma = 0.005  Optimized mu_beta  = -0.199649540755  entropy = 3.41267198519e-07
    Total E(T) = -12115.1480289006  Free energy = -12115.1480289023  E0 = -12115.1480289015
cycle= 8 E= -12115.1480289006  delta_E= -1.8e-06  |g|= 0.00541  |ddm|=  3.2
    sigma = 0.005  Optimized mu_alpha = -0.296657867548  entropy = 12.8489127105
    sigma = 0.005  Optimized mu_beta  = -0.299538294581  entropy = 12.8489127105
    Total E(T) = -12115.112793394  Free energy = -12115.1770379575  E0 = -12115.1449156758
Extra cycle  E= -12115.112793394  delta_E= 0.0352  |g|= 0.215  |ddm|=  923
converged SCF energy = -12115.112793394  <S^2> = 3.7630806  2S+1 = 4.006535
[timing] right/Al ensemble SCF = 1062.8s
[timing] collect state = 0.0s
[step 4] |db|=1.814371e-02 Ef=-12267.18418998 (d=+3.865e-02) L=-12267.16653537 (d=+3.888e-02) |grad|=1.784581e-02 cycles=None converged=True wall=1079.4s
dm0 check [[[ 1.51511415e-09  2.24391628e-08  1.89789947e-07 ... -1.14718984e-07
    7.42476838e-07  6.64943258e-08]
  [ 2.24391628e-08  3.34444541e-07  2.75067408e-06 ... -1.77767093e-06
    1.10110575e-05  1.04757877e-06]
  [ 1.89789947e-07  2.75067408e-06  2.57237936e-05 ... -1.02769919e-05
    9.27869045e-05  4.99876461e-06]
  ...
  [-1.14718984e-07 -1.77767093e-06 -1.02769919e-05 ...  2.27166733e-04
    1.81897134e-06 -1.91352306e-04]
  [ 7.42476838e-07  1.10110575e-05  9.27869045e-05 ...  1.81897134e-06
    4.79980259e-04 -1.62432546e-06]
  [ 6.64943258e-08  1.04757877e-06  4.99876461e-06 ... -1.91352306e-04
   -1.62432546e-06  6.55604939e-04]]

 [[ 2.14412378e-09  3.18475878e-08  2.65523769e-07 ... -7.48705966e-08
    1.03578261e-06  2.38438148e-08]
  [ 3.18475878e-08  4.74248243e-07  3.91397303e-06 ... -9.93113260e-07
    1.53190777e-05  2.50155737e-07]
  [ 2.65523769e-07  3.91397303e-06  3.37625602e-05 ... -1.10142876e-05
    1.30901546e-04  4.52868172e-06]
  ...
  [-7.48705966e-08 -9.93113260e-07 -1.10142876e-05 ...  2.49604209e-04
    2.27939089e-06 -2.10130225e-04]
  [ 1.03578261e-06  1.53190777e-05  1.30901546e-04 ...  2.27939089e-06
    5.52938841e-04 -2.04467317e-06]
  [ 2.38438148e-08  2.50155737e-07  4.52868172e-06 ... -2.10130225e-04
   -2.04467317e-06  7.46013408e-04]]]
converged SCF energy = -150.22669371454  <S^2> = 2.0045398  2S+1 = 3.003025
dm0 check [[[ 1.14640648e-09  1.70870363e-08  1.38753766e-07 ... -8.06181611e-08
    6.25414530e-07  4.56915041e-08]
  [ 1.70870363e-08  2.56085699e-07  2.02952709e-06 ... -1.06181952e-06
    9.18279720e-06  7.18389933e-07]
  [ 1.38753766e-07  2.02952709e-06  1.80707419e-05 ... -1.26946015e-05
    8.12948677e-05  3.19878429e-06]
  ...
  [-8.06181611e-08 -1.06181952e-06 -1.26946015e-05 ...  2.39058919e-04
   -1.61646206e-06 -1.68275036e-04]
  [ 6.25414530e-07  9.18279720e-06  8.12948677e-05 ... -1.61646206e-06
    4.44995046e-04 -4.06014496e-06]
  [ 4.56915041e-08  7.18389933e-07  3.19878429e-06 ... -1.68275036e-04
   -4.06014496e-06  5.95722908e-04]]

 [[ 2.53030893e-08  3.85040792e-07  2.83121159e-06 ... -1.48563626e-07
    1.05888903e-07  7.43804317e-08]
  [ 3.85040792e-07  5.86062650e-06  4.30449919e-05 ... -2.17962744e-06
    1.18318299e-06  1.05277454e-06]
  [ 2.83121159e-06  4.30449919e-05  3.17984803e-04 ... -1.75087729e-05
    2.68725759e-05  9.38968399e-06]
  ...
  [-1.48563626e-07 -2.17962744e-06 -1.75087729e-05 ...  2.30571627e-04
    2.08962394e-07 -1.91671233e-04]
  [ 1.05888903e-07  1.18318299e-06  2.68725759e-05 ...  2.08962394e-07
    4.63238037e-04 -3.50226009e-06]
  [ 7.43804317e-08  1.05277454e-06  9.38968399e-06 ... -1.91671233e-04
   -3.50226009e-06  6.49568165e-04]]]
converged SCF energy = -150.244985829816  <S^2> = 0.92980776  2S+1 = 2.1723791
[timing] left/O ensemble SCF = 11.9s
dm0 check [[ 3.79535574e-01  6.12216131e-01 -1.25204953e-01 ...  7.27716717e-06
  -4.26157590e-07 -1.75012401e-05]
 [ 6.12216131e-01  1.01512177e+00 -3.34003523e-01 ...  2.03705521e-05
  -1.95043788e-06 -4.78164778e-05]
 [-1.25204953e-01 -3.34003523e-01  6.75208330e-01 ... -4.91309683e-05
   4.63123065e-06  1.16040456e-04]
 ...
 [ 7.27716717e-06  2.03705521e-05 -4.91309683e-05 ...  3.67853960e-06
   1.70477703e-07 -4.45389515e-06]
 [-4.26157590e-07 -1.95043788e-06  4.63123065e-06 ...  1.70477703e-07
   8.40697652e-07 -3.49545258e-07]
 [-1.75012401e-05 -4.78164778e-05  1.16040456e-04 ... -4.45389515e-06
  -3.49545258e-07  8.61749839e-06]]


******** <class 'pyscf.scf.addons.SmearingDFRKS'> ********
method = SmearingDFRKS
initial guess = minao
damping factor = 0.15
level_shift factor = 0.2
DIIS = <class 'pyscf.scf.diis.CDIIS'>
diis_start_cycle = 1
diis_space = 12
diis_damp = 0
SCF conv_tol = 5e-05
SCF conv_tol_grad = None
SCF max_cycles = 200
direct_scf = True
direct_scf_tol = 1e-13
chkfile to save SCF result = /tmp/tmpohzxmp6r
max_memory 4000 MB (current use 52862 MB)
XC library pyscf.dft.libxc version 6.1.0
    S. Lehtola, C. Steigemann, M. J.T. Oliveira, and M. A.L. Marques.,  SoftwareX 7, 1–5 (2018)
XC functionals = pbe
    J. P. Perdew, K. Burke, and M. Ernzerhof.,  Phys. Rev. Lett. 77, 3865 (1996)
    J. P. Perdew, K. Burke, and M. Ernzerhof.,  Phys. Rev. Lett. 78, 1396 (1997)
    J. P. Perdew, K. Burke, and M. Ernzerhof.,  Phys. Rev. Lett. 77, 3865 (1996)
    J. P. Perdew, K. Burke, and M. Ernzerhof.,  Phys. Rev. Lett. 78, 1396 (1997)
small_rho_cutoff = 1e-06
Set gradient conv threshold to 0.00707107
    Total E(T) = -12115.556664916  Free energy = -12116.5777175909  E0 = -12116.0671912535
init E= -12115.556664916
    sigma = 0.02  Optimized mu = -0.0518682071222  entropy = 1.51350503425
    Total E(T) = -12115.5565957847  Free energy = -12115.5868658854  E0 = -12115.571730835
cycle= 1 E= -12115.5565957847  delta_E= 6.91e-05  |g|= 0.0479  |ddm|= 67.5
    sigma = 0.02  Optimized mu = -0.052552971785  entropy = 1.51253639046
    Total E(T) = -12115.5558395989  Free energy = -12115.5860903267  E0 = -12115.5709649628
cycle= 2 E= -12115.5558395989  delta_E= 0.000756  |g|= 0.16  |ddm|=  212
    sigma = 0.02  Optimized mu = -0.0520597765039  entropy = 1.51278256046
    Total E(T) = -12115.5563498444  Free energy = -12115.5866054956  E0 = -12115.57147767
cycle= 3 E= -12115.5563498444  delta_E= -0.00051  |g|= 0.0775  |ddm|= 72.4
    sigma = 0.02  Optimized mu = -0.0520452439652  entropy = 1.51285534328
    Total E(T) = -12115.5565417757  Free energy = -12115.5867988825  E0 = -12115.5716703291
cycle= 4 E= -12115.5565417757  delta_E= -0.000192  |g|= 0.0486  |ddm|= 35.4
    sigma = 0.02  Optimized mu = -0.0520256307909  entropy = 1.51294415347
    Total E(T) = -12115.5566180566  Free energy = -12115.5868769396  E0 = -12115.5717474981
cycle= 5 E= -12115.5566180566  delta_E= -7.63e-05  |g|= 0.0316  |ddm|= 21.7
    sigma = 0.02  Optimized mu = -0.0520401352  entropy = 1.5128591589
    Total E(T) = -12115.5566512453  Free energy = -12115.5869084285  E0 = -12115.5717798369
cycle= 6 E= -12115.5566512453  delta_E= -3.32e-05  |g|= 0.0195  |ddm|= 12.1
    sigma = 0.02  Optimized mu = -0.0520323572759  entropy = 1.51290109839
    Total E(T) = -12115.556664454  Free energy = -12115.586922476  E0 = -12115.571793465
cycle= 7 E= -12115.556664454  delta_E= -1.32e-05  |g|= 0.0134  |ddm|= 8.92
    sigma = 0.02  Optimized mu = -0.0520391082489  entropy = 1.51287974544
    Total E(T) = -12115.5566702926  Free energy = -12115.5869278875  E0 = -12115.5717990901
cycle= 8 E= -12115.5566702926  delta_E= -5.84e-06  |g|= 0.00823  |ddm|= 6.06
    sigma = 0.02  Optimized mu = -0.0520434158886  entropy = 1.5128688981
    Total E(T) = -12115.5566726047  Free energy = -12115.5869299826  E0 = -12115.5718012936
cycle= 9 E= -12115.5566726047  delta_E= -2.31e-06  |g|= 0.00545  |ddm|= 4.04
    sigma = 0.02  Optimized mu = -0.151976235183  entropy = 51.0534570503
    Total E(T) = -12115.0325862556  Free energy = -12116.0536553966  E0 = -12115.5431208261
Extra cycle  E= -12115.0325862556  delta_E= 0.524  |g|= 0.384  |ddm|= 4.11e+03
converged SCF energy = -12115.0325862556
dm0 check [[[ 1.89789081e-01  3.06165054e-01 -6.27362735e-02 ...  3.63461217e-06
   -3.56015037e-07 -8.24332238e-06]
  [ 3.06165054e-01  5.07712385e-01 -1.67355751e-01 ...  1.01678130e-05
   -1.36134715e-06 -2.25264081e-05]
  [-6.27362735e-02 -1.67355751e-01  3.38423253e-01 ... -2.44580408e-05
    3.25654697e-06  5.45476292e-05]
  ...
  [ 3.63461217e-06  1.01678130e-05 -2.44580408e-05 ...  1.75952662e-06
    4.40676340e-08 -2.06789382e-06]
  [-3.56015037e-07 -1.36134715e-06  3.25654697e-06 ...  4.40676340e-08
    4.22681735e-07 -1.10699714e-07]
  [-8.24332238e-06 -2.25264081e-05  5.45476292e-05 ... -2.06789382e-06
   -1.10699714e-07  3.87846663e-06]]

 [[ 1.89769602e-01  3.06111869e-01 -6.26153419e-02 ...  2.59883574e-06
   -4.38514772e-07 -7.70045196e-06]
  [ 3.06111869e-01  5.07570278e-01 -1.67036590e-01 ...  7.37703067e-06
   -1.58268244e-06 -2.10772241e-05]
  [-6.26153419e-02 -1.67036590e-01  3.37708604e-01 ... -1.77286060e-05
    3.78318394e-06  5.11787289e-05]
  ...
  [ 2.59883574e-06  7.37703067e-06 -1.77286060e-05 ...  1.69347119e-06
    4.26543531e-08 -2.02568570e-06]
  [-4.38514772e-07 -1.58268244e-06  3.78318394e-06 ...  4.26543531e-08
    4.31760109e-07 -1.13521919e-07]
  [-7.70045196e-06 -2.10772241e-05  5.11787289e-05 ... -2.02568570e-06
   -1.13521919e-07  3.85915580e-06]]]


******** <class 'pyscf.scf.addons.SmearingDFUKS'> ********
method = SmearingDFUKS
initial guess = minao
damping factor = 0.15
level_shift factor = 0.2
DIIS = <class 'pyscf.scf.diis.CDIIS'>
diis_start_cycle = 1
diis_space = 12
diis_damp = 0
SCF conv_tol = 5e-05
SCF conv_tol_grad = None
SCF max_cycles = 200
direct_scf = True
direct_scf_tol = 1e-13
chkfile to save SCF result = /tmp/tmp4r63bwaa
max_memory 4000 MB (current use 52862 MB)
number electrons alpha = 325  beta = 323
XC library pyscf.dft.libxc version 6.1.0
    S. Lehtola, C. Steigemann, M. J.T. Oliveira, and M. A.L. Marques.,  SoftwareX 7, 1–5 (2018)
XC functionals = pbe
    J. P. Perdew, K. Burke, and M. Ernzerhof.,  Phys. Rev. Lett. 77, 3865 (1996)
    J. P. Perdew, K. Burke, and M. Ernzerhof.,  Phys. Rev. Lett. 78, 1396 (1997)
    J. P. Perdew, K. Burke, and M. Ernzerhof.,  Phys. Rev. Lett. 77, 3865 (1996)
    J. P. Perdew, K. Burke, and M. Ernzerhof.,  Phys. Rev. Lett. 78, 1396 (1997)
small_rho_cutoff = 1e-06
Set gradient conv threshold to 0.00707107
    Total E(T) = -12115.1136645671  Free energy = -12115.1779091306  E0 = -12115.1457868488
init E= -12115.1136645671
    sigma = 0.005  Optimized mu_alpha = -0.197008803151  entropy = 3.42204747747e-07
    sigma = 0.005  Optimized mu_beta  = -0.199551069456  entropy = 3.42204747747e-07
    Total E(T) = -12115.1136324978  Free energy = -12115.1136324995  E0 = -12115.1136324986
cycle= 1 E= -12115.1136324978  delta_E= 3.21e-05  |g|= 0.0467  |ddm|= 37.2
    sigma = 0.005  Optimized mu_alpha = -0.197423099633  entropy = 3.40204526936e-07
    sigma = 0.005  Optimized mu_beta  = -0.199990598089  entropy = 3.40204526936e-07
    Total E(T) = -12115.1133037978  Free energy = -12115.1133037995  E0 = -12115.1133037986
cycle= 2 E= -12115.1133037978  delta_E= 0.000329  |g|= 0.148  |ddm|=  110
    sigma = 0.005  Optimized mu_alpha = -0.197124076833  entropy = 3.41353018525e-07
    sigma = 0.005  Optimized mu_beta  = -0.199673023858  entropy = 3.41353018525e-07
    Total E(T) = -12115.113527302  Free energy = -12115.1135273037  E0 = -12115.1135273028
cycle= 3 E= -12115.113527302  delta_E= -0.000224  |g|= 0.0714  |ddm|= 36.9
    sigma = 0.005  Optimized mu_alpha = -0.197120007203  entropy = 3.4141728147e-07
    sigma = 0.005  Optimized mu_beta  = -0.199667862698  entropy = 3.4141728147e-07
    Total E(T) = -12115.1136150302  Free energy = -12115.1136150319  E0 = -12115.113615031
cycle= 4 E= -12115.1136150302  delta_E= -8.77e-05  |g|= 0.0432  |ddm|= 18.5
    sigma = 0.005  Optimized mu_alpha = -0.197100053842  entropy = 3.41530035239e-07
    sigma = 0.005  Optimized mu_beta  = -0.199646958782  entropy = 3.41530035239e-07
    Total E(T) = -12115.113647343  Free energy = -12115.1136473448  E0 = -12115.1136473439
cycle= 5 E= -12115.113647343  delta_E= -3.23e-05  |g|= 0.029  |ddm|= 11.9
    sigma = 0.005  Optimized mu_alpha = -0.197113769079  entropy = 3.4144636023e-07
    sigma = 0.005  Optimized mu_beta  = -0.199661026753  entropy = 3.4144636023e-07
    Total E(T) = -12115.1136610482  Free energy = -12115.1136610499  E0 = -12115.113661049
cycle= 6 E= -12115.1136610482  delta_E= -1.37e-05  |g|= 0.0179  |ddm|= 6.22
    sigma = 0.005  Optimized mu_alpha = -0.197116226657  entropy = 3.41429184428e-07
    sigma = 0.005  Optimized mu_beta  = -0.199663927739  entropy = 3.41429184428e-07
    Total E(T) = -12115.1136667531  Free energy = -12115.1136667548  E0 = -12115.1136667539
cycle= 7 E= -12115.1136667531  delta_E= -5.7e-06  |g|= 0.0113  |ddm|= 3.95
    sigma = 0.005  Optimized mu_alpha = -0.19711759181  entropy = 3.41407699164e-07
    sigma = 0.005  Optimized mu_beta  = -0.199665537299  entropy = 3.41407699164e-07
    Total E(T) = -12115.1136690387  Free energy = -12115.1136690404  E0 = -12115.1136690395
cycle= 8 E= -12115.1136690387  delta_E= -2.29e-06  |g|= 0.00691  |ddm|= 3.36
    sigma = 0.005  Optimized mu_alpha = -0.296671131075  entropy = 12.849733126
    sigma = 0.005  Optimized mu_beta  = -0.299551157408  entropy = 12.849733126
    Total E(T) = -12115.078298231  Free energy = -12115.1425468967  E0 = -12115.1104225639
Extra cycle  E= -12115.078298231  delta_E= 0.0354  |g|= 0.23  |ddm|=  923
converged SCF energy = -12115.078298231  <S^2> = 3.7630851  2S+1 = 4.0065372
[timing] right/Al ensemble SCF = 1096.0s
[timing] collect state = 0.0s
[step 5] |db|=1.784581e-02 Ef=-12267.14670086 (d=+3.749e-02) L=-12267.12884964 (d=+3.769e-02) |grad|=1.754389e-02 cycles=None converged=True wall=1113.1s
[summary] grad_nonincreasing=True L_monotonic_increase=True Ef_monotonic_increase=True
left ensemble electron number ([9, 9], [7, 8])
right ensemble electron number ([325, 325], [325, 323])
[warm-start] rdft1.D ← pickle dm_ig1
[warm-start] rdft2.D ← pickle dm_ig2

===== case: b_ridge_1e-3 =====
[init] |b|=3.319968e+00 max|b|=1.356073e+00
dm0 check None
converged SCF energy = -150.226693714538  <S^2> = 2.0045399  2S+1 = 3.003025
dm0 check None
converged SCF energy = -150.244985829667  <S^2> = 0.9297856  2S+1 = 2.1723587
[timing] left/O ensemble SCF = 237.4s
dm0 check [[ 3.79534667e-01  6.12215942e-01 -1.25201763e-01 ...  2.36317920e-05
   1.49366314e-05 -4.82399976e-05]
 [ 6.12215942e-01  1.01512501e+00 -3.34000618e-01 ...  6.44393809e-05
   3.94766218e-05 -1.30683035e-04]
 [-1.25201763e-01 -3.34000618e-01  6.75173101e-01 ... -1.55457170e-04
  -9.56115372e-05  3.16293403e-04]
 ...
 [ 2.36317920e-05  6.44393809e-05 -1.55457170e-04 ...  1.08752212e-05
   5.93102766e-06 -2.35175680e-05]
 [ 1.49366314e-05  3.94766218e-05 -9.56115372e-05 ...  5.93102766e-06
   4.91849297e-06 -1.47860727e-05]
 [-4.82399976e-05 -1.30683035e-04  3.16293403e-04 ... -2.35175680e-05
  -1.47860727e-05  5.94712674e-05]]


******** <class 'pyscf.scf.addons.SmearingDFRKS'> ********
method = SmearingDFRKS
initial guess = minao
damping factor = 0.15
level_shift factor = 0.2
DIIS = <class 'pyscf.scf.diis.CDIIS'>
diis_start_cycle = 1
diis_space = 12
diis_damp = 0
SCF conv_tol = 5e-05
SCF conv_tol_grad = None
SCF max_cycles = 200
direct_scf = True
direct_scf_tol = 1e-13
chkfile to save SCF result = /tmp/tmpbjfujydw
max_memory 4000 MB (current use 52695 MB)
XC library pyscf.dft.libxc version 6.1.0
    S. Lehtola, C. Steigemann, M. J.T. Oliveira, and M. A.L. Marques.,  SoftwareX 7, 1–5 (2018)
XC functionals = pbe
    J. P. Perdew, K. Burke, and M. Ernzerhof.,  Phys. Rev. Lett. 77, 3865 (1996)
    J. P. Perdew, K. Burke, and M. Ernzerhof.,  Phys. Rev. Lett. 78, 1396 (1997)
    J. P. Perdew, K. Burke, and M. Ernzerhof.,  Phys. Rev. Lett. 77, 3865 (1996)
    J. P. Perdew, K. Burke, and M. Ernzerhof.,  Phys. Rev. Lett. 78, 1396 (1997)
small_rho_cutoff = 1e-06
Set gradient conv threshold to 0.00707107
init E= -12115.8437339243
    sigma = 0.02  Optimized mu = -0.0544450106169  entropy = 1.51193769422
    Total E(T) = -12115.8505647733  Free energy = -12115.8808035272  E0 = -12115.8656841503
cycle= 1 E= -12115.8505647733  delta_E= -0.00683  |g|= 0.305  |ddm|=  793
    sigma = 0.02  Optimized mu = -0.0478717364435  entropy = 1.57789381834
    Total E(T) = -12115.8230752806  Free energy = -12115.854633157  E0 = -12115.8388542188
cycle= 2 E= -12115.8230752806  delta_E= 0.0275  |g|= 0.956  |ddm|= 1.43e+03
    sigma = 0.02  Optimized mu = -0.0517245389376  entropy = 1.51623802122
    Total E(T) = -12115.8428550389  Free energy = -12115.8731797993  E0 = -12115.8580174191
cycle= 3 E= -12115.8428550389  delta_E= -0.0198  |g|= 0.477  |ddm|=  402
    sigma = 0.02  Optimized mu = -0.0521857037679  entropy = 1.51296903869
    Total E(T) = -12115.8509491294  Free energy = -12115.8812085101  E0 = -12115.8660788198
cycle= 4 E= -12115.8509491294  delta_E= -0.00809  |g|= 0.275  |ddm|=  250
    sigma = 0.02  Optimized mu = -0.0524797791636  entropy = 1.51118145845
    Total E(T) = -12115.8540375075  Free energy = -12115.8842611366  E0 = -12115.8691493221
cycle= 5 E= -12115.8540375075  delta_E= -0.00309  |g|= 0.143  |ddm|=  129
    sigma = 0.02  Optimized mu = -0.0520829243029  entropy = 1.51166169447
    Total E(T) = -12115.8550420868  Free energy = -12115.8852753207  E0 = -12115.8701587037
cycle= 6 E= -12115.8550420868  delta_E= -0.001  |g|= 0.0763  |ddm|=  126
    sigma = 0.02  Optimized mu = -0.0518958652963  entropy = 1.51156778156
    Total E(T) = -12115.8553049434  Free energy = -12115.885536299  E0 = -12115.8704206212
cycle= 7 E= -12115.8553049434  delta_E= -0.000263  |g|= 0.0433  |ddm|= 85.1
    sigma = 0.02  Optimized mu = -0.0519293650352  entropy = 1.51110356654
    Total E(T) = -12115.855383756  Free energy = -12115.8856058274  E0 = -12115.8704947917
cycle= 8 E= -12115.855383756  delta_E= -7.88e-05  |g|= 0.0308  |ddm|=   47
    sigma = 0.02  Optimized mu = -0.0518885066315  entropy = 1.51131097652
    Total E(T) = -12115.8554167758  Free energy = -12115.8856429954  E0 = -12115.8705298856
cycle= 9 E= -12115.8554167758  delta_E= -3.3e-05  |g|= 0.0183  |ddm|= 16.2
    sigma = 0.02  Optimized mu = -0.0519251273594  entropy = 1.51112612766
    Total E(T) = -12115.8554319694  Free energy = -12115.885654492  E0 = -12115.8705432307
cycle= 10 E= -12115.8554319694  delta_E= -1.52e-05  |g|= 0.0135  |ddm|= 10.3
    sigma = 0.02  Optimized mu = -0.0519107820759  entropy = 1.51118682454
    Total E(T) = -12115.8554392643  Free energy = -12115.8856630007  E0 = -12115.8705511325
cycle= 11 E= -12115.8554392643  delta_E= -7.29e-06  |g|= 0.00862  |ddm|= 8.75
    sigma = 0.02  Optimized mu = -0.0519142213096  entropy = 1.51115649129
    Total E(T) = -12115.8554428819  Free energy = -12115.8856660118  E0 = -12115.8705544468
cycle= 12 E= -12115.8554428819  delta_E= -3.62e-06  |g|= 0.00684  |ddm|= 6.21
    sigma = 0.02  Optimized mu = -0.152001025571  entropy = 51.0333317487
    Total E(T) = -12115.3319611332  Free energy = -12116.3526277682  E0 = -12115.8422944507
Extra cycle  E= -12115.3319611332  delta_E= 0.523  |g|= 0.398  |ddm|= 4.28e+03
converged SCF energy = -12115.3319611332
dm0 check [[[ 1.89789196e-01  3.06166479e-01 -6.27382539e-02 ...  9.19437390e-06
    5.84157518e-06 -2.11411548e-05]
  [ 3.06166479e-01  5.07718057e-01 -1.67363818e-01 ...  2.51422704e-05
    1.53443342e-05 -5.72819252e-05]
  [-6.27382539e-02 -1.67363818e-01  3.38427764e-01 ... -6.05253784e-05
   -3.71083306e-05  1.38400825e-04]
  ...
  [ 9.19437390e-06  2.51422704e-05 -6.05253784e-05 ...  3.13715954e-06
    1.55781055e-06 -7.62202888e-06]
  [ 5.84157518e-06  1.53443342e-05 -3.71083306e-05 ...  1.55781055e-06
    1.58848999e-06 -4.83700572e-06]
  [-2.11411548e-05 -5.72819252e-05  1.38400825e-04 ... -7.62202888e-06
   -4.83700572e-06  2.29806320e-05]]

 [[ 1.89768293e-01  3.06109553e-01 -6.26090281e-02 ...  1.01180610e-05
    6.66144515e-06 -2.24745711e-05]
  [ 3.06109553e-01  5.07566082e-01 -1.67022755e-01 ...  2.76492411e-05
    1.75711417e-05 -6.09233013e-05]
  [-6.26090281e-02 -1.67022755e-01  3.37665124e-01 ... -6.67405293e-05
   -4.26419552e-05  1.47637880e-04]
  ...
  [ 1.01180610e-05  2.76492411e-05 -6.67405293e-05 ...  3.37989959e-06
    1.74706069e-06 -8.19436833e-06]
  [ 6.66144515e-06  1.75711417e-05 -4.26419552e-05 ...  1.74706069e-06
    1.74323057e-06 -5.30648444e-06]
  [-2.24745711e-05 -6.09233013e-05  1.47637880e-04 ... -8.19436833e-06
   -5.30648444e-06  2.42423049e-05]]]


******** <class 'pyscf.scf.addons.SmearingDFUKS'> ********
method = SmearingDFUKS
initial guess = minao
damping factor = 0.15
level_shift factor = 0.2
DIIS = <class 'pyscf.scf.diis.CDIIS'>
diis_start_cycle = 1
diis_space = 12
diis_damp = 0
SCF conv_tol = 5e-05
SCF conv_tol_grad = None
SCF max_cycles = 200
direct_scf = True
direct_scf_tol = 1e-13
chkfile to save SCF result = /tmp/tmpf2v1oobx
max_memory 4000 MB (current use 52632 MB)
number electrons alpha = 325  beta = 323
XC library pyscf.dft.libxc version 6.1.0
    S. Lehtola, C. Steigemann, M. J.T. Oliveira, and M. A.L. Marques.,  SoftwareX 7, 1–5 (2018)
XC functionals = pbe
    J. P. Perdew, K. Burke, and M. Ernzerhof.,  Phys. Rev. Lett. 77, 3865 (1996)
    J. P. Perdew, K. Burke, and M. Ernzerhof.,  Phys. Rev. Lett. 78, 1396 (1997)
    J. P. Perdew, K. Burke, and M. Ernzerhof.,  Phys. Rev. Lett. 77, 3865 (1996)
    J. P. Perdew, K. Burke, and M. Ernzerhof.,  Phys. Rev. Lett. 78, 1396 (1997)
small_rho_cutoff = 1e-06
Set gradient conv threshold to 0.00707107
init E= -12115.4041869922
    sigma = 0.005  Optimized mu_alpha = -0.19934531692  entropy = 3.47138985503e-07
    sigma = 0.005  Optimized mu_beta  = -0.201929727155  entropy = 3.47138985503e-07
    Total E(T) = -12115.4079844379  Free energy = -12115.4079844396  E0 = -12115.4079844387
cycle= 1 E= -12115.4079844379  delta_E= -0.0038  |g|= 0.474  |ddm|=  575
    sigma = 0.005  Optimized mu_alpha = -0.193152908267  entropy = 4.91532402711e-07
    sigma = 0.005  Optimized mu_beta  = -0.19575373326  entropy = 4.91532402711e-07
    Total E(T) = -12115.3786088817  Free energy = -12115.3786088842  E0 = -12115.378608883
cycle= 2 E= -12115.3786088817  delta_E= 0.0294  |g|= 1.43  |ddm|= 1.01e+03
    sigma = 0.005  Optimized mu_alpha = -0.196763648961  entropy = 3.41856433293e-07
    sigma = 0.005  Optimized mu_beta  = -0.199316583336  entropy = 3.41856433293e-07
    Total E(T) = -12115.3981018078  Free energy = -12115.3981018095  E0 = -12115.3981018087
cycle= 3 E= -12115.3981018078  delta_E= -0.0195  |g|= 0.753  |ddm|=  306
    sigma = 0.005  Optimized mu_alpha = -0.197080298129  entropy = 3.42100702159e-07
    sigma = 0.005  Optimized mu_beta  = -0.199635354689  entropy = 3.42100702159e-07
    Total E(T) = -12115.4070197542  Free energy = -12115.4070197559  E0 = -12115.4070197551
cycle= 4 E= -12115.4070197542  delta_E= -0.00892  |g|= 0.444  |ddm|=  162
    sigma = 0.005  Optimized mu_alpha = -0.197664768773  entropy = 3.3941894241e-07
    sigma = 0.005  Optimized mu_beta  = -0.200225666216  entropy = 3.3941894241e-07
    Total E(T) = -12115.4105065623  Free energy = -12115.410506564  E0 = -12115.4105065632
cycle= 5 E= -12115.4105065623  delta_E= -0.00349  |g|= 0.28  |ddm|=  102
    sigma = 0.005  Optimized mu_alpha = -0.197085216567  entropy = 3.40538492954e-07
    sigma = 0.005  Optimized mu_beta  = -0.199645143469  entropy = 3.40538492954e-07
    Total E(T) = -12115.4119282439  Free energy = -12115.4119282456  E0 = -12115.4119282448
cycle= 6 E= -12115.4119282439  delta_E= -0.00142  |g|= 0.139  |ddm|= 77.5
    sigma = 0.005  Optimized mu_alpha = -0.196986100537  entropy = 3.39088283862e-07
    sigma = 0.005  Optimized mu_beta  = -0.199550781287  entropy = 3.39088283862e-07
    Total E(T) = -12115.4123405042  Free energy = -12115.4123405059  E0 = -12115.412340505
cycle= 7 E= -12115.4123405042  delta_E= -0.000412  |g|= 0.0923  |ddm|= 62.7
    sigma = 0.005  Optimized mu_alpha = -0.196968089158  entropy = 3.3948543818e-07
    sigma = 0.005  Optimized mu_beta  = -0.199526308062  entropy = 3.3948543818e-07
    Total E(T) = -12115.4124833715  Free energy = -12115.4124833732  E0 = -12115.4124833723
cycle= 8 E= -12115.4124833715  delta_E= -0.000143  |g|= 0.0538  |ddm|= 29.7
    sigma = 0.005  Optimized mu_alpha = -0.196986334362  entropy = 3.3923249082e-07
    sigma = 0.005  Optimized mu_beta  = -0.199545912984  entropy = 3.3923249082e-07
    Total E(T) = -12115.4125353027  Free energy = -12115.4125353044  E0 = -12115.4125353035
cycle= 9 E= -12115.4125353027  delta_E= -5.19e-05  |g|= 0.0384  |ddm|= 17.8
    sigma = 0.005  Optimized mu_alpha = -0.196977695988  entropy = 3.39376219034e-07
    sigma = 0.005  Optimized mu_beta  = -0.199537190037  entropy = 3.39376219034e-07
    Total E(T) = -12115.4125577923  Free energy = -12115.412557794  E0 = -12115.4125577931
cycle= 10 E= -12115.4125577923  delta_E= -2.25e-05  |g|= 0.0253  |ddm|= 9.14
    sigma = 0.005  Optimized mu_alpha = -0.196983099672  entropy = 3.39332450347e-07
    sigma = 0.005  Optimized mu_beta  = -0.19954263983  entropy = 3.39332450347e-07
    Total E(T) = -12115.4125685899  Free energy = -12115.4125685916  E0 = -12115.4125685908
cycle= 11 E= -12115.4125685899  delta_E= -1.08e-05  |g|= 0.0179  |ddm|= 5.89
    sigma = 0.005  Optimized mu_alpha = -0.196990647471  entropy = 3.39375934399e-07
    sigma = 0.005  Optimized mu_beta  = -0.199548996203  entropy = 3.39375934399e-07
    Total E(T) = -12115.4125739463  Free energy = -12115.412573948  E0 = -12115.4125739472
cycle= 12 E= -12115.4125739463  delta_E= -5.36e-06  |g|= 0.0137  |ddm|= 5.25
    sigma = 0.005  Optimized mu_alpha = -0.196983853884  entropy = 3.3940056952e-07
    sigma = 0.005  Optimized mu_beta  = -0.199542443943  entropy = 3.3940056952e-07
    Total E(T) = -12115.4125768738  Free energy = -12115.4125768755  E0 = -12115.4125768747
cycle= 13 E= -12115.4125768738  delta_E= -2.93e-06  |g|= 0.011  |ddm|= 2.91
    sigma = 0.005  Optimized mu_alpha = -0.196983039243  entropy = 3.39353522294e-07
    sigma = 0.005  Optimized mu_beta  = -0.199541948007  entropy = 3.39353522294e-07
    Total E(T) = -12115.4125787079  Free energy = -12115.4125787096  E0 = -12115.4125787088
cycle= 14 E= -12115.4125787079  delta_E= -1.83e-06  |g|= 0.00944  |ddm|= 2.91
    sigma = 0.005  Optimized mu_alpha = -0.196980644835  entropy = 3.39397289169e-07
    sigma = 0.005  Optimized mu_beta  = -0.199538954567  entropy = 3.39397289169e-07
    Total E(T) = -12115.4125799277  Free energy = -12115.4125799294  E0 = -12115.4125799286
cycle= 15 E= -12115.4125799277  delta_E= -1.22e-06  |g|= 0.0084  |ddm|= 2.29
    sigma = 0.005  Optimized mu_alpha = -0.196980767767  entropy = 3.3942344913e-07
    sigma = 0.005  Optimized mu_beta  = -0.199538785446  entropy = 3.3942344913e-07
    Total E(T) = -12115.412580841  Free energy = -12115.4125808427  E0 = -12115.4125808418
cycle= 16 E= -12115.412580841  delta_E= -9.13e-07  |g|= 0.00742  |ddm|= 1.74
    sigma = 0.005  Optimized mu_alpha = -0.196980186687  entropy = 3.39386668718e-07
    sigma = 0.005  Optimized mu_beta  = -0.199538821168  entropy = 3.39386668718e-07
    Total E(T) = -12115.4125817431  Free energy = -12115.4125817448  E0 = -12115.4125817439
cycle= 17 E= -12115.4125817431  delta_E= -9.02e-07  |g|= 0.00579  |ddm|= 2.02
    sigma = 0.005  Optimized mu_alpha = -0.296620398696  entropy = 12.8240726893
    sigma = 0.005  Optimized mu_beta  = -0.299511391253  entropy = 12.8240726893
    Total E(T) = -12115.3776951561  Free energy = -12115.4418155195  E0 = -12115.4097553378
Extra cycle  E= -12115.3776951561  delta_E= 0.0349  |g|= 0.207  |ddm|=  926
converged SCF energy = -12115.3776951561  <S^2> = 3.7629308  2S+1 = 4.0064602
[timing] right/Al ensemble SCF = 1833.6s
[timing] collect state = 0.0s
[eval-0] Ef=-12267.33895522 L=-12267.32232295 |grad|=1.880487e-02 cycles=None converged=True wall=2076.3s cos(grad,b_opt-b_init)=0.367813
dm0 check [[[ 1.51510539e-09  2.24390407e-08  1.89788584e-07 ... -1.14716793e-07
    7.42480591e-07  6.64925537e-08]
  [ 2.24390407e-08  3.34442860e-07  2.75065447e-06 ... -1.77763476e-06
    1.10111116e-05  1.04754946e-06]
  [ 1.89788584e-07  2.75065447e-06  2.57236015e-05 ... -1.02767709e-05
    9.27874012e-05  4.99858660e-06]
  ...
  [-1.14716793e-07 -1.77763476e-06 -1.02767709e-05 ...  2.27166818e-04
    1.81897022e-06 -1.91352427e-04]
  [ 7.42480591e-07  1.10111116e-05  9.27874012e-05 ...  1.81897022e-06
    4.79983561e-04 -1.62425374e-06]
  [ 6.64925537e-08  1.04754946e-06  4.99858660e-06 ... -1.91352427e-04
   -1.62425374e-06  6.55608417e-04]]

 [[ 2.14412926e-09  3.18476687e-08  2.65524476e-07 ... -7.48678675e-08
    1.03578378e-06  2.38417798e-08]
  [ 3.18476687e-08  4.74249422e-07  3.91398393e-06 ... -9.93071944e-07
    1.53190952e-05  2.50124817e-07]
  [ 2.65524476e-07  3.91398393e-06  3.37626381e-05 ... -1.10139777e-05
    1.30901684e-04  4.52845690e-06]
  ...
  [-7.48678675e-08 -9.93071944e-07 -1.10139777e-05 ...  2.49604988e-04
    2.27945400e-06 -2.10130920e-04]
  [ 1.03578378e-06  1.53190952e-05  1.30901684e-04 ...  2.27945400e-06
    5.52938192e-04 -2.04465529e-06]
  [ 2.38417798e-08  2.50124817e-07  4.52845690e-06 ... -2.10130920e-04
   -2.04465529e-06  7.46013266e-04]]]
converged SCF energy = -150.226693714539  <S^2> = 2.0045398  2S+1 = 3.003025
dm0 check [[[ 1.14663927e-09  1.70906963e-08  1.38764383e-07 ... -8.06351991e-08
    6.25424907e-07  4.57094748e-08]
  [ 1.70906963e-08  2.56142401e-07  2.02970512e-06 ... -1.06203847e-06
    9.18297648e-06  7.18610580e-07]
  [ 1.38764383e-07  2.02970512e-06  1.80711277e-05 ... -1.26954868e-05
    8.12953223e-05  3.19992558e-06]
  ...
  [-8.06351991e-08 -1.06203847e-06 -1.26954868e-05 ...  2.39056590e-04
   -1.61628521e-06 -1.68273569e-04]
  [ 6.25424907e-07  9.18297648e-06  8.12953223e-05 ... -1.61628521e-06
    4.44991768e-04 -4.05797460e-06]
  [ 4.57094748e-08  7.18610580e-07  3.19992558e-06 ... -1.68273569e-04
   -4.05797460e-06  5.95720304e-04]]

 [[ 2.52991917e-08  3.84988468e-07  2.83081238e-06 ... -1.48521070e-07
    1.05980492e-07  7.43608025e-08]
  [ 3.84988468e-07  5.85993601e-06  4.30397100e-05 ... -2.17883477e-06
    1.18474495e-06  1.05238318e-06]
  [ 2.83081238e-06  4.30397100e-05  3.17944269e-04 ... -1.75046016e-05
    2.68826267e-05  9.38690534e-06]
  ...
  [-1.48521070e-07 -2.17883477e-06 -1.75046016e-05 ...  2.30576224e-04
    2.09094785e-07 -1.91668407e-04]
  [ 1.05980492e-07  1.18474495e-06  2.68826267e-05 ...  2.09094785e-07
    4.63234853e-04 -3.50197083e-06]
  [ 7.43608025e-08  1.05238318e-06  9.38690534e-06 ... -1.91668407e-04
   -3.50197083e-06  6.49562330e-04]]]
converged SCF energy = -150.244985829812  <S^2> = 0.92979458  2S+1 = 2.172367
[timing] left/O ensemble SCF = 14.0s
dm0 check [[ 3.79545787e-01  6.12222474e-01 -1.25215453e-01 ...  6.14373113e-06
   1.92424708e-07 -1.60972170e-05]
 [ 6.12222474e-01  1.01511602e+00 -3.34020013e-01 ...  1.73016524e-05
  -2.79879104e-07 -4.40140961e-05]
 [-1.25215453e-01 -3.34020013e-01  6.75231190e-01 ... -4.15896817e-05
   5.67914905e-07  1.06691294e-04]
 ...
 [ 6.14373113e-06  1.73016524e-05 -4.15896817e-05 ...  2.44601616e-06
   2.75440727e-07 -3.05572989e-06]
 [ 1.92424708e-07 -2.79879104e-07  5.67914905e-07 ...  2.75440727e-07
   8.38530271e-07 -5.57044169e-07]
 [-1.60972170e-05 -4.40140961e-05  1.06691294e-04 ... -3.05572989e-06
  -5.57044169e-07  7.19448894e-06]]


******** <class 'pyscf.scf.addons.SmearingDFRKS'> ********
method = SmearingDFRKS
initial guess = minao
damping factor = 0.15
level_shift factor = 0.2
DIIS = <class 'pyscf.scf.diis.CDIIS'>
diis_start_cycle = 1
diis_space = 12
diis_damp = 0
SCF conv_tol = 5e-05
SCF conv_tol_grad = None
SCF max_cycles = 200
direct_scf = True
direct_scf_tol = 1e-13
chkfile to save SCF result = /tmp/tmpbjfujydw
max_memory 4000 MB (current use 53192 MB)
XC library pyscf.dft.libxc version 6.1.0
    S. Lehtola, C. Steigemann, M. J.T. Oliveira, and M. A.L. Marques.,  SoftwareX 7, 1–5 (2018)
XC functionals = pbe
    J. P. Perdew, K. Burke, and M. Ernzerhof.,  Phys. Rev. Lett. 77, 3865 (1996)
    J. P. Perdew, K. Burke, and M. Ernzerhof.,  Phys. Rev. Lett. 78, 1396 (1997)
    J. P. Perdew, K. Burke, and M. Ernzerhof.,  Phys. Rev. Lett. 77, 3865 (1996)
    J. P. Perdew, K. Burke, and M. Ernzerhof.,  Phys. Rev. Lett. 78, 1396 (1997)
small_rho_cutoff = 1e-06
Set gradient conv threshold to 0.00707107
    Total E(T) = -12116.0728626377  Free energy = -12117.0935292727  E0 = -12116.5831959552
init E= -12116.0728626377
    sigma = 0.02  Optimized mu = -0.0519336762382  entropy = 1.51139990517
    Total E(T) = -12116.0728671526  Free energy = -12116.1030951507  E0 = -12116.0879811517
cycle= 1 E= -12116.0728671526  delta_E= -4.51e-06  |g|= 0.0149  |ddm|= 27.4
    sigma = 0.02  Optimized mu = -0.0519535302341  entropy = 1.51136612042
    Total E(T) = -12116.0728190909  Free energy = -12116.1030464133  E0 = -12116.0879327521
cycle= 2 E= -12116.0728190909  delta_E= 4.81e-05  |g|= 0.0443  |ddm|=   42
    sigma = 0.02  Optimized mu = -0.051924436993  entropy = 1.51143526536
    Total E(T) = -12116.0728708734  Free energy = -12116.1030995787  E0 = -12116.0879852261
cycle= 3 E= -12116.0728708734  delta_E= -5.18e-05  |g|= 0.006  |ddm|= 29.3
    sigma = 0.02  Optimized mu = -0.0519325156445  entropy = 1.51133170544
    Total E(T) = -12116.0728751492  Free energy = -12116.1031017833  E0 = -12116.0879884663
cycle= 4 E= -12116.0728751492  delta_E= -4.28e-06  |g|= 0.00486  |ddm|= 25.6
    sigma = 0.02  Optimized mu = -0.15192517506  entropy = 51.043345086
    Total E(T) = -12115.548379691  Free energy = -12116.5692465927  E0 = -12116.0588131418
Extra cycle  E= -12115.548379691  delta_E= 0.524  |g|=  0.4  |ddm|= 4.25e+03
converged SCF energy = -12115.548379691
dm0 check [[[ 1.89794280e-01  3.06168501e-01 -6.27421346e-02 ...  3.06029619e-06
   -2.99063033e-08 -7.60532346e-06]
  [ 3.06168501e-01  5.07710292e-01 -1.67365731e-01 ...  8.61446555e-06
   -4.81158440e-07 -2.07997121e-05]
  [-6.27421346e-02 -1.67365731e-01  3.38438876e-01 ... -2.06560185e-05
    1.12014502e-06  5.03122334e-05]
  ...
  [ 3.06029619e-06  8.61446555e-06 -2.06560185e-05 ...  1.16900658e-06
    1.00688173e-07 -1.41144783e-06]
  [-2.99063033e-08 -4.81158440e-07  1.12014502e-06 ...  1.00688173e-07
    4.19499867e-07 -2.10240336e-07]
  [-7.60532346e-06 -2.07997121e-05  5.03122334e-05 ... -1.41144783e-06
   -2.10240336e-07  3.23890783e-06]]

 [[ 1.89774332e-01  3.06114129e-01 -6.26185259e-02 ...  2.17916969e-06
   -1.10104541e-07 -7.06611783e-06]
  [ 3.06114129e-01  5.07565092e-01 -1.67039479e-01 ...  6.24061919e-06
   -6.95243296e-07 -1.93597248e-05]
  [-6.26185259e-02 -1.67039479e-01  3.37708246e-01 ... -1.49338092e-05
    1.61953396e-06  4.69587374e-05]
  ...
  [ 2.17916969e-06  6.24061919e-06 -1.49338092e-05 ...  1.11567502e-06
    1.00381755e-07 -1.37287731e-06]
  [-1.10104541e-07 -6.95243296e-07  1.61953396e-06 ...  1.00381755e-07
    4.29704574e-07 -2.17225183e-07]
  [-7.06611783e-06 -1.93597248e-05  4.69587374e-05 ... -1.37287731e-06
   -2.17225183e-07  3.20766930e-06]]]


******** <class 'pyscf.scf.addons.SmearingDFUKS'> ********
method = SmearingDFUKS
initial guess = minao
damping factor = 0.15
level_shift factor = 0.2
DIIS = <class 'pyscf.scf.diis.CDIIS'>
diis_start_cycle = 1
diis_space = 12
diis_damp = 0
SCF conv_tol = 5e-05
SCF conv_tol_grad = None
SCF max_cycles = 200
direct_scf = True
direct_scf_tol = 1e-13
chkfile to save SCF result = /tmp/tmpf2v1oobx
max_memory 4000 MB (current use 53192 MB)
number electrons alpha = 325  beta = 323
XC library pyscf.dft.libxc version 6.1.0
    S. Lehtola, C. Steigemann, M. J.T. Oliveira, and M. A.L. Marques.,  SoftwareX 7, 1–5 (2018)
XC functionals = pbe
    J. P. Perdew, K. Burke, and M. Ernzerhof.,  Phys. Rev. Lett. 77, 3865 (1996)
    J. P. Perdew, K. Burke, and M. Ernzerhof.,  Phys. Rev. Lett. 78, 1396 (1997)
    J. P. Perdew, K. Burke, and M. Ernzerhof.,  Phys. Rev. Lett. 77, 3865 (1996)
    J. P. Perdew, K. Burke, and M. Ernzerhof.,  Phys. Rev. Lett. 78, 1396 (1997)
small_rho_cutoff = 1e-06
Set gradient conv threshold to 0.00707107
    Total E(T) = -12115.6299633865  Free energy = -12115.6940837499  E0 = -12115.6620235682
init E= -12115.6299633865
    sigma = 0.005  Optimized mu_alpha = -0.196971687959  entropy = 3.39981615899e-07
    sigma = 0.005  Optimized mu_beta  = -0.199525665904  entropy = 3.39981615899e-07
    Total E(T) = -12115.6299680342  Free energy = -12115.6299680359  E0 = -12115.6299680351
cycle= 1 E= -12115.6299680342  delta_E= -4.65e-06  |g|= 0.0155  |ddm|= 24.5
    sigma = 0.005  Optimized mu_alpha = -0.197129176281  entropy = 3.38726827394e-07
    sigma = 0.005  Optimized mu_beta  = -0.199694208432  entropy = 3.38726827394e-07
    Total E(T) = -12115.6299357071  Free energy = -12115.6299357088  E0 = -12115.6299357079
cycle= 2 E= -12115.6299357071  delta_E= 3.23e-05  |g|= 0.042  |ddm|=   46
    sigma = 0.005  Optimized mu_alpha = -0.196963756095  entropy = 3.4007217942e-07
    sigma = 0.005  Optimized mu_beta  = -0.199517160137  entropy = 3.4007217942e-07
    Total E(T) = -12115.6299728347  Free energy = -12115.6299728364  E0 = -12115.6299728355
cycle= 3 E= -12115.6299728347  delta_E= -3.71e-05  |g|= 0.00506  |ddm|=   26
    sigma = 0.005  Optimized mu_alpha = -0.296553069895  entropy = 12.8320869104
    sigma = 0.005  Optimized mu_beta  = -0.29944017979  entropy = 12.8320869104
    Total E(T) = -12115.5946983975  Free energy = -12115.658858832  E0 = -12115.6267786148
Extra cycle  E= -12115.5946983975  delta_E= 0.0353  |g|= 0.213  |ddm|=  933
converged SCF energy = -12115.5946983975  <S^2> = 3.7629356  2S+1 = 4.0064626
[timing] right/Al ensemble SCF = 569.9s
[timing] collect state = 0.0s
[step 1] |db|=1.880487e-02 Ef=-12267.30073898 (d=+3.822e-02) L=-12267.28381725 (d=+3.851e-02) |grad|=1.835743e-02 cycles=None converged=True wall=589.2s
dm0 check [[[ 1.51511142e-09  2.24391254e-08  1.89789561e-07 ... -1.14719027e-07
    7.42476491e-07  6.64943648e-08]
  [ 2.24391254e-08  3.34443992e-07  2.75066910e-06 ... -1.77767180e-06
    1.10110522e-05  1.04757955e-06]
  [ 1.89789561e-07  2.75066910e-06  2.57237476e-05 ... -1.02769946e-05
    9.27868755e-05  4.99876704e-06]
  ...
  [-1.14719027e-07 -1.77767180e-06 -1.02769946e-05 ...  2.27166708e-04
    1.81896838e-06 -1.91352285e-04]
  [ 7.42476491e-07  1.10110522e-05  9.27868755e-05 ...  1.81896838e-06
    4.79980334e-04 -1.62432356e-06]
  [ 6.64943648e-08  1.04757955e-06  4.99876704e-06 ... -1.91352285e-04
   -1.62432356e-06  6.55604999e-04]]

 [[ 2.14412007e-09  3.18475347e-08  2.65523309e-07 ... -7.48705567e-08
    1.03578174e-06  2.38437832e-08]
  [ 3.18475347e-08  4.74247460e-07  3.91396668e-06 ... -9.93113700e-07
    1.53190651e-05  2.50156053e-07]
  [ 2.65523309e-07  3.91396668e-06  3.37625059e-05 ... -1.10142815e-05
    1.30901449e-04  4.52867683e-06]
  ...
  [-7.48705567e-08 -9.93113700e-07 -1.10142815e-05 ...  2.49604219e-04
    2.27938802e-06 -2.10130234e-04]
  [ 1.03578174e-06  1.53190651e-05  1.30901449e-04 ...  2.27938802e-06
    5.52938805e-04 -2.04467203e-06]
  [ 2.38437832e-08  2.50156053e-07  4.52867683e-06 ... -2.10130234e-04
   -2.04467203e-06  7.46013382e-04]]]
converged SCF energy = -150.22669371454  <S^2> = 2.0045398  2S+1 = 3.003025
dm0 check [[[ 1.14644043e-09  1.70875533e-08  1.38757202e-07 ... -8.06195898e-08
    6.25424546e-07  4.56943851e-08]
  [ 1.70875533e-08  2.56093598e-07  2.02957957e-06 ... -1.06182913e-06
    9.18294702e-06  7.18429121e-07]
  [ 1.38757202e-07  2.02957957e-06  1.80710819e-05 ... -1.26945917e-05
    8.12960528e-05  3.19915114e-06]
  ...
  [-8.06195898e-08 -1.06182913e-06 -1.26945917e-05 ...  2.39058219e-04
   -1.61590734e-06 -1.68277561e-04]
  [ 6.25424546e-07  9.18294702e-06  8.12960528e-05 ... -1.61590734e-06
    4.44997716e-04 -4.05929866e-06]
  [ 4.56943851e-08  7.18429121e-07  3.19915114e-06 ... -1.68277561e-04
   -4.05929866e-06  5.95725214e-04]]

 [[ 2.53036790e-08  3.85050753e-07  2.83126579e-06 ... -1.48564615e-07
    1.05907478e-07  7.43836338e-08]
  [ 3.85050753e-07  5.86079318e-06  4.30459256e-05 ... -2.17962739e-06
    1.18345893e-06  1.05280689e-06]
  [ 2.83126579e-06  4.30459256e-05  3.17989580e-04 ... -1.75086853e-05
    2.68751830e-05  9.38988857e-06]
  ...
  [-1.48564615e-07 -2.17962739e-06 -1.75086853e-05 ...  2.30571795e-04
    2.09025570e-07 -1.91673883e-04]
  [ 1.05907478e-07  1.18345893e-06  2.68751830e-05 ...  2.09025570e-07
    4.63241178e-04 -3.50232729e-06]
  [ 7.43836338e-08  1.05280689e-06  9.38988857e-06 ... -1.91673883e-04
   -3.50232729e-06  6.49569815e-04]]]
converged SCF energy = -150.24498582983  <S^2> = 0.92979806  2S+1 = 2.1723702
[timing] left/O ensemble SCF = 11.8s
dm0 check [[ 3.79532942e-01  6.12217088e-01 -1.25205919e-01 ...  6.15248489e-06
   2.74081737e-07 -1.63726228e-05]
 [ 6.12217088e-01  1.01513298e+00 -3.34010249e-01 ...  1.73264003e-05
  -6.06099941e-08 -4.47588637e-05]
 [-1.25205919e-01 -3.34010249e-01  6.75210794e-01 ... -4.16504432e-05
   4.05433141e-08  1.08495600e-04]
 ...
 [ 6.15248489e-06  1.73264003e-05 -4.16504432e-05 ...  2.44596292e-06
   2.88496200e-07 -3.09349801e-06]
 [ 2.74081737e-07 -6.06099941e-08  4.05433141e-08 ...  2.88496200e-07
   8.44759674e-07 -5.88179538e-07]
 [-1.63726228e-05 -4.47588637e-05  1.08495600e-04 ... -3.09349801e-06
  -5.88179538e-07  7.40249338e-06]]


******** <class 'pyscf.scf.addons.SmearingDFRKS'> ********
method = SmearingDFRKS
initial guess = minao
damping factor = 0.15
level_shift factor = 0.2
DIIS = <class 'pyscf.scf.diis.CDIIS'>
diis_start_cycle = 1
diis_space = 12
diis_damp = 0
SCF conv_tol = 5e-05
SCF conv_tol_grad = None
SCF max_cycles = 200
direct_scf = True
direct_scf_tol = 1e-13
chkfile to save SCF result = /tmp/tmpbjfujydw
max_memory 4000 MB (current use 52632 MB)
XC library pyscf.dft.libxc version 6.1.0
    S. Lehtola, C. Steigemann, M. J.T. Oliveira, and M. A.L. Marques.,  SoftwareX 7, 1–5 (2018)
XC functionals = pbe
    J. P. Perdew, K. Burke, and M. Ernzerhof.,  Phys. Rev. Lett. 77, 3865 (1996)
    J. P. Perdew, K. Burke, and M. Ernzerhof.,  Phys. Rev. Lett. 78, 1396 (1997)
    J. P. Perdew, K. Burke, and M. Ernzerhof.,  Phys. Rev. Lett. 77, 3865 (1996)
    J. P. Perdew, K. Burke, and M. Ernzerhof.,  Phys. Rev. Lett. 78, 1396 (1997)
small_rho_cutoff = 1e-06
Set gradient conv threshold to 0.00707107
    Total E(T) = -12115.7875740005  Free energy = -12116.8084409022  E0 = -12116.2980074514
init E= -12115.7875740005
    sigma = 0.02  Optimized mu = -0.0518485800417  entropy = 1.51197620786
    Total E(T) = -12115.7875670028  Free energy = -12115.817806527  E0 = -12115.8026867649
cycle= 1 E= -12115.7875670028  delta_E= 7e-06  |g|= 0.0164  |ddm|= 33.3
    sigma = 0.02  Optimized mu = -0.0522795649424  entropy = 1.51018968298
    Total E(T) = -12115.7874710454  Free energy = -12115.8176748391  E0 = -12115.8025729423
cycle= 2 E= -12115.7874710454  delta_E= 9.6e-05  |g|= 0.0507  |ddm|= 89.3
    sigma = 0.02  Optimized mu = -0.0519398905967  entropy = 1.51149722186
    Total E(T) = -12115.7875487352  Free energy = -12115.8177786797  E0 = -12115.8026637074
cycle= 3 E= -12115.7875487352  delta_E= -7.77e-05  |g|= 0.0202  |ddm|= 34.2
    sigma = 0.02  Optimized mu = -0.0519223099594  entropy = 1.51160835817
    Total E(T) = -12115.7875734991  Free energy = -12115.8178056663  E0 = -12115.8026895827
cycle= 4 E= -12115.7875734991  delta_E= -2.48e-05  |g|= 0.00938  |ddm|= 19.7
    sigma = 0.02  Optimized mu = -0.0519258943549  entropy = 1.51161124789
    Total E(T) = -12115.7875790202  Free energy = -12115.8178112451  E0 = -12115.8026951326
cycle= 5 E= -12115.7875790202  delta_E= -5.52e-06  |g|= 0.00518  |ddm|= 8.68
    sigma = 0.02  Optimized mu = -0.151833203967  entropy = 51.0494621331
    Total E(T) = -12115.262092732  Free energy = -12116.2830819747  E0 = -12115.7725873534
Extra cycle  E= -12115.262092732  delta_E= 0.525  |g|= 0.403  |ddm|= 4.19e+03
converged SCF energy = -12115.262092732
dm0 check [[[ 1.89787922e-01  3.06165892e-01 -6.27378164e-02 ...  3.06324736e-06
    4.37542452e-09 -7.72636240e-06]
  [ 3.06165892e-01  5.07718891e-01 -1.67361916e-01 ...  8.62298498e-06
   -3.89236335e-07 -2.11269426e-05]
  [-6.27378164e-02 -1.67361916e-01  3.38432019e-01 ... -2.06771868e-05
    8.99822440e-07  5.11039015e-05]
  ...
  [ 3.06324736e-06  8.62298498e-06 -2.06771868e-05 ...  1.16899694e-06
    1.06287862e-07 -1.42929019e-06]
  [ 4.37542452e-09 -3.89236335e-07  8.99822440e-07 ...  1.06287862e-07
    4.22430002e-07 -2.22247048e-07]
  [-7.72636240e-06 -2.11269426e-05  5.11039015e-05 ... -1.42929019e-06
   -2.22247048e-07  3.33206540e-06]]

 [[ 1.89767938e-01  3.06111422e-01 -6.26139859e-02 ...  2.18074211e-06
   -7.57966317e-08 -7.18567243e-06]
  [ 3.06111422e-01  5.07573427e-01 -1.67035058e-01 ...  6.24534648e-06
   -6.03184961e-07 -1.96831756e-05]
  [-6.26139859e-02 -1.67035058e-01  3.37700011e-01 ... -1.49461513e-05
    1.39813571e-06  4.77441562e-05]
  ...
  [ 2.18074211e-06  6.24534648e-06 -1.49461513e-05 ...  1.11568512e-06
    1.05958658e-07 -1.39067693e-06]
  [-7.57966317e-08 -6.03184961e-07  1.39813571e-06 ...  1.05958658e-07
    4.32731496e-07 -2.29459470e-07]
  [-7.18567243e-06 -1.96831756e-05  4.77441562e-05 ... -1.39067693e-06
   -2.29459470e-07  3.30124467e-06]]]


******** <class 'pyscf.scf.addons.SmearingDFUKS'> ********
method = SmearingDFUKS
initial guess = minao
damping factor = 0.15
level_shift factor = 0.2
DIIS = <class 'pyscf.scf.diis.CDIIS'>
diis_start_cycle = 1
diis_space = 12
diis_damp = 0
SCF conv_tol = 5e-05
SCF conv_tol_grad = None
SCF max_cycles = 200
direct_scf = True
direct_scf_tol = 1e-13
chkfile to save SCF result = /tmp/tmpf2v1oobx
max_memory 4000 MB (current use 52744 MB)
number electrons alpha = 325  beta = 323
XC library pyscf.dft.libxc version 6.1.0
    S. Lehtola, C. Steigemann, M. J.T. Oliveira, and M. A.L. Marques.,  SoftwareX 7, 1–5 (2018)
XC functionals = pbe
    J. P. Perdew, K. Burke, and M. Ernzerhof.,  Phys. Rev. Lett. 77, 3865 (1996)
    J. P. Perdew, K. Burke, and M. Ernzerhof.,  Phys. Rev. Lett. 78, 1396 (1997)
    J. P. Perdew, K. Burke, and M. Ernzerhof.,  Phys. Rev. Lett. 77, 3865 (1996)
    J. P. Perdew, K. Burke, and M. Ernzerhof.,  Phys. Rev. Lett. 78, 1396 (1997)
small_rho_cutoff = 1e-06
Set gradient conv threshold to 0.00707107
    Total E(T) = -12115.3446302948  Free energy = -12115.4087907293  E0 = -12115.376710512
init E= -12115.3446302948
    sigma = 0.005  Optimized mu_alpha = -0.196895566334  entropy = 3.40854588609e-07
    sigma = 0.005  Optimized mu_beta  = -0.199441801135  entropy = 3.40854588609e-07
    Total E(T) = -12115.3445986214  Free energy = -12115.3445986231  E0 = -12115.3445986222
cycle= 1 E= -12115.3445986214  delta_E= 3.17e-05  |g|= 0.0454  |ddm|=   54
    sigma = 0.005  Optimized mu_alpha = -0.197397304155  entropy = 3.37771959084e-07
    sigma = 0.005  Optimized mu_beta  = -0.19997669341  entropy = 3.37771959084e-07
    Total E(T) = -12115.3442998663  Free energy = -12115.344299868  E0 = -12115.3442998672
cycle= 2 E= -12115.3442998663  delta_E= 0.000299  |g|= 0.131  |ddm|=  134
    sigma = 0.005  Optimized mu_alpha = -0.197026157575  entropy = 3.39951840011e-07
    sigma = 0.005  Optimized mu_beta  = -0.19958140583  entropy = 3.39951840011e-07
    Total E(T) = -12115.3445244366  Free energy = -12115.3445244383  E0 = -12115.3445244375
cycle= 3 E= -12115.3445244366  delta_E= -0.000225  |g|= 0.0573  |ddm|= 44.3
    sigma = 0.005  Optimized mu_alpha = -0.197029576486  entropy = 3.39976520259e-07
    sigma = 0.005  Optimized mu_beta  = -0.199583078454  entropy = 3.39976520259e-07
    Total E(T) = -12115.3446044472  Free energy = -12115.3446044489  E0 = -12115.3446044481
cycle= 4 E= -12115.3446044472  delta_E= -8e-05  |g|= 0.0309  |ddm|= 23.5
    sigma = 0.005  Optimized mu_alpha = -0.196996438947  entropy = 3.40050518749e-07
    sigma = 0.005  Optimized mu_beta  = -0.19954950059  entropy = 3.40050518749e-07
    Total E(T) = -12115.3446293461  Free energy = -12115.3446293478  E0 = -12115.3446293469
cycle= 5 E= -12115.3446293461  delta_E= -2.49e-05  |g|= 0.0189  |ddm|= 14.8
    sigma = 0.005  Optimized mu_alpha = -0.19702634977  entropy = 3.3991874137e-07
    sigma = 0.005  Optimized mu_beta  = -0.199580027242  entropy = 3.3991874137e-07
    Total E(T) = -12115.3446380481  Free energy = -12115.3446380498  E0 = -12115.344638049
cycle= 6 E= -12115.3446380481  delta_E= -8.7e-06  |g|= 0.01  |ddm|= 7.58
    sigma = 0.005  Optimized mu_alpha = -0.197030236393  entropy = 3.39900889486e-07
    sigma = 0.005  Optimized mu_beta  = -0.19958438439  entropy = 3.39900889486e-07
    Total E(T) = -12115.3446409134  Free energy = -12115.3446409151  E0 = -12115.3446409142
cycle= 7 E= -12115.3446409134  delta_E= -2.87e-06  |g|= 0.00529  |ddm|= 3.92
    sigma = 0.005  Optimized mu_alpha = -0.2965801843  entropy = 12.8321031204
    sigma = 0.005  Optimized mu_beta  = -0.299467093852  entropy = 12.8321031204
    Total E(T) = -12115.309351904  Free energy = -12115.3735124196  E0 = -12115.3414321618
Extra cycle  E= -12115.309351904  delta_E= 0.0353  |g|= 0.217  |ddm|=  930
converged SCF energy = -12115.309351904  <S^2> = 3.7629435  2S+1 = 4.0064665
[timing] right/Al ensemble SCF = 871.2s
[timing] collect state = 0.0s
[step 2] |db|=1.835743e-02 Ef=-12267.26293120 (d=+3.781e-02) L=-12267.24570744 (d=+3.811e-02) |grad|=1.816069e-02 cycles=None converged=True wall=888.2s
dm0 check [[[ 1.51511507e-09  2.24391764e-08  1.89790082e-07 ... -1.14718990e-07
    7.42477045e-07  6.64943306e-08]
  [ 2.24391764e-08  3.34444763e-07  2.75067587e-06 ... -1.77767125e-06
    1.10110602e-05  1.04757907e-06]
  [ 1.89790082e-07  2.75067587e-06  2.57238102e-05 ... -1.02769953e-05
    9.27869282e-05  4.99876750e-06]
  ...
  [-1.14718990e-07 -1.77767125e-06 -1.02769953e-05 ...  2.27166703e-04
    1.81897159e-06 -1.91352281e-04]
  [ 7.42477045e-07  1.10110602e-05  9.27869282e-05 ...  1.81897159e-06
    4.79980205e-04 -1.62432622e-06]
  [ 6.64943306e-08  1.04757907e-06  4.99876750e-06 ... -1.91352281e-04
   -1.62432622e-06  6.55604862e-04]]

 [[ 2.14412506e-09  3.18476057e-08  2.65523940e-07 ... -7.48707043e-08
    1.03578288e-06  2.38439018e-08]
  [ 3.18476057e-08  4.74248514e-07  3.91397520e-06 ... -9.93113263e-07
    1.53190814e-05  2.50155752e-07]
  [ 2.65523940e-07  3.91397520e-06  3.37625800e-05 ... -1.10142938e-05
    1.30901577e-04  4.52868661e-06]
  ...
  [-7.48707043e-08 -9.93113263e-07 -1.10142938e-05 ...  2.49604179e-04
    2.27939104e-06 -2.10130198e-04]
  [ 1.03578288e-06  1.53190814e-05  1.30901577e-04 ...  2.27939104e-06
    5.52938810e-04 -2.04467526e-06]
  [ 2.38439018e-08  2.50155752e-07  4.52868661e-06 ... -2.10130198e-04
   -2.04467526e-06  7.46013355e-04]]]
converged SCF energy = -150.22669371454  <S^2> = 2.0045398  2S+1 = 3.003025
dm0 check [[[ 1.14640389e-09  1.70870133e-08  1.38753939e-07 ... -8.06188010e-08
    6.25415508e-07  4.56897409e-08]
  [ 1.70870133e-08  2.56085856e-07  2.02952809e-06 ... -1.06182303e-06
    9.18280262e-06  7.18371405e-07]
  [ 1.38753939e-07  2.02952809e-06  1.80707535e-05 ... -1.26946238e-05
    8.12949622e-05  3.19865437e-06]
  ...
  [-8.06188010e-08 -1.06182303e-06 -1.26946238e-05 ...  2.39058491e-04
   -1.61625119e-06 -1.68274807e-04]
  [ 6.25415508e-07  9.18280262e-06  8.12949622e-05 ... -1.61625119e-06
    4.44994840e-04 -4.05993503e-06]
  [ 4.56897409e-08  7.18371405e-07  3.19865437e-06 ... -1.68274807e-04
   -4.05993503e-06  5.95722512e-04]]

 [[ 2.53036577e-08  3.85049032e-07  2.83126422e-06 ... -1.48564942e-07
    1.05891592e-07  7.43764912e-08]
  [ 3.85049032e-07  5.86074589e-06  4.30457436e-05 ... -2.17965303e-06
    1.18317950e-06  1.05272041e-06]
  [ 2.83126422e-06  4.30457436e-05  3.17989433e-04 ... -1.75089510e-05
    2.68727894e-05  9.38929285e-06]
  ...
  [-1.48564942e-07 -2.17965303e-06 -1.75089510e-05 ...  2.30571546e-04
    2.08965287e-07 -1.91670976e-04]
  [ 1.05891592e-07  1.18317950e-06  2.68727894e-05 ...  2.08965287e-07
    4.63237986e-04 -3.50230113e-06]
  [ 7.43764912e-08  1.05272041e-06  9.38929285e-06 ... -1.91670976e-04
   -3.50230113e-06  6.49568405e-04]]]
converged SCF energy = -150.244985829834  <S^2> = 0.92979734  2S+1 = 2.1723695
[timing] left/O ensemble SCF = 13.0s
dm0 check [[ 3.79540008e-01  6.12220600e-01 -1.25212775e-01 ...  6.16356339e-06
   3.60090758e-07 -1.66652275e-05]
 [ 6.12220600e-01  1.01512579e+00 -3.34020474e-01 ...  1.73555055e-05
   1.71817631e-07 -4.55472945e-05]
 [-1.25212775e-01 -3.34020474e-01  6.75234782e-01 ... -4.17197378e-05
  -5.23693968e-07  1.10407571e-04]
 ...
 [ 6.16356339e-06  1.73555055e-05 -4.17197378e-05 ...  2.44453389e-06
   3.01490547e-07 -3.13268529e-06]
 [ 3.60090758e-07  1.71817631e-07 -5.23693968e-07 ...  3.01490547e-07
   8.51699383e-07 -6.20922713e-07]
 [-1.66652275e-05 -4.55472945e-05  1.10407571e-04 ... -3.13268529e-06
  -6.20922713e-07  7.62961239e-06]]


******** <class 'pyscf.scf.addons.SmearingDFRKS'> ********
method = SmearingDFRKS
initial guess = minao
damping factor = 0.15
level_shift factor = 0.2
DIIS = <class 'pyscf.scf.diis.CDIIS'>
diis_start_cycle = 1
diis_space = 12
diis_damp = 0
SCF conv_tol = 5e-05
SCF conv_tol_grad = None
SCF max_cycles = 200
direct_scf = True
direct_scf_tol = 1e-13
chkfile to save SCF result = /tmp/tmpbjfujydw
max_memory 4000 MB (current use 52893 MB)
XC library pyscf.dft.libxc version 6.1.0
    S. Lehtola, C. Steigemann, M. J.T. Oliveira, and M. A.L. Marques.,  SoftwareX 7, 1–5 (2018)
XC functionals = pbe
    J. P. Perdew, K. Burke, and M. Ernzerhof.,  Phys. Rev. Lett. 77, 3865 (1996)
    J. P. Perdew, K. Burke, and M. Ernzerhof.,  Phys. Rev. Lett. 78, 1396 (1997)
    J. P. Perdew, K. Burke, and M. Ernzerhof.,  Phys. Rev. Lett. 77, 3865 (1996)
    J. P. Perdew, K. Burke, and M. Ernzerhof.,  Phys. Rev. Lett. 78, 1396 (1997)
small_rho_cutoff = 1e-06
Set gradient conv threshold to 0.00707107
    Total E(T) = -12115.834604706  Free energy = -12116.8555939486  E0 = -12116.3450993273
init E= -12115.834604706
    sigma = 0.02  Optimized mu = -0.0517702335787  entropy = 1.51245977845
    Total E(T) = -12115.8345456301  Free energy = -12115.8647948256  E0 = -12115.8496702278
cycle= 1 E= -12115.8345456301  delta_E= 5.91e-05  |g|= 0.0401  |ddm|= 76.9
    sigma = 0.02  Optimized mu = -0.0526195254055  entropy = 1.51005039494
    Total E(T) = -12115.8339428122  Free energy = -12115.8641438201  E0 = -12115.8490433161
cycle= 2 E= -12115.8339428122  delta_E= 0.000603  |g|= 0.13  |ddm|=  217
    sigma = 0.02  Optimized mu = -0.0519725929954  entropy = 1.5115768396
    Total E(T) = -12115.8343730489  Free energy = -12115.8646045857  E0 = -12115.8494888173
cycle= 3 E= -12115.8343730489  delta_E= -0.00043  |g|= 0.0597  |ddm|=   73
    sigma = 0.02  Optimized mu = -0.0519619465228  entropy = 1.51168254269
    Total E(T) = -12115.8345272324  Free energy = -12115.8647608833  E0 = -12115.8496440579
cycle= 4 E= -12115.8345272324  delta_E= -0.000154  |g|= 0.0351  |ddm|=   38
    sigma = 0.02  Optimized mu = -0.0519413113572  entropy = 1.51178182605
    Total E(T) = -12115.8345823574  Free energy = -12115.8648179939  E0 = -12115.8497001756
cycle= 5 E= -12115.8345823574  delta_E= -5.51e-05  |g|= 0.0216  |ddm|= 22.3
    sigma = 0.02  Optimized mu = -0.0519636095835  entropy = 1.51165370329
    Total E(T) = -12115.8346039033  Free energy = -12115.8648369774  E0 = -12115.8497204404
cycle= 6 E= -12115.8346039033  delta_E= -2.15e-05  |g|= 0.0121  |ddm|= 12.9
    sigma = 0.02  Optimized mu = -0.0519656498186  entropy = 1.51166853173
    Total E(T) = -12115.8346111756  Free energy = -12115.8648445463  E0 = -12115.849727861
cycle= 7 E= -12115.8346111756  delta_E= -7.27e-06  |g|= 0.00778  |ddm|= 8.61
    sigma = 0.02  Optimized mu = -0.0519735943039  entropy = 1.51164435742
    Total E(T) = -12115.8346139382  Free energy = -12115.8648468253  E0 = -12115.8497303817
cycle= 8 E= -12115.8346139382  delta_E= -2.76e-06  |g|= 0.00416  |ddm|= 5.66
    sigma = 0.02  Optimized mu = -0.15189149215  entropy = 51.0495907279
    Total E(T) = -12115.3098556588  Free energy = -12116.3308474733  E0 = -12115.820351566
Extra cycle  E= -12115.3098556588  delta_E= 0.525  |g|= 0.39  |ddm|= 4.21e+03
converged SCF energy = -12115.3098556588
dm0 check [[[ 1.89791486e-01  3.06167775e-01 -6.27414154e-02 ...  3.06588752e-06
    4.12024458e-08 -7.85623554e-06]
  [ 3.06167775e-01  5.07715685e-01 -1.67367544e-01 ...  8.62970619e-06
   -2.89737165e-07 -2.14766375e-05]
  [-6.27414154e-02 -1.67367544e-01  3.38444761e-01 ... -2.06926640e-05
    6.58688934e-07  5.19498186e-05]
  ...
  [ 3.06588752e-06  8.62970619e-06 -2.06926640e-05 ...  1.16923559e-06
    1.12136395e-07 -1.44893307e-06]
  [ 4.12024458e-08 -2.89737165e-07  6.58688934e-07 ...  1.12136395e-07
    4.24928509e-07 -2.35732587e-07]
  [-7.85623554e-06 -2.14766375e-05  5.19498186e-05 ... -1.44893307e-06
   -2.35732587e-07  3.43499008e-06]]

 [[ 1.89771490e-01  3.06113275e-01 -6.26175230e-02 ...  2.18371342e-06
   -3.83722041e-08 -7.31792314e-06]
  [ 3.06113275e-01  5.07570142e-01 -1.67040531e-01 ...  6.25299884e-06
   -5.01987864e-07 -2.00395936e-05]
  [-6.26175230e-02 -1.67040531e-01  3.37712470e-01 ... -1.49640944e-05
    1.15206951e-06  4.86092919e-05]
  ...
  [ 2.18371342e-06  6.25299884e-06 -1.49640944e-05 ...  1.11608939e-06
    1.11772983e-07 -1.41053963e-06]
  [-3.83722041e-08 -5.01987864e-07  1.15206951e-06 ...  1.11772983e-07
    4.35297377e-07 -2.43104687e-07]
  [-7.31792314e-06 -2.00395936e-05  4.86092919e-05 ... -1.41053963e-06
   -2.43104687e-07  3.40518692e-06]]]


******** <class 'pyscf.scf.addons.SmearingDFUKS'> ********
method = SmearingDFUKS
initial guess = minao
damping factor = 0.15
level_shift factor = 0.2
DIIS = <class 'pyscf.scf.diis.CDIIS'>
diis_start_cycle = 1
diis_space = 12
diis_damp = 0
SCF conv_tol = 5e-05
SCF conv_tol_grad = None
SCF max_cycles = 200
direct_scf = True
direct_scf_tol = 1e-13
chkfile to save SCF result = /tmp/tmpf2v1oobx
max_memory 4000 MB (current use 52949 MB)
number electrons alpha = 325  beta = 323
XC library pyscf.dft.libxc version 6.1.0
    S. Lehtola, C. Steigemann, M. J.T. Oliveira, and M. A.L. Marques.,  SoftwareX 7, 1–5 (2018)
XC functionals = pbe
    J. P. Perdew, K. Burke, and M. Ernzerhof.,  Phys. Rev. Lett. 77, 3865 (1996)
    J. P. Perdew, K. Burke, and M. Ernzerhof.,  Phys. Rev. Lett. 78, 1396 (1997)
    J. P. Perdew, K. Burke, and M. Ernzerhof.,  Phys. Rev. Lett. 77, 3865 (1996)
    J. P. Perdew, K. Burke, and M. Ernzerhof.,  Phys. Rev. Lett. 78, 1396 (1997)
small_rho_cutoff = 1e-06
Set gradient conv threshold to 0.00707107
    Total E(T) = -12115.3916294567  Free energy = -12115.4557899723  E0 = -12115.4237097145
init E= -12115.3916294567
    sigma = 0.005  Optimized mu_alpha = -0.196931734271  entropy = 3.41035777378e-07
    sigma = 0.005  Optimized mu_beta  = -0.199477523386  entropy = 3.41035777378e-07
    Total E(T) = -12115.3915916192  Free energy = -12115.3915916209  E0 = -12115.39159162
cycle= 1 E= -12115.3915916192  delta_E= 3.78e-05  |g|= 0.0493  |ddm|= 49.5
    sigma = 0.005  Optimized mu_alpha = -0.197418457731  entropy = 3.38323425151e-07
    sigma = 0.005  Optimized mu_beta  = -0.199995508406  entropy = 3.38323425151e-07
    Total E(T) = -12115.3912164087  Free energy = -12115.3912164104  E0 = -12115.3912164095
cycle= 2 E= -12115.3912164087  delta_E= 0.000375  |g|= 0.153  |ddm|=  133
    sigma = 0.005  Optimized mu_alpha = -0.197057535347  entropy = 3.40042241103e-07
    sigma = 0.005  Optimized mu_beta  = -0.199611696301  entropy = 3.40042241103e-07
    Total E(T) = -12115.3914790344  Free energy = -12115.3914790361  E0 = -12115.3914790352
cycle= 3 E= -12115.3914790344  delta_E= -0.000263  |g|= 0.0718  |ddm|= 43.4
    sigma = 0.005  Optimized mu_alpha = -0.197055673015  entropy = 3.40126897223e-07
    sigma = 0.005  Optimized mu_beta  = -0.199608045633  entropy = 3.40126897223e-07
    Total E(T) = -12115.3915807045  Free energy = -12115.3915807062  E0 = -12115.3915807054
cycle= 4 E= -12115.3915807045  delta_E= -0.000102  |g|= 0.0416  |ddm|= 22.4
    sigma = 0.005  Optimized mu_alpha = -0.197021844554  entropy = 3.40255748291e-07
    sigma = 0.005  Optimized mu_beta  = -0.199573254953  entropy = 3.40255748291e-07
    Total E(T) = -12115.3916167437  Free energy = -12115.3916167454  E0 = -12115.3916167445
cycle= 5 E= -12115.3916167437  delta_E= -3.6e-05  |g|= 0.0262  |ddm|= 14.8
    sigma = 0.005  Optimized mu_alpha = -0.197049549341  entropy = 3.40113765498e-07
    sigma = 0.005  Optimized mu_beta  = -0.199601716187  entropy = 3.40113765498e-07
    Total E(T) = -12115.3916305591  Free energy = -12115.3916305608  E0 = -12115.3916305599
cycle= 6 E= -12115.3916305591  delta_E= -1.38e-05  |g|= 0.0144  |ddm|= 8.28
    sigma = 0.005  Optimized mu_alpha = -0.197055269524  entropy = 3.40095934142e-07
    sigma = 0.005  Optimized mu_beta  = -0.199607938595  entropy = 3.40095934142e-07
    Total E(T) = -12115.3916353196  Free energy = -12115.3916353213  E0 = -12115.3916353205
cycle= 7 E= -12115.3916353196  delta_E= -4.76e-06  |g|= 0.0087  |ddm|= 5.02
    sigma = 0.005  Optimized mu_alpha = -0.197058708079  entropy = 3.40048254622e-07
    sigma = 0.005  Optimized mu_beta  = -0.199611900764  entropy = 3.40048254622e-07
    Total E(T) = -12115.391636963  Free energy = -12115.3916369647  E0 = -12115.3916369638
cycle= 8 E= -12115.391636963  delta_E= -1.64e-06  |g|= 0.00471  |ddm|=  3.3
    sigma = 0.005  Optimized mu_alpha = -0.296605258955  entropy = 12.8323895682
    sigma = 0.005  Optimized mu_beta  = -0.299491956802  entropy = 12.8323895682
    Total E(T) = -12115.3564310104  Free energy = -12115.4205929582  E0 = -12115.3885119843
Extra cycle  E= -12115.3564310104  delta_E= 0.0352  |g|= 0.211  |ddm|=  929
converged SCF energy = -12115.3564310104  <S^2> = 3.7629518  2S+1 = 4.0064707
[timing] right/Al ensemble SCF = 1050.1s
[timing] collect state = 0.0s
[step 3] |db|=1.816069e-02 Ef=-12267.22731730 (d=+3.561e-02) L=-12267.20986826 (d=+3.584e-02) |grad|=1.778829e-02 cycles=None converged=True wall=1068.4s
dm0 check [[[ 1.51511345e-09  2.24391537e-08  1.89789845e-07 ... -1.14719041e-07
    7.42476856e-07  6.64943793e-08]
  [ 2.24391537e-08  3.34444425e-07  2.75067274e-06 ... -1.77767171e-06
    1.10110573e-05  1.04757954e-06]
  [ 1.89789845e-07  2.75067274e-06  2.57237806e-05 ... -1.02769975e-05
    9.27869110e-05  4.99876992e-06]
  ...
  [-1.14719041e-07 -1.77767171e-06 -1.02769975e-05 ...  2.27166714e-04
    1.81897069e-06 -1.91352291e-04]
  [ 7.42476856e-07  1.10110573e-05  9.27869110e-05 ...  1.81897069e-06
    4.79980266e-04 -1.62432538e-06]
  [ 6.64943793e-08  1.04757954e-06  4.99876992e-06 ... -1.91352291e-04
   -1.62432538e-06  6.55604932e-04]]

 [[ 2.14412288e-09  3.18475751e-08  2.65523668e-07 ... -7.48706513e-08
    1.03578247e-06  2.38438681e-08]
  [ 3.18475751e-08  4.74248065e-07  3.91397161e-06 ... -9.93113945e-07
    1.53190755e-05  2.50156401e-07]
  [ 2.65523668e-07  3.91397161e-06  3.37625491e-05 ... -1.10142914e-05
    1.30901535e-04  4.52868544e-06]
  ...
  [-7.48706513e-08 -9.93113945e-07 -1.10142914e-05 ...  2.49604200e-04
    2.27939015e-06 -2.10130218e-04]
  [ 1.03578247e-06  1.53190755e-05  1.30901535e-04 ...  2.27939015e-06
    5.52938890e-04 -2.04467291e-06]
  [ 2.38438681e-08  2.50156401e-07  4.52868544e-06 ... -2.10130218e-04
   -2.04467291e-06  7.46013452e-04]]]
converged SCF energy = -150.226693714539  <S^2> = 2.0045398  2S+1 = 3.003025
dm0 check [[[ 1.14641745e-09  1.70871841e-08  1.38754813e-07 ... -8.06196941e-08
    6.25417120e-07  4.56926965e-08]
  [ 1.70871841e-08  2.56087717e-07  2.02954043e-06 ... -1.06182579e-06
    9.18282741e-06  7.18406974e-07]
  [ 1.38754813e-07  2.02954043e-06  1.80708466e-05 ... -1.26946806e-05
    8.12951703e-05  3.19891372e-06]
  ...
  [-8.06196941e-08 -1.06182579e-06 -1.26946806e-05 ...  2.39058742e-04
   -1.61627706e-06 -1.68275179e-04]
  [ 6.25417120e-07  9.18282741e-06  8.12951703e-05 ... -1.61627706e-06
    4.44995293e-04 -4.05994829e-06]
  [ 4.56926965e-08  7.18406974e-07  3.19891372e-06 ... -1.68275179e-04
   -4.05994829e-06  5.95722691e-04]]

 [[ 2.53030872e-08  3.85041148e-07  2.83121281e-06 ... -1.48564709e-07
    1.05890540e-07  7.43821276e-08]
  [ 3.85041148e-07  5.86063793e-06  4.30450523e-05 ... -2.17963110e-06
    1.18320858e-06  1.05278733e-06]
  [ 2.83121281e-06  4.30450523e-05  3.17985100e-04 ... -1.75088049e-05
    2.68728932e-05  9.38978176e-06]
  ...
  [-1.48564709e-07 -2.17963110e-06 -1.75088049e-05 ...  2.30571482e-04
    2.08982238e-07 -1.91671362e-04]
  [ 1.05890540e-07  1.18320858e-06  2.68728932e-05 ...  2.08982238e-07
    4.63238233e-04 -3.50223686e-06]
  [ 7.43821276e-08  1.05278733e-06  9.38978176e-06 ... -1.91671362e-04
   -3.50223686e-06  6.49568189e-04]]]
converged SCF energy = -150.244985829831  <S^2> = 0.92979752  2S+1 = 2.1723697
[timing] left/O ensemble SCF = 11.2s
dm0 check [[ 3.79535413e-01  6.12219016e-01 -1.25210424e-01 ...  6.16564858e-06
   4.46867101e-07 -1.69521499e-05]
 [ 6.12219016e-01  1.01513318e+00 -3.34020093e-01 ...  1.73615785e-05
   4.05529746e-07 -4.63220632e-05]
 [-1.25210424e-01 -3.34020093e-01  6.75235629e-01 ... -4.17351914e-05
  -1.08862603e-06  1.12285993e-04]
 ...
 [ 6.16564858e-06  1.73615785e-05 -4.17351914e-05 ...  2.44279264e-06
   3.14806974e-07 -3.17211386e-06]
 [ 4.46867101e-07  4.05529746e-07 -1.08862603e-06 ...  3.14806974e-07
   8.58179120e-07 -6.55303410e-07]
 [-1.69521499e-05 -4.63220632e-05  1.12285993e-04 ... -3.17211386e-06
  -6.55303410e-07  7.86672887e-06]]


******** <class 'pyscf.scf.addons.SmearingDFRKS'> ********
method = SmearingDFRKS
initial guess = minao
damping factor = 0.15
level_shift factor = 0.2
DIIS = <class 'pyscf.scf.diis.CDIIS'>
diis_start_cycle = 1
diis_space = 12
diis_damp = 0
SCF conv_tol = 5e-05
SCF conv_tol_grad = None
SCF max_cycles = 200
direct_scf = True
direct_scf_tol = 1e-13
chkfile to save SCF result = /tmp/tmpbjfujydw
max_memory 4000 MB (current use 52949 MB)
XC library pyscf.dft.libxc version 6.1.0
    S. Lehtola, C. Steigemann, M. J.T. Oliveira, and M. A.L. Marques.,  SoftwareX 7, 1–5 (2018)
XC functionals = pbe
    J. P. Perdew, K. Burke, and M. Ernzerhof.,  Phys. Rev. Lett. 77, 3865 (1996)
    J. P. Perdew, K. Burke, and M. Ernzerhof.,  Phys. Rev. Lett. 78, 1396 (1997)
    J. P. Perdew, K. Burke, and M. Ernzerhof.,  Phys. Rev. Lett. 77, 3865 (1996)
    J. P. Perdew, K. Burke, and M. Ernzerhof.,  Phys. Rev. Lett. 78, 1396 (1997)
small_rho_cutoff = 1e-06
Set gradient conv threshold to 0.00707107
    Total E(T) = -12115.6703426501  Free energy = -12116.6913344646  E0 = -12116.1808385573
init E= -12115.6703426501
    sigma = 0.02  Optimized mu = -0.0518294580527  entropy = 1.51236435018
    Total E(T) = -12115.6702980344  Free energy = -12115.7005453214  E0 = -12115.6854216779
cycle= 1 E= -12115.6702980344  delta_E= 4.46e-05  |g|= 0.0367  |ddm|= 60.8
    sigma = 0.02  Optimized mu = -0.0524857375641  entropy = 1.51078066696
    Total E(T) = -12115.6698369276  Free energy = -12115.7000525409  E0 = -12115.6849447343
cycle= 2 E= -12115.6698369276  delta_E= 0.000461  |g|= 0.119  |ddm|=  184
    sigma = 0.02  Optimized mu = -0.0520044430082  entropy = 1.51167635052
    Total E(T) = -12115.6701600612  Free energy = -12115.7003935882  E0 = -12115.6852768247
cycle= 3 E= -12115.6701600612  delta_E= -0.000323  |g|= 0.0556  |ddm|= 62.4
    sigma = 0.02  Optimized mu = -0.0519934142962  entropy = 1.5117632734
    Total E(T) = -12115.6702773092  Free energy = -12115.7005125747  E0 = -12115.6853949419
cycle= 4 E= -12115.6702773092  delta_E= -0.000117  |g|= 0.0336  |ddm|= 31.6
    sigma = 0.02  Optimized mu = -0.0519761090731  entropy = 1.51184420035
    Total E(T) = -12115.6703205453  Free energy = -12115.7005574293  E0 = -12115.6854389873
cycle= 5 E= -12115.6703205453  delta_E= -4.32e-05  |g|= 0.0213  |ddm|=   19
    sigma = 0.02  Optimized mu = -0.0519903210958  entropy = 1.51176125751
    Total E(T) = -12115.6703384768  Free energy = -12115.7005737019  E0 = -12115.6854560893
cycle= 6 E= -12115.6703384768  delta_E= -1.79e-05  |g|= 0.0127  |ddm|= 10.3
    sigma = 0.02  Optimized mu = -0.0519880430934  entropy = 1.51178086063
    Total E(T) = -12115.6703451966  Free energy = -12115.7005808139  E0 = -12115.6854630053
cycle= 7 E= -12115.6703451966  delta_E= -6.72e-06  |g|= 0.00843  |ddm|= 7.05
    sigma = 0.02  Optimized mu = -0.0519931421273  entropy = 1.51176543693
    Total E(T) = -12115.6703479885  Free energy = -12115.7005832972  E0 = -12115.6854656429
cycle= 8 E= -12115.6703479885  delta_E= -2.79e-06  |g|= 0.00484  |ddm|= 4.84
    sigma = 0.02  Optimized mu = -0.151918230034  entropy = 51.0512992666
    Total E(T) = -12115.1457400742  Free energy = -12116.1667660595  E0 = -12115.6562530668
Extra cycle  E= -12115.1457400742  delta_E= 0.525  |g|= 0.387  |ddm|= 4.21e+03
converged SCF energy = -12115.1457400742
dm0 check [[[ 1.89789155e-01  3.06166904e-01 -6.27400447e-02 ...  3.06663352e-06
    7.72046938e-08 -7.98009814e-06]
  [ 3.06166904e-01  5.07719188e-01 -1.67366860e-01 ...  8.63194766e-06
   -1.92855539e-07 -2.18109847e-05]
  [-6.27400447e-02 -1.67366860e-01  3.38444040e-01 ... -2.06984925e-05
    4.25040595e-07  5.27591051e-05]
  ...
  [ 3.06663352e-06  8.63194766e-06 -2.06984925e-05 ...  1.16862306e-06
    1.17814447e-07 -1.46679826e-06]
  [ 7.72046938e-08 -1.92855539e-07  4.25040595e-07 ...  1.17814447e-07
    4.27657209e-07 -2.48881975e-07]
  [-7.98009814e-06 -2.18109847e-05  5.27591051e-05 ... -1.46679826e-06
   -2.48881975e-07  3.53597372e-06]]

 [[ 1.89769141e-01  3.06112355e-01 -6.26160407e-02 ...  2.18538956e-06
   -1.72837517e-09 -7.44490806e-06]
  [ 3.06112355e-01  5.07573512e-01 -1.67039544e-01 ...  6.25771803e-06
   -4.03300489e-07 -2.03826076e-05]
  [-6.26160407e-02 -1.67039544e-01  3.37711056e-01 ... -1.49760539e-05
    9.13292308e-07  4.94421946e-05]
  ...
  [ 2.18538956e-06  6.25771803e-06 -1.49760539e-05 ...  1.11570900e-06
    1.17442804e-07 -1.42871109e-06]
  [-1.72837517e-09 -4.03300489e-07  9.13292308e-07 ...  1.17442804e-07
    4.38085740e-07 -2.56485827e-07]
  [-7.44490806e-06 -2.03826076e-05  4.94421946e-05 ... -1.42871109e-06
   -2.56485827e-07  3.50729034e-06]]]


******** <class 'pyscf.scf.addons.SmearingDFUKS'> ********
method = SmearingDFUKS
initial guess = minao
damping factor = 0.15
level_shift factor = 0.2
DIIS = <class 'pyscf.scf.diis.CDIIS'>
diis_start_cycle = 1
diis_space = 12
diis_damp = 0
SCF conv_tol = 5e-05
SCF conv_tol_grad = None
SCF max_cycles = 200
direct_scf = True
direct_scf_tol = 1e-13
chkfile to save SCF result = /tmp/tmpf2v1oobx
max_memory 4000 MB (current use 52949 MB)
number electrons alpha = 325  beta = 323
XC library pyscf.dft.libxc version 6.1.0
    S. Lehtola, C. Steigemann, M. J.T. Oliveira, and M. A.L. Marques.,  SoftwareX 7, 1–5 (2018)
XC functionals = pbe
    J. P. Perdew, K. Burke, and M. Ernzerhof.,  Phys. Rev. Lett. 77, 3865 (1996)
    J. P. Perdew, K. Burke, and M. Ernzerhof.,  Phys. Rev. Lett. 78, 1396 (1997)
    J. P. Perdew, K. Burke, and M. Ernzerhof.,  Phys. Rev. Lett. 77, 3865 (1996)
    J. P. Perdew, K. Burke, and M. Ernzerhof.,  Phys. Rev. Lett. 78, 1396 (1997)
small_rho_cutoff = 1e-06
Set gradient conv threshold to 0.00707107
    Total E(T) = -12115.2273343572  Free energy = -12115.2914963051  E0 = -12115.2594153311
init E= -12115.2273343572
    sigma = 0.005  Optimized mu_alpha = -0.19695764519  entropy = 3.41060587492e-07
    sigma = 0.005  Optimized mu_beta  = -0.199503410644  entropy = 3.41060587492e-07
    Total E(T) = -12115.2273033834  Free energy = -12115.2273033851  E0 = -12115.2273033842
cycle= 1 E= -12115.2273033834  delta_E= 3.1e-05  |g|= 0.0453  |ddm|= 39.8
    sigma = 0.005  Optimized mu_alpha = -0.197404983439  entropy = 3.38679296496e-07
    sigma = 0.005  Optimized mu_beta  = -0.19997768908  entropy = 3.38679296496e-07
    Total E(T) = -12115.2269910392  Free energy = -12115.2269910409  E0 = -12115.2269910401
cycle= 2 E= -12115.2269910392  delta_E= 0.000312  |g|= 0.142  |ddm|=  116
    sigma = 0.005  Optimized mu_alpha = -0.197083347933  entropy = 3.40157524235e-07
    sigma = 0.005  Optimized mu_beta  = -0.199636362927  entropy = 3.40157524235e-07
    Total E(T) = -12115.2272065761  Free energy = -12115.2272065778  E0 = -12115.2272065769
cycle= 3 E= -12115.2272065761  delta_E= -0.000216  |g|= 0.0674  |ddm|= 38.6
    sigma = 0.005  Optimized mu_alpha = -0.197078591403  entropy = 3.40225550344e-07
    sigma = 0.005  Optimized mu_beta  = -0.199630468137  entropy = 3.40225550344e-07
    Total E(T) = -12115.2272895872  Free energy = -12115.2272895889  E0 = -12115.227289588
cycle= 4 E= -12115.2272895872  delta_E= -8.3e-05  |g|= 0.0403  |ddm|= 19.5
    sigma = 0.005  Optimized mu_alpha = -0.197058043759  entropy = 3.40326392078e-07
    sigma = 0.005  Optimized mu_beta  = -0.199609076598  entropy = 3.40326392078e-07
    Total E(T) = -12115.2273195243  Free energy = -12115.227319526  E0 = -12115.2273195252
cycle= 5 E= -12115.2273195243  delta_E= -2.99e-05  |g|= 0.0269  |ddm|= 12.5
    sigma = 0.005  Optimized mu_alpha = -0.19707166921  entropy = 3.40242694026e-07
    sigma = 0.005  Optimized mu_beta  = -0.199623086227  entropy = 3.40242694026e-07
    Total E(T) = -12115.2273319464  Free energy = -12115.2273319481  E0 = -12115.2273319473
cycle= 6 E= -12115.2273319464  delta_E= -1.24e-05  |g|= 0.0164  |ddm|= 6.52
    sigma = 0.005  Optimized mu_alpha = -0.197074606593  entropy = 3.40224721501e-07
    sigma = 0.005  Optimized mu_beta  = -0.19962642041  entropy = 3.40224721501e-07
    Total E(T) = -12115.2273370185  Free energy = -12115.2273370202  E0 = -12115.2273370193
cycle= 7 E= -12115.2273370185  delta_E= -5.07e-06  |g|= 0.0103  |ddm|= 3.93
    sigma = 0.005  Optimized mu_alpha = -0.197075250667  entropy = 3.4020628042e-07
    sigma = 0.005  Optimized mu_beta  = -0.199627296431  entropy = 3.4020628042e-07
    Total E(T) = -12115.2273390562  Free energy = -12115.2273390579  E0 = -12115.227339057
cycle= 8 E= -12115.2273390562  delta_E= -2.04e-06  |g|= 0.0061  |ddm|= 3.23
    sigma = 0.005  Optimized mu_alpha = -0.296620495058  entropy = 12.8332298705
    sigma = 0.005  Optimized mu_beta  = -0.299506804556  entropy = 12.8332298705
    Total E(T) = -12115.1920194775  Free energy = -12115.2561856269  E0 = -12115.2241025522
Extra cycle  E= -12115.1920194775  delta_E= 0.0353  |g|= 0.224  |ddm|=  930
converged SCF energy = -12115.1920194775  <S^2> = 3.762957  2S+1 = 4.0064732
[timing] right/Al ensemble SCF = 1074.8s
[timing] collect state = 0.0s
[step 4] |db|=1.778829e-02 Ef=-12267.19166513 (d=+3.565e-02) L=-12267.17399420 (d=+3.587e-02) |grad|=1.752971e-02 cycles=None converged=True wall=1091.3s
dm0 check [[[ 1.51511415e-09  2.24391628e-08  1.89789947e-07 ... -1.14718984e-07
    7.42476838e-07  6.64943258e-08]
  [ 2.24391628e-08  3.34444541e-07  2.75067408e-06 ... -1.77767093e-06
    1.10110575e-05  1.04757877e-06]
  [ 1.89789947e-07  2.75067408e-06  2.57237936e-05 ... -1.02769919e-05
    9.27869045e-05  4.99876461e-06]
  ...
  [-1.14718984e-07 -1.77767093e-06 -1.02769919e-05 ...  2.27166733e-04
    1.81897134e-06 -1.91352306e-04]
  [ 7.42476838e-07  1.10110575e-05  9.27869045e-05 ...  1.81897134e-06
    4.79980259e-04 -1.62432546e-06]
  [ 6.64943258e-08  1.04757877e-06  4.99876461e-06 ... -1.91352306e-04
   -1.62432546e-06  6.55604939e-04]]

 [[ 2.14412378e-09  3.18475878e-08  2.65523769e-07 ... -7.48705966e-08
    1.03578261e-06  2.38438148e-08]
  [ 3.18475878e-08  4.74248243e-07  3.91397303e-06 ... -9.93113260e-07
    1.53190777e-05  2.50155737e-07]
  [ 2.65523769e-07  3.91397303e-06  3.37625602e-05 ... -1.10142876e-05
    1.30901546e-04  4.52868172e-06]
  ...
  [-7.48705966e-08 -9.93113260e-07 -1.10142876e-05 ...  2.49604209e-04
    2.27939089e-06 -2.10130225e-04]
  [ 1.03578261e-06  1.53190777e-05  1.30901546e-04 ...  2.27939089e-06
    5.52938841e-04 -2.04467317e-06]
  [ 2.38438148e-08  2.50155737e-07  4.52868172e-06 ... -2.10130225e-04
   -2.04467317e-06  7.46013408e-04]]]
converged SCF energy = -150.226693714539  <S^2> = 2.0045398  2S+1 = 3.003025
dm0 check [[[ 1.14640648e-09  1.70870363e-08  1.38753766e-07 ... -8.06181611e-08
    6.25414530e-07  4.56915041e-08]
  [ 1.70870363e-08  2.56085699e-07  2.02952709e-06 ... -1.06181952e-06
    9.18279720e-06  7.18389933e-07]
  [ 1.38753766e-07  2.02952709e-06  1.80707419e-05 ... -1.26946015e-05
    8.12948677e-05  3.19878429e-06]
  ...
  [-8.06181611e-08 -1.06181952e-06 -1.26946015e-05 ...  2.39058919e-04
   -1.61646206e-06 -1.68275036e-04]
  [ 6.25414530e-07  9.18279720e-06  8.12948677e-05 ... -1.61646206e-06
    4.44995046e-04 -4.06014496e-06]
  [ 4.56915041e-08  7.18389933e-07  3.19878429e-06 ... -1.68275036e-04
   -4.06014496e-06  5.95722908e-04]]

 [[ 2.53030893e-08  3.85040792e-07  2.83121159e-06 ... -1.48563626e-07
    1.05888903e-07  7.43804317e-08]
  [ 3.85040792e-07  5.86062650e-06  4.30449919e-05 ... -2.17962744e-06
    1.18318299e-06  1.05277454e-06]
  [ 2.83121159e-06  4.30449919e-05  3.17984803e-04 ... -1.75087729e-05
    2.68725759e-05  9.38968399e-06]
  ...
  [-1.48563626e-07 -2.17962744e-06 -1.75087729e-05 ...  2.30571627e-04
    2.08962394e-07 -1.91671233e-04]
  [ 1.05888903e-07  1.18318299e-06  2.68725759e-05 ...  2.08962394e-07
    4.63238037e-04 -3.50226009e-06]
  [ 7.43804317e-08  1.05277454e-06  9.38968399e-06 ... -1.91671233e-04
   -3.50226009e-06  6.49568165e-04]]]
converged SCF energy = -150.244985829817  <S^2> = 0.92980776  2S+1 = 2.1723791
[timing] left/O ensemble SCF = 11.7s
dm0 check [[ 3.79536907e-01  6.12220065e-01 -1.25212634e-01 ...  6.16556264e-06
   5.31636554e-07 -1.72295043e-05]
 [ 6.12220065e-01  1.01513290e+00 -3.34024785e-01 ...  1.73612358e-05
   6.34269351e-07 -4.70702282e-05]
 [-1.25212634e-01 -3.34024785e-01  6.75247107e-01 ... -4.17345323e-05
  -1.64314575e-06  1.14100732e-04]
 ...
 [ 6.16556264e-06  1.73612358e-05 -4.17345323e-05 ...  2.43980557e-06
   3.27774073e-07 -3.20940704e-06]
 [ 5.31636554e-07  6.34269351e-07 -1.64314575e-06 ...  3.27774073e-07
   8.65080814e-07 -6.89766851e-07]
 [-1.72295043e-05 -4.70702282e-05  1.14100732e-04 ... -3.20940704e-06
  -6.89766851e-07  8.10439031e-06]]


******** <class 'pyscf.scf.addons.SmearingDFRKS'> ********
method = SmearingDFRKS
initial guess = minao
damping factor = 0.15
level_shift factor = 0.2
DIIS = <class 'pyscf.scf.diis.CDIIS'>
diis_start_cycle = 1
diis_space = 12
diis_damp = 0
SCF conv_tol = 5e-05
SCF conv_tol_grad = None
SCF max_cycles = 200
direct_scf = True
direct_scf_tol = 1e-13
chkfile to save SCF result = /tmp/tmpbjfujydw
max_memory 4000 MB (current use 53005 MB)
XC library pyscf.dft.libxc version 6.1.0
    S. Lehtola, C. Steigemann, M. J.T. Oliveira, and M. A.L. Marques.,  SoftwareX 7, 1–5 (2018)
XC functionals = pbe
    J. P. Perdew, K. Burke, and M. Ernzerhof.,  Phys. Rev. Lett. 77, 3865 (1996)
    J. P. Perdew, K. Burke, and M. Ernzerhof.,  Phys. Rev. Lett. 78, 1396 (1997)
    J. P. Perdew, K. Burke, and M. Ernzerhof.,  Phys. Rev. Lett. 77, 3865 (1996)
    J. P. Perdew, K. Burke, and M. Ernzerhof.,  Phys. Rev. Lett. 78, 1396 (1997)
small_rho_cutoff = 1e-06
Set gradient conv threshold to 0.00707107
    Total E(T) = -12115.6654625086  Free energy = -12116.6864884939  E0 = -12116.1759755012
init E= -12115.6654625086
    sigma = 0.02  Optimized mu = -0.0518645590974  entropy = 1.51239927402
    Total E(T) = -12115.6654181967  Free energy = -12115.6956661822  E0 = -12115.6805421895
cycle= 1 E= -12115.6654181967  delta_E= 4.43e-05  |g|= 0.0376  |ddm|= 58.3
    sigma = 0.02  Optimized mu = -0.0524403962847  entropy = 1.51129618556
    Total E(T) = -12115.6649504097  Free energy = -12115.6951763334  E0 = -12115.6800633716
cycle= 2 E= -12115.6649504097  delta_E= 0.000468  |g|= 0.124  |ddm|=  178
    sigma = 0.02  Optimized mu = -0.0520267416993  entropy = 1.51179528881
    Total E(T) = -12115.6652687537  Free energy = -12115.6955046595  E0 = -12115.6803867066
cycle= 3 E= -12115.6652687537  delta_E= -0.000318  |g|= 0.0594  |ddm|= 60.2
    sigma = 0.02  Optimized mu = -0.0520149958237  entropy = 1.51186698478
    Total E(T) = -12115.6653885207  Free energy = -12115.6956258604  E0 = -12115.6805071906
cycle= 4 E= -12115.6653885207  delta_E= -0.00012  |g|= 0.0368  |ddm|= 29.7
    sigma = 0.02  Optimized mu = -0.051997927865  entropy = 1.51194393127
    Total E(T) = -12115.6654361105  Free energy = -12115.6956749891  E0 = -12115.6805555498
cycle= 5 E= -12115.6654361105  delta_E= -4.76e-05  |g|= 0.0232  |ddm|= 18.1
    sigma = 0.02  Optimized mu = -0.052012427943  entropy = 1.51185948564
    Total E(T) = -12115.6654558588  Free energy = -12115.6956930485  E0 = -12115.6805744536
cycle= 6 E= -12115.6654558588  delta_E= -1.97e-05  |g|= 0.0143  |ddm|=   11
    sigma = 0.02  Optimized mu = -0.0520075962149  entropy = 1.51189498763
    Total E(T) = -12115.6654634818  Free energy = -12115.6957013816  E0 = -12115.6805824317
cycle= 7 E= -12115.6654634818  delta_E= -7.62e-06  |g|= 0.00937  |ddm|= 7.34
    sigma = 0.02  Optimized mu = -0.0520128331972  entropy = 1.51187735515
    Total E(T) = -12115.6654667657  Free energy = -12115.6957043128  E0 = -12115.6805855393
cycle= 8 E= -12115.6654667657  delta_E= -3.28e-06  |g|= 0.00538  |ddm|= 4.93
    sigma = 0.02  Optimized mu = -0.151921026185  entropy = 51.0547970544
    Total E(T) = -12115.1405702445  Free energy = -12116.1616661856  E0 = -12115.651118215
Extra cycle  E= -12115.1405702445  delta_E= 0.525  |g|= 0.391  |ddm|= 4.2e+03
converged SCF energy = -12115.1405702445
dm0 check [[[ 1.89789901e-01  3.06167426e-01 -6.27411471e-02 ...  3.06702099e-06
    1.13447473e-07 -8.10486853e-06]
  [ 3.06167426e-01  5.07719041e-01 -1.67369203e-01 ...  8.63294207e-06
   -9.51023463e-08 -2.21473860e-05]
  [-6.27411471e-02 -1.67369203e-01  3.38449803e-01 ... -2.07010239e-05
    1.88499232e-07  5.35736193e-05]
  ...
  [ 3.06702099e-06  8.63294207e-06 -2.07010239e-05 ...  1.16763459e-06
    1.23474096e-07 -1.48424716e-06]
  [ 1.13447473e-07 -9.51023463e-08  1.88499232e-07 ...  1.23474096e-07
    4.30575090e-07 -2.62340303e-07]
  [-8.10486853e-06 -2.21473860e-05  5.35736193e-05 ... -1.48424716e-06
   -2.62340303e-07  3.63936756e-06]]

 [[ 1.89769870e-01  3.06112832e-01 -6.26170381e-02 ...  2.18633822e-06
    3.52570633e-08 -7.57207526e-06]
  [ 3.06112832e-01  5.07573246e-01 -1.67041605e-01 ...  6.26022083e-06
   -3.03464773e-07 -2.07257370e-05]
  [-6.26170381e-02 -1.67041605e-01  3.37716159e-01 ... -1.49822343e-05
    6.70950495e-07  5.02755527e-05]
  ...
  [ 2.18633822e-06  6.26022083e-06 -1.49822343e-05 ...  1.11486651e-06
    1.23094921e-07 -1.44636220e-06]
  [ 3.52570633e-08 -3.03464773e-07  6.70950495e-07 ...  1.23094921e-07
    4.41067797e-07 -2.70224213e-07]
  [-7.57207526e-06 -2.07257370e-05  5.02755527e-05 ... -1.44636220e-06
   -2.70224213e-07  3.61176590e-06]]]


******** <class 'pyscf.scf.addons.SmearingDFUKS'> ********
method = SmearingDFUKS
initial guess = minao
damping factor = 0.15
level_shift factor = 0.2
DIIS = <class 'pyscf.scf.diis.CDIIS'>
diis_start_cycle = 1
diis_space = 12
diis_damp = 0
SCF conv_tol = 5e-05
SCF conv_tol_grad = None
SCF max_cycles = 200
direct_scf = True
direct_scf_tol = 1e-13
chkfile to save SCF result = /tmp/tmpf2v1oobx
max_memory 4000 MB (current use 53005 MB)
number electrons alpha = 325  beta = 323
XC library pyscf.dft.libxc version 6.1.0
    S. Lehtola, C. Steigemann, M. J.T. Oliveira, and M. A.L. Marques.,  SoftwareX 7, 1–5 (2018)
XC functionals = pbe
    J. P. Perdew, K. Burke, and M. Ernzerhof.,  Phys. Rev. Lett. 77, 3865 (1996)
    J. P. Perdew, K. Burke, and M. Ernzerhof.,  Phys. Rev. Lett. 78, 1396 (1997)
    J. P. Perdew, K. Burke, and M. Ernzerhof.,  Phys. Rev. Lett. 77, 3865 (1996)
    J. P. Perdew, K. Burke, and M. Ernzerhof.,  Phys. Rev. Lett. 78, 1396 (1997)
small_rho_cutoff = 1e-06
Set gradient conv threshold to 0.00707107
    Total E(T) = -12115.2224266691  Free energy = -12115.2865928185  E0 = -12115.2545097438
init E= -12115.2224266691
    sigma = 0.005  Optimized mu_alpha = -0.196981463528  entropy = 3.41167103422e-07
    sigma = 0.005  Optimized mu_beta  = -0.199526602767  entropy = 3.41167103422e-07
    Total E(T) = -12115.2223925847  Free energy = -12115.2223925864  E0 = -12115.2223925855
cycle= 1 E= -12115.2223925847  delta_E= 3.41e-05  |g|= 0.0482  |ddm|= 39.1
    sigma = 0.005  Optimized mu_alpha = -0.19739650055  entropy = 3.39184974978e-07
    sigma = 0.005  Optimized mu_beta  = -0.199967922314  entropy = 3.39184974978e-07
    Total E(T) = -12115.2220461005  Free energy = -12115.2220461022  E0 = -12115.2220461013
cycle= 2 E= -12115.2220461005  delta_E= 0.000346  |g|= 0.153  |ddm|=  116
    sigma = 0.005  Optimized mu_alpha = -0.197102937284  entropy = 3.40272808938e-07
    sigma = 0.005  Optimized mu_beta  = -0.199655110901  entropy = 3.40272808938e-07
    Total E(T) = -12115.2222768948  Free energy = -12115.2222768965  E0 = -12115.2222768956
cycle= 3 E= -12115.2222768948  delta_E= -0.000231  |g|= 0.0751  |ddm|= 38.7
    sigma = 0.005  Optimized mu_alpha = -0.197098359585  entropy = 3.40344021136e-07
    sigma = 0.005  Optimized mu_beta  = -0.199649347914  entropy = 3.40344021136e-07
    Total E(T) = -12115.2223697886  Free energy = -12115.2223697903  E0 = -12115.2223697895
cycle= 4 E= -12115.2223697886  delta_E= -9.29e-05  |g|= 0.0465  |ddm|=   19
    sigma = 0.005  Optimized mu_alpha = -0.197078817413  entropy = 3.40445806871e-07
    sigma = 0.005  Optimized mu_beta  = -0.199628961527  entropy = 3.40445806871e-07
    Total E(T) = -12115.2224061958  Free energy = -12115.2224061975  E0 = -12115.2224061966
cycle= 5 E= -12115.2224061958  delta_E= -3.64e-05  |g|= 0.0306  |ddm|= 12.2
    sigma = 0.005  Optimized mu_alpha = -0.197091154095  entropy = 3.40370989584e-07
    sigma = 0.005  Optimized mu_beta  = -0.199641614898  entropy = 3.40370989584e-07
    Total E(T) = -12115.2224216529  Free energy = -12115.2224216546  E0 = -12115.2224216538
cycle= 6 E= -12115.2224216529  delta_E= -1.55e-05  |g|= 0.0189  |ddm|= 6.88
    sigma = 0.005  Optimized mu_alpha = -0.197092248639  entropy = 3.40358549378e-07
    sigma = 0.005  Optimized mu_beta  = -0.199643152671  entropy = 3.40358549378e-07
    Total E(T) = -12115.2224280089  Free energy = -12115.2224280106  E0 = -12115.2224280098
cycle= 7 E= -12115.2224280089  delta_E= -6.36e-06  |g|= 0.0121  |ddm|= 4.37
    sigma = 0.005  Optimized mu_alpha = -0.197092591229  entropy = 3.40345470923e-07
    sigma = 0.005  Optimized mu_beta  = -0.199643652888  entropy = 3.40345470923e-07
    Total E(T) = -12115.2224305929  Free energy = -12115.2224305946  E0 = -12115.2224305938
cycle= 8 E= -12115.2224305929  delta_E= -2.58e-06  |g|= 0.0074  |ddm|= 3.62
    sigma = 0.005  Optimized mu_alpha = -0.197096491156  entropy = 3.40340311843e-07
    sigma = 0.005  Optimized mu_beta  = -0.199647537367  entropy = 3.40340311843e-07
    Total E(T) = -12115.2224315658  Free energy = -12115.2224315675  E0 = -12115.2224315666
cycle= 9 E= -12115.2224315658  delta_E= -9.73e-07  |g|= 0.00509  |ddm|= 2.21
    sigma = 0.005  Optimized mu_alpha = -0.29664356533  entropy = 12.8326930087
    sigma = 0.005  Optimized mu_beta  = -0.299530095721  entropy = 12.8326930087
    Total E(T) = -12115.1872948365  Free energy = -12115.2514583016  E0 = -12115.219376569
Extra cycle  E= -12115.1872948365  delta_E= 0.0351  |g|= 0.21  |ddm|=  929
converged SCF energy = -12115.1872948365  <S^2> = 3.7629633  2S+1 = 4.0064764
[timing] right/Al ensemble SCF = 1131.7s
[timing] collect state = 0.0s
[step 5] |db|=1.752971e-02 Ef=-12267.15612345 (d=+3.554e-02) L=-12267.13824011 (d=+3.575e-02) |grad|=1.731754e-02 cycles=None converged=True wall=1152.2s
[summary] grad_nonincreasing=True L_monotonic_increase=True Ef_monotonic_increase=True
left ensemble electron number ([9, 9], [7, 8])
right ensemble electron number ([325, 325], [325, 323])
[warm-start] rdft1.D ← pickle dm_ig1
[warm-start] rdft2.D ← pickle dm_ig2

===== case: b_opt_final =====
[init] |b|=2.401485e+00 max|b|=8.816003e-01
dm0 check None
converged SCF energy = -150.226693714538  <S^2> = 2.0045399  2S+1 = 3.003025
dm0 check None
converged SCF energy = -150.244985829667  <S^2> = 0.9297856  2S+1 = 2.1723587
[timing] left/O ensemble SCF = 239.4s
dm0 check [[ 3.79534667e-01  6.12215942e-01 -1.25201763e-01 ...  2.36317920e-05
   1.49366314e-05 -4.82399976e-05]
 [ 6.12215942e-01  1.01512501e+00 -3.34000618e-01 ...  6.44393809e-05
   3.94766218e-05 -1.30683035e-04]
 [-1.25201763e-01 -3.34000618e-01  6.75173101e-01 ... -1.55457170e-04
  -9.56115372e-05  3.16293403e-04]
 ...
 [ 2.36317920e-05  6.44393809e-05 -1.55457170e-04 ...  1.08752212e-05
   5.93102766e-06 -2.35175680e-05]
 [ 1.49366314e-05  3.94766218e-05 -9.56115372e-05 ...  5.93102766e-06
   4.91849297e-06 -1.47860727e-05]
 [-4.82399976e-05 -1.30683035e-04  3.16293403e-04 ... -2.35175680e-05
  -1.47860727e-05  5.94712674e-05]]


******** <class 'pyscf.scf.addons.SmearingDFRKS'> ********
method = SmearingDFRKS
initial guess = minao
damping factor = 0.15
level_shift factor = 0.2
DIIS = <class 'pyscf.scf.diis.CDIIS'>
diis_start_cycle = 1
diis_space = 12
diis_damp = 0
SCF conv_tol = 5e-05
SCF conv_tol_grad = None
SCF max_cycles = 200
direct_scf = True
direct_scf_tol = 1e-13
chkfile to save SCF result = /tmp/tmp7yt8lycs
max_memory 4000 MB (current use 52763 MB)
XC library pyscf.dft.libxc version 6.1.0
    S. Lehtola, C. Steigemann, M. J.T. Oliveira, and M. A.L. Marques.,  SoftwareX 7, 1–5 (2018)
XC functionals = pbe
    J. P. Perdew, K. Burke, and M. Ernzerhof.,  Phys. Rev. Lett. 77, 3865 (1996)
    J. P. Perdew, K. Burke, and M. Ernzerhof.,  Phys. Rev. Lett. 78, 1396 (1997)
    J. P. Perdew, K. Burke, and M. Ernzerhof.,  Phys. Rev. Lett. 77, 3865 (1996)
    J. P. Perdew, K. Burke, and M. Ernzerhof.,  Phys. Rev. Lett. 78, 1396 (1997)
small_rho_cutoff = 1e-06
Set gradient conv threshold to 0.00707107
init E= -12114.679656895
    sigma = 0.02  Optimized mu = -0.0528473659803  entropy = 1.53311171403
    Total E(T) = -12114.679633612  Free energy = -12114.7102958463  E0 = -12114.6949647291
cycle= 1 E= -12114.679633612  delta_E= 2.33e-05  |g|= 0.0319  |ddm|= 23.6
    sigma = 0.02  Optimized mu = -0.0528495111976  entropy = 1.53441371544
    Total E(T) = -12114.6793316065  Free energy = -12114.7100198809  E0 = -12114.6946757437
cycle= 2 E= -12114.6793316065  delta_E= 0.000302  |g|= 0.111  |ddm|=   99
    sigma = 0.02  Optimized mu = -0.0528480934536  entropy = 1.53325643505
    Total E(T) = -12114.6795110063  Free energy = -12114.710176135  E0 = -12114.6948435707
cycle= 3 E= -12114.6795110063  delta_E= -0.000179  |g|= 0.06  |ddm|= 40.9
    sigma = 0.02  Optimized mu = -0.0528479087897  entropy = 1.5332139172
    Total E(T) = -12114.6795836593  Free energy = -12114.7102479377  E0 = -12114.6949157985
cycle= 4 E= -12114.6795836593  delta_E= -7.27e-05  |g|= 0.0428  |ddm|= 16.4
    sigma = 0.02  Optimized mu = -0.0528478045906  entropy = 1.53321044088
    Total E(T) = -12114.679618651  Free energy = -12114.7102828598  E0 = -12114.6949507554
cycle= 5 E= -12114.679618651  delta_E= -3.5e-05  |g|= 0.0312  |ddm|=    9
    sigma = 0.02  Optimized mu = -0.0528482507945  entropy = 1.5332171122
    Total E(T) = -12114.6796364473  Free energy = -12114.7103007896  E0 = -12114.6949686184
cycle= 6 E= -12114.6796364473  delta_E= -1.78e-05  |g|= 0.0234  |ddm|= 5.31
    sigma = 0.02  Optimized mu = -0.0528483938308  entropy = 1.53321589516
    Total E(T) = -12114.6796461462  Free energy = -12114.7103104641  E0 = -12114.6949783051
cycle= 7 E= -12114.6796461462  delta_E= -9.7e-06  |g|= 0.0176  |ddm|= 3.49
    sigma = 0.02  Optimized mu = -0.052847986056  entropy = 1.53321833781
    Total E(T) = -12114.679651499  Free energy = -12114.7103158657  E0 = -12114.6949836823
cycle= 8 E= -12114.679651499  delta_E= -5.35e-06  |g|= 0.0135  |ddm|= 2.58
    sigma = 0.02  Optimized mu = -0.0528491221313  entropy = 1.53321372258
    Total E(T) = -12114.6796545069  Free energy = -12114.7103187814  E0 = -12114.6949866441
cycle= 9 E= -12114.6796545069  delta_E= -3.01e-06  |g|= 0.0104  |ddm|= 1.76
    sigma = 0.02  Optimized mu = -0.0528480092735  entropy = 1.53322023738
    Total E(T) = -12114.6796562597  Free energy = -12114.7103206644  E0 = -12114.6949884621
cycle= 10 E= -12114.6796562597  delta_E= -1.75e-06  |g|= 0.00817  |ddm|= 1.33
    sigma = 0.02  Optimized mu = -0.0528485445764  entropy = 1.53322088438
    Total E(T) = -12114.679657337  Free energy = -12114.7103217546  E0 = -12114.6949895458
cycle= 11 E= -12114.679657337  delta_E= -1.08e-06  |g|= 0.00641  |ddm|= 1.08
    sigma = 0.02  Optimized mu = -0.152964994807  entropy = 51.6375350593
    Total E(T) = -12114.146063492  Free energy = -12115.1788141931  E0 = -12114.6624388426
Extra cycle  E= -12114.146063492  delta_E= 0.534  |g|= 0.421  |ddm|= 4.37e+03
converged SCF energy = -12114.146063492
dm0 check [[[ 1.89789196e-01  3.06166479e-01 -6.27382539e-02 ...  9.19437390e-06
    5.84157518e-06 -2.11411548e-05]
  [ 3.06166479e-01  5.07718057e-01 -1.67363818e-01 ...  2.51422704e-05
    1.53443342e-05 -5.72819252e-05]
  [-6.27382539e-02 -1.67363818e-01  3.38427764e-01 ... -6.05253784e-05
   -3.71083306e-05  1.38400825e-04]
  ...
  [ 9.19437390e-06  2.51422704e-05 -6.05253784e-05 ...  3.13715954e-06
    1.55781055e-06 -7.62202888e-06]
  [ 5.84157518e-06  1.53443342e-05 -3.71083306e-05 ...  1.55781055e-06
    1.58848999e-06 -4.83700572e-06]
  [-2.11411548e-05 -5.72819252e-05  1.38400825e-04 ... -7.62202888e-06
   -4.83700572e-06  2.29806320e-05]]

 [[ 1.89768293e-01  3.06109553e-01 -6.26090281e-02 ...  1.01180610e-05
    6.66144515e-06 -2.24745711e-05]
  [ 3.06109553e-01  5.07566082e-01 -1.67022755e-01 ...  2.76492411e-05
    1.75711417e-05 -6.09233013e-05]
  [-6.26090281e-02 -1.67022755e-01  3.37665124e-01 ... -6.67405293e-05
   -4.26419552e-05  1.47637880e-04]
  ...
  [ 1.01180610e-05  2.76492411e-05 -6.67405293e-05 ...  3.37989959e-06
    1.74706069e-06 -8.19436833e-06]
  [ 6.66144515e-06  1.75711417e-05 -4.26419552e-05 ...  1.74706069e-06
    1.74323057e-06 -5.30648444e-06]
  [-2.24745711e-05 -6.09233013e-05  1.47637880e-04 ... -8.19436833e-06
   -5.30648444e-06  2.42423049e-05]]]


******** <class 'pyscf.scf.addons.SmearingDFUKS'> ********
method = SmearingDFUKS
initial guess = minao
damping factor = 0.15
level_shift factor = 0.2
DIIS = <class 'pyscf.scf.diis.CDIIS'>
diis_start_cycle = 1
diis_space = 12
diis_damp = 0
SCF conv_tol = 5e-05
SCF conv_tol_grad = None
SCF max_cycles = 200
direct_scf = True
direct_scf_tol = 1e-13
chkfile to save SCF result = /tmp/tmps43qk3um
max_memory 4000 MB (current use 52781 MB)
number electrons alpha = 325  beta = 323
XC library pyscf.dft.libxc version 6.1.0
    S. Lehtola, C. Steigemann, M. J.T. Oliveira, and M. A.L. Marques.,  SoftwareX 7, 1–5 (2018)
XC functionals = pbe
    J. P. Perdew, K. Burke, and M. Ernzerhof.,  Phys. Rev. Lett. 77, 3865 (1996)
    J. P. Perdew, K. Burke, and M. Ernzerhof.,  Phys. Rev. Lett. 78, 1396 (1997)
    J. P. Perdew, K. Burke, and M. Ernzerhof.,  Phys. Rev. Lett. 77, 3865 (1996)
    J. P. Perdew, K. Burke, and M. Ernzerhof.,  Phys. Rev. Lett. 78, 1396 (1997)
small_rho_cutoff = 1e-06
Set gradient conv threshold to 0.00707107
init E= -12114.2360288989
    sigma = 0.005  Optimized mu_alpha = -0.197455995055  entropy = 3.44407063199e-07
    sigma = 0.005  Optimized mu_beta  = -0.199986462003  entropy = 3.44407063199e-07
    Total E(T) = -12114.2360185872  Free energy = -12114.236018589  E0 = -12114.2360185881
cycle= 1 E= -12114.2360185872  delta_E= 1.03e-05  |g|= 0.0304  |ddm|= 14.5
    sigma = 0.005  Optimized mu_alpha = -0.197401597893  entropy = 3.44859426474e-07
    sigma = 0.005  Optimized mu_beta  = -0.199932201488  entropy = 3.44859426474e-07
    Total E(T) = -12114.235902052  Free energy = -12114.2359020538  E0 = -12114.2359020529
cycle= 2 E= -12114.235902052  delta_E= 0.000117  |g|= 0.0996  |ddm|= 51.3
    sigma = 0.005  Optimized mu_alpha = -0.197441183025  entropy = 3.44338143064e-07
    sigma = 0.005  Optimized mu_beta  = -0.199970926673  entropy = 3.44338143064e-07
    Total E(T) = -12114.2359687733  Free energy = -12114.235968775  E0 = -12114.2359687742
cycle= 3 E= -12114.2359687733  delta_E= -6.67e-05  |g|= 0.0549  |ddm|= 19.3
    sigma = 0.005  Optimized mu_alpha = -0.197441559607  entropy = 3.44344491194e-07
    sigma = 0.005  Optimized mu_beta  = -0.199971372014  entropy = 3.44344491194e-07
    Total E(T) = -12114.2359996615  Free energy = -12114.2359996632  E0 = -12114.2359996624
cycle= 4 E= -12114.2359996615  delta_E= -3.09e-05  |g|= 0.0383  |ddm|= 7.87
    sigma = 0.005  Optimized mu_alpha = -0.19744273567  entropy = 3.44338883961e-07
    sigma = 0.005  Optimized mu_beta  = -0.199972655868  entropy = 3.44338883961e-07
    Total E(T) = -12114.2360143559  Free energy = -12114.2360143576  E0 = -12114.2360143567
cycle= 5 E= -12114.2360143559  delta_E= -1.47e-05  |g|= 0.0274  |ddm|= 4.64
    sigma = 0.005  Optimized mu_alpha = -0.197439822399  entropy = 3.44353606067e-07
    sigma = 0.005  Optimized mu_beta  = -0.199969670903  entropy = 3.44353606067e-07
    Total E(T) = -12114.2360217337  Free energy = -12114.2360217355  E0 = -12114.2360217346
cycle= 6 E= -12114.2360217337  delta_E= -7.38e-06  |g|= 0.0199  |ddm|= 2.82
    sigma = 0.005  Optimized mu_alpha = -0.19744502043  entropy = 3.44327777234e-07
    sigma = 0.005  Optimized mu_beta  = -0.19997496151  entropy = 3.44327777234e-07
    Total E(T) = -12114.2360255542  Free energy = -12114.2360255559  E0 = -12114.236025555
cycle= 7 E= -12114.2360255542  delta_E= -3.82e-06  |g|= 0.0146  |ddm|= 2.04
    sigma = 0.005  Optimized mu_alpha = -0.197443218768  entropy = 3.44337543003e-07
    sigma = 0.005  Optimized mu_beta  = -0.199973135656  entropy = 3.44337543003e-07
    Total E(T) = -12114.236027575  Free energy = -12114.2360275768  E0 = -12114.2360275759
cycle= 8 E= -12114.236027575  delta_E= -2.02e-06  |g|= 0.0108  |ddm|= 1.68
    sigma = 0.005  Optimized mu_alpha = -0.197443052176  entropy = 3.44334922923e-07
    sigma = 0.005  Optimized mu_beta  = -0.199973004921  entropy = 3.44334922923e-07
    Total E(T) = -12114.2360286703  Free energy = -12114.236028672  E0 = -12114.2360286711
cycle= 9 E= -12114.2360286703  delta_E= -1.1e-06  |g|= 0.00805  |ddm|= 0.938
    sigma = 0.005  Optimized mu_alpha = -0.197443311716  entropy = 3.44336348502e-07
    sigma = 0.005  Optimized mu_beta  = -0.199973178461  entropy = 3.44336348502e-07
    Total E(T) = -12114.2360292581  Free energy = -12114.2360292598  E0 = -12114.2360292589
cycle= 10 E= -12114.2360292581  delta_E= -5.88e-07  |g|= 0.00614  |ddm|= 0.809
    sigma = 0.005  Optimized mu_alpha = -0.297015030949  entropy = 12.8532882213
    sigma = 0.005  Optimized mu_beta  = -0.299897343402  entropy = 12.8532882213
    Total E(T) = -12114.2010067851  Free energy = -12114.2652732263  E0 = -12114.2331400057
Extra cycle  E= -12114.2010067851  delta_E= 0.035  |g|= 0.225  |ddm|=  940
converged SCF energy = -12114.2010067851  <S^2> = 2.0138887  2S+1 = 3.0092449
[timing] right/Al ensemble SCF = 1332.7s
[timing] collect state = 0.0s
[eval-0] Ef=-12262.81508436 L=-12262.79906628 |grad|=1.157102e-02 cycles=None converged=True wall=1577.4s cos(grad,b_opt-b_init)=nan
dm0 check [[[ 1.51510539e-09  2.24390407e-08  1.89788584e-07 ... -1.14716793e-07
    7.42480591e-07  6.64925537e-08]
  [ 2.24390407e-08  3.34442860e-07  2.75065447e-06 ... -1.77763476e-06
    1.10111116e-05  1.04754946e-06]
  [ 1.89788584e-07  2.75065447e-06  2.57236015e-05 ... -1.02767709e-05
    9.27874012e-05  4.99858660e-06]
  ...
  [-1.14716793e-07 -1.77763476e-06 -1.02767709e-05 ...  2.27166818e-04
    1.81897022e-06 -1.91352427e-04]
  [ 7.42480591e-07  1.10111116e-05  9.27874012e-05 ...  1.81897022e-06
    4.79983561e-04 -1.62425374e-06]
  [ 6.64925537e-08  1.04754946e-06  4.99858660e-06 ... -1.91352427e-04
   -1.62425374e-06  6.55608417e-04]]

 [[ 2.14412926e-09  3.18476687e-08  2.65524476e-07 ... -7.48678675e-08
    1.03578378e-06  2.38417798e-08]
  [ 3.18476687e-08  4.74249422e-07  3.91398393e-06 ... -9.93071944e-07
    1.53190952e-05  2.50124817e-07]
  [ 2.65524476e-07  3.91398393e-06  3.37626381e-05 ... -1.10139777e-05
    1.30901684e-04  4.52845690e-06]
  ...
  [-7.48678675e-08 -9.93071944e-07 -1.10139777e-05 ...  2.49604988e-04
    2.27945400e-06 -2.10130920e-04]
  [ 1.03578378e-06  1.53190952e-05  1.30901684e-04 ...  2.27945400e-06
    5.52938192e-04 -2.04465529e-06]
  [ 2.38417798e-08  2.50124817e-07  4.52845690e-06 ... -2.10130920e-04
   -2.04465529e-06  7.46013266e-04]]]
converged SCF energy = -150.226693714539  <S^2> = 2.0045398  2S+1 = 3.003025
dm0 check [[[ 1.14663927e-09  1.70906963e-08  1.38764383e-07 ... -8.06351991e-08
    6.25424907e-07  4.57094748e-08]
  [ 1.70906963e-08  2.56142401e-07  2.02970512e-06 ... -1.06203847e-06
    9.18297648e-06  7.18610580e-07]
  [ 1.38764383e-07  2.02970512e-06  1.80711277e-05 ... -1.26954868e-05
    8.12953223e-05  3.19992558e-06]
  ...
  [-8.06351991e-08 -1.06203847e-06 -1.26954868e-05 ...  2.39056590e-04
   -1.61628521e-06 -1.68273569e-04]
  [ 6.25424907e-07  9.18297648e-06  8.12953223e-05 ... -1.61628521e-06
    4.44991768e-04 -4.05797460e-06]
  [ 4.57094748e-08  7.18610580e-07  3.19992558e-06 ... -1.68273569e-04
   -4.05797460e-06  5.95720304e-04]]

 [[ 2.52991917e-08  3.84988468e-07  2.83081238e-06 ... -1.48521070e-07
    1.05980492e-07  7.43608025e-08]
  [ 3.84988468e-07  5.85993601e-06  4.30397100e-05 ... -2.17883477e-06
    1.18474495e-06  1.05238318e-06]
  [ 2.83081238e-06  4.30397100e-05  3.17944269e-04 ... -1.75046016e-05
    2.68826267e-05  9.38690534e-06]
  ...
  [-1.48521070e-07 -2.17883477e-06 -1.75046016e-05 ...  2.30576224e-04
    2.09094785e-07 -1.91668407e-04]
  [ 1.05980492e-07  1.18474495e-06  2.68826267e-05 ...  2.09094785e-07
    4.63234853e-04 -3.50197083e-06]
  [ 7.43608025e-08  1.05238318e-06  9.38690534e-06 ... -1.91668407e-04
   -3.50197083e-06  6.49562330e-04]]]
converged SCF energy = -150.244985829812  <S^2> = 0.92979458  2S+1 = 2.172367
[timing] left/O ensemble SCF = 14.1s
dm0 check [[ 3.79534661e-01  6.12215927e-01 -1.25201721e-01 ...  2.36338418e-05
   1.49377100e-05 -4.82391115e-05]
 [ 6.12215927e-01  1.01512497e+00 -3.34000507e-01 ...  6.44448808e-05
   3.94795116e-05 -1.30680596e-04]
 [-1.25201721e-01 -3.34000507e-01  6.75172811e-01 ... -1.55470236e-04
  -9.56183596e-05  3.16287024e-04]
 ...
 [ 2.36338418e-05  6.44448808e-05 -1.55470236e-04 ...  1.08879353e-05
   5.93810630e-06 -2.35382558e-05]
 [ 1.49377100e-05  3.94795116e-05 -9.56183596e-05 ...  5.93810630e-06
   4.92230746e-06 -1.47975105e-05]
 [-4.82391115e-05 -1.30680596e-04  3.16287024e-04 ... -2.35382558e-05
  -1.47975105e-05  5.95022987e-05]]


******** <class 'pyscf.scf.addons.SmearingDFRKS'> ********
method = SmearingDFRKS
initial guess = minao
damping factor = 0.15
level_shift factor = 0.2
DIIS = <class 'pyscf.scf.diis.CDIIS'>
diis_start_cycle = 1
diis_space = 12
diis_damp = 0
SCF conv_tol = 5e-05
SCF conv_tol_grad = None
SCF max_cycles = 200
direct_scf = True
direct_scf_tol = 1e-13
chkfile to save SCF result = /tmp/tmp7yt8lycs
max_memory 4000 MB (current use 53005 MB)
XC library pyscf.dft.libxc version 6.1.0
    S. Lehtola, C. Steigemann, M. J.T. Oliveira, and M. A.L. Marques.,  SoftwareX 7, 1–5 (2018)
XC functionals = pbe
    J. P. Perdew, K. Burke, and M. Ernzerhof.,  Phys. Rev. Lett. 77, 3865 (1996)
    J. P. Perdew, K. Burke, and M. Ernzerhof.,  Phys. Rev. Lett. 78, 1396 (1997)
    J. P. Perdew, K. Burke, and M. Ernzerhof.,  Phys. Rev. Lett. 77, 3865 (1996)
    J. P. Perdew, K. Burke, and M. Ernzerhof.,  Phys. Rev. Lett. 78, 1396 (1997)
small_rho_cutoff = 1e-06
Set gradient conv threshold to 0.00707107
    Total E(T) = -12114.6962258241  Free energy = -12115.7289765253  E0 = -12115.2126011747
init E= -12114.6962258241
    sigma = 0.02  Optimized mu = -0.0528650087148  entropy = 1.53285656792
    Total E(T) = -12114.6962121248  Free energy = -12114.7268692561  E0 = -12114.7115406905
cycle= 1 E= -12114.6962121248  delta_E= 1.37e-05  |g|= 0.0265  |ddm|= 18.9
    sigma = 0.02  Optimized mu = -0.0528463076871  entropy = 1.53401151461
    Total E(T) = -12114.696013822  Free energy = -12114.7266940523  E0 = -12114.7113539371
cycle= 2 E= -12114.696013822  delta_E= 0.000198  |g|= 0.0904  |ddm|= 79.2
    sigma = 0.02  Optimized mu = -0.0528489928851  entropy = 1.53309397037
    Total E(T) = -12114.6961295016  Free energy = -12114.7267913811  E0 = -12114.7114604413
cycle= 3 E= -12114.6961295016  delta_E= -0.000116  |g|= 0.0496  |ddm|= 33.6
    sigma = 0.02  Optimized mu = -0.0528501606321  entropy = 1.53304427409
    Total E(T) = -12114.6961779012  Free energy = -12114.7268387867  E0 = -12114.711508344
cycle= 4 E= -12114.6961779012  delta_E= -4.84e-05  |g|= 0.0353  |ddm|= 12.7
    sigma = 0.02  Optimized mu = -0.0528504492996  entropy = 1.53303689587
    Total E(T) = -12114.6962015453  Free energy = -12114.7268622832  E0 = -12114.7115319142
cycle= 5 E= -12114.6962015453  delta_E= -2.36e-05  |g|= 0.0257  |ddm|= 7.38
    sigma = 0.02  Optimized mu = -0.0528518621679  entropy = 1.53302785093
    Total E(T) = -12114.6962135276  Free energy = -12114.7268740846  E0 = -12114.7115438061
cycle= 6 E= -12114.6962135276  delta_E= -1.2e-05  |g|= 0.0192  |ddm|= 4.84
    sigma = 0.02  Optimized mu = -0.0528492615487  entropy = 1.533039121
    Total E(T) = -12114.69622009  Free energy = -12114.7268808724  E0 = -12114.7115504812
cycle= 7 E= -12114.69622009  delta_E= -6.56e-06  |g|= 0.0144  |ddm|= 3.05
    sigma = 0.02  Optimized mu = -0.0528526034602  entropy = 1.53301734177
    Total E(T) = -12114.6962238545  Free energy = -12114.7268842013  E0 = -12114.7115540279
cycle= 8 E= -12114.6962238545  delta_E= -3.76e-06  |g|= 0.0108  |ddm|= 2.25
    sigma = 0.02  Optimized mu = -0.0528492170103  entropy = 1.53302284048
    Total E(T) = -12114.696225865  Free energy = -12114.7268863218  E0 = -12114.7115560934
cycle= 9 E= -12114.696225865  delta_E= -2.01e-06  |g|= 0.00825  |ddm|= 1.75
    sigma = 0.02  Optimized mu = -0.052849035101  entropy = 1.53302919093
    Total E(T) = -12114.6962270067  Free energy = -12114.7268875905  E0 = -12114.7115572986
cycle= 10 E= -12114.6962270067  delta_E= -1.14e-06  |g|= 0.00635  |ddm|= 1.25
    sigma = 0.02  Optimized mu = -0.152967002937  entropy = 51.6346917774
    Total E(T) = -12114.1627718475  Free energy = -12115.195465683  E0 = -12114.6791187652
Extra cycle  E= -12114.1627718475  delta_E= 0.533  |g|= 0.42  |ddm|= 4.36e+03
converged SCF energy = -12114.1627718475
dm0 check [[[ 1.89789188e-01  3.06166462e-01 -6.27382040e-02 ...  9.19710541e-06
    5.84333869e-06 -2.11442351e-05]
  [ 3.06166462e-01  5.07718015e-01 -1.67363688e-01 ...  2.51496278e-05
    1.53490845e-05 -5.72902197e-05]
  [-6.27382040e-02 -1.67363688e-01  3.38427415e-01 ... -6.05430969e-05
   -3.71197735e-05  1.38420779e-04]
  ...
  [ 9.19710541e-06  2.51496278e-05 -6.05430969e-05 ...  3.14006038e-06
    1.55938006e-06 -7.62727491e-06]
  [ 5.84333869e-06  1.53490845e-05 -3.71197735e-05 ...  1.55938006e-06
    1.58933651e-06 -4.83988336e-06]
  [-2.11442351e-05 -5.72902197e-05  1.38420779e-04 ... -7.62727491e-06
   -4.83988336e-06  2.29888442e-05]]

 [[ 1.89768284e-01  3.06109530e-01 -6.26089637e-02 ...  1.01218102e-05
    6.66399374e-06 -2.24794400e-05]
  [ 3.06109530e-01  5.07566023e-01 -1.67022585e-01 ...  2.76593491e-05
    1.75780138e-05 -6.09364289e-05]
  [-6.26089637e-02 -1.67022585e-01  3.37664685e-01 ... -6.67649591e-05
   -4.26585742e-05  1.47669614e-04]
  ...
  [ 1.01218102e-05  2.76593491e-05 -6.67649591e-05 ...  3.38346597e-06
    1.74905096e-06 -8.20088717e-06]
  [ 6.66399374e-06  1.75780138e-05 -4.26585742e-05 ...  1.74905096e-06
    1.74436888e-06 -5.31021430e-06]
  [-2.24794400e-05 -6.09364289e-05  1.47669614e-04 ... -8.20088717e-06
   -5.31021430e-06  2.42529614e-05]]]


******** <class 'pyscf.scf.addons.SmearingDFUKS'> ********
method = SmearingDFUKS
initial guess = minao
damping factor = 0.15
level_shift factor = 0.2
DIIS = <class 'pyscf.scf.diis.CDIIS'>
diis_start_cycle = 1
diis_space = 12
diis_damp = 0
SCF conv_tol = 5e-05
SCF conv_tol_grad = None
SCF max_cycles = 200
direct_scf = True
direct_scf_tol = 1e-13
chkfile to save SCF result = /tmp/tmps43qk3um
max_memory 4000 MB (current use 53005 MB)
number electrons alpha = 325  beta = 323
XC library pyscf.dft.libxc version 6.1.0
    S. Lehtola, C. Steigemann, M. J.T. Oliveira, and M. A.L. Marques.,  SoftwareX 7, 1–5 (2018)
XC functionals = pbe
    J. P. Perdew, K. Burke, and M. Ernzerhof.,  Phys. Rev. Lett. 77, 3865 (1996)
    J. P. Perdew, K. Burke, and M. Ernzerhof.,  Phys. Rev. Lett. 78, 1396 (1997)
    J. P. Perdew, K. Burke, and M. Ernzerhof.,  Phys. Rev. Lett. 77, 3865 (1996)
    J. P. Perdew, K. Burke, and M. Ernzerhof.,  Phys. Rev. Lett. 78, 1396 (1997)
small_rho_cutoff = 1e-06
Set gradient conv threshold to 0.00707107
    Total E(T) = -12114.2525836551  Free energy = -12114.3168500962  E0 = -12114.2847168756
init E= -12114.2525836551
    sigma = 0.005  Optimized mu_alpha = -0.197471395237  entropy = 3.44378400638e-07
    sigma = 0.005  Optimized mu_beta  = -0.200001360876  entropy = 3.44378400638e-07
    Total E(T) = -12114.2525769735  Free energy = -12114.2525769753  E0 = -12114.2525769744
cycle= 1 E= -12114.2525769735  delta_E= 6.68e-06  |g|= 0.0259  |ddm|= 9.53
    sigma = 0.005  Optimized mu_alpha = -0.197424979729  entropy = 3.44715002311e-07
    sigma = 0.005  Optimized mu_beta  = -0.19995433958  entropy = 3.44715002311e-07
    Total E(T) = -12114.2524965918  Free energy = -12114.2524965936  E0 = -12114.2524965927
cycle= 2 E= -12114.2524965918  delta_E= 8.04e-05  |g|= 0.0833  |ddm|= 38.7
    sigma = 0.005  Optimized mu_alpha = -0.197448606778  entropy = 3.44341070784e-07
    sigma = 0.005  Optimized mu_beta  = -0.19997769937  entropy = 3.44341070784e-07
    Total E(T) = -12114.2525409031  Free energy = -12114.2525409048  E0 = -12114.2525409039
cycle= 3 E= -12114.2525409031  delta_E= -4.43e-05  |g|= 0.047  |ddm|= 15.4
    sigma = 0.005  Optimized mu_alpha = -0.197449512272  entropy = 3.44333561059e-07
    sigma = 0.005  Optimized mu_beta  = -0.199978812657  entropy = 3.44333561059e-07
    Total E(T) = -12114.2525625021  Free energy = -12114.2525625038  E0 = -12114.252562503
cycle= 4 E= -12114.2525625021  delta_E= -2.16e-05  |g|= 0.0331  |ddm|= 5.59
    sigma = 0.005  Optimized mu_alpha = -0.197450504374  entropy = 3.44324351867e-07
    sigma = 0.005  Optimized mu_beta  = -0.199979922827  entropy = 3.44324351867e-07
    Total E(T) = -12114.2525731749  Free energy = -12114.2525731767  E0 = -12114.2525731758
cycle= 5 E= -12114.2525731749  delta_E= -1.07e-05  |g|= 0.0239  |ddm|= 3.31
    sigma = 0.005  Optimized mu_alpha = -0.197447817001  entropy = 3.44331540853e-07
    sigma = 0.005  Optimized mu_beta  = -0.199977227881  entropy = 3.44331540853e-07
    Total E(T) = -12114.2525785332  Free energy = -12114.2525785349  E0 = -12114.252578534
cycle= 6 E= -12114.2525785332  delta_E= -5.36e-06  |g|= 0.0177  |ddm|= 2.25
    sigma = 0.005  Optimized mu_alpha = -0.197451785948  entropy = 3.44309366134e-07
    sigma = 0.005  Optimized mu_beta  = -0.199981286682  entropy = 3.44309366134e-07
    Total E(T) = -12114.2525814251  Free energy = -12114.2525814268  E0 = -12114.252581426
cycle= 7 E= -12114.2525814251  delta_E= -2.89e-06  |g|= 0.0132  |ddm|= 1.48
    sigma = 0.005  Optimized mu_alpha = -0.197448671174  entropy = 3.44321080011e-07
    sigma = 0.005  Optimized mu_beta  = -0.199978143459  entropy = 3.44321080011e-07
    Total E(T) = -12114.2525830356  Free energy = -12114.2525830373  E0 = -12114.2525830365
cycle= 8 E= -12114.2525830356  delta_E= -1.61e-06  |g|= 0.00978  |ddm|= 1.02
    sigma = 0.005  Optimized mu_alpha = -0.197448482686  entropy = 3.44314191521e-07
    sigma = 0.005  Optimized mu_beta  = -0.199978062042  entropy = 3.44314191521e-07
    Total E(T) = -12114.2525838978  Free energy = -12114.2525838995  E0 = -12114.2525838986
cycle= 9 E= -12114.2525838978  delta_E= -8.62e-07  |g|= 0.00743  |ddm|= 0.936
    sigma = 0.005  Optimized mu_alpha = -0.197448710117  entropy = 3.44317338443e-07
    sigma = 0.005  Optimized mu_beta  = -0.199978218136  entropy = 3.44317338443e-07
    Total E(T) = -12114.252584383  Free energy = -12114.2525843848  E0 = -12114.2525843839
cycle= 10 E= -12114.252584383  delta_E= -4.85e-07  |g|= 0.00572  |ddm|=  0.6
    sigma = 0.005  Optimized mu_alpha = -0.297022273901  entropy = 12.853086666
    sigma = 0.005  Optimized mu_beta  = -0.29990450895  entropy = 12.853086666
    Total E(T) = -12114.2176225821  Free energy = -12114.2818880154  E0 = -12114.2497552988
Extra cycle  E= -12114.2176225821  delta_E= 0.035  |g|= 0.218  |ddm|=  939
converged SCF energy = -12114.2176225821  <S^2> = 2.0138949  2S+1 = 3.009249
[timing] right/Al ensemble SCF = 1282.3s
[timing] collect state = 0.0s
[step 1] |db|=1.157102e-02 Ef=-12262.87576265 (d=-6.068e-02) L=-12262.85942651 (d=-6.036e-02) |grad|=1.146964e-02 cycles=None converged=True wall=1301.7s
dm0 check [[[ 1.51511142e-09  2.24391254e-08  1.89789561e-07 ... -1.14719027e-07
    7.42476491e-07  6.64943648e-08]
  [ 2.24391254e-08  3.34443992e-07  2.75066910e-06 ... -1.77767180e-06
    1.10110522e-05  1.04757955e-06]
  [ 1.89789561e-07  2.75066910e-06  2.57237476e-05 ... -1.02769946e-05
    9.27868755e-05  4.99876704e-06]
  ...
  [-1.14719027e-07 -1.77767180e-06 -1.02769946e-05 ...  2.27166708e-04
    1.81896838e-06 -1.91352285e-04]
  [ 7.42476491e-07  1.10110522e-05  9.27868755e-05 ...  1.81896838e-06
    4.79980334e-04 -1.62432356e-06]
  [ 6.64943648e-08  1.04757955e-06  4.99876704e-06 ... -1.91352285e-04
   -1.62432356e-06  6.55604999e-04]]

 [[ 2.14412007e-09  3.18475347e-08  2.65523309e-07 ... -7.48705567e-08
    1.03578174e-06  2.38437832e-08]
  [ 3.18475347e-08  4.74247460e-07  3.91396668e-06 ... -9.93113700e-07
    1.53190651e-05  2.50156053e-07]
  [ 2.65523309e-07  3.91396668e-06  3.37625059e-05 ... -1.10142815e-05
    1.30901449e-04  4.52867684e-06]
  ...
  [-7.48705567e-08 -9.93113700e-07 -1.10142815e-05 ...  2.49604219e-04
    2.27938802e-06 -2.10130234e-04]
  [ 1.03578174e-06  1.53190651e-05  1.30901449e-04 ...  2.27938802e-06
    5.52938805e-04 -2.04467203e-06]
  [ 2.38437832e-08  2.50156053e-07  4.52867684e-06 ... -2.10130234e-04
   -2.04467203e-06  7.46013382e-04]]]
converged SCF energy = -150.22669371454  <S^2> = 2.0045398  2S+1 = 3.003025
dm0 check [[[ 1.14644043e-09  1.70875533e-08  1.38757202e-07 ... -8.06195898e-08
    6.25424546e-07  4.56943851e-08]
  [ 1.70875533e-08  2.56093598e-07  2.02957957e-06 ... -1.06182913e-06
    9.18294702e-06  7.18429121e-07]
  [ 1.38757202e-07  2.02957957e-06  1.80710819e-05 ... -1.26945917e-05
    8.12960528e-05  3.19915114e-06]
  ...
  [-8.06195898e-08 -1.06182913e-06 -1.26945917e-05 ...  2.39058219e-04
   -1.61590734e-06 -1.68277561e-04]
  [ 6.25424546e-07  9.18294702e-06  8.12960528e-05 ... -1.61590734e-06
    4.44997716e-04 -4.05929866e-06]
  [ 4.56943851e-08  7.18429121e-07  3.19915114e-06 ... -1.68277561e-04
   -4.05929866e-06  5.95725214e-04]]

 [[ 2.53036790e-08  3.85050753e-07  2.83126579e-06 ... -1.48564615e-07
    1.05907478e-07  7.43836338e-08]
  [ 3.85050753e-07  5.86079318e-06  4.30459256e-05 ... -2.17962739e-06
    1.18345893e-06  1.05280689e-06]
  [ 2.83126579e-06  4.30459256e-05  3.17989580e-04 ... -1.75086853e-05
    2.68751830e-05  9.38988857e-06]
  ...
  [-1.48564615e-07 -2.17962739e-06 -1.75086853e-05 ...  2.30571795e-04
    2.09025570e-07 -1.91673883e-04]
  [ 1.05907478e-07  1.18345893e-06  2.68751830e-05 ...  2.09025570e-07
    4.63241178e-04 -3.50232729e-06]
  [ 7.43836338e-08  1.05280689e-06  9.38988857e-06 ... -1.91673883e-04
   -3.50232729e-06  6.49569815e-04]]]
converged SCF energy = -150.24498582983  <S^2> = 0.92979806  2S+1 = 2.1723702
[timing] left/O ensemble SCF = 11.8s
dm0 check [[ 3.79534068e-01  6.12215686e-01 -1.25201212e-01 ...  2.36603521e-05
   1.50650067e-05 -4.83330447e-05]
 [ 6.12215686e-01  1.01512614e+00 -3.34001128e-01 ...  6.45167392e-05
   3.98228468e-05 -1.30934539e-04]
 [-1.25201212e-01 -3.34001128e-01  6.75175088e-01 ... -1.55645107e-04
  -9.64496056e-05  3.16904110e-04]
 ...
 [ 2.36603521e-05  6.45167392e-05 -1.55645107e-04 ...  1.08593825e-05
   5.97644490e-06 -2.35334572e-05]
 [ 1.50650067e-05  3.98228468e-05 -9.64496056e-05 ...  5.97644490e-06
   4.98580191e-06 -1.49188706e-05]
 [-4.83330447e-05 -1.30934539e-04  3.16904110e-04 ... -2.35334572e-05
  -1.49188706e-05  5.96685777e-05]]


******** <class 'pyscf.scf.addons.SmearingDFRKS'> ********
method = SmearingDFRKS
initial guess = minao
damping factor = 0.15
level_shift factor = 0.2
DIIS = <class 'pyscf.scf.diis.CDIIS'>
diis_start_cycle = 1
diis_space = 12
diis_damp = 0
SCF conv_tol = 5e-05
SCF conv_tol_grad = None
SCF max_cycles = 200
direct_scf = True
direct_scf_tol = 1e-13
chkfile to save SCF result = /tmp/tmp7yt8lycs
max_memory 4000 MB (current use 53117 MB)
XC library pyscf.dft.libxc version 6.1.0
    S. Lehtola, C. Steigemann, M. J.T. Oliveira, and M. A.L. Marques.,  SoftwareX 7, 1–5 (2018)
XC functionals = pbe
    J. P. Perdew, K. Burke, and M. Ernzerhof.,  Phys. Rev. Lett. 77, 3865 (1996)
    J. P. Perdew, K. Burke, and M. Ernzerhof.,  Phys. Rev. Lett. 78, 1396 (1997)
    J. P. Perdew, K. Burke, and M. Ernzerhof.,  Phys. Rev. Lett. 77, 3865 (1996)
    J. P. Perdew, K. Burke, and M. Ernzerhof.,  Phys. Rev. Lett. 78, 1396 (1997)
small_rho_cutoff = 1e-06
Set gradient conv threshold to 0.00707107
    Total E(T) = -12114.7106341898  Free energy = -12115.7433280253  E0 = -12115.2269811076
init E= -12114.7106341898
    sigma = 0.02  Optimized mu = -0.0528674619085  entropy = 1.5326644762
    Total E(T) = -12114.7106207746  Free energy = -12114.7412740642  E0 = -12114.7259474194
cycle= 1 E= -12114.7106207746  delta_E= 1.34e-05  |g|= 0.0263  |ddm|=   20
    sigma = 0.02  Optimized mu = -0.0528479233127  entropy = 1.53384421318
    Total E(T) = -12114.7104275827  Free energy = -12114.741104467  E0 = -12114.7257660249
cycle= 2 E= -12114.7104275827  delta_E= 0.000193  |g|= 0.0895  |ddm|= 80.3
    sigma = 0.02  Optimized mu = -0.0528488985388  entropy = 1.53292971845
    Total E(T) = -12114.710540489  Free energy = -12114.7411990833  E0 = -12114.7258697862
cycle= 3 E= -12114.710540489  delta_E= -0.000113  |g|= 0.0491  |ddm|= 33.4
    sigma = 0.02  Optimized mu = -0.0528507784694  entropy = 1.53287381016
    Total E(T) = -12114.710587727  Free energy = -12114.7412452032  E0 = -12114.7259164651
cycle= 4 E= -12114.710587727  delta_E= -4.72e-05  |g|= 0.0348  |ddm|= 12.7
    sigma = 0.02  Optimized mu = -0.0528513939614  entropy = 1.53286348078
    Total E(T) = -12114.7106108044  Free energy = -12114.741268074  E0 = -12114.7259394392
cycle= 5 E= -12114.7106108044  delta_E= -2.31e-05  |g|= 0.0252  |ddm|= 7.47
    sigma = 0.02  Optimized mu = -0.0528529829223  entropy = 1.53285034622
    Total E(T) = -12114.7106225349  Free energy = -12114.7412795418  E0 = -12114.7259510384
cycle= 6 E= -12114.7106225349  delta_E= -1.17e-05  |g|= 0.0187  |ddm|= 4.82
    sigma = 0.02  Optimized mu = -0.0528502156427  entropy = 1.53286364257
    Total E(T) = -12114.7106288975  Free energy = -12114.7412861703  E0 = -12114.7259575339
cycle= 7 E= -12114.7106288975  delta_E= -6.36e-06  |g|= 0.0139  |ddm|= 3.14
    sigma = 0.02  Optimized mu = -0.0528531494362  entropy = 1.53284113009
    Total E(T) = -12114.7106325179  Free energy = -12114.7412893406  E0 = -12114.7259609292
cycle= 8 E= -12114.7106325179  delta_E= -3.62e-06  |g|= 0.0103  |ddm|= 2.33
    sigma = 0.02  Optimized mu = -0.0528501989899  entropy = 1.5328452427
    Total E(T) = -12114.7106343934  Free energy = -12114.7412912982  E0 = -12114.7259628458
cycle= 9 E= -12114.7106343934  delta_E= -1.88e-06  |g|= 0.00785  |ddm|= 1.85
    sigma = 0.02  Optimized mu = -0.0528504211492  entropy = 1.53284987721
    Total E(T) = -12114.7106354556  Free energy = -12114.7412924531  E0 = -12114.7259639544
cycle= 10 E= -12114.7106354556  delta_E= -1.06e-06  |g|= 0.00601  |ddm|= 1.36
    sigma = 0.02  Optimized mu = -0.152967565743  entropy = 51.6324247526
    Total E(T) = -12114.1772632053  Free energy = -12115.2099117003  E0 = -12114.6935874528
Extra cycle  E= -12114.1772632053  delta_E= 0.533  |g|= 0.419  |ddm|= 4.36e+03
converged SCF energy = -12114.1772632053
dm0 check [[[ 1.89788893e-01  3.06166343e-01 -6.27379533e-02 ...  9.20293606e-06
    5.89134647e-06 -2.11801424e-05]
  [ 3.06166343e-01  5.07718598e-01 -1.67364008e-01 ...  2.51655056e-05
    1.54785124e-05 -5.73872827e-05]
  [-6.27379533e-02 -1.67364008e-01  3.38428581e-01 ... -6.05819589e-05
   -3.74327591e-05  1.38656443e-04]
  ...
  [ 9.20293606e-06  2.51655056e-05 -6.05819589e-05 ...  3.12771799e-06
    1.56844414e-06 -7.62000136e-06]
  [ 5.89134647e-06  1.54785124e-05 -3.74327591e-05 ...  1.56844414e-06
    1.60799363e-06 -4.87796407e-06]
  [-2.11801424e-05 -5.73872827e-05  1.38656443e-04 ... -7.62000136e-06
   -4.87796407e-06  2.30543130e-05]]

 [[ 1.89767981e-01  3.06109393e-01 -6.26086709e-02 ...  1.01291345e-05
    6.71964836e-06 -2.25119674e-05]
  [ 3.06109393e-01  5.07566560e-01 -1.67022792e-01 ...  2.76792946e-05
    1.77281904e-05 -6.10245000e-05]
  [-6.26086709e-02 -1.67022792e-01  3.37665570e-01 ... -6.68139369e-05
   -4.30228465e-05  1.47884437e-04]
  ...
  [ 1.01291345e-05  2.76792946e-05 -6.68139369e-05 ...  3.37021802e-06
    1.75897743e-06 -8.19247477e-06]
  [ 6.71964836e-06  1.77281904e-05 -4.30228465e-05 ...  1.75897743e-06
    1.76476530e-06 -5.35114631e-06]
  [-2.25119674e-05 -6.10245000e-05  1.47884437e-04 ... -8.19247477e-06
   -5.35114631e-06  2.43157246e-05]]]


******** <class 'pyscf.scf.addons.SmearingDFUKS'> ********
method = SmearingDFUKS
initial guess = minao
damping factor = 0.15
level_shift factor = 0.2
DIIS = <class 'pyscf.scf.diis.CDIIS'>
diis_start_cycle = 1
diis_space = 12
diis_damp = 0
SCF conv_tol = 5e-05
SCF conv_tol_grad = None
SCF max_cycles = 200
direct_scf = True
direct_scf_tol = 1e-13
chkfile to save SCF result = /tmp/tmps43qk3um
max_memory 4000 MB (current use 53117 MB)
number electrons alpha = 325  beta = 323
XC library pyscf.dft.libxc version 6.1.0
    S. Lehtola, C. Steigemann, M. J.T. Oliveira, and M. A.L. Marques.,  SoftwareX 7, 1–5 (2018)
XC functionals = pbe
    J. P. Perdew, K. Burke, and M. Ernzerhof.,  Phys. Rev. Lett. 77, 3865 (1996)
    J. P. Perdew, K. Burke, and M. Ernzerhof.,  Phys. Rev. Lett. 78, 1396 (1997)
    J. P. Perdew, K. Burke, and M. Ernzerhof.,  Phys. Rev. Lett. 77, 3865 (1996)
    J. P. Perdew, K. Burke, and M. Ernzerhof.,  Phys. Rev. Lett. 78, 1396 (1997)
small_rho_cutoff = 1e-06
Set gradient conv threshold to 0.00707107
    Total E(T) = -12114.2669770503  Free energy = -12114.3312424836  E0 = -12114.2991097669
init E= -12114.2669770503
    sigma = 0.005  Optimized mu_alpha = -0.197478290996  entropy = 3.44321488597e-07
    sigma = 0.005  Optimized mu_beta  = -0.200007996034  entropy = 3.44321488597e-07
    Total E(T) = -12114.2669714156  Free energy = -12114.2669714174  E0 = -12114.2669714165
cycle= 1 E= -12114.2669714156  delta_E= 5.63e-06  |g|= 0.0239  |ddm|= 8.44
    sigma = 0.005  Optimized mu_alpha = -0.197429744789  entropy = 3.44677995261e-07
    sigma = 0.005  Optimized mu_beta  = -0.199958432008  entropy = 3.44677995261e-07
    Total E(T) = -12114.2669032839  Free energy = -12114.2669032857  E0 = -12114.2669032848
cycle= 2 E= -12114.2669032839  delta_E= 6.81e-05  |g|= 0.0767  |ddm|= 34.5
    sigma = 0.005  Optimized mu_alpha = -0.197453058208  entropy = 3.44332395623e-07
    sigma = 0.005  Optimized mu_beta  = -0.19998174144  entropy = 3.44332395623e-07
    Total E(T) = -12114.2669405705  Free energy = -12114.2669405722  E0 = -12114.2669405713
cycle= 3 E= -12114.2669405705  delta_E= -3.73e-05  |g|= 0.0434  |ddm|= 14.1
    sigma = 0.005  Optimized mu_alpha = -0.197454739831  entropy = 3.4431701939e-07
    sigma = 0.005  Optimized mu_beta  = -0.199983669814  entropy = 3.4431701939e-07
    Total E(T) = -12114.2669590388  Free energy = -12114.2669590405  E0 = -12114.2669590396
cycle= 4 E= -12114.2669590388  delta_E= -1.85e-05  |g|= 0.0305  |ddm|= 4.92
    sigma = 0.005  Optimized mu_alpha = -0.197455901396  entropy = 3.44306688601e-07
    sigma = 0.005  Optimized mu_beta  = -0.19998491364  entropy = 3.44306688601e-07
    Total E(T) = -12114.2669682153  Free energy = -12114.266968217  E0 = -12114.2669682162
cycle= 5 E= -12114.2669682153  delta_E= -9.18e-06  |g|= 0.022  |ddm|= 2.95
    sigma = 0.005  Optimized mu_alpha = -0.197453939429  entropy = 3.44306080317e-07
    sigma = 0.005  Optimized mu_beta  = -0.199983052027  entropy = 3.44306080317e-07
    Total E(T) = -12114.2669727835  Free energy = -12114.2669727853  E0 = -12114.2669727844
cycle= 6 E= -12114.2669727835  delta_E= -4.57e-06  |g|= 0.0163  |ddm|= 2.05
    sigma = 0.005  Optimized mu_alpha = -0.197457046403  entropy = 3.44291641414e-07
    sigma = 0.005  Optimized mu_beta  = -0.199986149741  entropy = 3.44291641414e-07
    Total E(T) = -12114.2669752526  Free energy = -12114.2669752543  E0 = -12114.2669752535
cycle= 7 E= -12114.2669752526  delta_E= -2.47e-06  |g|= 0.0121  |ddm|= 1.32
    sigma = 0.005  Optimized mu_alpha = -0.197453778466  entropy = 3.4430338567e-07
    sigma = 0.005  Optimized mu_beta  = -0.19998285761  entropy = 3.4430338567e-07
    Total E(T) = -12114.2669766295  Free energy = -12114.2669766312  E0 = -12114.2669766303
cycle= 8 E= -12114.2669766295  delta_E= -1.38e-06  |g|= 0.00894  |ddm|= 0.926
    sigma = 0.005  Optimized mu_alpha = -0.19745452788  entropy = 3.44288829684e-07
    sigma = 0.005  Optimized mu_beta  = -0.199983774124  entropy = 3.44288829684e-07
    Total E(T) = -12114.2669773618  Free energy = -12114.2669773635  E0 = -12114.2669773626
cycle= 9 E= -12114.2669773618  delta_E= -7.32e-07  |g|= 0.00677  |ddm|= 0.929
    sigma = 0.005  Optimized mu_alpha = -0.297030247695  entropy = 12.8531750885
    sigma = 0.005  Optimized mu_beta  = -0.299912349228  entropy = 12.8531750885
    Total E(T) = -12114.2319044898  Free energy = -12114.2961703653  E0 = -12114.2640374275
Extra cycle  E= -12114.2319044898  delta_E= 0.0351  |g|= 0.232  |ddm|=  939
converged SCF energy = -12114.2319044898  <S^2> = 2.0138999  2S+1 = 3.0092523
[timing] right/Al ensemble SCF = 1223.2s
[timing] collect state = 0.0s
[step 2] |db|=1.146964e-02 Ef=-12262.93510478 (d=-5.934e-02) L=-12262.91846213 (d=-5.904e-02) |grad|=1.137425e-02 cycles=None converged=True wall=1240.2s
dm0 check [[[ 1.51511507e-09  2.24391764e-08  1.89790082e-07 ... -1.14718990e-07
    7.42477045e-07  6.64943306e-08]
  [ 2.24391764e-08  3.34444763e-07  2.75067587e-06 ... -1.77767125e-06
    1.10110602e-05  1.04757907e-06]
  [ 1.89790082e-07  2.75067587e-06  2.57238102e-05 ... -1.02769953e-05
    9.27869282e-05  4.99876750e-06]
  ...
  [-1.14718990e-07 -1.77767125e-06 -1.02769953e-05 ...  2.27166703e-04
    1.81897159e-06 -1.91352281e-04]
  [ 7.42477045e-07  1.10110602e-05  9.27869282e-05 ...  1.81897159e-06
    4.79980205e-04 -1.62432622e-06]
  [ 6.64943306e-08  1.04757907e-06  4.99876750e-06 ... -1.91352281e-04
   -1.62432622e-06  6.55604862e-04]]

 [[ 2.14412506e-09  3.18476057e-08  2.65523940e-07 ... -7.48707043e-08
    1.03578288e-06  2.38439018e-08]
  [ 3.18476057e-08  4.74248514e-07  3.91397520e-06 ... -9.93113263e-07
    1.53190814e-05  2.50155752e-07]
  [ 2.65523940e-07  3.91397520e-06  3.37625800e-05 ... -1.10142938e-05
    1.30901577e-04  4.52868661e-06]
  ...
  [-7.48707043e-08 -9.93113263e-07 -1.10142938e-05 ...  2.49604179e-04
    2.27939104e-06 -2.10130198e-04]
  [ 1.03578288e-06  1.53190814e-05  1.30901577e-04 ...  2.27939104e-06
    5.52938810e-04 -2.04467526e-06]
  [ 2.38439018e-08  2.50155752e-07  4.52868661e-06 ... -2.10130198e-04
   -2.04467526e-06  7.46013355e-04]]]
converged SCF energy = -150.22669371454  <S^2> = 2.0045398  2S+1 = 3.003025
dm0 check [[[ 1.14640389e-09  1.70870133e-08  1.38753939e-07 ... -8.06188010e-08
    6.25415508e-07  4.56897409e-08]
  [ 1.70870133e-08  2.56085856e-07  2.02952809e-06 ... -1.06182303e-06
    9.18280262e-06  7.18371405e-07]
  [ 1.38753939e-07  2.02952809e-06  1.80707535e-05 ... -1.26946238e-05
    8.12949622e-05  3.19865437e-06]
  ...
  [-8.06188010e-08 -1.06182303e-06 -1.26946238e-05 ...  2.39058491e-04
   -1.61625119e-06 -1.68274807e-04]
  [ 6.25415508e-07  9.18280262e-06  8.12949622e-05 ... -1.61625119e-06
    4.44994840e-04 -4.05993503e-06]
  [ 4.56897409e-08  7.18371405e-07  3.19865437e-06 ... -1.68274807e-04
   -4.05993503e-06  5.95722512e-04]]

 [[ 2.53036577e-08  3.85049032e-07  2.83126422e-06 ... -1.48564942e-07
    1.05891592e-07  7.43764912e-08]
  [ 3.85049032e-07  5.86074589e-06  4.30457436e-05 ... -2.17965303e-06
    1.18317950e-06  1.05272041e-06]
  [ 2.83126422e-06  4.30457436e-05  3.17989433e-04 ... -1.75089510e-05
    2.68727894e-05  9.38929285e-06]
  ...
  [-1.48564942e-07 -2.17965303e-06 -1.75089510e-05 ...  2.30571546e-04
    2.08965287e-07 -1.91670976e-04]
  [ 1.05891592e-07  1.18317950e-06  2.68727894e-05 ...  2.08965287e-07
    4.63237986e-04 -3.50230113e-06]
  [ 7.43764912e-08  1.05272041e-06  9.38929285e-06 ... -1.91670976e-04
   -3.50230113e-06  6.49568405e-04]]]
converged SCF energy = -150.244985829834  <S^2> = 0.92979734  2S+1 = 2.1723695
[timing] left/O ensemble SCF = 13.3s
dm0 check [[ 3.79535204e-01  6.12216290e-01 -1.25202365e-01 ...  2.36918068e-05
   1.51937791e-05 -4.84351409e-05]
 [ 6.12216290e-01  1.01512544e+00 -3.34004061e-01 ...  6.46016023e-05
   4.01701555e-05 -1.31209976e-04]
 [-1.25202365e-01 -3.34004061e-01  6.75182729e-01 ... -1.55851847e-04
  -9.72913555e-05  3.17574473e-04]
 ...
 [ 2.36918068e-05  6.46016023e-05 -1.55851847e-04 ...  1.08301299e-05
   6.01375283e-06 -2.35284822e-05]
 [ 1.51937791e-05  4.01701555e-05 -9.72913555e-05 ...  6.01375283e-06
   5.04883984e-06 -1.50391174e-05]
 [-4.84351409e-05 -1.31209976e-04  3.17574473e-04 ... -2.35284822e-05
  -1.50391174e-05  5.98362849e-05]]


******** <class 'pyscf.scf.addons.SmearingDFRKS'> ********
method = SmearingDFRKS
initial guess = minao
damping factor = 0.15
level_shift factor = 0.2
DIIS = <class 'pyscf.scf.diis.CDIIS'>
diis_start_cycle = 1
diis_space = 12
diis_damp = 0
SCF conv_tol = 5e-05
SCF conv_tol_grad = None
SCF max_cycles = 200
direct_scf = True
direct_scf_tol = 1e-13
chkfile to save SCF result = /tmp/tmp7yt8lycs
max_memory 4000 MB (current use 52837 MB)
XC library pyscf.dft.libxc version 6.1.0
    S. Lehtola, C. Steigemann, M. J.T. Oliveira, and M. A.L. Marques.,  SoftwareX 7, 1–5 (2018)
XC functionals = pbe
    J. P. Perdew, K. Burke, and M. Ernzerhof.,  Phys. Rev. Lett. 77, 3865 (1996)
    J. P. Perdew, K. Burke, and M. Ernzerhof.,  Phys. Rev. Lett. 78, 1396 (1997)
    J. P. Perdew, K. Burke, and M. Ernzerhof.,  Phys. Rev. Lett. 77, 3865 (1996)
    J. P. Perdew, K. Burke, and M. Ernzerhof.,  Phys. Rev. Lett. 78, 1396 (1997)
small_rho_cutoff = 1e-06
Set gradient conv threshold to 0.00707107
    Total E(T) = -12114.7252780767  Free energy = -12115.7579265718  E0 = -12115.2416023242
init E= -12114.7252780767
    sigma = 0.02  Optimized mu = -0.0528683064155  entropy = 1.53250524368
    Total E(T) = -12114.725266269  Free energy = -12114.7559163738  E0 = -12114.7405913214
cycle= 1 E= -12114.725266269  delta_E= 1.18e-05  |g|= 0.0247  |ddm|= 19.3
    sigma = 0.02  Optimized mu = -0.0528501632668  entropy = 1.53360546954
    Total E(T) = -12114.7250954791  Free energy = -12114.7557675885  E0 = -12114.7404315338
cycle= 2 E= -12114.7250954791  delta_E= 0.000171  |g|= 0.0841  |ddm|= 76.6
    sigma = 0.02  Optimized mu = -0.052850092233  entropy = 1.5327660281
    Total E(T) = -12114.7251953215  Free energy = -12114.7558506421  E0 = -12114.7405229818
cycle= 3 E= -12114.7251953215  delta_E= -9.98e-05  |g|= 0.0461  |ddm|= 31.5
    sigma = 0.02  Optimized mu = -0.0528521641241  entropy = 1.53271130233
    Total E(T) = -12114.7252372427  Free energy = -12114.7558914687  E0 = -12114.7405643557
cycle= 4 E= -12114.7252372427  delta_E= -4.19e-05  |g|= 0.0325  |ddm|= 11.9
    sigma = 0.02  Optimized mu = -0.0528527496567  entropy = 1.53270151381
    Total E(T) = -12114.7252576946  Free energy = -12114.7559117248  E0 = -12114.7405847097
cycle= 5 E= -12114.7252576946  delta_E= -2.05e-05  |g|= 0.0235  |ddm|= 7.09
    sigma = 0.02  Optimized mu = -0.0528544896782  entropy = 1.53268750856
    Total E(T) = -12114.7252679528  Free energy = -12114.7559217029  E0 = -12114.7405948278
cycle= 6 E= -12114.7252679528  delta_E= -1.03e-05  |g|= 0.0175  |ddm|= 4.88
    sigma = 0.02  Optimized mu = -0.0528523815056  entropy = 1.5326980037
    Total E(T) = -12114.7252735234  Free energy = -12114.7559274834  E0 = -12114.7406005034
cycle= 7 E= -12114.7252735234  delta_E= -5.57e-06  |g|= 0.013  |ddm|= 2.95
    sigma = 0.02  Optimized mu = -0.0528545227712  entropy = 1.53267914155
    Total E(T) = -12114.7252766851  Free energy = -12114.7559302679  E0 = -12114.7406034765
cycle= 8 E= -12114.7252766851  delta_E= -3.16e-06  |g|= 0.00967  |ddm|=  2.2
    sigma = 0.02  Optimized mu = -0.0528511091427  entropy = 1.53268790905
    Total E(T) = -12114.725278308  Free energy = -12114.7559320662  E0 = -12114.7406051871
cycle= 9 E= -12114.725278308  delta_E= -1.62e-06  |g|= 0.00739  |ddm|= 1.95
    sigma = 0.02  Optimized mu = -0.0528517422431  entropy = 1.53268849339
    Total E(T) = -12114.7252792522  Free energy = -12114.755933022  E0 = -12114.7406061371
cycle= 10 E= -12114.7252792522  delta_E= -9.44e-07  |g|= 0.00567  |ddm|= 1.17
    sigma = 0.02  Optimized mu = -0.152968505642  entropy = 51.6304646676
    Total E(T) = -12114.1919650429  Free energy = -12115.2245743363  E0 = -12114.7082696896
Extra cycle  E= -12114.1919650429  delta_E= 0.533  |g|= 0.418  |ddm|= 4.36e+03
converged SCF energy = -12114.1919650429
dm0 check [[[ 1.89789458e-01  3.06166637e-01 -6.27385078e-02 ...  9.21185992e-06
    5.94037398e-06 -2.12202703e-05]
  [ 3.06166637e-01  5.07718231e-01 -1.67365417e-01 ...  2.51895777e-05
    1.56106987e-05 -5.74954857e-05]
  [-6.27385078e-02 -1.67365417e-01  3.38432260e-01 ... -6.06407013e-05
   -3.77527793e-05  1.38919498e-04]
  ...
  [ 9.21185992e-06  2.51895777e-05 -6.06407013e-05 ...  3.11695025e-06
    1.57819596e-06 -7.61596190e-06]
  [ 5.94037398e-06  1.56106987e-05 -3.77527793e-05 ...  1.57819596e-06
    1.62705223e-06 -4.91754321e-06]
  [-2.12202703e-05 -5.74954857e-05  1.38919498e-04 ... -7.61596190e-06
   -4.91754321e-06  2.31254522e-05]]

 [[ 1.89768540e-01  3.06109672e-01 -6.26091874e-02 ...  1.01385693e-05
    6.77563740e-06 -2.25473008e-05]
  [ 3.06109672e-01  5.07566154e-01 -1.67024100e-01 ...  2.77047808e-05
    1.78792710e-05 -6.11198893e-05]
  [-6.26091874e-02 -1.67024100e-01  3.37668994e-01 ... -6.68764498e-05
   -4.33897064e-05  1.48117509e-04]
  ...
  [ 1.01385693e-05  2.77047808e-05 -6.68764498e-05 ...  3.35796387e-06
    1.76926332e-06 -8.18610971e-06]
  [ 6.77563740e-06  1.78792710e-05 -4.33897064e-05 ...  1.76926332e-06
    1.78536800e-06 -5.39289504e-06]
  [-2.25473008e-05 -6.11198893e-05  1.48117509e-04 ... -8.18610971e-06
   -5.39289504e-06  2.43819007e-05]]]


******** <class 'pyscf.scf.addons.SmearingDFUKS'> ********
method = SmearingDFUKS
initial guess = minao
damping factor = 0.15
level_shift factor = 0.2
DIIS = <class 'pyscf.scf.diis.CDIIS'>
diis_start_cycle = 1
diis_space = 12
diis_damp = 0
SCF conv_tol = 5e-05
SCF conv_tol_grad = None
SCF max_cycles = 200
direct_scf = True
direct_scf_tol = 1e-13
chkfile to save SCF result = /tmp/tmps43qk3um
max_memory 4000 MB (current use 52875 MB)
number electrons alpha = 325  beta = 323
XC library pyscf.dft.libxc version 6.1.0
    S. Lehtola, C. Steigemann, M. J.T. Oliveira, and M. A.L. Marques.,  SoftwareX 7, 1–5 (2018)
XC functionals = pbe
    J. P. Perdew, K. Burke, and M. Ernzerhof.,  Phys. Rev. Lett. 77, 3865 (1996)
    J. P. Perdew, K. Burke, and M. Ernzerhof.,  Phys. Rev. Lett. 78, 1396 (1997)
    J. P. Perdew, K. Burke, and M. Ernzerhof.,  Phys. Rev. Lett. 77, 3865 (1996)
    J. P. Perdew, K. Burke, and M. Ernzerhof.,  Phys. Rev. Lett. 78, 1396 (1997)
small_rho_cutoff = 1e-06
Set gradient conv threshold to 0.00707107
    Total E(T) = -12114.281605122  Free energy = -12114.3458709974  E0 = -12114.3137380597
init E= -12114.281605122
    sigma = 0.005  Optimized mu_alpha = -0.197485991611  entropy = 3.44309999578e-07
    sigma = 0.005  Optimized mu_beta  = -0.200015320995  entropy = 3.44309999578e-07
    Total E(T) = -12114.281596731  Free energy = -12114.2815967327  E0 = -12114.2815967319
cycle= 1 E= -12114.281596731  delta_E= 8.39e-06  |g|= 0.0286  |ddm|= 9.94
    sigma = 0.005  Optimized mu_alpha = -0.197429418746  entropy = 3.44781136812e-07
    sigma = 0.005  Optimized mu_beta  = -0.199958426555  entropy = 3.44781136812e-07
    Total E(T) = -12114.2814974043  Free energy = -12114.281497406  E0 = -12114.2814974052
cycle= 2 E= -12114.2814974043  delta_E= 9.93e-05  |g|= 0.0923  |ddm|= 40.8
    sigma = 0.005  Optimized mu_alpha = -0.197457819554  entropy = 3.44316383895e-07
    sigma = 0.005  Optimized mu_beta  = -0.199986207271  entropy = 3.44316383895e-07
    Total E(T) = -12114.2815521255  Free energy = -12114.2815521273  E0 = -12114.2815521264
cycle= 3 E= -12114.2815521255  delta_E= -5.47e-05  |g|= 0.0519  |ddm|=   17
    sigma = 0.005  Optimized mu_alpha = -0.197459973867  entropy = 3.44300995958e-07
    sigma = 0.005  Optimized mu_beta  = -0.199988584801  entropy = 3.44300995958e-07
    Total E(T) = -12114.2815788518  Free energy = -12114.2815788536  E0 = -12114.2815788527
cycle= 4 E= -12114.2815788518  delta_E= -2.67e-05  |g|= 0.0366  |ddm|= 5.99
    sigma = 0.005  Optimized mu_alpha = -0.197461454959  entropy = 3.44288548597e-07
    sigma = 0.005  Optimized mu_beta  = -0.199990138694  entropy = 3.44288548597e-07
    Total E(T) = -12114.2815920471  Free energy = -12114.2815920489  E0 = -12114.281592048
cycle= 5 E= -12114.2815920471  delta_E= -1.32e-05  |g|= 0.0264  |ddm|= 3.53
    sigma = 0.005  Optimized mu_alpha = -0.197459381624  entropy = 3.44289932198e-07
    sigma = 0.005  Optimized mu_beta  = -0.199988106932  entropy = 3.44289932198e-07
    Total E(T) = -12114.2815986752  Free energy = -12114.2815986769  E0 = -12114.2815986761
cycle= 6 E= -12114.2815986752  delta_E= -6.63e-06  |g|= 0.0195  |ddm|= 2.35
    sigma = 0.005  Optimized mu_alpha = -0.197462935891  entropy = 3.44269905429e-07
    sigma = 0.005  Optimized mu_beta  = -0.199991724648  entropy = 3.44269905429e-07
    Total E(T) = -12114.2816022457  Free energy = -12114.2816022474  E0 = -12114.2816022465
cycle= 7 E= -12114.2816022457  delta_E= -3.57e-06  |g|= 0.0145  |ddm|=  1.6
    sigma = 0.005  Optimized mu_alpha = -0.19745960453  entropy = 3.44283190728e-07
    sigma = 0.005  Optimized mu_beta  = -0.199988358569  entropy = 3.44283190728e-07
    Total E(T) = -12114.2816042209  Free energy = -12114.2816042226  E0 = -12114.2816042217
cycle= 8 E= -12114.2816042209  delta_E= -1.98e-06  |g|= 0.0107  |ddm|=  1.1
    sigma = 0.005  Optimized mu_alpha = -0.197459734989  entropy = 3.44271221995e-07
    sigma = 0.005  Optimized mu_beta  = -0.199988632265  entropy = 3.44271221995e-07
    Total E(T) = -12114.281605272  Free energy = -12114.2816052737  E0 = -12114.2816052728
cycle= 9 E= -12114.281605272  delta_E= -1.05e-06  |g|= 0.00812  |ddm|= 0.873
    sigma = 0.005  Optimized mu_alpha = -0.197459921773  entropy = 3.44279545417e-07
    sigma = 0.005  Optimized mu_beta  = -0.199988657733  entropy = 3.44279545417e-07
    Total E(T) = -12114.2816058583  Free energy = -12114.28160586  E0 = -12114.2816058592
cycle= 10 E= -12114.2816058583  delta_E= -5.86e-07  |g|= 0.00623  |ddm|= 0.683
    sigma = 0.005  Optimized mu_alpha = -0.297036160668  entropy = 12.8528911246
    sigma = 0.005  Optimized mu_beta  = -0.29991822837  entropy = 12.8528911246
    Total E(T) = -12114.2466043175  Free energy = -12114.3108687731  E0 = -12114.2787365453
Extra cycle  E= -12114.2466043175  delta_E= 0.035  |g|= 0.224  |ddm|=  939
converged SCF energy = -12114.2466043175  <S^2> = 2.0139065  2S+1 = 3.0092567
[timing] right/Al ensemble SCF = 1273.7s
[timing] collect state = 0.0s
[step 3] |db|=1.137425e-02 Ef=-12262.99319273 (d=-5.809e-02) L=-12262.97626041 (d=-5.780e-02) |grad|=1.128592e-02 cycles=None converged=True wall=1292.2s
dm0 check [[[ 1.51511345e-09  2.24391537e-08  1.89789845e-07 ... -1.14719041e-07
    7.42476856e-07  6.64943793e-08]
  [ 2.24391537e-08  3.34444425e-07  2.75067274e-06 ... -1.77767171e-06
    1.10110573e-05  1.04757954e-06]
  [ 1.89789845e-07  2.75067274e-06  2.57237806e-05 ... -1.02769975e-05
    9.27869110e-05  4.99876992e-06]
  ...
  [-1.14719041e-07 -1.77767171e-06 -1.02769975e-05 ...  2.27166714e-04
    1.81897069e-06 -1.91352291e-04]
  [ 7.42476856e-07  1.10110573e-05  9.27869110e-05 ...  1.81897069e-06
    4.79980266e-04 -1.62432538e-06]
  [ 6.64943793e-08  1.04757954e-06  4.99876992e-06 ... -1.91352291e-04
   -1.62432538e-06  6.55604932e-04]]

 [[ 2.14412288e-09  3.18475751e-08  2.65523668e-07 ... -7.48706513e-08
    1.03578247e-06  2.38438681e-08]
  [ 3.18475751e-08  4.74248065e-07  3.91397161e-06 ... -9.93113945e-07
    1.53190756e-05  2.50156401e-07]
  [ 2.65523668e-07  3.91397161e-06  3.37625491e-05 ... -1.10142914e-05
    1.30901535e-04  4.52868544e-06]
  ...
  [-7.48706513e-08 -9.93113945e-07 -1.10142914e-05 ...  2.49604200e-04
    2.27939015e-06 -2.10130218e-04]
  [ 1.03578247e-06  1.53190756e-05  1.30901535e-04 ...  2.27939015e-06
    5.52938890e-04 -2.04467291e-06]
  [ 2.38438681e-08  2.50156401e-07  4.52868544e-06 ... -2.10130218e-04
   -2.04467291e-06  7.46013452e-04]]]
converged SCF energy = -150.226693714539  <S^2> = 2.0045398  2S+1 = 3.003025
dm0 check [[[ 1.14641745e-09  1.70871841e-08  1.38754813e-07 ... -8.06196941e-08
    6.25417120e-07  4.56926965e-08]
  [ 1.70871841e-08  2.56087717e-07  2.02954043e-06 ... -1.06182579e-06
    9.18282741e-06  7.18406974e-07]
  [ 1.38754813e-07  2.02954043e-06  1.80708466e-05 ... -1.26946806e-05
    8.12951703e-05  3.19891372e-06]
  ...
  [-8.06196941e-08 -1.06182579e-06 -1.26946806e-05 ...  2.39058742e-04
   -1.61627706e-06 -1.68275179e-04]
  [ 6.25417120e-07  9.18282741e-06  8.12951703e-05 ... -1.61627706e-06
    4.44995293e-04 -4.05994829e-06]
  [ 4.56926965e-08  7.18406974e-07  3.19891372e-06 ... -1.68275179e-04
   -4.05994829e-06  5.95722691e-04]]

 [[ 2.53030872e-08  3.85041148e-07  2.83121281e-06 ... -1.48564709e-07
    1.05890540e-07  7.43821276e-08]
  [ 3.85041148e-07  5.86063793e-06  4.30450523e-05 ... -2.17963110e-06
    1.18320858e-06  1.05278733e-06]
  [ 2.83121281e-06  4.30450523e-05  3.17985100e-04 ... -1.75088049e-05
    2.68728932e-05  9.38978176e-06]
  ...
  [-1.48564709e-07 -2.17963110e-06 -1.75088049e-05 ...  2.30571482e-04
    2.08982238e-07 -1.91671362e-04]
  [ 1.05890540e-07  1.18320858e-06  2.68728932e-05 ...  2.08982238e-07
    4.63238233e-04 -3.50223686e-06]
  [ 7.43821276e-08  1.05278733e-06  9.38978176e-06 ... -1.91671362e-04
   -3.50223686e-06  6.49568189e-04]]]
converged SCF energy = -150.244985829831  <S^2> = 0.92979752  2S+1 = 2.1723697
[timing] left/O ensemble SCF = 11.0s
dm0 check [[ 3.79534995e-01  6.12216274e-01 -1.25202382e-01 ...  2.37306526e-05
   1.53253814e-05 -4.85462861e-05]
 [ 6.12216274e-01  1.01512630e+00 -3.34005496e-01 ...  6.47066317e-05
   4.05250983e-05 -1.31510189e-04]
 [-1.25202382e-01 -3.34005496e-01  6.75187030e-01 ... -1.56107054e-04
  -9.81508675e-05  3.18303717e-04]
 ...
 [ 2.37306526e-05  6.47066317e-05 -1.56107054e-04 ...  1.08094953e-05
   6.05512153e-06 -2.35386507e-05]
 [ 1.53253814e-05  4.05250983e-05 -9.81508675e-05 ...  6.05512153e-06
   5.11407922e-06 -1.51664996e-05]
 [-4.85462861e-05 -1.31510189e-04  3.18303717e-04 ... -2.35386507e-05
  -1.51664996e-05  6.00281625e-05]]


******** <class 'pyscf.scf.addons.SmearingDFRKS'> ********
method = SmearingDFRKS
initial guess = minao
damping factor = 0.15
level_shift factor = 0.2
DIIS = <class 'pyscf.scf.diis.CDIIS'>
diis_start_cycle = 1
diis_space = 12
diis_damp = 0
SCF conv_tol = 5e-05
SCF conv_tol_grad = None
SCF max_cycles = 200
direct_scf = True
direct_scf_tol = 1e-13
chkfile to save SCF result = /tmp/tmp7yt8lycs
max_memory 4000 MB (current use 52987 MB)
XC library pyscf.dft.libxc version 6.1.0
    S. Lehtola, C. Steigemann, M. J.T. Oliveira, and M. A.L. Marques.,  SoftwareX 7, 1–5 (2018)
XC functionals = pbe
    J. P. Perdew, K. Burke, and M. Ernzerhof.,  Phys. Rev. Lett. 77, 3865 (1996)
    J. P. Perdew, K. Burke, and M. Ernzerhof.,  Phys. Rev. Lett. 78, 1396 (1997)
    J. P. Perdew, K. Burke, and M. Ernzerhof.,  Phys. Rev. Lett. 77, 3865 (1996)
    J. P. Perdew, K. Burke, and M. Ernzerhof.,  Phys. Rev. Lett. 78, 1396 (1997)
small_rho_cutoff = 1e-06
Set gradient conv threshold to 0.00707107
    Total E(T) = -12114.738635562  Free energy = -12115.7712448553  E0 = -12115.2549402087
init E= -12114.738635562
    sigma = 0.02  Optimized mu = -0.0528694776489  entropy = 1.53236563186
    Total E(T) = -12114.7386252505  Free energy = -12114.7692725632  E0 = -12114.7539489069
cycle= 1 E= -12114.7386252505  delta_E= 1.03e-05  |g|= 0.0233  |ddm|=   18
    sigma = 0.02  Optimized mu = -0.0528527472868  entropy = 1.5333782187
    Total E(T) = -12114.7384749842  Free energy = -12114.7691425485  E0 = -12114.7538087663
cycle= 2 E= -12114.7384749842  delta_E= 0.00015  |g|= 0.0789  |ddm|= 71.5
    sigma = 0.02  Optimized mu = -0.0528517520997  entropy = 1.53261429717
    Total E(T) = -12114.7385628466  Free energy = -12114.7692151325  E0 = -12114.7538889895
cycle= 3 E= -12114.7385628466  delta_E= -8.79e-05  |g|= 0.0432  |ddm|= 29.6
    sigma = 0.02  Optimized mu = -0.0528538686961  entropy = 1.53256280844
    Total E(T) = -12114.7385997442  Free energy = -12114.7692510003  E0 = -12114.7539253723
cycle= 4 E= -12114.7385997442  delta_E= -3.69e-05  |g|= 0.0305  |ddm|= 11.1
    sigma = 0.02  Optimized mu = -0.0528545188661  entropy = 1.53255313406
    Total E(T) = -12114.7386177566  Free energy = -12114.7692688193  E0 = -12114.7539432879
cycle= 5 E= -12114.7386177566  delta_E= -1.8e-05  |g|= 0.022  |ddm|= 6.64
    sigma = 0.02  Optimized mu = -0.0528562210378  entropy = 1.53253991257
    Total E(T) = -12114.7386268177  Free energy = -12114.769277616  E0 = -12114.7539522168
cycle= 6 E= -12114.7386268177  delta_E= -9.06e-06  |g|= 0.0163  |ddm|= 4.45
    sigma = 0.02  Optimized mu = -0.0528537881412  entropy = 1.53255212725
    Total E(T) = -12114.7386317105  Free energy = -12114.769282753  E0 = -12114.7539572317
cycle= 7 E= -12114.7386317105  delta_E= -4.89e-06  |g|= 0.012  |ddm|= 2.77
    sigma = 0.02  Optimized mu = -0.052856059352  entropy = 1.5325337058
    Total E(T) = -12114.7386344891  Free energy = -12114.7692851632  E0 = -12114.7539598262
cycle= 8 E= -12114.7386344891  delta_E= -2.78e-06  |g|= 0.00891  |ddm|= 2.07
    sigma = 0.02  Optimized mu = -0.052853234911  entropy = 1.53253917034
    Total E(T) = -12114.7386358943  Free energy = -12114.7692866777  E0 = -12114.753961286
cycle= 9 E= -12114.7386358943  delta_E= -1.41e-06  |g|= 0.00681  |ddm|= 1.84
    sigma = 0.02  Optimized mu = -0.152970567914  entropy = 51.6283084321
    Total E(T) = -12114.2053246634  Free energy = -12115.237890832  E0 = -12114.7216077477
Extra cycle  E= -12114.2053246634  delta_E= 0.533  |g|= 0.42  |ddm|= 4.36e+03
converged SCF energy = -12114.2053246634
dm0 check [[[ 1.89789358e-01  3.06166639e-01 -6.27385464e-02 ...  9.22288344e-06
    5.99038797e-06 -2.12644071e-05]
  [ 3.06166639e-01  5.07718682e-01 -1.67366214e-01 ...  2.52194145e-05
    1.57455389e-05 -5.76146722e-05]
  [-6.27385464e-02 -1.67366214e-01  3.38434624e-01 ... -6.07133215e-05
   -3.80789362e-05  1.39208754e-04]
  ...
  [ 9.22288344e-06  2.52194145e-05 -6.07133215e-05 ...  3.10705687e-06
    1.58828601e-06 -7.61394049e-06]
  [ 5.99038797e-06  1.57455389e-05 -3.80789362e-05 ...  1.58828601e-06
    1.64636837e-06 -4.95802767e-06]
  [-2.12644071e-05 -5.76146722e-05  1.39208754e-04 ... -7.61394049e-06
   -4.95802767e-06  2.32008941e-05]]

 [[ 1.89768434e-01  3.06109659e-01 -6.26091901e-02 ...  1.01489386e-05
    6.83179978e-06 -2.25848767e-05]
  [ 3.06109659e-01  5.07566568e-01 -1.67024801e-01 ...  2.77328978e-05
    1.80308183e-05 -6.12215096e-05]
  [-6.26091901e-02 -1.67024801e-01  3.37671113e-01 ... -6.69452566e-05
   -4.37573966e-05  1.48365280e-04]
  ...
  [ 1.01489386e-05  2.77328978e-05 -6.69452566e-05 ...  3.34598342e-06
    1.77950278e-06 -8.18047728e-06]
  [ 6.83179978e-06  1.80308183e-05 -4.37573966e-05 ...  1.77950278e-06
    1.80595895e-06 -5.43465685e-06]
  [-2.25848767e-05 -6.12215096e-05  1.48365280e-04 ... -8.18047728e-06
   -5.43465685e-06  2.44496773e-05]]]


******** <class 'pyscf.scf.addons.SmearingDFUKS'> ********
method = SmearingDFUKS
initial guess = minao
damping factor = 0.15
level_shift factor = 0.2
DIIS = <class 'pyscf.scf.diis.CDIIS'>
diis_start_cycle = 1
diis_space = 12
diis_damp = 0
SCF conv_tol = 5e-05
SCF conv_tol_grad = None
SCF max_cycles = 200
direct_scf = True
direct_scf_tol = 1e-13
chkfile to save SCF result = /tmp/tmps43qk3um
max_memory 4000 MB (current use 52987 MB)
number electrons alpha = 325  beta = 323
XC library pyscf.dft.libxc version 6.1.0
    S. Lehtola, C. Steigemann, M. J.T. Oliveira, and M. A.L. Marques.,  SoftwareX 7, 1–5 (2018)
XC functionals = pbe
    J. P. Perdew, K. Burke, and M. Ernzerhof.,  Phys. Rev. Lett. 77, 3865 (1996)
    J. P. Perdew, K. Burke, and M. Ernzerhof.,  Phys. Rev. Lett. 78, 1396 (1997)
    J. P. Perdew, K. Burke, and M. Ernzerhof.,  Phys. Rev. Lett. 77, 3865 (1996)
    J. P. Perdew, K. Burke, and M. Ernzerhof.,  Phys. Rev. Lett. 78, 1396 (1997)
small_rho_cutoff = 1e-06
Set gradient conv threshold to 0.00707107
    Total E(T) = -12114.2949470751  Free energy = -12114.3592115307  E0 = -12114.3270793029
init E= -12114.2949470751
    sigma = 0.005  Optimized mu_alpha = -0.19749150258  entropy = 3.44265829867e-07
    sigma = 0.005  Optimized mu_beta  = -0.200020575759  entropy = 3.44265829867e-07
    Total E(T) = -12114.2949399929  Free energy = -12114.2949399946  E0 = -12114.2949399938
cycle= 1 E= -12114.2949399929  delta_E= 7.08e-06  |g|= 0.0263  |ddm|= 9.09
    sigma = 0.005  Optimized mu_alpha = -0.197433995015  entropy = 3.44720025706e-07
    sigma = 0.005  Optimized mu_beta  = -0.199962300236  entropy = 3.44720025706e-07
    Total E(T) = -12114.2948558438  Free energy = -12114.2948558455  E0 = -12114.2948558446
cycle= 2 E= -12114.2948558438  delta_E= 8.41e-05  |g|= 0.0849  |ddm|= 37.5
    sigma = 0.005  Optimized mu_alpha = -0.197463165305  entropy = 3.44298118529e-07
    sigma = 0.005  Optimized mu_beta  = -0.19999119863  entropy = 3.44298118529e-07
    Total E(T) = -12114.2949021825  Free energy = -12114.2949021842  E0 = -12114.2949021833
cycle= 3 E= -12114.2949021825  delta_E= -4.63e-05  |g|= 0.0478  |ddm|= 15.6
    sigma = 0.005  Optimized mu_alpha = -0.197465418177  entropy = 3.44280513524e-07
    sigma = 0.005  Optimized mu_beta  = -0.199993702154  entropy = 3.44280513524e-07
    Total E(T) = -12114.2949248877  Free energy = -12114.2949248895  E0 = -12114.2949248886
cycle= 4 E= -12114.2949248877  delta_E= -2.27e-05  |g|= 0.0336  |ddm|= 5.47
    sigma = 0.005  Optimized mu_alpha = -0.197466921028  entropy = 3.44267991891e-07
    sigma = 0.005  Optimized mu_beta  = -0.199995291477  entropy = 3.44267991891e-07
    Total E(T) = -12114.2949360994  Free energy = -12114.2949361011  E0 = -12114.2949361003
cycle= 5 E= -12114.2949360994  delta_E= -1.12e-05  |g|= 0.0242  |ddm|= 3.25
    sigma = 0.005  Optimized mu_alpha = -0.197465023823  entropy = 3.44266978907e-07
    sigma = 0.005  Optimized mu_beta  = -0.199993439478  entropy = 3.44266978907e-07
    Total E(T) = -12114.2949416988  Free energy = -12114.2949417005  E0 = -12114.2949416997
cycle= 6 E= -12114.2949416988  delta_E= -5.6e-06  |g|= 0.0179  |ddm|= 2.17
    sigma = 0.005  Optimized mu_alpha = -0.197468303376  entropy = 3.44250884901e-07
    sigma = 0.005  Optimized mu_beta  = -0.199996747879  entropy = 3.44250884901e-07
    Total E(T) = -12114.2949447128  Free energy = -12114.2949447145  E0 = -12114.2949447137
cycle= 7 E= -12114.2949447128  delta_E= -3.01e-06  |g|= 0.0132  |ddm|= 1.47
    sigma = 0.005  Optimized mu_alpha = -0.197465212299  entropy = 3.44262298176e-07
    sigma = 0.005  Optimized mu_beta  = -0.199993643188  entropy = 3.44262298176e-07
    Total E(T) = -12114.2949463763  Free energy = -12114.294946378  E0 = -12114.2949463772
cycle= 8 E= -12114.2949463763  delta_E= -1.66e-06  |g|= 0.0098  |ddm|= 1.01
    sigma = 0.005  Optimized mu_alpha = -0.197465651662  entropy = 3.44247440707e-07
    sigma = 0.005  Optimized mu_beta  = -0.19999423125  entropy = 3.44247440707e-07
    Total E(T) = -12114.2949472595  Free energy = -12114.2949472612  E0 = -12114.2949472603
cycle= 9 E= -12114.2949472595  delta_E= -8.83e-07  |g|= 0.00745  |ddm|= 0.849
    sigma = 0.005  Optimized mu_alpha = -0.197465446909  entropy = 3.44257663965e-07
    sigma = 0.005  Optimized mu_beta  = -0.199993921373  entropy = 3.44257663965e-07
    Total E(T) = -12114.2949477577  Free energy = -12114.2949477594  E0 = -12114.2949477585
cycle= 10 E= -12114.2949477577  delta_E= -4.98e-07  |g|= 0.00568  |ddm|= 0.622
    sigma = 0.005  Optimized mu_alpha = -0.297042098294  entropy = 12.8527149599
    sigma = 0.005  Optimized mu_beta  = -0.299924099602  entropy = 12.8527149599
    Total E(T) = -12114.2600083457  Free energy = -12114.3242719205  E0 = -12114.2921401331
Extra cycle  E= -12114.2600083457  delta_E= 0.0349  |g|= 0.217  |ddm|=  938
converged SCF energy = -12114.2600083457  <S^2> = 2.0139133  2S+1 = 3.0092612
[timing] right/Al ensemble SCF = 1228.1s
[timing] collect state = 0.0s
[step 4] |db|=1.128592e-02 Ef=-12263.05005808 (d=-5.687e-02) L=-12263.03284932 (d=-5.659e-02) |grad|=1.120432e-02 cycles=None converged=True wall=1244.3s
dm0 check [[[ 1.51511415e-09  2.24391628e-08  1.89789947e-07 ... -1.14718984e-07
    7.42476838e-07  6.64943258e-08]
  [ 2.24391628e-08  3.34444541e-07  2.75067408e-06 ... -1.77767093e-06
    1.10110575e-05  1.04757877e-06]
  [ 1.89789947e-07  2.75067408e-06  2.57237936e-05 ... -1.02769919e-05
    9.27869045e-05  4.99876461e-06]
  ...
  [-1.14718984e-07 -1.77767093e-06 -1.02769919e-05 ...  2.27166733e-04
    1.81897134e-06 -1.91352306e-04]
  [ 7.42476838e-07  1.10110575e-05  9.27869045e-05 ...  1.81897134e-06
    4.79980259e-04 -1.62432546e-06]
  [ 6.64943258e-08  1.04757877e-06  4.99876461e-06 ... -1.91352306e-04
   -1.62432546e-06  6.55604939e-04]]

 [[ 2.14412378e-09  3.18475878e-08  2.65523769e-07 ... -7.48705966e-08
    1.03578261e-06  2.38438148e-08]
  [ 3.18475878e-08  4.74248243e-07  3.91397303e-06 ... -9.93113260e-07
    1.53190777e-05  2.50155737e-07]
  [ 2.65523769e-07  3.91397303e-06  3.37625602e-05 ... -1.10142876e-05
    1.30901546e-04  4.52868172e-06]
  ...
  [-7.48705966e-08 -9.93113260e-07 -1.10142876e-05 ...  2.49604209e-04
    2.27939089e-06 -2.10130225e-04]
  [ 1.03578261e-06  1.53190777e-05  1.30901546e-04 ...  2.27939089e-06
    5.52938841e-04 -2.04467317e-06]
  [ 2.38438148e-08  2.50155737e-07  4.52868172e-06 ... -2.10130225e-04
   -2.04467317e-06  7.46013408e-04]]]
converged SCF energy = -150.22669371454  <S^2> = 2.0045398  2S+1 = 3.003025
dm0 check [[[ 1.14640648e-09  1.70870363e-08  1.38753766e-07 ... -8.06181611e-08
    6.25414530e-07  4.56915041e-08]
  [ 1.70870363e-08  2.56085699e-07  2.02952709e-06 ... -1.06181952e-06
    9.18279720e-06  7.18389933e-07]
  [ 1.38753766e-07  2.02952709e-06  1.80707419e-05 ... -1.26946015e-05
    8.12948677e-05  3.19878429e-06]
  ...
  [-8.06181611e-08 -1.06181952e-06 -1.26946015e-05 ...  2.39058919e-04
   -1.61646206e-06 -1.68275036e-04]
  [ 6.25414530e-07  9.18279720e-06  8.12948677e-05 ... -1.61646206e-06
    4.44995046e-04 -4.06014496e-06]
  [ 4.56915041e-08  7.18389933e-07  3.19878429e-06 ... -1.68275036e-04
   -4.06014496e-06  5.95722908e-04]]

 [[ 2.53030893e-08  3.85040792e-07  2.83121159e-06 ... -1.48563626e-07
    1.05888903e-07  7.43804317e-08]
  [ 3.85040792e-07  5.86062650e-06  4.30449919e-05 ... -2.17962744e-06
    1.18318299e-06  1.05277454e-06]
  [ 2.83121159e-06  4.30449919e-05  3.17984803e-04 ... -1.75087729e-05
    2.68725759e-05  9.38968399e-06]
  ...
  [-1.48563626e-07 -2.17962744e-06 -1.75087729e-05 ...  2.30571627e-04
    2.08962394e-07 -1.91671233e-04]
  [ 1.05888903e-07  1.18318299e-06  2.68725759e-05 ...  2.08962394e-07
    4.63238037e-04 -3.50226009e-06]
  [ 7.43804317e-08  1.05277454e-06  9.38968399e-06 ... -1.91671233e-04
   -3.50226009e-06  6.49568165e-04]]]
converged SCF energy = -150.244985829816  <S^2> = 0.92980776  2S+1 = 2.1723791
[timing] left/O ensemble SCF = 11.0s
dm0 check [[ 3.79535547e-01  6.12216632e-01 -1.25203128e-01 ...  2.37786049e-05
   1.54606426e-05 -4.86680262e-05]
 [ 6.12216632e-01  1.01512634e+00 -3.34007936e-01 ...  6.48360757e-05
   4.08899067e-05 -1.31838750e-04]
 [-1.25203128e-01 -3.34007936e-01  6.75193626e-01 ... -1.56421541e-04
  -9.90346502e-05  3.19102150e-04]
 ...
 [ 2.37786049e-05  6.48360757e-05 -1.56421541e-04 ...  1.08012059e-05
   6.10274143e-06 -2.35700544e-05]
 [ 1.54606426e-05  4.08899067e-05 -9.90346502e-05 ...  6.10274143e-06
   5.18275930e-06 -1.53045241e-05]
 [-4.86680262e-05 -1.31838750e-04  3.19102150e-04 ... -2.35700544e-05
  -1.53045241e-05  6.02530684e-05]]


******** <class 'pyscf.scf.addons.SmearingDFRKS'> ********
method = SmearingDFRKS
initial guess = minao
damping factor = 0.15
level_shift factor = 0.2
DIIS = <class 'pyscf.scf.diis.CDIIS'>
diis_start_cycle = 1
diis_space = 12
diis_damp = 0
SCF conv_tol = 5e-05
SCF conv_tol_grad = None
SCF max_cycles = 200
direct_scf = True
direct_scf_tol = 1e-13
chkfile to save SCF result = /tmp/tmp7yt8lycs
max_memory 4000 MB (current use 53080 MB)
XC library pyscf.dft.libxc version 6.1.0
    S. Lehtola, C. Steigemann, M. J.T. Oliveira, and M. A.L. Marques.,  SoftwareX 7, 1–5 (2018)
XC functionals = pbe
    J. P. Perdew, K. Burke, and M. Ernzerhof.,  Phys. Rev. Lett. 77, 3865 (1996)
    J. P. Perdew, K. Burke, and M. Ernzerhof.,  Phys. Rev. Lett. 78, 1396 (1997)
    J. P. Perdew, K. Burke, and M. Ernzerhof.,  Phys. Rev. Lett. 77, 3865 (1996)
    J. P. Perdew, K. Burke, and M. Ernzerhof.,  Phys. Rev. Lett. 78, 1396 (1997)
small_rho_cutoff = 1e-06
Set gradient conv threshold to 0.00707107
    Total E(T) = -12114.7519315787  Free energy = -12115.7844977474  E0 = -12115.2682146631
init E= -12114.7519315787
    sigma = 0.02  Optimized mu = -0.0528716891754  entropy = 1.53222624907
    Total E(T) = -12114.7519152088  Free energy = -12114.7825597338  E0 = -12114.7672374713
cycle= 1 E= -12114.7519152088  delta_E= 1.64e-05  |g|= 0.0284  |ddm|= 21.9
    sigma = 0.02  Optimized mu = -0.0528538149912  entropy = 1.5334812635
    Total E(T) = -12114.751689947  Free energy = -12114.7823595723  E0 = -12114.7670247596
cycle= 2 E= -12114.751689947  delta_E= 0.000225  |g|= 0.0967  |ddm|= 87.8
    sigma = 0.02  Optimized mu = -0.0528534284317  entropy = 1.53249054203
    Total E(T) = -12114.7518215882  Free energy = -12114.7824713991  E0 = -12114.7671464937
cycle= 3 E= -12114.7518215882  delta_E= -0.000132  |g|= 0.0531  |ddm|=   36
    sigma = 0.02  Optimized mu = -0.0528556580748  entropy = 1.53243070361
    Total E(T) = -12114.7518767679  Free energy = -12114.782525382  E0 = -12114.767201075
cycle= 4 E= -12114.7518767679  delta_E= -5.52e-05  |g|= 0.0375  |ddm|= 13.7
    sigma = 0.02  Optimized mu = -0.0528563486317  entropy = 1.53241975647
    Total E(T) = -12114.7519037053  Free energy = -12114.7825521005  E0 = -12114.7672279029
cycle= 5 E= -12114.7519037053  delta_E= -2.69e-05  |g|= 0.0272  |ddm|= 8.08
    sigma = 0.02  Optimized mu = -0.0528583579028  entropy = 1.53240872573
    Total E(T) = -12114.7519173382  Free energy = -12114.7825655127  E0 = -12114.7672414255
cycle= 6 E= -12114.7519173382  delta_E= -1.36e-05  |g|= 0.0203  |ddm|= 5.37
    sigma = 0.02  Optimized mu = -0.0528558634281  entropy = 1.53241657033
    Total E(T) = -12114.7519247961  Free energy = -12114.7825731275  E0 = -12114.7672489618
cycle= 7 E= -12114.7519247961  delta_E= -7.46e-06  |g|= 0.0151  |ddm|= 3.35
    sigma = 0.02  Optimized mu = -0.0528589848567  entropy = 1.53240023778
    Total E(T) = -12114.7519289843  Free energy = -12114.7825769891  E0 = -12114.7672529867
cycle= 8 E= -12114.7519289843  delta_E= -4.19e-06  |g|= 0.0113  |ddm|= 2.59
    sigma = 0.02  Optimized mu = -0.0528556104048  entropy = 1.53240579552
    Total E(T) = -12114.7519311947  Free energy = -12114.7825793106  E0 = -12114.7672552527
cycle= 9 E= -12114.7519311947  delta_E= -2.21e-06  |g|= 0.00865  |ddm|= 2.11
    sigma = 0.02  Optimized mu = -0.0528554653413  entropy = 1.53240778284
    Total E(T) = -12114.7519324867  Free energy = -12114.7825806424  E0 = -12114.7672565646
cycle= 10 E= -12114.7519324867  delta_E= -1.29e-06  |g|= 0.00665  |ddm|= 1.31
    sigma = 0.02  Optimized mu = -0.152972455785  entropy = 51.6266695957
    Total E(T) = -12114.2186677968  Free energy = -12115.2512011887  E0 = -12114.7349344927
Extra cycle  E= -12114.2186677968  delta_E= 0.533  |g|= 0.42  |ddm|= 4.36e+03
converged SCF energy = -12114.2186677968
dm0 check [[[ 1.89789631e-01  3.06166809e-01 -6.27388968e-02 ...  9.23712154e-06
    6.04159348e-06 -2.13121837e-05]
  [ 3.06166809e-01  5.07718680e-01 -1.67367375e-01 ...  2.52578510e-05
    1.58835929e-05 -5.77435608e-05]
  [-6.27388968e-02 -1.67367375e-01  3.38437778e-01 ... -6.08067289e-05
   -3.84129940e-05  1.39521579e-04]
  ...
  [ 9.23712154e-06  2.52578510e-05 -6.08067289e-05 ...  3.10059249e-06
    1.60008740e-06 -7.61858196e-06]
  [ 6.04159348e-06  1.58835929e-05 -3.84129940e-05 ...  1.60008740e-06
    1.66660026e-06 -5.00185072e-06]
  [-2.13121837e-05 -5.77435608e-05  1.39521579e-04 ... -7.61858196e-06
   -5.00185072e-06  2.32876571e-05]]

 [[ 1.89768702e-01  3.06109817e-01 -6.26095095e-02 ...  1.01635953e-05
    6.88972966e-06 -2.26280225e-05]
  [ 3.06109817e-01  5.07566534e-01 -1.67025879e-01 ...  2.77725110e-05
    1.81871327e-05 -6.13380418e-05]
  [-6.26095095e-02 -1.67025879e-01  3.37674058e-01 ... -6.70419394e-05
   -4.41367868e-05  1.48649345e-04]
  ...
  [ 1.01635953e-05  2.77725110e-05 -6.70419394e-05 ...  3.33791790e-06
    1.79176094e-06 -8.18244519e-06]
  [ 6.88972966e-06  1.81871327e-05 -4.41367868e-05 ...  1.79176094e-06
    1.82767785e-06 -5.48037443e-06]
  [-2.26280225e-05 -6.13380418e-05  1.48649345e-04 ... -8.18244519e-06
   -5.48037443e-06  2.45306357e-05]]]


******** <class 'pyscf.scf.addons.SmearingDFUKS'> ********
method = SmearingDFUKS
initial guess = minao
damping factor = 0.15
level_shift factor = 0.2
DIIS = <class 'pyscf.scf.diis.CDIIS'>
diis_start_cycle = 1
diis_space = 12
diis_damp = 0
SCF conv_tol = 5e-05
SCF conv_tol_grad = None
SCF max_cycles = 200
direct_scf = True
direct_scf_tol = 1e-13
chkfile to save SCF result = /tmp/tmps43qk3um
max_memory 4000 MB (current use 53080 MB)
number electrons alpha = 325  beta = 323
XC library pyscf.dft.libxc version 6.1.0
    S. Lehtola, C. Steigemann, M. J.T. Oliveira, and M. A.L. Marques.,  SoftwareX 7, 1–5 (2018)
XC functionals = pbe
    J. P. Perdew, K. Burke, and M. Ernzerhof.,  Phys. Rev. Lett. 77, 3865 (1996)
    J. P. Perdew, K. Burke, and M. Ernzerhof.,  Phys. Rev. Lett. 78, 1396 (1997)
    J. P. Perdew, K. Burke, and M. Ernzerhof.,  Phys. Rev. Lett. 77, 3865 (1996)
    J. P. Perdew, K. Burke, and M. Ernzerhof.,  Phys. Rev. Lett. 78, 1396 (1997)
small_rho_cutoff = 1e-06
Set gradient conv threshold to 0.00707107
    Total E(T) = -12114.3082282833  Free energy = -12114.3724918581  E0 = -12114.3403600707
init E= -12114.3082282833
    sigma = 0.005  Optimized mu_alpha = -0.197497108217  entropy = 3.44226961443e-07
    sigma = 0.005  Optimized mu_beta  = -0.200025852746  entropy = 3.44226961443e-07
    Total E(T) = -12114.3082225318  Free energy = -12114.3082225335  E0 = -12114.3082225327
cycle= 1 E= -12114.3082225318  delta_E= 5.75e-06  |g|= 0.0238  |ddm|= 8.21
    sigma = 0.005  Optimized mu_alpha = -0.197438255661  entropy = 3.44653054541e-07
    sigma = 0.005  Optimized mu_beta  = -0.199965986535  entropy = 3.44653054541e-07
    Total E(T) = -12114.3081537752  Free energy = -12114.308153777  E0 = -12114.3081537761
cycle= 2 E= -12114.3081537752  delta_E= 6.88e-05  |g|= 0.0767  |ddm|= 33.8
    sigma = 0.005  Optimized mu_alpha = -0.197468750655  entropy = 3.44274461792e-07
    sigma = 0.005  Optimized mu_beta  = -0.199996535065  entropy = 3.44274461792e-07
    Total E(T) = -12114.3081916368  Free energy = -12114.3081916385  E0 = -12114.3081916377
cycle= 3 E= -12114.3081916368  delta_E= -3.79e-05  |g|= 0.0432  |ddm|= 14.1
    sigma = 0.005  Optimized mu_alpha = -0.197471038725  entropy = 3.44257152264e-07
    sigma = 0.005  Optimized mu_beta  = -0.199999032675  entropy = 3.44257152264e-07
    Total E(T) = -12114.3082102157  Free energy = -12114.3082102174  E0 = -12114.3082102165
cycle= 4 E= -12114.3082102157  delta_E= -1.86e-05  |g|= 0.0303  |ddm|= 4.93
    sigma = 0.005  Optimized mu_alpha = -0.197472618224  entropy = 3.44244806328e-07
    sigma = 0.005  Optimized mu_beta  = -0.200000714909  entropy = 3.44244806328e-07
    Total E(T) = -12114.308219393  Free energy = -12114.3082193947  E0 = -12114.3082193939
cycle= 5 E= -12114.308219393  delta_E= -9.18e-06  |g|= 0.0218  |ddm|= 2.93
    sigma = 0.005  Optimized mu_alpha = -0.197470550159  entropy = 3.44245344695e-07
    sigma = 0.005  Optimized mu_beta  = -0.19999869583  entropy = 3.44245344695e-07
    Total E(T) = -12114.3082239827  Free energy = -12114.3082239844  E0 = -12114.3082239835
cycle= 6 E= -12114.3082239827  delta_E= -4.59e-06  |g|= 0.016  |ddm|= 1.96
    sigma = 0.005  Optimized mu_alpha = -0.19747395173  entropy = 3.4422955328e-07
    sigma = 0.005  Optimized mu_beta  = -0.200002128054  entropy = 3.4422955328e-07
    Total E(T) = -12114.3082264408  Free energy = -12114.3082264426  E0 = -12114.3082264417
cycle= 7 E= -12114.3082264408  delta_E= -2.46e-06  |g|= 0.0119  |ddm|= 1.35
    sigma = 0.005  Optimized mu_alpha = -0.197471251351  entropy = 3.4423881203e-07
    sigma = 0.005  Optimized mu_beta  = -0.19999937221  entropy = 3.4423881203e-07
    Total E(T) = -12114.3082277906  Free energy = -12114.3082277924  E0 = -12114.3082277915
cycle= 8 E= -12114.3082277906  delta_E= -1.35e-06  |g|= 0.00877  |ddm|= 0.918
    sigma = 0.005  Optimized mu_alpha = -0.197471381416  entropy = 3.44226762189e-07
    sigma = 0.005  Optimized mu_beta  = -0.199999669057  entropy = 3.44226762189e-07
    Total E(T) = -12114.3082285084  Free energy = -12114.3082285101  E0 = -12114.3082285093
cycle= 9 E= -12114.3082285084  delta_E= -7.18e-07  |g|= 0.00665  |ddm|= 0.778
    sigma = 0.005  Optimized mu_alpha = -0.297049846921  entropy = 12.8528801947
    sigma = 0.005  Optimized mu_beta  = -0.299931718969  entropy = 12.8528801947
    Total E(T) = -12114.2731851451  Free energy = -12114.3374495461  E0 = -12114.3053173456
Extra cycle  E= -12114.2731851451  delta_E= 0.035  |g|= 0.229  |ddm|=  938
converged SCF energy = -12114.2731851451  <S^2> = 2.0139185  2S+1 = 3.0092647
[timing] right/Al ensemble SCF = 1191.8s
[timing] collect state = 0.0s
[step 5] |db|=1.120432e-02 Ef=-12263.10588114 (d=-5.582e-02) L=-12263.08841401 (d=-5.556e-02) |grad|=1.112956e-02 cycles=None converged=True wall=1208.1s
[summary] grad_nonincreasing=True L_monotonic_increase=False Ef_monotonic_increase=False

[done] total wall time = 30040.7s
[save] wrote warmstart_compare_2.7.log
[save] wrote warmstart_compare_2.7.pkl
=== Python finished ===
All done.
