pyscf max mem (MB) = 254232
#INFO: **** input file is /anvil/scratch/x-wmiao/alcluster50/Al_cluster/anew/newbasis/2.4dftref/dftref.py ****
"""
Single-point UKS reference calculation for the full Al50+O2 system at d=2.4 A.

The DFT solver settings match the Al ensemble (right fragment) setup used in
the pdft workflow (see ``FragmentDFT(..., metal=True, smearing=True,
newton=False)`` in ``fragments.py``):

    - dft.UKS, xc='pbe'
    - density_fit(auxbasis='weigend')
    - remove_linear_dep_(lindep=1e-4)
    - direct_scf = True, max_cycle = 200, conv_tol = 1e-6
    - grids.level = 3, grids.prune = treutler_prune, small_rho_cutoff = 1e-6
    - diis_space = 12
    - smearing_(sigma=sigma, method='fermi', fix_spin=True)
    - level_shift = 0.2, damp = 0.15

The full-system molecule mirrors the geo built in ``2.4capdft.py``:
``atom='3.xyz'``, ``basis={'O': obasis, 'Al': albasis}``, ``charge=0``,
``spin=2``.

For each sigma in [0.002, 0.005, 0.01, 0.02] we:
    1. Run UKS SCF from scratch.
    2. Capture the density matrix used to build the final Fock (the dm at the
       last normal SCF cycle), via a callback hooked into mf.callback. This
       avoids using the post-loop "extra cycle" make_rdm1(mo_coeff, mo_occ).
    3. Dump:
        - ``al2.4_sigma{sigma}.chk`` via pyscf.scf.chkfile.dump_scf (standard
          chk file, loadable with scfchk.load_scf).
        - ``al2.4_sigma{sigma}_last_dm.pkl`` with the last-normal-cycle
          (Da, Db), the matching mo_coeff/mo_occ/mo_energy at that cycle, the
          final mo_coeff/mo_occ/mo_energy, e_tot, and convergence flag.
"""

import os
import sys
import time
import pickle

import numpy as np
import psutil

from pyscf import gto, dft, lib
from pyscf.scf import chkfile as scfchk
from pyscf.scf.addons import remove_linear_dep_, smearing_
from pyscf.dft.gen_grid import treutler_prune


MAX_MEMORY = int(psutil.virtual_memory().available / 1e6)
print(f"pyscf max mem (MB) = {MAX_MEMORY}", flush=True)


obasis = gto.basis.parse('''O    S
   8588.500                  0.00189515
   1297.230                  0.0143859
    299.2960                 0.0707320
     87.37710                0.2400010
     25.67890                0.5947970
      3.740040               0.2808020
O    SP
     42.11750                0.113889               0.0365114
      9.628370               0.920811               0.237153
      2.853320              -0.00327447             0.819702
O    SP
      0.905661               1.000000               1.000000
O    SP
      0.255611               1.000000               1.000000
O    SP
      0.0845000              1.0000000              1.0000000
O    D
      1.292                  1.000000''')

albasis = gto.basis.parse('''Al    S
  54866.489                  0.000839
   8211.7665                 0.006527
   1866.1761                 0.033666
    531.12934                0.132902
    175.11797                0.401266
     64.005500               0.531338
Al    S
     64.005500               0.202305
     25.292507               0.624790
     10.534910               0.227439
Al    S
      3.2067110              1.000000
Al    S
      1.152555               1.000000
Al    S
      0.1766780              1.000000
Al    S
      0.0652370              1.000000
Al    P
    259.28362                0.009448
     61.076870               0.070974
     19.303237               0.295636
      7.0108820              0.728219
Al    P
      2.6738650              0.644467
      1.0365960              0.417413
Al    P
      0.3168190              1.000000
Al    P
      0.1142570              1.000000
Al    SP
      0.0318000              1.0000000              1.0000000
Al    P
      0.041397               1.000000
Al    D
      0.3250000              1.0000000''')


mol = gto.Mole()
mol.atom = "3.xyz"
mol.unit = "angstrom"
mol.basis = {'O': obasis, 'Al': albasis}
mol.charge = 0
mol.spin = 2
mol.cart = False
mol.max_memory = MAX_MEMORY
mol.verbose = 4
mol.build()

print(f"NAO = {mol.nao_nr()}, nelec = {mol.nelec}", flush=True)


def make_last_cycle_callback(store):
    """Return a callback that caches dm/mo_* from the last *normal* SCF cycle.

    Mirrors fragments.FragmentDFT._cache_last_normal_dm: anything with
    envs['cycle'] < 0 (the post-loop "extra" iteration PySCF runs after
    convergence) is ignored.
    """
    def cb(envs):
        cyc = envs.get("cycle", None)
        if cyc is None or cyc < 0:
            return
        dm = envs.get("dm", None)
        if dm is None:
            return
        arr = np.asarray(dm)
        if arr.ndim == 3 and arr.shape[0] == 2:
            Da, Db = arr[0], arr[1]
        elif arr.ndim == 2:
            Da = Db = 0.5 * arr
        else:
            return
        store["cycle"] = int(cyc)
        store["Da"] = np.array(Da, copy=True)
        store["Db"] = np.array(Db, copy=True)
        for k in ("mo_coeff", "mo_occ", "mo_energy", "fock"):
            v = envs.get(k, None)
            if v is not None:
                store[k] = np.array(v, copy=True)
    return cb


def run_one_sigma(sigma):
    print(f"\n========== sigma = {sigma:g} ==========", flush=True)
    mf = dft.UKS(mol)
    mf.xc = 'pbe'
    mf = mf.density_fit(auxbasis='weigend')
    mf = remove_linear_dep_(mf, lindep=1e-4)
    mf.direct_scf = True
    mf.max_cycle = 200
    mf.conv_tol = 1e-6
    mf.verbose = 4
    mf.grids.level = 3
    mf.grids.prune = treutler_prune
    mf.small_rho_cutoff = 1e-6
    mf.diis_space = 12
    mf.max_memory = MAX_MEMORY

    mf = smearing_(mf, sigma=sigma, method="fermi", fix_spin=(mol.spin != 0))
    mf.level_shift = 0.2
    mf.damp = 0.15

    last = {}
    mf.callback = make_last_cycle_callback(last)

    t0 = time.time()
    e_tot = mf.kernel()
    dt = time.time() - t0
    converged = bool(mf.converged)
    last_cycle = last.get("cycle", -1)

    print(
        f"[sigma={sigma:g}] E_tot = {e_tot:.10f} Eh | converged = {converged}"
        f" | last_cycle = {last_cycle} | time = {dt:.1f} s",
        flush=True,
    )

    chkname = f"al2.4_sigma{sigma:g}.chk"
    scfchk.dump_scf(
        mol, chkname,
        e_tot=e_tot,
        mo_coeff=mf.mo_coeff,
        mo_occ=mf.mo_occ,
        mo_energy=mf.mo_energy,
    )
    print(f"  -> wrote {chkname}", flush=True)

    extra = {
        "sigma": sigma,
        "converged": converged,
        "e_tot": e_tot,
        "last_cycle": last_cycle,
        "Da_last_normal": last.get("Da"),
        "Db_last_normal": last.get("Db"),
        "mo_coeff_last_normal": last.get("mo_coeff"),
        "mo_occ_last_normal": last.get("mo_occ"),
        "mo_energy_last_normal": last.get("mo_energy"),
        "mo_coeff_final": mf.mo_coeff,
        "mo_occ_final": mf.mo_occ,
        "mo_energy_final": mf.mo_energy,
    }
    pklname = f"al2.4_sigma{sigma:g}_last_dm.pkl"
    with open(pklname, "wb") as f:
        pickle.dump(extra, f)
    print(f"  -> wrote {pklname}", flush=True)

    return {
        "sigma": sigma,
        "e_tot": e_tot,
        "converged": converged,
        "last_cycle": last_cycle,
        "time_s": dt,
    }


sigmas = [0.002, 0.005, 0.01, 0.02]

results = []
for sigma in sigmas:
    try:
        r = run_one_sigma(sigma)
    except Exception as exc:
        print(f"[sigma={sigma:g}] FAILED: {type(exc).__name__}: {exc}", flush=True)
        results.append({
            "sigma": sigma,
            "e_tot": float("nan"),
            "converged": False,
            "last_cycle": -1,
            "time_s": float("nan"),
            "error": f"{type(exc).__name__}: {exc}",
        })
        continue
    results.append(r)

print("\n========== Summary ==========", flush=True)
print(f"{'sigma':>8s}  {'E_tot (Eh)':>18s}  {'converged':>10s}  {'last_cyc':>9s}  {'time (s)':>10s}")
for r in results:
    print(
        f"{r['sigma']:>8.4f}  {r['e_tot']:>18.10f}  {str(r['converged']):>10s}"
        f"  {r['last_cycle']:>9d}  {r['time_s']:>10.1f}"
    )

with open("dftref_summary.pkl", "wb") as f:
    pickle.dump(results, f)
print("Wrote dftref_summary.pkl", flush=True)
#INFO: ******************** input file end ********************


System: uname_result(system='Linux', node='a043.anvil.rcac.purdue.edu', release='4.18.0-553.81.1.el8_10.x86_64', version='#1 SMP Fri Oct 31 12:43:44 UTC 2025', machine='x86_64', processor='x86_64')  Threads 70
Python 3.8.5 (default, Sep  4 2020, 07:30:14) 
[GCC 7.3.0]
numpy 1.24.4  scipy 1.10.1  h5py 3.11.0
Date: Sun May 10 20:54:10 2026
PySCF version 2.6.2
PySCF path  /home/x-wmiao/.conda/envs/n2v_envi/lib/python3.8/site-packages/pyscf

[CONFIG] conf_file None
[INPUT] verbose = 4
[INPUT] num. atoms = 52
[INPUT] num. electrons = 666
[INPUT] charge = 0
[INPUT] spin (= nelec alpha-beta = 2S) = 2
[INPUT] symmetry False subgroup None
[INPUT] Mole.unit = angstrom
[INPUT] Symbol           X                Y                Z      unit          X                Y                Z       unit  Magmom
[INPUT]  1 Al    -0.000002500000  -0.000003930000   0.000010140000 AA   -0.000004724315  -0.000007426624   0.000019161823 Bohr   0.0
[INPUT]  2 Al    -0.000010350000  -3.297768200000   2.331885930000 AA   -0.000019558665  -6.231878720300   4.406625761427 Bohr   0.0
[INPUT]  3 Al     0.000002710000  -6.595540880000   4.663754650000 AA    0.000005121158 -12.463765906573   8.813219000667 Bohr   0.0
[INPUT]  4 Al     0.000000280000  -9.893308950000   6.995628040000 AA    0.000000529123 -18.695644381208  13.219821064928 Bohr   0.0
[INPUT]  5 Al    -2.855944250000   1.648877440000   2.331868000000 AA   -5.396952459526   3.115926774574   4.406591878637 Bohr   0.0
[INPUT]  6 Al    -2.855919820000  -1.648850210000   4.663682450000 AA   -5.396906293517  -3.115875317332   8.813082562441 Bohr   0.0
[INPUT]  7 Al    -2.855936380000  -4.946657660000   6.995596520000 AA   -5.396937587382  -9.347828209382  13.219761500760 Bohr   0.0
[INPUT]  8 Al    -5.711919480000   3.297763300000   4.663757560000 AA  -10.793963462768   6.231869460642   8.813224499770 Bohr   0.0
[INPUT]  9 Al    -5.711903010000   0.000011440000   6.995729820000 AA  -10.793932338979   0.000021618467  13.220013401253 Bohr   0.0
[INPUT] 10 Al    -8.567861930000   4.946655500000   6.995660400000 AA  -16.190912520787   9.347824127573  13.219882216465 Bohr   0.0
[INPUT] 11 Al     2.855941970000   1.648876180000   2.331874800000 AA    5.396948150951   3.115924393519   4.406604728775 Bohr   0.0
[INPUT] 12 Al     2.855911020000  -1.648875280000   4.663708300000 AA    5.396889663927  -3.115922692766   8.813131411861 Bohr   0.0
[INPUT] 13 Al     2.855941920000  -4.946662280000   6.995716120000 AA    5.396948056465  -9.347836939917  13.219987512005 Bohr   0.0
[INPUT] 14 Al     0.000019810000   3.297729320000   4.663699710000 AA    0.000037435475   6.231805247748   8.813115179114 Bohr   0.0
[INPUT] 15 Al     0.000600730000   0.000874300000   7.081730270000 AA    0.001135215175   0.001652187551  13.382530698342 Bohr   0.0
[INPUT] 16 Al    -2.855954140000   4.946652730000   6.995571990000 AA   -5.396971148918   9.347818893032  13.219715145779 Bohr   0.0
[INPUT] 17 Al     5.711899020000   3.297775690000   4.663758470000 AA   10.793924798972   6.231892874349   8.813226219421 Bohr   0.0
[INPUT] 18 Al     5.711910520000   0.000002700000   6.995581580000 AA   10.793946530822   0.000005102261  13.219733268252 Bohr   0.0
[INPUT] 19 Al     2.855962660000   4.946654320000   6.995708860000 AA    5.396987249384   9.347821897697  13.219973792593 Bohr   0.0
[INPUT] 20 Al     8.567859500000   4.946657500000   6.995664680000 AA   16.190907928753   9.347827907026  13.219890304493 Bohr   0.0
[INPUT] 21 Al    -1.427951460000  -0.824424240000   2.331847360000 AA   -2.698437178573  -1.557936024053   4.406552874690 Bohr   0.0
[INPUT] 22 Al    -1.427956620000  -4.122226910000   4.663692190000 AA   -2.698446929560  -7.789879883212   8.813100968373 Bohr   0.0
[INPUT] 23 Al    -1.427965660000  -7.419967340000   6.995546870000 AA   -2.698464012684 -14.021706125818  13.219667675858 Bohr   0.0
[INPUT] 24 Al    -4.283951960000   0.824458900000   4.663689150000 AA   -8.095495935194   1.558001521960   8.813095223606 Bohr   0.0
[INPUT] 25 Al    -4.283916820000  -2.473328910000   6.995646180000 AA   -8.095429530218  -4.673914255869  13.219855344560 Bohr   0.0
[INPUT] 26 Al    -7.139869040000   2.473326710000   6.995622890000 AA  -13.492397050861   4.673910098472  13.219811332838 Bohr   0.0
[INPUT] 27 Al     1.398530700000   0.807866590000   4.649365060000 AA    2.642839999796   1.526646600286   8.786026616522 Bohr   0.0
[INPUT] 28 Al     1.374978020000  -2.393857030000   6.988808370000 AA    2.598331885097  -4.523734168065  13.206933756368 Bohr   0.0
[INPUT] 29 Al    -1.386023340000   2.387960340000   6.988764270000 AA   -2.619204514855   4.512591038923  13.206850419446 Bohr   0.0
[INPUT] 30 Al     4.131889010000   2.385729180000   7.085001150000 AA    7.808138606000   4.508374757583  13.388711765729 Bohr   0.0
[INPUT] 31 Al     1.427940540000  -0.824425310000   2.331852280000 AA    2.698416542764  -1.557938046060   4.406562172143 Bohr   0.0
[INPUT] 32 Al     1.427972170000  -4.122254770000   4.663725830000 AA    2.698476314801  -7.789932530982   8.813164538760 Bohr   0.0
[INPUT] 33 Al     1.427969190000  -7.419966860000   6.995598810000 AA    2.698470683417 -14.021705218749  13.219765828233 Bohr   0.0
[INPUT] 34 Al    -1.397667640000   0.808010060000   4.649176180000 AA   -2.641209052767   1.526917719293   8.785669685052 Bohr   0.0
[INPUT] 35 Al    -1.374293350000  -2.393812340000   6.989198730000 AA   -2.597038046311  -4.523649716204  13.207671429858 Bohr   0.0
[INPUT] 36 Al    -4.131608020000   2.385906830000   7.085396470000 AA   -7.807607611857   4.508710467429  13.389458812260 Bohr   0.0
[INPUT] 37 Al     4.283927260000   0.824465900000   4.663715730000 AA    8.095449258958   1.558014750043   8.813145452526 Bohr   0.0
[INPUT] 38 Al     4.283930840000  -2.473325040000   6.995660580000 AA    8.095456024178  -4.673906942629  13.219882556616 Bohr   0.0
[INPUT] 39 Al     1.386985260000   2.388086930000   6.988449540000 AA    2.621022280209   4.512830259353  13.206255665943 Bohr   0.0
[INPUT] 40 Al     7.139873180000   2.473319990000   6.995590050000 AA   13.492404874327   4.673897399512  13.219749274232 Bohr   0.0
[INPUT] 41 Al    -0.000007350000   1.648846440000   2.331867480000 AA   -0.000013889487   3.115868193064   4.406590895980 Bohr   0.0
[INPUT] 42 Al     0.000549460000  -1.613918390000   4.648885460000 AA    0.001038328916  -3.049863744499   8.785120303873 Bohr   0.0
[INPUT] 43 Al     0.000160150000  -4.771102120000   7.086589750000 AA    0.000302639639  -9.016076319132  13.391713784650 Bohr   0.0
[INPUT] 44 Al    -2.855983910000   3.297765430000   4.663716620000 AA   -5.397027406064   6.231873485759   8.813147134382 Bohr   0.0
[INPUT] 45 Al    -2.760635490000   0.007297290000   6.989302210000 AA   -5.216845005854   0.013789879552  13.207866978717 Bohr   0.0
[INPUT] 46 Al    -5.711893280000   4.946648280000   6.995593200000 AA  -10.793913951944   9.347810483751  13.219755226870 Bohr   0.0
[INPUT] 47 Al     2.855990810000   3.297783090000   4.663729280000 AA    5.397040445175   6.231906858322   8.813171058315 Bohr   0.0
[INPUT] 48 Al     2.761370670000   0.007544740000   6.988582360000 AA    5.218234294707   0.014257492281  13.206506659367 Bohr   0.0
[INPUT] 49 Al    -0.000000980000   4.946652890000   6.995660630000 AA   -0.000001851932   9.347819195388  13.219882651102 Bohr   0.0
[INPUT] 50 Al     5.711898000000   4.946649930000   6.995634650000 AA   10.793922871451   9.347813601799  13.219833556018 Bohr   0.0
[INPUT] 51 O     -2.671610000000   1.452060000000   9.388760000000 AA   -5.048611211649   2.743995716436  17.742185049271 Bohr   0.0
[INPUT] 52 O     -1.557840000000   0.793150000000   9.388760000000 AA   -2.943890945892   1.498836275699  17.742185049271 Bohr   0.0

nuclear repulsion = 19653.2406053842
number of shells = 720
number of NR pGTOs = 2520
number of NR cGTOs = 1544
basis = {'O': [[0, [8588.5, 0.00189515], [1297.23, 0.0143859], [299.296, 0.070732], [87.3771, 0.240001], [25.6789, 0.594797], [3.74004, 0.280802]], [0, [42.1175, 0.113889], [9.62837, 0.920811], [2.85332, -0.00327447]], [0, [0.905661, 1.0]], [0, [0.255611, 1.0]], [0, [0.0845, 1.0]], [1, [42.1175, 0.0365114], [9.62837, 0.237153], [2.85332, 0.819702]], [1, [0.905661, 1.0]], [1, [0.255611, 1.0]], [1, [0.0845, 1.0]], [2, [1.292, 1.0]]], 'Al': [[0, [54866.489, 0.000839], [8211.7665, 0.006527], [1866.1761, 0.033666], [531.12934, 0.132902], [175.11797, 0.401266], [64.0055, 0.531338]], [0, [64.0055, 0.202305], [25.292507, 0.62479], [10.53491, 0.227439]], [0, [3.206711, 1.0]], [0, [1.152555, 1.0]], [0, [0.176678, 1.0]], [0, [0.065237, 1.0]], [0, [0.0318, 1.0]], [1, [259.28362, 0.009448], [61.07687, 0.070974], [19.303237, 0.295636], [7.010882, 0.728219]], [1, [2.673865, 0.644467], [1.036596, 0.417413]], [1, [0.316819, 1.0]], [1, [0.114257, 1.0]], [1, [0.0318, 1.0]], [1, [0.041397, 1.0]], [2, [0.325, 1.0]]]}
ecp = {}
CPU time:         0.43
NAO = 1544, nelec = (334, 332)

========== sigma = 0.002 ==========
Applying remove_linear_dep_ on SCF object.
Using canonical orthogonalization with threshold 1e-08


******** <class 'pyscf.scf.addons.SmearingDFUKS'> ********
method = SmearingDFUKS
initial guess = minao
damping factor = 0.15
level_shift factor = 0.2
DIIS = <class 'pyscf.scf.diis.CDIIS'>
diis_start_cycle = 1
diis_space = 12
diis_damp = 0
SCF conv_tol = 1e-06
SCF conv_tol_grad = None
SCF max_cycles = 200
direct_scf = True
direct_scf_tol = 1e-13
chkfile to save SCF result = /tmp/tmpwlpl3tbh
max_memory 254232 MB (current use 240 MB)
number electrons alpha = 334  beta = 332
XC library pyscf.dft.libxc version 6.1.0
    S. Lehtola, C. Steigemann, M. J.T. Oliveira, and M. A.L. Marques.,  SoftwareX 7, 1–5 (2018)
XC functionals = pbe
    J. P. Perdew, K. Burke, and M. Ernzerhof.,  Phys. Rev. Lett. 77, 3865 (1996)
    J. P. Perdew, K. Burke, and M. Ernzerhof.,  Phys. Rev. Lett. 78, 1396 (1997)
    J. P. Perdew, K. Burke, and M. Ernzerhof.,  Phys. Rev. Lett. 77, 3865 (1996)
    J. P. Perdew, K. Burke, and M. Ernzerhof.,  Phys. Rev. Lett. 78, 1396 (1997)
radial grids: 
    Treutler-Ahlrichs [JCP 102, 346 (1995); DOI:10.1063/1.469408] (M4) radial grids
    
becke partition: Becke, JCP 88, 2547 (1988); DOI:10.1063/1.454033
pruning grids: <function treutler_prune at 0x15062b48c700>
grids dens level: 3
symmetrized grids: False
atomic radii adjust function: <function treutler_atomic_radii_adjust at 0x15062baced30>
small_rho_cutoff = 1e-06
Set gradient conv threshold to 0.001
tot grids = 946056
init E= -12272.7103485579
    sigma = 0.002  Optimized mu_alpha = -0.018392836209  entropy = 4.50410792174
    sigma = 0.002  Optimized mu_beta  = -0.0245222848229  entropy = 4.50410792174
    Total E(T) = -12265.3020504823  Free energy = -12265.3110586981  E0 = -12265.3065545902
cycle= 1 E= -12265.3020504823  delta_E= 7.41  |g|= 4.71  |ddm|= 1.68e+04
    sigma = 0.002  Optimized mu_alpha = 0.0475911042103  entropy = 2.48436595225
    sigma = 0.002  Optimized mu_beta  = 0.0474751699122  entropy = 2.48436595225
    Total E(T) = -12219.6404910878  Free energy = -12219.6454598197  E0 = -12219.6429754537
cycle= 2 E= -12219.6404910878  delta_E= 45.7  |g|= 32.1  |ddm|= 6.72e+03
    sigma = 0.002  Optimized mu_alpha = -0.113859355602  entropy = 1.47467168664
    sigma = 0.002  Optimized mu_beta  = -0.0949190190106  entropy = 1.47467168664
    Total E(T) = -12260.2770134255  Free energy = -12260.2799627689  E0 = -12260.2784880972
cycle= 3 E= -12260.2770134255  delta_E= -40.6  |g|= 11.9  |ddm|= 2.56e+03
    sigma = 0.002  Optimized mu_alpha = -0.0327456432257  entropy = 0.00148625288572
    sigma = 0.002  Optimized mu_beta  = -0.0229576900684  entropy = 0.00148625288572
    Total E(T) = -12262.9181582888  Free energy = -12262.9181612613  E0 = -12262.9181597751
cycle= 4 E= -12262.9181582888  delta_E= -2.64  |g|= 8.66  |ddm|= 4.51e+03
    sigma = 0.002  Optimized mu_alpha = -0.0505845282887  entropy = 1.74575191163e-13
    sigma = 0.002  Optimized mu_beta  = -0.0529669049742  entropy = 1.74575191163e-13
    Total E(T) = -12264.1560039943  Free energy = -12264.1560039943  E0 = -12264.1560039943
cycle= 5 E= -12264.1560039943  delta_E= -1.24  |g|= 6.01  |ddm|=  972
    sigma = 0.002  Optimized mu_alpha = -0.140277987008  entropy = 1.29769456855
    sigma = 0.002  Optimized mu_beta  = -0.137114688142  entropy = 1.29769456855
    Total E(T) = -12266.1525513926  Free energy = -12266.1551467817  E0 = -12266.1538490872
cycle= 6 E= -12266.1525513926  delta_E=   -2  |g|= 2.53  |ddm|= 1.96e+03
    sigma = 0.002  Optimized mu_alpha = -0.0676469672815  entropy = 4.56742305392e-10
    sigma = 0.002  Optimized mu_beta  = -0.0864107293495  entropy = 4.56742305392e-10
    Total E(T) = -12266.1514068292  Free energy = -12266.1514068292  E0 = -12266.1514068292
cycle= 7 E= -12266.1514068292  delta_E= 0.00114  |g|= 2.89  |ddm|= 1.19e+03
    sigma = 0.002  Optimized mu_alpha = -0.0802263455063  entropy = 1.64506867635e-14
    sigma = 0.002  Optimized mu_beta  = -0.0808256814179  entropy = 1.64506867635e-14
    Total E(T) = -12266.0288403833  Free energy = -12266.0288403833  E0 = -12266.0288403833
cycle= 8 E= -12266.0288403833  delta_E= 0.123  |g|= 3.02  |ddm|=  433
    sigma = 0.002  Optimized mu_alpha = -0.0827955441569  entropy = 1.64506867635e-14
    sigma = 0.002  Optimized mu_beta  = -0.0835484505267  entropy = 1.64506867635e-14
    Total E(T) = -12265.8835363904  Free energy = -12265.8835363904  E0 = -12265.8835363904
cycle= 9 E= -12265.8835363904  delta_E= 0.145  |g|= 3.57  |ddm|=  478
    sigma = 0.002  Optimized mu_alpha = -0.0830667092446  entropy = 1.64506867635e-14
    sigma = 0.002  Optimized mu_beta  = -0.0834020113478  entropy = 1.64506867635e-14
    Total E(T) = -12265.8374959647  Free energy = -12265.8374959647  E0 = -12265.8374959647
cycle= 10 E= -12265.8374959647  delta_E= 0.046  |g|= 3.72  |ddm|=  513
    sigma = 0.002  Optimized mu_alpha = -0.0847154440267  entropy = 1.64506867635e-14
    sigma = 0.002  Optimized mu_beta  = -0.0846306593376  entropy = 1.64506867635e-14
    Total E(T) = -12265.8276720687  Free energy = -12265.8276720687  E0 = -12265.8276720687
cycle= 11 E= -12265.8276720687  delta_E= 0.00982  |g|= 3.71  |ddm|=  211
    sigma = 0.002  Optimized mu_alpha = -0.0856141405505  entropy = 1.64506867635e-14
    sigma = 0.002  Optimized mu_beta  = -0.0850960861607  entropy = 1.64506867635e-14
    Total E(T) = -12265.8301837864  Free energy = -12265.8301837864  E0 = -12265.8301837864
cycle= 12 E= -12265.8301837864  delta_E= -0.00251  |g|=  3.7  |ddm|=  234
    sigma = 0.002  Optimized mu_alpha = -0.0844095936786  entropy = 1.64506867635e-14
    sigma = 0.002  Optimized mu_beta  = -0.0851997310084  entropy = 1.64506867635e-14
    Total E(T) = -12265.8808221213  Free energy = -12265.8808221213  E0 = -12265.8808221213
cycle= 13 E= -12265.8808221213  delta_E= -0.0506  |g|= 3.45  |ddm|=  499
    sigma = 0.002  Optimized mu_alpha = -0.0852448053161  entropy = 1.64506867635e-14
    sigma = 0.002  Optimized mu_beta  = -0.0851976555199  entropy = 1.64506867635e-14
    Total E(T) = -12265.9534505824  Free energy = -12265.9534505824  E0 = -12265.9534505824
cycle= 14 E= -12265.9534505824  delta_E= -0.0726  |g|= 3.12  |ddm|=  391
    sigma = 0.002  Optimized mu_alpha = -0.0852991478258  entropy = 1.64506867635e-14
    sigma = 0.002  Optimized mu_beta  = -0.0846874740009  entropy = 1.64506867635e-14
    Total E(T) = -12266.0360058257  Free energy = -12266.0360058257  E0 = -12266.0360058257
cycle= 15 E= -12266.0360058257  delta_E= -0.0826  |g|= 2.74  |ddm|=  311
    sigma = 0.002  Optimized mu_alpha = -0.0803662067074  entropy = 1.64506867635e-14
    sigma = 0.002  Optimized mu_beta  = -0.0811664493253  entropy = 1.64506867635e-14
    Total E(T) = -12266.0730023231  Free energy = -12266.0730023231  E0 = -12266.0730023231
cycle= 16 E= -12266.0730023231  delta_E= -0.037  |g|= 2.81  |ddm|=  795
    sigma = 0.002  Optimized mu_alpha = -0.0706577829928  entropy = 1.64506867635e-14
    sigma = 0.002  Optimized mu_beta  = -0.0714481732456  entropy = 1.64506867635e-14
    Total E(T) = -12266.1638217161  Free energy = -12266.1638217161  E0 = -12266.1638217161
cycle= 17 E= -12266.1638217161  delta_E= -0.0908  |g|= 2.42  |ddm|=  597
    sigma = 0.002  Optimized mu_alpha = -0.0375071747741  entropy = 1.7928699614e-14
    sigma = 0.002  Optimized mu_beta  = -0.0385349531774  entropy = 1.7928699614e-14
    Total E(T) = -12266.2986295207  Free energy = -12266.2986295207  E0 = -12266.2986295207
cycle= 18 E= -12266.2986295207  delta_E= -0.135  |g|= 1.78  |ddm|=  638
    sigma = 0.002  Optimized mu_alpha = -0.0295207797657  entropy = 7.39108252704e-13
    sigma = 0.002  Optimized mu_beta  = -0.029437194616  entropy = 7.39108252704e-13
    Total E(T) = -12266.4175240011  Free energy = -12266.4175240011  E0 = -12266.4175240011
cycle= 19 E= -12266.4175240011  delta_E= -0.119  |g|= 1.36  |ddm|=  918
    sigma = 0.002  Optimized mu_alpha = -0.0420814247054  entropy = 3.33169060922e-13
    sigma = 0.002  Optimized mu_beta  = -0.0500154066369  entropy = 3.33169060922e-13
    Total E(T) = -12266.4246588228  Free energy = -12266.4246588228  E0 = -12266.4246588228
cycle= 20 E= -12266.4246588228  delta_E= -0.00713  |g|= 0.929  |ddm|=  772
    sigma = 0.002  Optimized mu_alpha = -0.0663293493598  entropy = 1.64506867635e-14
    sigma = 0.002  Optimized mu_beta  = -0.0660572441244  entropy = 1.64506867635e-14
    Total E(T) = -12266.4199974702  Free energy = -12266.4199974702  E0 = -12266.4199974702
cycle= 21 E= -12266.4199974702  delta_E= 0.00466  |g|= 0.946  |ddm|=  739
    sigma = 0.002  Optimized mu_alpha = -0.0712807368123  entropy = 1.64506867635e-14
    sigma = 0.002  Optimized mu_beta  = -0.071027597552  entropy = 1.64506867635e-14
    Total E(T) = -12266.4109866643  Free energy = -12266.4109866643  E0 = -12266.4109866643
cycle= 22 E= -12266.4109866643  delta_E= 0.00901  |g|= 0.924  |ddm|=  290
    sigma = 0.002  Optimized mu_alpha = -0.0727667347232  entropy = 1.64506867635e-14
    sigma = 0.002  Optimized mu_beta  = -0.0725819369202  entropy = 1.64506867635e-14
    Total E(T) = -12266.391481734  Free energy = -12266.391481734  E0 = -12266.391481734
cycle= 23 E= -12266.391481734  delta_E= 0.0195  |g|= 1.08  |ddm|=  157
    sigma = 0.002  Optimized mu_alpha = -0.0712854243907  entropy = 1.64506867635e-14
    sigma = 0.002  Optimized mu_beta  = -0.0709577742452  entropy = 1.64506867635e-14
    Total E(T) = -12266.3510500032  Free energy = -12266.3510500032  E0 = -12266.3510500032
cycle= 24 E= -12266.3510500032  delta_E= 0.0404  |g|= 1.39  |ddm|=  153
    sigma = 0.002  Optimized mu_alpha = -0.0733432750155  entropy = 1.64506867635e-14
    sigma = 0.002  Optimized mu_beta  = -0.0731828860674  entropy = 1.64506867635e-14
    Total E(T) = -12266.3070829735  Free energy = -12266.3070829735  E0 = -12266.3070829735
cycle= 25 E= -12266.3070829735  delta_E= 0.044  |g|= 1.68  |ddm|=  224
    sigma = 0.002  Optimized mu_alpha = -0.0303788146041  entropy = 3.9041796671e-16
    sigma = 0.002  Optimized mu_beta  = -0.0307855173068  entropy = 3.9041796671e-16
    Total E(T) = -12266.2727962759  Free energy = -12266.2727962759  E0 = -12266.2727962759
cycle= 26 E= -12266.2727962759  delta_E= 0.0343  |g|= 1.96  |ddm|=  279
    sigma = 0.002  Optimized mu_alpha = -0.0782404585886  entropy = 1.64506867635e-14
    sigma = 0.002  Optimized mu_beta  = -0.0795166353242  entropy = 1.64506867635e-14
    Total E(T) = -12266.2571955577  Free energy = -12266.2571955577  E0 = -12266.2571955577
cycle= 27 E= -12266.2571955577  delta_E= 0.0156  |g|= 2.02  |ddm|=  278
    sigma = 0.002  Optimized mu_alpha = -0.079496825807  entropy = 1.64506867635e-14
    sigma = 0.002  Optimized mu_beta  = -0.0808744815135  entropy = 1.64506867635e-14
    Total E(T) = -12266.2776106909  Free energy = -12266.2776106909  E0 = -12266.2776106909
cycle= 28 E= -12266.2776106909  delta_E= -0.0204  |g|= 1.84  |ddm|=  148
    sigma = 0.002  Optimized mu_alpha = -0.0803206683908  entropy = 1.64506867635e-14
    sigma = 0.002  Optimized mu_beta  = -0.0812006981825  entropy = 1.64506867635e-14
    Total E(T) = -12266.3013513719  Free energy = -12266.3013513719  E0 = -12266.3013513719
cycle= 29 E= -12266.3013513719  delta_E= -0.0237  |g|=  1.7  |ddm|= 93.8
    sigma = 0.002  Optimized mu_alpha = -0.0801540047735  entropy = 1.64506867635e-14
    sigma = 0.002  Optimized mu_beta  = -0.0805423998216  entropy = 1.64506867635e-14
    Total E(T) = -12266.3328282782  Free energy = -12266.3328282782  E0 = -12266.3328282782
cycle= 30 E= -12266.3328282782  delta_E= -0.0315  |g|= 1.49  |ddm|=  118
    sigma = 0.002  Optimized mu_alpha = -0.0840269487095  entropy = 1.64506867635e-14
    sigma = 0.002  Optimized mu_beta  = -0.0841111995038  entropy = 1.64506867635e-14
    Total E(T) = -12266.3832922326  Free energy = -12266.3832922326  E0 = -12266.3832922326
cycle= 31 E= -12266.3832922326  delta_E= -0.0505  |g|= 1.16  |ddm|=  326
    sigma = 0.002  Optimized mu_alpha = -0.0827707979975  entropy = 1.64506867635e-14
    sigma = 0.002  Optimized mu_beta  = -0.0828719158648  entropy = 1.64506867635e-14
    Total E(T) = -12266.4240621463  Free energy = -12266.4240621463  E0 = -12266.4240621463
cycle= 32 E= -12266.4240621463  delta_E= -0.0408  |g|= 0.773  |ddm|=  269
    sigma = 0.002  Optimized mu_alpha = -0.0827980986498  entropy = 8.22534338177e-15
    sigma = 0.002  Optimized mu_beta  = -0.0376951769422  entropy = 8.22534338177e-15
    Total E(T) = -12266.4437417174  Free energy = -12266.4437417174  E0 = -12266.4437417174
cycle= 33 E= -12266.4437417174  delta_E= -0.0197  |g|= 0.512  |ddm|=  123
    sigma = 0.002  Optimized mu_alpha = -0.0823574102528  entropy = 1.64506867635e-14
    sigma = 0.002  Optimized mu_beta  = -0.0821069956163  entropy = 1.64506867635e-14
    Total E(T) = -12266.4532664512  Free energy = -12266.4532664512  E0 = -12266.4532664512
cycle= 34 E= -12266.4532664512  delta_E= -0.00952  |g|= 0.353  |ddm|=  123
    sigma = 0.002  Optimized mu_alpha = -0.082463639317  entropy = 1.64506867635e-14
    sigma = 0.002  Optimized mu_beta  = -0.082474316256  entropy = 1.64506867635e-14
    Total E(T) = -12266.4584693815  Free energy = -12266.4584693815  E0 = -12266.4584693815
cycle= 35 E= -12266.4584693815  delta_E= -0.0052  |g|= 0.219  |ddm|= 79.2
    sigma = 0.002  Optimized mu_alpha = -0.0828445556123  entropy = 1.64506867635e-14
    sigma = 0.002  Optimized mu_beta  = -0.0826740988477  entropy = 1.64506867635e-14
    Total E(T) = -12266.4610228119  Free energy = -12266.4610228119  E0 = -12266.4610228119
cycle= 36 E= -12266.4610228119  delta_E= -0.00255  |g|= 0.124  |ddm|= 68.2
    sigma = 0.002  Optimized mu_alpha = -0.0828476739583  entropy = 1.64506867635e-14
    sigma = 0.002  Optimized mu_beta  = -0.0825729884591  entropy = 1.64506867635e-14
    Total E(T) = -12266.4618725133  Free energy = -12266.4618725133  E0 = -12266.4618725133
cycle= 37 E= -12266.4618725133  delta_E= -0.00085  |g|= 0.11  |ddm|= 59.6
    sigma = 0.002  Optimized mu_alpha = -0.082730645257  entropy = 1.64506867635e-14
    sigma = 0.002  Optimized mu_beta  = -0.0824855129662  entropy = 1.64506867635e-14
    Total E(T) = -12266.4624868441  Free energy = -12266.4624868441  E0 = -12266.4624868441
cycle= 38 E= -12266.4624868441  delta_E= -0.000614  |g|= 0.062  |ddm|= 49.6
    sigma = 0.002  Optimized mu_alpha = -0.0827046322663  entropy = 1.64506867635e-14
    sigma = 0.002  Optimized mu_beta  = -0.0823994704252  entropy = 1.64506867635e-14
    Total E(T) = -12266.4628648318  Free energy = -12266.4628648318  E0 = -12266.4628648318
cycle= 39 E= -12266.4628648318  delta_E= -0.000378  |g|= 0.0488  |ddm|= 34.4
    sigma = 0.002  Optimized mu_alpha = -0.0827276253665  entropy = 1.64506867635e-14
    sigma = 0.002  Optimized mu_beta  = -0.0823916400002  entropy = 1.64506867635e-14
    Total E(T) = -12266.4631708711  Free energy = -12266.4631708711  E0 = -12266.4631708711
cycle= 40 E= -12266.4631708711  delta_E= -0.000306  |g|= 0.037  |ddm|= 29.2
    sigma = 0.002  Optimized mu_alpha = -0.0375789356036  entropy = 8.22534338177e-15
    sigma = 0.002  Optimized mu_beta  = -0.082334870233  entropy = 8.22534338177e-15
    Total E(T) = -12266.463433437  Free energy = -12266.463433437  E0 = -12266.463433437
cycle= 41 E= -12266.463433437  delta_E= -0.000263  |g|= 0.0327  |ddm|= 26.9
    sigma = 0.002  Optimized mu_alpha = -0.0827925890199  entropy = 1.64506867635e-14
    sigma = 0.002  Optimized mu_beta  = -0.0823592611183  entropy = 1.64506867635e-14
    Total E(T) = -12266.4636884312  Free energy = -12266.4636884312  E0 = -12266.4636884312
cycle= 42 E= -12266.4636884312  delta_E= -0.000255  |g|= 0.0253  |ddm|= 25.2
    sigma = 0.002  Optimized mu_alpha = -0.0828195302222  entropy = 1.64506867635e-14
    sigma = 0.002  Optimized mu_beta  = -0.0823685680195  entropy = 1.64506867635e-14
    Total E(T) = -12266.4639280373  Free energy = -12266.4639280373  E0 = -12266.4639280373
cycle= 43 E= -12266.4639280373  delta_E= -0.00024  |g|= 0.0159  |ddm|= 23.5
    sigma = 0.002  Optimized mu_alpha = -0.0376975927952  entropy = -0
    sigma = 0.002  Optimized mu_beta  = -0.0372591778928  entropy = -0
    Total E(T) = -12266.4641464546  Free energy = -12266.4641464546  E0 = -12266.4641464546
cycle= 44 E= -12266.4641464546  delta_E= -0.000218  |g|= 0.0134  |ddm|= 22.6
    sigma = 0.002  Optimized mu_alpha = -0.082887341777  entropy = 1.64506867635e-14
    sigma = 0.002  Optimized mu_beta  = -0.0823848890393  entropy = 1.64506867635e-14
    Total E(T) = -12266.4643491546  Free energy = -12266.4643491546  E0 = -12266.4643491546
cycle= 45 E= -12266.4643491546  delta_E= -0.000203  |g|= 0.0145  |ddm|= 21.2
    sigma = 0.002  Optimized mu_alpha = -0.0828305550764  entropy = 1.64506867635e-14
    sigma = 0.002  Optimized mu_beta  = -0.0823247054784  entropy = 1.64506867635e-14
    Total E(T) = -12266.464509916  Free energy = -12266.464509916  E0 = -12266.464509916
cycle= 46 E= -12266.464509916  delta_E= -0.000161  |g|= 0.0199  |ddm|= 21.1
    sigma = 0.002  Optimized mu_alpha = -0.0377257803506  entropy = 8.22534338177e-15
    sigma = 0.002  Optimized mu_beta  = -0.0823505477843  entropy = 8.22534338177e-15
    Total E(T) = -12266.4646799682  Free energy = -12266.4646799682  E0 = -12266.4646799682
cycle= 47 E= -12266.4646799682  delta_E= -0.00017  |g|= 0.0232  |ddm|= 19.9
    sigma = 0.002  Optimized mu_alpha = -0.0829817701541  entropy = 1.64506867635e-14
    sigma = 0.002  Optimized mu_beta  = -0.0823679234702  entropy = 1.64506867635e-14
    Total E(T) = -12266.4648763384  Free energy = -12266.4648763384  E0 = -12266.4648763384
cycle= 48 E= -12266.4648763384  delta_E= -0.000196  |g|= 0.0273  |ddm|=   23
    sigma = 0.002  Optimized mu_alpha = -0.0830263504084  entropy = 1.64506867635e-14
    sigma = 0.002  Optimized mu_beta  = -0.0823172023356  entropy = 1.64506867635e-14
    Total E(T) = -12266.4651217243  Free energy = -12266.4651217243  E0 = -12266.4651217243
cycle= 49 E= -12266.4651217243  delta_E= -0.000245  |g|= 0.0282  |ddm|= 34.8
    sigma = 0.002  Optimized mu_alpha = -0.0830770109279  entropy = 1.64506867635e-14
    sigma = 0.002  Optimized mu_beta  = -0.0823694163409  entropy = 1.64506867635e-14
    Total E(T) = -12266.4653408068  Free energy = -12266.4653408068  E0 = -12266.4653408068
cycle= 50 E= -12266.4653408068  delta_E= -0.000219  |g|= 0.0272  |ddm|= 24.1
    sigma = 0.002  Optimized mu_alpha = -0.083113079449  entropy = 1.64506867635e-14
    sigma = 0.002  Optimized mu_beta  = -0.0823660733167  entropy = 1.64506867635e-14
    Total E(T) = -12266.4655566078  Free energy = -12266.4655566078  E0 = -12266.4655566078
cycle= 51 E= -12266.4655566078  delta_E= -0.000216  |g|= 0.0258  |ddm|= 21.3
    sigma = 0.002  Optimized mu_alpha = -0.0831385512339  entropy = 1.64506867635e-14
    sigma = 0.002  Optimized mu_beta  = -0.0823807708092  entropy = 1.64506867635e-14
    Total E(T) = -12266.465750288  Free energy = -12266.465750288  E0 = -12266.465750288
cycle= 52 E= -12266.465750288  delta_E= -0.000194  |g|= 0.0287  |ddm|= 20.5
    sigma = 0.002  Optimized mu_alpha = -0.0831299779581  entropy = 1.64506867635e-14
    sigma = 0.002  Optimized mu_beta  = -0.0823615257157  entropy = 1.64506867635e-14
    Total E(T) = -12266.4659287014  Free energy = -12266.4659287014  E0 = -12266.4659287014
cycle= 53 E= -12266.4659287014  delta_E= -0.000178  |g|= 0.0328  |ddm|= 18.6
    sigma = 0.002  Optimized mu_alpha = -0.0831575567774  entropy = 2.46760301453e-14
    sigma = 0.002  Optimized mu_beta  = -0.0823660644306  entropy = 2.46760301453e-14
    Total E(T) = -12266.4660854621  Free energy = -12266.4660854621  E0 = -12266.4660854621
cycle= 54 E= -12266.4660854621  delta_E= -0.000157  |g|= 0.0372  |ddm|= 19.4
    sigma = 0.002  Optimized mu_alpha = -0.0831926022926  entropy = 1.64506867635e-14
    sigma = 0.002  Optimized mu_beta  = -0.0823944796218  entropy = 1.64506867635e-14
    Total E(T) = -12266.4662246788  Free energy = -12266.4662246788  E0 = -12266.4662246788
cycle= 55 E= -12266.4662246788  delta_E= -0.000139  |g|= 0.0458  |ddm|= 16.4
    sigma = 0.002  Optimized mu_alpha = -0.0832131246641  entropy = 2.46760301453e-14
    sigma = 0.002  Optimized mu_beta  = -0.0823933315818  entropy = 2.46760301453e-14
    Total E(T) = -12266.466370077  Free energy = -12266.466370077  E0 = -12266.466370077
cycle= 56 E= -12266.466370077  delta_E= -0.000145  |g|= 0.051  |ddm|= 15.4
    sigma = 0.002  Optimized mu_alpha = -0.0832147027002  entropy = 2.46760301453e-14
    sigma = 0.002  Optimized mu_beta  = -0.0823737049353  entropy = 2.46760301453e-14
    Total E(T) = -12266.4665075611  Free energy = -12266.4665075611  E0 = -12266.4665075611
cycle= 57 E= -12266.4665075611  delta_E= -0.000137  |g|= 0.0553  |ddm|= 15.1
    sigma = 0.002  Optimized mu_alpha = -0.0833054196343  entropy = 2.46760301453e-14
    sigma = 0.002  Optimized mu_beta  = -0.0825125378312  entropy = 2.46760301453e-14
    Total E(T) = -12266.4666020323  Free energy = -12266.4666020323  E0 = -12266.4666020323
cycle= 58 E= -12266.4666020323  delta_E= -9.45e-05  |g|= 0.0734  |ddm|= 24.4
    sigma = 0.002  Optimized mu_alpha = -0.0831852559569  entropy = 2.46760301453e-14
    sigma = 0.002  Optimized mu_beta  = -0.0823042222266  entropy = 2.46760301453e-14
    Total E(T) = -12266.4667841827  Free energy = -12266.4667841827  E0 = -12266.4667841827
cycle= 59 E= -12266.4667841827  delta_E= -0.000182  |g|= 0.0672  |ddm|= 23.9
    sigma = 0.002  Optimized mu_alpha = -0.0381833778926  entropy = 8.22534338177e-15
    sigma = 0.002  Optimized mu_beta  = -0.0824102605523  entropy = 8.22534338177e-15
    Total E(T) = -12266.4669565979  Free energy = -12266.4669565979  E0 = -12266.4669565979
cycle= 60 E= -12266.4669565979  delta_E= -0.000172  |g|= 0.0641  |ddm|= 16.6
    sigma = 0.002  Optimized mu_alpha = -0.0833498258434  entropy = 2.46760301453e-14
    sigma = 0.002  Optimized mu_beta  = -0.0824098318535  entropy = 2.46760301453e-14
    Total E(T) = -12266.4671391468  Free energy = -12266.4671391468  E0 = -12266.4671391468
cycle= 61 E= -12266.4671391468  delta_E= -0.000183  |g|= 0.0598  |ddm|=   16
    sigma = 0.002  Optimized mu_alpha = -0.0833726532463  entropy = 2.46760301453e-14
    sigma = 0.002  Optimized mu_beta  = -0.0824155406907  entropy = 2.46760301453e-14
    Total E(T) = -12266.4673123332  Free energy = -12266.4673123332  E0 = -12266.4673123332
cycle= 62 E= -12266.4673123332  delta_E= -0.000173  |g|= 0.06  |ddm|= 16.1
    sigma = 0.002  Optimized mu_alpha = -0.0833506136753  entropy = 2.46760301453e-14
    sigma = 0.002  Optimized mu_beta  = -0.0824010719107  entropy = 2.46760301453e-14
    Total E(T) = -12266.4674385497  Free energy = -12266.4674385497  E0 = -12266.4674385497
cycle= 63 E= -12266.4674385497  delta_E= -0.000126  |g|= 0.0613  |ddm|= 16.4
    sigma = 0.002  Optimized mu_alpha = -0.0833472589087  entropy = 2.46760301453e-14
    sigma = 0.002  Optimized mu_beta  = -0.0823936635473  entropy = 2.46760301453e-14
    Total E(T) = -12266.4675092293  Free energy = -12266.4675092293  E0 = -12266.4675092293
cycle= 64 E= -12266.4675092293  delta_E= -7.07e-05  |g|= 0.0654  |ddm|= 28.4
    sigma = 0.002  Optimized mu_alpha = -0.0834806153332  entropy = 2.46760301453e-14
    sigma = 0.002  Optimized mu_beta  = -0.0824995751603  entropy = 2.46760301453e-14
    Total E(T) = -12266.4675496812  Free energy = -12266.4675496812  E0 = -12266.4675496812
cycle= 65 E= -12266.4675496812  delta_E= -4.05e-05  |g|= 0.0832  |ddm|= 26.1
    sigma = 0.002  Optimized mu_alpha = -0.0832807950872  entropy = 2.46760301453e-14
    sigma = 0.002  Optimized mu_beta  = -0.0823528249146  entropy = 2.46760301453e-14
    Total E(T) = -12266.4676566324  Free energy = -12266.4676566324  E0 = -12266.4676566324
cycle= 66 E= -12266.4676566324  delta_E= -0.000107  |g|= 0.104  |ddm|= 53.1
    sigma = 0.002  Optimized mu_alpha = -0.0833437335614  entropy = 2.46760301453e-14
    sigma = 0.002  Optimized mu_beta  = -0.0823200447329  entropy = 2.46760301453e-14
    Total E(T) = -12266.4678378035  Free energy = -12266.4678378035  E0 = -12266.4678378035
cycle= 67 E= -12266.4678378035  delta_E= -0.000181  |g|= 0.0854  |ddm|= 43.3
    sigma = 0.002  Optimized mu_alpha = -0.0832214581339  entropy = 2.46760301453e-14
    sigma = 0.002  Optimized mu_beta  = -0.0822098932903  entropy = 2.46760301453e-14
    Total E(T) = -12266.4679813303  Free energy = -12266.4679813303  E0 = -12266.4679813303
cycle= 68 E= -12266.4679813303  delta_E= -0.000144  |g|= 0.0881  |ddm|= 58.4
    sigma = 0.002  Optimized mu_alpha = -0.0831395624103  entropy = 2.46760301453e-14
    sigma = 0.002  Optimized mu_beta  = -0.0823137430283  entropy = 2.46760301453e-14
    Total E(T) = -12266.4680438763  Free energy = -12266.4680438763  E0 = -12266.4680438763
cycle= 69 E= -12266.4680438763  delta_E= -6.25e-05  |g|= 0.154  |ddm|=  103
    sigma = 0.002  Optimized mu_alpha = -0.0830225536185  entropy = 2.46760301453e-14
    sigma = 0.002  Optimized mu_beta  = -0.0820756095623  entropy = 2.46760301453e-14
    Total E(T) = -12266.4684645466  Free energy = -12266.4684645466  E0 = -12266.4684645466
cycle= 70 E= -12266.4684645466  delta_E= -0.000421  |g|= 0.115  |ddm|= 65.9
    sigma = 0.002  Optimized mu_alpha = -0.0833257764088  entropy = 2.46760301453e-14
    sigma = 0.002  Optimized mu_beta  = -0.0824215690647  entropy = 2.46760301453e-14
    Total E(T) = -12266.4689014744  Free energy = -12266.4689014744  E0 = -12266.4689014744
cycle= 71 E= -12266.4689014744  delta_E= -0.000437  |g|= 0.0768  |ddm|= 44.7
    sigma = 0.002  Optimized mu_alpha = -0.0382184745295  entropy = 8.22534338177e-15
    sigma = 0.002  Optimized mu_beta  = -0.0824792587151  entropy = 8.22534338177e-15
    Total E(T) = -12266.4692333912  Free energy = -12266.4692333912  E0 = -12266.4692333912
cycle= 72 E= -12266.4692333912  delta_E= -0.000332  |g|= 0.0584  |ddm|=   23
    sigma = 0.002  Optimized mu_alpha = -0.0831852703198  entropy = 8.22534338177e-15
    sigma = 0.002  Optimized mu_beta  = -0.0372377869136  entropy = 8.22534338177e-15
    Total E(T) = -12266.4695474153  Free energy = -12266.4695474153  E0 = -12266.4695474153
cycle= 73 E= -12266.4695474153  delta_E= -0.000314  |g|= 0.0563  |ddm|=   32
    sigma = 0.002  Optimized mu_alpha = -0.0832039484222  entropy = 2.46760301453e-14
    sigma = 0.002  Optimized mu_beta  = -0.0823843135706  entropy = 2.46760301453e-14
    Total E(T) = -12266.4698811233  Free energy = -12266.4698811233  E0 = -12266.4698811233
cycle= 74 E= -12266.4698811233  delta_E= -0.000334  |g|= 0.0404  |ddm|= 25.5
    sigma = 0.002  Optimized mu_alpha = -0.0829145858197  entropy = 1.64506867635e-14
    sigma = 0.002  Optimized mu_beta  = -0.0822178526878  entropy = 1.64506867635e-14
    Total E(T) = -12266.4702881786  Free energy = -12266.4702881786  E0 = -12266.4702881786
cycle= 75 E= -12266.4702881786  delta_E= -0.000407  |g|= 0.0524  |ddm|= 57.6
    sigma = 0.002  Optimized mu_alpha = -0.0829435370984  entropy = 2.46760301453e-14
    sigma = 0.002  Optimized mu_beta  = -0.0821571592788  entropy = 2.46760301453e-14
    Total E(T) = -12266.4707067823  Free energy = -12266.4707067823  E0 = -12266.4707067823
cycle= 76 E= -12266.4707067823  delta_E= -0.000419  |g|= 0.0379  |ddm|= 47.9
    sigma = 0.002  Optimized mu_alpha = -0.0829767261682  entropy = 1.64506867635e-14
    sigma = 0.002  Optimized mu_beta  = -0.0822150665943  entropy = 1.64506867635e-14
    Total E(T) = -12266.471080359  Free energy = -12266.471080359  E0 = -12266.471080359
cycle= 77 E= -12266.471080359  delta_E= -0.000374  |g|= 0.0208  |ddm|= 27.6
    sigma = 0.002  Optimized mu_alpha = -0.0830336202928  entropy = 1.64506867635e-14
    sigma = 0.002  Optimized mu_beta  = -0.0823267502043  entropy = 1.64506867635e-14
    Total E(T) = -12266.471382506  Free energy = -12266.471382506  E0 = -12266.471382506
cycle= 78 E= -12266.471382506  delta_E= -0.000302  |g|= 0.0202  |ddm|= 23.3
    sigma = 0.002  Optimized mu_alpha = -0.0829319769984  entropy = 1.64506867635e-14
    sigma = 0.002  Optimized mu_beta  = -0.0823265016999  entropy = 1.64506867635e-14
    Total E(T) = -12266.4716867851  Free energy = -12266.4716867851  E0 = -12266.4716867851
cycle= 79 E= -12266.4716867851  delta_E= -0.000304  |g|= 0.0264  |ddm|=   28
    sigma = 0.002  Optimized mu_alpha = -0.0828088824948  entropy = 1.64506867635e-14
    sigma = 0.002  Optimized mu_beta  = -0.0822493317634  entropy = 1.64506867635e-14
    Total E(T) = -12266.4720086853  Free energy = -12266.4720086853  E0 = -12266.4720086853
cycle= 80 E= -12266.4720086853  delta_E= -0.000322  |g|= 0.02  |ddm|= 48.5
    sigma = 0.002  Optimized mu_alpha = -0.0827330068729  entropy = 1.64506867635e-14
    sigma = 0.002  Optimized mu_beta  = -0.0822420713194  entropy = 1.64506867635e-14
    Total E(T) = -12266.4722861754  Free energy = -12266.4722861754  E0 = -12266.4722861754
cycle= 81 E= -12266.4722861754  delta_E= -0.000277  |g|= 0.0231  |ddm|= 39.4
    sigma = 0.002  Optimized mu_alpha = -0.0828078394406  entropy = 1.64506867635e-14
    sigma = 0.002  Optimized mu_beta  = -0.0823555291426  entropy = 1.64506867635e-14
    Total E(T) = -12266.4725204088  Free energy = -12266.4725204088  E0 = -12266.4725204088
cycle= 82 E= -12266.4725204088  delta_E= -0.000234  |g|= 0.0272  |ddm|= 24.9
    sigma = 0.002  Optimized mu_alpha = -0.0826891220067  entropy = 1.64506867635e-14
    sigma = 0.002  Optimized mu_beta  = -0.082289409011  entropy = 1.64506867635e-14
    Total E(T) = -12266.4727215884  Free energy = -12266.4727215884  E0 = -12266.4727215884
cycle= 83 E= -12266.4727215884  delta_E= -0.000201  |g|= 0.0313  |ddm|= 32.8
    sigma = 0.002  Optimized mu_alpha = -0.0828477973002  entropy = 1.64506867635e-14
    sigma = 0.002  Optimized mu_beta  = -0.0824111176303  entropy = 1.64506867635e-14
    Total E(T) = -12266.4729099253  Free energy = -12266.4729099253  E0 = -12266.4729099253
cycle= 84 E= -12266.4729099253  delta_E= -0.000188  |g|= 0.0291  |ddm|= 26.7
    sigma = 0.002  Optimized mu_alpha = -0.0826569291498  entropy = 1.64506867635e-14
    sigma = 0.002  Optimized mu_beta  = -0.0823099582714  entropy = 1.64506867635e-14
    Total E(T) = -12266.4730540795  Free energy = -12266.4730540795  E0 = -12266.4730540795
cycle= 85 E= -12266.4730540795  delta_E= -0.000144  |g|= 0.033  |ddm|= 38.5
    sigma = 0.002  Optimized mu_alpha = -0.0826113300311  entropy = 1.64506867635e-14
    sigma = 0.002  Optimized mu_beta  = -0.0822479145793  entropy = 1.64506867635e-14
    Total E(T) = -12266.4731942022  Free energy = -12266.4731942022  E0 = -12266.4731942022
cycle= 86 E= -12266.4731942022  delta_E= -0.00014  |g|= 0.0317  |ddm|=   22
    sigma = 0.002  Optimized mu_alpha = -0.0826338548694  entropy = 1.64506867635e-14
    sigma = 0.002  Optimized mu_beta  = -0.0823486196407  entropy = 1.64506867635e-14
    Total E(T) = -12266.4732956981  Free energy = -12266.4732956981  E0 = -12266.4732956981
cycle= 87 E= -12266.4732956981  delta_E= -0.000101  |g|= 0.0299  |ddm|= 29.8
    sigma = 0.002  Optimized mu_alpha = -0.0826538116587  entropy = 1.64506867635e-14
    sigma = 0.002  Optimized mu_beta  = -0.0823626809484  entropy = 1.64506867635e-14
    Total E(T) = -12266.4733856334  Free energy = -12266.4733856334  E0 = -12266.4733856334
cycle= 88 E= -12266.4733856334  delta_E= -8.99e-05  |g|= 0.0329  |ddm|=   18
    sigma = 0.002  Optimized mu_alpha = -0.0826985210587  entropy = 1.64506867635e-14
    sigma = 0.002  Optimized mu_beta  = -0.0823919708429  entropy = 1.64506867635e-14
    Total E(T) = -12266.4734774002  Free energy = -12266.4734774002  E0 = -12266.4734774002
cycle= 89 E= -12266.4734774002  delta_E= -9.18e-05  |g|= 0.0269  |ddm|= 19.1
    sigma = 0.002  Optimized mu_alpha = -0.0827784225214  entropy = 1.64506867635e-14
    sigma = 0.002  Optimized mu_beta  = -0.0824939249493  entropy = 1.64506867635e-14
    Total E(T) = -12266.4735465453  Free energy = -12266.4735465453  E0 = -12266.4735465453
cycle= 90 E= -12266.4735465453  delta_E= -6.91e-05  |g|= 0.0312  |ddm|= 19.7
    sigma = 0.002  Optimized mu_alpha = -0.082676685045  entropy = 8.22534338177e-15
    sigma = 0.002  Optimized mu_beta  = -0.0372731750789  entropy = 8.22534338177e-15
    Total E(T) = -12266.4736053877  Free energy = -12266.4736053877  E0 = -12266.4736053877
cycle= 91 E= -12266.4736053877  delta_E= -5.88e-05  |g|= 0.0216  |ddm|= 18.1
    sigma = 0.002  Optimized mu_alpha = -0.0826550510871  entropy = 1.64506867635e-14
    sigma = 0.002  Optimized mu_beta  = -0.0823866461945  entropy = 1.64506867635e-14
    Total E(T) = -12266.4736517333  Free energy = -12266.4736517333  E0 = -12266.4736517333
cycle= 92 E= -12266.4736517333  delta_E= -4.63e-05  |g|= 0.0268  |ddm|= 15.9
    sigma = 0.002  Optimized mu_alpha = -0.0827035598393  entropy = 2.46760301453e-14
    sigma = 0.002  Optimized mu_beta  = -0.0824009480958  entropy = 2.46760301453e-14
    Total E(T) = -12266.4737086588  Free energy = -12266.4737086588  E0 = -12266.4737086588
cycle= 93 E= -12266.4737086588  delta_E= -5.69e-05  |g|= 0.0212  |ddm|= 19.5
    sigma = 0.002  Optimized mu_alpha = -0.0826525130652  entropy = 1.64506867635e-14
    sigma = 0.002  Optimized mu_beta  = -0.0823811319509  entropy = 1.64506867635e-14
    Total E(T) = -12266.4737501553  Free energy = -12266.4737501553  E0 = -12266.4737501553
cycle= 94 E= -12266.4737501553  delta_E= -4.15e-05  |g|= 0.0168  |ddm|= 15.3
    sigma = 0.002  Optimized mu_alpha = -0.0826594922611  entropy = 2.46760301453e-14
    sigma = 0.002  Optimized mu_beta  = -0.0823958072784  entropy = 2.46760301453e-14
    Total E(T) = -12266.4737781389  Free energy = -12266.4737781389  E0 = -12266.4737781389
cycle= 95 E= -12266.4737781389  delta_E= -2.8e-05  |g|= 0.0209  |ddm|= 15.5
    sigma = 0.002  Optimized mu_alpha = -0.0826898627899  entropy = 2.46760301453e-14
    sigma = 0.002  Optimized mu_beta  = -0.0824161341445  entropy = 2.46760301453e-14
    Total E(T) = -12266.4738066837  Free energy = -12266.4738066837  E0 = -12266.4738066837
cycle= 96 E= -12266.4738066837  delta_E= -2.85e-05  |g|= 0.0226  |ddm|= 15.2
    sigma = 0.002  Optimized mu_alpha = -0.0826913214735  entropy = 1.64506867635e-14
    sigma = 0.002  Optimized mu_beta  = -0.0824188390752  entropy = 1.64506867635e-14
    Total E(T) = -12266.4738393357  Free energy = -12266.4738393357  E0 = -12266.4738393357
cycle= 97 E= -12266.4738393357  delta_E= -3.27e-05  |g|= 0.0187  |ddm|= 9.06
    sigma = 0.002  Optimized mu_alpha = -0.0826571317872  entropy = 1.64506867635e-14
    sigma = 0.002  Optimized mu_beta  = -0.0823839539157  entropy = 1.64506867635e-14
    Total E(T) = -12266.4738667558  Free energy = -12266.4738667558  E0 = -12266.4738667558
cycle= 98 E= -12266.4738667558  delta_E= -2.74e-05  |g|= 0.0184  |ddm|= 12.7
    sigma = 0.002  Optimized mu_alpha = -0.0826790423272  entropy = 1.64506867635e-14
    sigma = 0.002  Optimized mu_beta  = -0.0824028022612  entropy = 1.64506867635e-14
    Total E(T) = -12266.4738960622  Free energy = -12266.4738960622  E0 = -12266.4738960622
cycle= 99 E= -12266.4738960622  delta_E= -2.93e-05  |g|= 0.0141  |ddm|= 9.71
    sigma = 0.002  Optimized mu_alpha = -0.0826215354959  entropy = 1.64506867635e-14
    sigma = 0.002  Optimized mu_beta  = -0.082368361618  entropy = 1.64506867635e-14
    Total E(T) = -12266.4739170149  Free energy = -12266.4739170149  E0 = -12266.4739170149
cycle= 100 E= -12266.4739170149  delta_E= -2.1e-05  |g|= 0.0194  |ddm|= 11.3
    sigma = 0.002  Optimized mu_alpha = -0.0826880375679  entropy = 2.46760301453e-14
    sigma = 0.002  Optimized mu_beta  = -0.0824113556006  entropy = 2.46760301453e-14
    Total E(T) = -12266.4739414503  Free energy = -12266.4739414503  E0 = -12266.4739414503
cycle= 101 E= -12266.4739414503  delta_E= -2.44e-05  |g|= 0.0125  |ddm|= 9.95
    sigma = 0.002  Optimized mu_alpha = -0.0826620885329  entropy = 2.46760301453e-14
    sigma = 0.002  Optimized mu_beta  = -0.0823889422446  entropy = 2.46760301453e-14
    Total E(T) = -12266.4739605121  Free energy = -12266.4739605121  E0 = -12266.4739605121
cycle= 102 E= -12266.4739605121  delta_E= -1.91e-05  |g|= 0.0124  |ddm|= 7.93
    sigma = 0.002  Optimized mu_alpha = -0.0826869473313  entropy = 1.64506867635e-14
    sigma = 0.002  Optimized mu_beta  = -0.0824229239761  entropy = 1.64506867635e-14
    Total E(T) = -12266.4739774463  Free energy = -12266.4739774463  E0 = -12266.4739774463
cycle= 103 E= -12266.4739774463  delta_E= -1.69e-05  |g|= 0.011  |ddm|= 9.74
    sigma = 0.002  Optimized mu_alpha = -0.0826588735252  entropy = 2.46760301453e-14
    sigma = 0.002  Optimized mu_beta  = -0.0823899343708  entropy = 2.46760301453e-14
    Total E(T) = -12266.473988967  Free energy = -12266.473988967  E0 = -12266.473988967
cycle= 104 E= -12266.473988967  delta_E= -1.15e-05  |g|= 0.0152  |ddm|= 9.97
    sigma = 0.002  Optimized mu_alpha = -0.0826586816794  entropy = 2.46760301453e-14
    sigma = 0.002  Optimized mu_beta  = -0.0823902670915  entropy = 2.46760301453e-14
    Total E(T) = -12266.4740005577  Free energy = -12266.4740005577  E0 = -12266.4740005577
cycle= 105 E= -12266.4740005577  delta_E= -1.16e-05  |g|= 0.0158  |ddm|= 9.08
    sigma = 0.002  Optimized mu_alpha = -0.082641310955  entropy = 2.46760301453e-14
    sigma = 0.002  Optimized mu_beta  = -0.0823716451399  entropy = 2.46760301453e-14
    Total E(T) = -12266.4740175265  Free energy = -12266.4740175265  E0 = -12266.4740175265
cycle= 106 E= -12266.4740175265  delta_E= -1.7e-05  |g|= 0.0126  |ddm|= 7.04
    sigma = 0.002  Optimized mu_alpha = -0.0826697427658  entropy = 1.64506867635e-14
    sigma = 0.002  Optimized mu_beta  = -0.0823969245711  entropy = 1.64506867635e-14
    Total E(T) = -12266.4740332159  Free energy = -12266.4740332159  E0 = -12266.4740332159
cycle= 107 E= -12266.4740332159  delta_E= -1.57e-05  |g|= 0.00887  |ddm|= 7.91
    sigma = 0.002  Optimized mu_alpha = -0.0826832468604  entropy = 1.64506867635e-14
    sigma = 0.002  Optimized mu_beta  = -0.0824143437403  entropy = 1.64506867635e-14
    Total E(T) = -12266.4740461133  Free energy = -12266.4740461133  E0 = -12266.4740461133
cycle= 108 E= -12266.4740461133  delta_E= -1.29e-05  |g|= 0.00499  |ddm|= 6.53
    sigma = 0.002  Optimized mu_alpha = -0.0826584664313  entropy = 2.46760301453e-14
    sigma = 0.002  Optimized mu_beta  = -0.0823981572824  entropy = 2.46760301453e-14
    Total E(T) = -12266.4740555345  Free energy = -12266.4740555345  E0 = -12266.4740555345
cycle= 109 E= -12266.4740555345  delta_E= -9.42e-06  |g|= 0.00651  |ddm|= 7.26
    sigma = 0.002  Optimized mu_alpha = -0.0826474359416  entropy = 2.46760301453e-14
    sigma = 0.002  Optimized mu_beta  = -0.0823849799962  entropy = 2.46760301453e-14
    Total E(T) = -12266.4740632629  Free energy = -12266.4740632629  E0 = -12266.4740632629
cycle= 110 E= -12266.4740632629  delta_E= -7.73e-06  |g|= 0.00954  |ddm|= 8.11
    sigma = 0.002  Optimized mu_alpha = -0.082648208121  entropy = 2.46760301453e-14
    sigma = 0.002  Optimized mu_beta  = -0.0823921867753  entropy = 2.46760301453e-14
    Total E(T) = -12266.4740690247  Free energy = -12266.4740690247  E0 = -12266.4740690247
cycle= 111 E= -12266.4740690247  delta_E= -5.76e-06  |g|= 0.0116  |ddm|= 8.21
    sigma = 0.002  Optimized mu_alpha = -0.0826430061212  entropy = 8.22534338177e-15
    sigma = 0.002  Optimized mu_beta  = -0.0372510399788  entropy = 8.22534338177e-15
    Total E(T) = -12266.4740805196  Free energy = -12266.4740805196  E0 = -12266.4740805196
cycle= 112 E= -12266.4740805196  delta_E= -1.15e-05  |g|= 0.0108  |ddm|= 13.5
    sigma = 0.002  Optimized mu_alpha = -0.0826598436843  entropy = 2.46760301453e-14
    sigma = 0.002  Optimized mu_beta  = -0.0823982947173  entropy = 2.46760301453e-14
    Total E(T) = -12266.4740880609  Free energy = -12266.4740880609  E0 = -12266.4740880609
cycle= 113 E= -12266.4740880609  delta_E= -7.54e-06  |g|= 0.00892  |ddm|= 11.3
    sigma = 0.002  Optimized mu_alpha = -0.08265348103  entropy = 2.46760301453e-14
    sigma = 0.002  Optimized mu_beta  = -0.0823930762765  entropy = 2.46760301453e-14
    Total E(T) = -12266.4740946135  Free energy = -12266.4740946135  E0 = -12266.4740946135
cycle= 114 E= -12266.4740946135  delta_E= -6.55e-06  |g|= 0.00941  |ddm|=  7.3
    sigma = 0.002  Optimized mu_alpha = -0.0826857785096  entropy = 1.64506867635e-14
    sigma = 0.002  Optimized mu_beta  = -0.0824177960188  entropy = 1.64506867635e-14
    Total E(T) = -12266.4741031873  Free energy = -12266.4741031873  E0 = -12266.4741031873
cycle= 115 E= -12266.4741031873  delta_E= -8.57e-06  |g|= 0.00887  |ddm|= 11.4
    sigma = 0.002  Optimized mu_alpha = -0.0826648227654  entropy = 1.64506867635e-14
    sigma = 0.002  Optimized mu_beta  = -0.082394480372  entropy = 1.64506867635e-14
    Total E(T) = -12266.4741101819  Free energy = -12266.4741101819  E0 = -12266.4741101819
cycle= 116 E= -12266.4741101819  delta_E= -6.99e-06  |g|= 0.00575  |ddm|= 6.14
    sigma = 0.002  Optimized mu_alpha = -0.0826562389104  entropy = 1.64506867635e-14
    sigma = 0.002  Optimized mu_beta  = -0.0372637025753  entropy = 1.64506867635e-14
    Total E(T) = -12266.4741158984  Free energy = -12266.4741158984  E0 = -12266.4741158984
cycle= 117 E= -12266.4741158984  delta_E= -5.72e-06  |g|= 0.00627  |ddm|= 7.36
    sigma = 0.002  Optimized mu_alpha = -0.0826413624948  entropy = 1.64506867635e-14
    sigma = 0.002  Optimized mu_beta  = -0.0823755725513  entropy = 1.64506867635e-14
    Total E(T) = -12266.4741211253  Free energy = -12266.4741211253  E0 = -12266.4741211253
cycle= 118 E= -12266.4741211253  delta_E= -5.23e-06  |g|= 0.00643  |ddm|= 6.01
    sigma = 0.002  Optimized mu_alpha = -0.0826510662927  entropy = 2.46760301453e-14
    sigma = 0.002  Optimized mu_beta  = -0.0823884362585  entropy = 2.46760301453e-14
    Total E(T) = -12266.4741246944  Free energy = -12266.4741246944  E0 = -12266.4741246944
cycle= 119 E= -12266.4741246944  delta_E= -3.57e-06  |g|= 0.00936  |ddm|= 12.3
    sigma = 0.002  Optimized mu_alpha = -0.0826840942144  entropy = 8.22534338177e-15
    sigma = 0.002  Optimized mu_beta  = -0.0373059246817  entropy = 8.22534338177e-15
    Total E(T) = -12266.4741299248  Free energy = -12266.4741299248  E0 = -12266.4741299248
cycle= 120 E= -12266.4741299248  delta_E= -5.23e-06  |g|= 0.0105  |ddm|= 10.2
    sigma = 0.002  Optimized mu_alpha = -0.0826536321379  entropy = 1.64506867635e-14
    sigma = 0.002  Optimized mu_beta  = -0.0823939307621  entropy = 1.64506867635e-14
    Total E(T) = -12266.4741350944  Free energy = -12266.4741350944  E0 = -12266.4741350944
cycle= 121 E= -12266.4741350944  delta_E= -5.17e-06  |g|= 0.00767  |ddm|= 6.07
    sigma = 0.002  Optimized mu_alpha = -0.0826419506328  entropy = 2.46760301453e-14
    sigma = 0.002  Optimized mu_beta  = -0.0823781701731  entropy = 2.46760301453e-14
    Total E(T) = -12266.4741395939  Free energy = -12266.4741395939  E0 = -12266.4741395939
cycle= 122 E= -12266.4741395939  delta_E= -4.5e-06  |g|= 0.00589  |ddm|= 5.04
    sigma = 0.002  Optimized mu_alpha = -0.0826541634276  entropy = 1.64506867635e-14
    sigma = 0.002  Optimized mu_beta  = -0.0823923371463  entropy = 1.64506867635e-14
    Total E(T) = -12266.4741437182  Free energy = -12266.4741437182  E0 = -12266.4741437182
cycle= 123 E= -12266.4741437182  delta_E= -4.12e-06  |g|= 0.0042  |ddm|= 4.02
    sigma = 0.002  Optimized mu_alpha = -0.0826627132211  entropy = 2.46760301453e-14
    sigma = 0.002  Optimized mu_beta  = -0.0823913644815  entropy = 2.46760301453e-14
    Total E(T) = -12266.4741472571  Free energy = -12266.4741472571  E0 = -12266.4741472571
cycle= 124 E= -12266.4741472571  delta_E= -3.54e-06  |g|= 0.00341  |ddm|=  5.7
    sigma = 0.002  Optimized mu_alpha = -0.0826585527458  entropy = 2.46760301453e-14
    sigma = 0.002  Optimized mu_beta  = -0.0823937371318  entropy = 2.46760301453e-14
    Total E(T) = -12266.4741506683  Free energy = -12266.4741506683  E0 = -12266.4741506683
cycle= 125 E= -12266.4741506683  delta_E= -3.41e-06  |g|= 0.00419  |ddm|=  6.7
    sigma = 0.002  Optimized mu_alpha = -0.0826538103281  entropy = 2.46760301453e-14
    sigma = 0.002  Optimized mu_beta  = -0.0823888361738  entropy = 2.46760301453e-14
    Total E(T) = -12266.4741536731  Free energy = -12266.4741536731  E0 = -12266.4741536731
cycle= 126 E= -12266.4741536731  delta_E= -3e-06  |g|= 0.00508  |ddm|= 4.42
    sigma = 0.002  Optimized mu_alpha = -0.0826644536696  entropy = 1.64506867635e-14
    sigma = 0.002  Optimized mu_beta  = -0.0823974859378  entropy = 1.64506867635e-14
    Total E(T) = -12266.4741567812  Free energy = -12266.4741567812  E0 = -12266.4741567812
cycle= 127 E= -12266.4741567812  delta_E= -3.11e-06  |g|= 0.00519  |ddm|= 4.75
    sigma = 0.002  Optimized mu_alpha = -0.0826419204576  entropy = 2.46760301453e-14
    sigma = 0.002  Optimized mu_beta  = -0.0823769963154  entropy = 2.46760301453e-14
    Total E(T) = -12266.4741590616  Free energy = -12266.4741590616  E0 = -12266.4741590616
cycle= 128 E= -12266.4741590616  delta_E= -2.28e-06  |g|= 0.00725  |ddm|= 7.64
    sigma = 0.002  Optimized mu_alpha = -0.0826469994262  entropy = 2.46760301453e-14
    sigma = 0.002  Optimized mu_beta  = -0.0823827814393  entropy = 2.46760301453e-14
    Total E(T) = -12266.4741623899  Free energy = -12266.4741623899  E0 = -12266.4741623899
cycle= 129 E= -12266.4741623899  delta_E= -3.33e-06  |g|= 0.00466  |ddm|= 5.86
    sigma = 0.002  Optimized mu_alpha = -0.0826505749518  entropy = 1.64506867635e-14
    sigma = 0.002  Optimized mu_beta  = -0.082388041573  entropy = 1.64506867635e-14
    Total E(T) = -12266.4741651773  Free energy = -12266.4741651773  E0 = -12266.4741651773
cycle= 130 E= -12266.4741651773  delta_E= -2.79e-06  |g|= 0.00247  |ddm|=  3.7
    sigma = 0.002  Optimized mu_alpha = -0.0826544271104  entropy = 2.46760301453e-14
    sigma = 0.002  Optimized mu_beta  = -0.0823927369398  entropy = 2.46760301453e-14
    Total E(T) = -12266.4741676358  Free energy = -12266.4741676358  E0 = -12266.4741676358
cycle= 131 E= -12266.4741676358  delta_E= -2.46e-06  |g|= 0.00155  |ddm|= 3.13
    sigma = 0.002  Optimized mu_alpha = -0.0826560564004  entropy = 1.64506867635e-14
    sigma = 0.002  Optimized mu_beta  = -0.0372716006299  entropy = 1.64506867635e-14
    Total E(T) = -12266.4741698431  Free energy = -12266.4741698431  E0 = -12266.4741698431
cycle= 132 E= -12266.4741698431  delta_E= -2.21e-06  |g|= 0.00266  |ddm|= 6.17
    sigma = 0.002  Optimized mu_alpha = -0.0826380190376  entropy = 2.46760301453e-14
    sigma = 0.002  Optimized mu_beta  = -0.0823793552557  entropy = 2.46760301453e-14
    Total E(T) = -12266.4741711679  Free energy = -12266.4741711679  E0 = -12266.4741711679
cycle= 133 E= -12266.4741711679  delta_E= -1.32e-06  |g|= 0.00507  |ddm|= 6.06
    sigma = 0.002  Optimized mu_alpha = -0.0826342222151  entropy = 2.46760301453e-14
    sigma = 0.002  Optimized mu_beta  = -0.0823724833224  entropy = 2.46760301453e-14
    Total E(T) = -12266.4741728467  Free energy = -12266.4741728467  E0 = -12266.4741728467
cycle= 134 E= -12266.4741728467  delta_E= -1.68e-06  |g|= 0.00622  |ddm|= 4.23
    sigma = 0.002  Optimized mu_alpha = -0.0826429511957  entropy = 2.46760301453e-14
    sigma = 0.002  Optimized mu_beta  = -0.0823833295538  entropy = 2.46760301453e-14
    Total E(T) = -12266.4741748649  Free energy = -12266.4741748649  E0 = -12266.4741748649
cycle= 135 E= -12266.4741748649  delta_E= -2.02e-06  |g|= 0.00618  |ddm|= 3.41
    sigma = 0.002  Optimized mu_alpha = -0.0826543113079  entropy = 2.46760301453e-14
    sigma = 0.002  Optimized mu_beta  = -0.0823876872976  entropy = 2.46760301453e-14
    Total E(T) = -12266.4741775661  Free energy = -12266.4741775661  E0 = -12266.4741775661
cycle= 136 E= -12266.4741775661  delta_E= -2.7e-06  |g|= 0.00432  |ddm|= 5.77
    sigma = 0.002  Optimized mu_alpha = -0.0826538727491  entropy = 2.46760301453e-14
    sigma = 0.002  Optimized mu_beta  = -0.082388987325  entropy = 2.46760301453e-14
    Total E(T) = -12266.4741795785  Free energy = -12266.4741795785  E0 = -12266.4741795785
cycle= 137 E= -12266.4741795785  delta_E= -2.01e-06  |g|= 0.00349  |ddm|= 2.85
    sigma = 0.002  Optimized mu_alpha = -0.0826496452612  entropy = 2.46760301453e-14
    sigma = 0.002  Optimized mu_beta  = -0.0823862214152  entropy = 2.46760301453e-14
    Total E(T) = -12266.4741813017  Free energy = -12266.4741813017  E0 = -12266.4741813017
cycle= 138 E= -12266.4741813017  delta_E= -1.72e-06  |g|= 0.00284  |ddm|= 3.14
    sigma = 0.002  Optimized mu_alpha = -0.0826485460496  entropy = 2.46760301453e-14
    sigma = 0.002  Optimized mu_beta  = -0.0823840368811  entropy = 2.46760301453e-14
    Total E(T) = -12266.4741828829  Free energy = -12266.4741828829  E0 = -12266.4741828829
cycle= 139 E= -12266.4741828829  delta_E= -1.58e-06  |g|= 0.00252  |ddm|= 2.59
    sigma = 0.002  Optimized mu_alpha = -0.0826459772319  entropy = 1.64506867635e-14
    sigma = 0.002  Optimized mu_beta  = -0.0372587402802  entropy = 1.64506867635e-14
    Total E(T) = -12266.4741843231  Free energy = -12266.4741843231  E0 = -12266.4741843231
cycle= 140 E= -12266.4741843231  delta_E= -1.44e-06  |g|= 0.00251  |ddm|=  2.8
    sigma = 0.002  Optimized mu_alpha = -0.0826355869232  entropy = 2.46760301453e-14
    sigma = 0.002  Optimized mu_beta  = -0.0823749841208  entropy = 2.46760301453e-14
    Total E(T) = -12266.4741856248  Free energy = -12266.4741856248  E0 = -12266.4741856248
cycle= 141 E= -12266.4741856248  delta_E= -1.3e-06  |g|= 0.00322  |ddm|=    6
    sigma = 0.002  Optimized mu_alpha = -0.0826397685668  entropy = 2.46760301453e-14
    sigma = 0.002  Optimized mu_beta  = -0.082381097261  entropy = 2.46760301453e-14
    Total E(T) = -12266.4741865023  Free energy = -12266.4741865023  E0 = -12266.4741865023
cycle= 142 E= -12266.4741865023  delta_E= -8.78e-07  |g|= 0.00459  |ddm|= 5.47
    sigma = 0.002  Optimized mu_alpha = -0.0826513907484  entropy = 2.46760301453e-14
    sigma = 0.002  Optimized mu_beta  = -0.082392454656  entropy = 2.46760301453e-14
    Total E(T) = -12266.4741880728  Free energy = -12266.4741880728  E0 = -12266.4741880728
cycle= 143 E= -12266.4741880728  delta_E= -1.57e-06  |g|= 0.00508  |ddm|= 5.53
    sigma = 0.002  Optimized mu_alpha = -0.0826537547027  entropy = 2.46760301453e-14
    sigma = 0.002  Optimized mu_beta  = -0.0823890155447  entropy = 2.46760301453e-14
    Total E(T) = -12266.4741895853  Free energy = -12266.4741895853  E0 = -12266.4741895853
cycle= 144 E= -12266.4741895853  delta_E= -1.51e-06  |g|= 0.00283  |ddm|=  3.2
    sigma = 0.002  Optimized mu_alpha = -0.0826503247387  entropy = 2.46760301453e-14
    sigma = 0.002  Optimized mu_beta  = -0.0823846091969  entropy = 2.46760301453e-14
    Total E(T) = -12266.4741908136  Free energy = -12266.4741908136  E0 = -12266.4741908136
cycle= 145 E= -12266.4741908136  delta_E= -1.23e-06  |g|= 0.0017  |ddm|=  2.1
    sigma = 0.002  Optimized mu_alpha = -0.0826389113998  entropy = 2.46760301453e-14
    sigma = 0.002  Optimized mu_beta  = -0.0823741181065  entropy = 2.46760301453e-14
    Total E(T) = -12266.4741919337  Free energy = -12266.4741919337  E0 = -12266.4741919337
cycle= 146 E= -12266.4741919337  delta_E= -1.12e-06  |g|= 0.00141  |ddm|=  2.4
    sigma = 0.002  Optimized mu_alpha = -0.0826414927239  entropy = 2.46760301453e-14
    sigma = 0.002  Optimized mu_beta  = -0.0823768605123  entropy = 2.46760301453e-14
    Total E(T) = -12266.4741929476  Free energy = -12266.4741929476  E0 = -12266.4741929476
cycle= 147 E= -12266.4741929476  delta_E= -1.01e-06  |g|= 0.00162  |ddm|= 3.14
    sigma = 0.002  Optimized mu_alpha = -0.0826393653194  entropy = 2.46760301453e-14
    sigma = 0.002  Optimized mu_beta  = -0.0823736844263  entropy = 2.46760301453e-14
    Total E(T) = -12266.4741932195  Free energy = -12266.4741932195  E0 = -12266.4741932195
cycle= 148 E= -12266.4741932195  delta_E= -2.72e-07  |g|= 0.00451  |ddm|= 6.07
    sigma = 0.002  Optimized mu_alpha = -0.0826340144354  entropy = 2.46760301453e-14
    sigma = 0.002  Optimized mu_beta  = -0.0823696990954  entropy = 2.46760301453e-14
    Total E(T) = -12266.4741934195  Free energy = -12266.4741934195  E0 = -12266.4741934195
cycle= 149 E= -12266.4741934195  delta_E= -2e-07  |g|= 0.0059  |ddm|= 3.14
    sigma = 0.002  Optimized mu_alpha = -0.0826451482785  entropy = 2.46760301453e-14
    sigma = 0.002  Optimized mu_beta  = -0.0823804766473  entropy = 2.46760301453e-14
    Total E(T) = -12266.4741951277  Free energy = -12266.4741951277  E0 = -12266.4741951277
cycle= 150 E= -12266.4741951277  delta_E= -1.71e-06  |g|= 0.00457  |ddm|= 5.23
    sigma = 0.002  Optimized mu_alpha = -0.0826448803221  entropy = 2.46760301453e-14
    sigma = 0.002  Optimized mu_beta  = -0.0823810904636  entropy = 2.46760301453e-14
    Total E(T) = -12266.4741964415  Free energy = -12266.4741964415  E0 = -12266.4741964415
cycle= 151 E= -12266.4741964415  delta_E= -1.31e-06  |g|= 0.00273  |ddm|= 2.95
    sigma = 0.002  Optimized mu_alpha = -0.0826443648621  entropy = 2.46760301453e-14
    sigma = 0.002  Optimized mu_beta  = -0.0823806505844  entropy = 2.46760301453e-14
    Total E(T) = -12266.4741974109  Free energy = -12266.4741974109  E0 = -12266.4741974109
cycle= 152 E= -12266.4741974109  delta_E= -9.69e-07  |g|= 0.00192  |ddm|= 1.92
    sigma = 0.002  Optimized mu_alpha = -0.0826466744271  entropy = 2.46760301453e-14
    sigma = 0.002  Optimized mu_beta  = -0.0823828296018  entropy = 2.46760301453e-14
    Total E(T) = -12266.4741982438  Free energy = -12266.4741982438  E0 = -12266.4741982438
cycle= 153 E= -12266.4741982438  delta_E= -8.33e-07  |g|= 0.00101  |ddm|= 2.37
    sigma = 0.002  Optimized mu_alpha = -0.0826471179793  entropy = 2.46760301453e-14
    sigma = 0.002  Optimized mu_beta  = -0.0823829083723  entropy = 2.46760301453e-14
    Total E(T) = -12266.4741989789  Free energy = -12266.4741989789  E0 = -12266.4741989789
cycle= 154 E= -12266.4741989789  delta_E= -7.35e-07  |g|= 0.00115  |ddm|= 2.44
    sigma = 0.002  Optimized mu_alpha = -0.0826452560629  entropy = 2.46760301453e-14
    sigma = 0.002  Optimized mu_beta  = -0.0823806447147  entropy = 2.46760301453e-14
    Total E(T) = -12266.4741996915  Free energy = -12266.4741996915  E0 = -12266.4741996915
cycle= 155 E= -12266.4741996915  delta_E= -7.13e-07  |g|= 0.00127  |ddm|= 2.24
    sigma = 0.002  Optimized mu_alpha = -0.0826376041651  entropy = 2.46760301453e-14
    sigma = 0.002  Optimized mu_beta  = -0.082374466779  entropy = 2.46760301453e-14
    Total E(T) = -12266.4742003091  Free energy = -12266.4742003091  E0 = -12266.4742003091
cycle= 156 E= -12266.4742003091  delta_E= -6.18e-07  |g|= 0.00223  |ddm|= 3.57
    sigma = 0.002  Optimized mu_alpha = -0.0826403379648  entropy = 2.46760301453e-14
    sigma = 0.002  Optimized mu_beta  = -0.0823779469801  entropy = 2.46760301453e-14
    Total E(T) = -12266.4742008011  Free energy = -12266.4742008011  E0 = -12266.4742008011
cycle= 157 E= -12266.4742008011  delta_E= -4.92e-07  |g|= 0.003  |ddm|= 3.33
    sigma = 0.002  Optimized mu_alpha = -0.0826384006226  entropy = 2.46760301453e-14
    sigma = 0.002  Optimized mu_beta  = -0.0823723967235  entropy = 2.46760301453e-14
    Total E(T) = -12266.4742015972  Free energy = -12266.4742015972  E0 = -12266.4742015972
cycle= 158 E= -12266.4742015972  delta_E= -7.96e-07  |g|= 0.00209  |ddm|= 2.78
    sigma = 0.002  Optimized mu_alpha = -0.0826434119434  entropy = 2.46760301453e-14
    sigma = 0.002  Optimized mu_beta  = -0.0823786085838  entropy = 2.46760301453e-14
    Total E(T) = -12266.4742022589  Free energy = -12266.4742022589  E0 = -12266.4742022589
cycle= 159 E= -12266.4742022589  delta_E= -6.62e-07  |g|= 0.00136  |ddm|= 1.97
    sigma = 0.002  Optimized mu_alpha = -0.082648853659  entropy = 2.46760301453e-14
    sigma = 0.002  Optimized mu_beta  = -0.0823824220808  entropy = 2.46760301453e-14
    Total E(T) = -12266.4742028293  Free energy = -12266.4742028293  E0 = -12266.4742028293
cycle= 160 E= -12266.4742028293  delta_E= -5.7e-07  |g|= 0.00123  |ddm|= 1.98
    sigma = 0.002  Optimized mu_alpha = -0.0826420640711  entropy = 2.46760301453e-14
    sigma = 0.002  Optimized mu_beta  = -0.0823785675449  entropy = 2.46760301453e-14
    Total E(T) = -12266.4742033828  Free energy = -12266.4742033828  E0 = -12266.4742033828
cycle= 161 E= -12266.4742033828  delta_E= -5.54e-07  |g|= 0.000837  |ddm|= 1.54
    sigma = 0.002  Optimized mu_alpha = -0.153972006073  entropy = 5.85627544896
    sigma = 0.002  Optimized mu_beta  = -0.154254965041  entropy = 5.85627544896
    Total E(T) = -12266.4666771738  Free energy = -12266.4783897247  E0 = -12266.4725334493
Extra cycle  E= -12266.4666771738  delta_E= 0.00753  |g|= 0.168  |ddm|=  518
converged SCF energy = -12266.4666771738  <S^2> = 0.031012232  2S+1 = 1.0602117
[sigma=0.002] E_tot = -12266.4666771738 Eh | converged = True | last_cycle = 160 | time = 4118.4 s
  -> wrote al2.4_sigma0.002.chk
  -> wrote al2.4_sigma0.002_last_dm.pkl

========== sigma = 0.005 ==========
Applying remove_linear_dep_ on SCF object.
Using canonical orthogonalization with threshold 1e-08


******** <class 'pyscf.scf.addons.SmearingDFUKS'> ********
method = SmearingDFUKS
initial guess = minao
damping factor = 0.15
level_shift factor = 0.2
DIIS = <class 'pyscf.scf.diis.CDIIS'>
diis_start_cycle = 1
diis_space = 12
diis_damp = 0
SCF conv_tol = 1e-06
SCF conv_tol_grad = None
SCF max_cycles = 200
direct_scf = True
direct_scf_tol = 1e-13
chkfile to save SCF result = /tmp/tmpwvwt2g4o
max_memory 254232 MB (current use 642 MB)
number electrons alpha = 334  beta = 332
XC library pyscf.dft.libxc version 6.1.0
    S. Lehtola, C. Steigemann, M. J.T. Oliveira, and M. A.L. Marques.,  SoftwareX 7, 1–5 (2018)
XC functionals = pbe
    J. P. Perdew, K. Burke, and M. Ernzerhof.,  Phys. Rev. Lett. 77, 3865 (1996)
    J. P. Perdew, K. Burke, and M. Ernzerhof.,  Phys. Rev. Lett. 78, 1396 (1997)
    J. P. Perdew, K. Burke, and M. Ernzerhof.,  Phys. Rev. Lett. 77, 3865 (1996)
    J. P. Perdew, K. Burke, and M. Ernzerhof.,  Phys. Rev. Lett. 78, 1396 (1997)
radial grids: 
    Treutler-Ahlrichs [JCP 102, 346 (1995); DOI:10.1063/1.469408] (M4) radial grids
    
becke partition: Becke, JCP 88, 2547 (1988); DOI:10.1063/1.454033
pruning grids: <function treutler_prune at 0x15062b48c700>
grids dens level: 3
symmetrized grids: False
atomic radii adjust function: <function treutler_atomic_radii_adjust at 0x15062baced30>
small_rho_cutoff = 1e-06
Set gradient conv threshold to 0.001
tot grids = 946056
init E= -12272.7103485579
    sigma = 0.005  Optimized mu_alpha = -0.0183216233089  entropy = 9.82540485947
    sigma = 0.005  Optimized mu_beta  = -0.0248584731618  entropy = 9.82540485947
    Total E(T) = -12265.3077273481  Free energy = -12265.3568543724  E0 = -12265.3322908602
cycle= 1 E= -12265.3077273481  delta_E=  7.4  |g|= 4.65  |ddm|= 1.67e+04
    sigma = 0.005  Optimized mu_alpha = 0.0455384627054  entropy = 5.43331747151
    sigma = 0.005  Optimized mu_beta  = 0.0438320509853  entropy = 5.43331747151
    Total E(T) = -12219.970916074  Free energy = -12219.9980826614  E0 = -12219.9844993677
cycle= 2 E= -12219.970916074  delta_E= 45.3  |g|=   32  |ddm|= 6.48e+03
    sigma = 0.005  Optimized mu_alpha = -0.106596149456  entropy = 2.96558396938
    sigma = 0.005  Optimized mu_beta  = -0.0968914170052  entropy = 2.96558396938
    Total E(T) = -12260.4195959576  Free energy = -12260.4344238775  E0 = -12260.4270099176
cycle= 3 E= -12260.4195959576  delta_E= -40.4  |g|= 11.8  |ddm|= 2.49e+03
    sigma = 0.005  Optimized mu_alpha = -0.0561909436825  entropy = 0.00163966897925
    sigma = 0.005  Optimized mu_beta  = -0.052438947879  entropy = 0.00163966897925
    Total E(T) = -12262.8188924916  Free energy = -12262.81890069  E0 = -12262.8188965908
cycle= 4 E= -12262.8188924916  delta_E= -2.4  |g|= 8.78  |ddm|= 4.28e+03
    sigma = 0.005  Optimized mu_alpha = -0.0529179367537  entropy = 3.54627798475e-06
    sigma = 0.005  Optimized mu_beta  = -0.0577527576384  entropy = 3.54627798475e-06
    Total E(T) = -12264.0285798522  Free energy = -12264.0285798699  E0 = -12264.028579861
cycle= 5 E= -12264.0285798522  delta_E= -1.21  |g|=  6.3  |ddm|=  784
    sigma = 0.005  Optimized mu_alpha = -0.141309023512  entropy = 6.3676152147
    sigma = 0.005  Optimized mu_beta  = -0.140471873345  entropy = 6.3676152147
    Total E(T) = -12265.9771348322  Free energy = -12266.0089729083  E0 = -12265.9930538702
cycle= 6 E= -12265.9771348322  delta_E= -1.95  |g|= 3.15  |ddm|= 2.01e+03
    sigma = 0.005  Optimized mu_alpha = -0.0700745659424  entropy = 1.20460660961
    sigma = 0.005  Optimized mu_beta  = -0.0575465791119  entropy = 1.20460660961
    Total E(T) = -12265.9232400322  Free energy = -12265.9292630652  E0 = -12265.9262515487
cycle= 7 E= -12265.9232400322  delta_E= 0.0539  |g|= 3.58  |ddm|= 1.23e+03
    sigma = 0.005  Optimized mu_alpha = -0.0594963429732  entropy = 3.18819216703e-05
    sigma = 0.005  Optimized mu_beta  = -0.0650694400287  entropy = 3.18819216703e-05
    Total E(T) = -12265.7993501353  Free energy = -12265.7993502947  E0 = -12265.799350215
cycle= 8 E= -12265.7993501353  delta_E= 0.124  |g|= 3.97  |ddm|=  453
    sigma = 0.005  Optimized mu_alpha = -0.0624697974029  entropy = 7.14951259895e-07
    sigma = 0.005  Optimized mu_beta  = -0.0653657524361  entropy = 7.14951259895e-07
    Total E(T) = -12265.6870504875  Free energy = -12265.687050491  E0 = -12265.6870504893
cycle= 9 E= -12265.6870504875  delta_E= 0.112  |g|= 4.42  |ddm|=  280
    sigma = 0.005  Optimized mu_alpha = -0.0599770543565  entropy = 5.54474077881e-07
    sigma = 0.005  Optimized mu_beta  = -0.0631025159774  entropy = 5.54474077881e-07
    Total E(T) = -12265.6366276765  Free energy = -12265.6366276793  E0 = -12265.6366276779
cycle= 10 E= -12265.6366276765  delta_E= 0.0504  |g|= 4.46  |ddm|=  194
    sigma = 0.005  Optimized mu_alpha = -0.059964710683  entropy = 5.63249984805e-07
    sigma = 0.005  Optimized mu_beta  = -0.063350234869  entropy = 5.63249984805e-07
    Total E(T) = -12265.5905095552  Free energy = -12265.5905095581  E0 = -12265.5905095566
cycle= 11 E= -12265.5905095552  delta_E= 0.0461  |g|= 4.44  |ddm|=  465
    sigma = 0.005  Optimized mu_alpha = -0.0581178287395  entropy = 5.48760080541e-07
    sigma = 0.005  Optimized mu_beta  = -0.061685042021  entropy = 5.48760080541e-07
    Total E(T) = -12265.5819352415  Free energy = -12265.5819352442  E0 = -12265.5819352429
cycle= 12 E= -12265.5819352415  delta_E= 0.00857  |g|=  4.4  |ddm|=  583
    sigma = 0.005  Optimized mu_alpha = -0.0567128049865  entropy = 4.55465665892e-07
    sigma = 0.005  Optimized mu_beta  = -0.0601067768806  entropy = 4.55465665892e-07
    Total E(T) = -12265.5965687456  Free energy = -12265.5965687478  E0 = -12265.5965687467
cycle= 13 E= -12265.5965687456  delta_E= -0.0146  |g|= 4.39  |ddm|=  444
    sigma = 0.005  Optimized mu_alpha = -0.0593284756631  entropy = 4.59846907038e-07
    sigma = 0.005  Optimized mu_beta  = -0.0626571696756  entropy = 4.59846907038e-07
    Total E(T) = -12265.5641538651  Free energy = -12265.5641538674  E0 = -12265.5641538663
cycle= 14 E= -12265.5641538651  delta_E= 0.0324  |g|= 4.35  |ddm|=  265
    sigma = 0.005  Optimized mu_alpha = -0.0596267819741  entropy = 5.21771246742e-07
    sigma = 0.005  Optimized mu_beta  = -0.0626884458706  entropy = 5.21771246742e-07
    Total E(T) = -12265.5901826558  Free energy = -12265.5901826584  E0 = -12265.5901826571
cycle= 15 E= -12265.5901826558  delta_E= -0.026  |g|= 4.55  |ddm|=  423
    sigma = 0.005  Optimized mu_alpha = -0.0597574892595  entropy = 4.10376503383e-07
    sigma = 0.005  Optimized mu_beta  = -0.0626711827906  entropy = 4.10376503383e-07
    Total E(T) = -12265.6287704819  Free energy = -12265.6287704839  E0 = -12265.6287704829
cycle= 16 E= -12265.6287704819  delta_E= -0.0386  |g|= 4.39  |ddm|=  773
    sigma = 0.005  Optimized mu_alpha = -0.0468006054325  entropy = 5.99330858203e-06
    sigma = 0.005  Optimized mu_beta  = -0.0488862185167  entropy = 5.99330858203e-06
    Total E(T) = -12265.8790292404  Free energy = -12265.8790292704  E0 = -12265.8790292554
cycle= 17 E= -12265.8790292404  delta_E= -0.25  |g|=  3.6  |ddm|= 1.52e+03
    sigma = 0.005  Optimized mu_alpha = 0.0281137391506  entropy = 3.57795875591
    sigma = 0.005  Optimized mu_beta  = 0.0264767566927  entropy = 3.57795875591
    Total E(T) = -12265.7966426592  Free energy = -12265.814532453  E0 = -12265.8055875561
cycle= 18 E= -12265.7966426592  delta_E= 0.0824  |g|= 3.72  |ddm|= 3.27e+03
    sigma = 0.005  Optimized mu_alpha = -0.0257365640772  entropy = 0.00752567862178
    sigma = 0.005  Optimized mu_beta  = -0.0218277022603  entropy = 0.00752567862178
    Total E(T) = -12265.8413239513  Free energy = -12265.8413615797  E0 = -12265.8413427655
cycle= 19 E= -12265.8413239513  delta_E= -0.0447  |g|= 3.73  |ddm|= 1.62e+03
    sigma = 0.005  Optimized mu_alpha = -0.0439437381134  entropy = 1.49272809771e-06
    sigma = 0.005  Optimized mu_beta  = -0.0478765329767  entropy = 1.49272809771e-06
    Total E(T) = -12265.719113282  Free energy = -12265.7191132894  E0 = -12265.7191132857
cycle= 20 E= -12265.719113282  delta_E= 0.122  |g|= 4.15  |ddm|=  602
    sigma = 0.005  Optimized mu_alpha = -0.0426898537441  entropy = 9.9968484344e-07
    sigma = 0.005  Optimized mu_beta  = -0.0457610341533  entropy = 9.9968484344e-07
    Total E(T) = -12265.5600671761  Free energy = -12265.5600671811  E0 = -12265.5600671786
cycle= 21 E= -12265.5600671761  delta_E= 0.159  |g|= 4.94  |ddm|=  732
    sigma = 0.005  Optimized mu_alpha = -0.0440884958316  entropy = 2.1294811563e-06
    sigma = 0.005  Optimized mu_beta  = -0.0453720388631  entropy = 2.1294811563e-06
    Total E(T) = -12265.3724259013  Free energy = -12265.372425912  E0 = -12265.3724259067
cycle= 22 E= -12265.3724259013  delta_E= 0.188  |g|= 5.86  |ddm|=  954
    sigma = 0.005  Optimized mu_alpha = -0.0413787546528  entropy = 1.54852449778e-06
    sigma = 0.005  Optimized mu_beta  = -0.0449251337376  entropy = 1.54852449778e-06
    Total E(T) = -12264.9906341214  Free energy = -12264.9906341291  E0 = -12264.9906341252
cycle= 23 E= -12264.9906341214  delta_E= 0.382  |g|=  6.4  |ddm|=  927
    sigma = 0.005  Optimized mu_alpha = -0.0436565851162  entropy = 1.04642378727e-06
    sigma = 0.005  Optimized mu_beta  = -0.0464394059884  entropy = 1.04642378727e-06
    Total E(T) = -12264.6533604461  Free energy = -12264.6533604513  E0 = -12264.6533604487
cycle= 24 E= -12264.6533604461  delta_E= 0.337  |g|= 6.94  |ddm|=  504
    sigma = 0.005  Optimized mu_alpha = -0.0444558464325  entropy = 5.78959265935e-07
    sigma = 0.005  Optimized mu_beta  = -0.0466532587606  entropy = 5.78959265935e-07
    Total E(T) = -12264.7085629935  Free energy = -12264.7085629964  E0 = -12264.708562995
cycle= 25 E= -12264.7085629935  delta_E= -0.0552  |g|= 6.62  |ddm|=  414
    sigma = 0.005  Optimized mu_alpha = -0.0447662055407  entropy = 6.59109353394e-07
    sigma = 0.005  Optimized mu_beta  = -0.0462636696056  entropy = 6.59109353394e-07
    Total E(T) = -12264.9209644545  Free energy = -12264.9209644578  E0 = -12264.9209644561
cycle= 26 E= -12264.9209644545  delta_E= -0.212  |g|= 5.92  |ddm|= 1.06e+03
    sigma = 0.005  Optimized mu_alpha = -0.0500641290083  entropy = 9.87758734988e-07
    sigma = 0.005  Optimized mu_beta  = -0.0509220447167  entropy = 9.87758734988e-07
    Total E(T) = -12265.137544444  Free energy = -12265.1375444489  E0 = -12265.1375444464
cycle= 27 E= -12265.137544444  delta_E= -0.217  |g|= 5.47  |ddm|=  238
    sigma = 0.005  Optimized mu_alpha = -0.0506837256755  entropy = 1.13385706262e-06
    sigma = 0.005  Optimized mu_beta  = -0.0515311841038  entropy = 1.13385706262e-06
    Total E(T) = -12265.318241055  Free energy = -12265.3182410606  E0 = -12265.3182410578
cycle= 28 E= -12265.318241055  delta_E= -0.181  |g|= 5.23  |ddm|=  534
    sigma = 0.005  Optimized mu_alpha = -0.052633920689  entropy = 1.54702507372e-06
    sigma = 0.005  Optimized mu_beta  = -0.0538628722566  entropy = 1.54702507372e-06
    Total E(T) = -12265.5274715742  Free energy = -12265.527471582  E0 = -12265.5274715781
cycle= 29 E= -12265.5274715742  delta_E= -0.209  |g|= 4.79  |ddm|=  676
    sigma = 0.005  Optimized mu_alpha = -0.105877375387  entropy = 0.0342868527786
    sigma = 0.005  Optimized mu_beta  = -0.106576303424  entropy = 0.0342868527786
    Total E(T) = -12266.1159413453  Free energy = -12266.1161127796  E0 = -12266.1160270624
cycle= 30 E= -12266.1159413453  delta_E= -0.588  |g|= 2.88  |ddm|= 1.51e+03
    sigma = 0.005  Optimized mu_alpha = -0.0628413784452  entropy = 2.95756696715e-06
    sigma = 0.005  Optimized mu_beta  = -0.0647942474891  entropy = 2.95756696715e-06
    Total E(T) = -12266.0680666502  Free energy = -12266.068066665  E0 = -12266.0680666576
cycle= 31 E= -12266.0680666502  delta_E= 0.0479  |g|= 3.09  |ddm|= 1e+03
    sigma = 0.005  Optimized mu_alpha = -0.0583123617429  entropy = 6.8750441879e-07
    sigma = 0.005  Optimized mu_beta  = -0.0604663458716  entropy = 6.8750441879e-07
    Total E(T) = -12266.0929586129  Free energy = -12266.0929586163  E0 = -12266.0929586146
cycle= 32 E= -12266.0929586129  delta_E= -0.0249  |g|= 2.83  |ddm|=  347
    sigma = 0.005  Optimized mu_alpha = -0.0569322049348  entropy = 5.71975335582e-07
    sigma = 0.005  Optimized mu_beta  = -0.0592711920441  entropy = 5.71975335582e-07
    Total E(T) = -12266.1257728594  Free energy = -12266.1257728623  E0 = -12266.1257728608
cycle= 33 E= -12266.1257728594  delta_E= -0.0328  |g|= 3.15  |ddm|= 1.24e+03
    sigma = 0.005  Optimized mu_alpha = -0.0383829124063  entropy = 1.74823645586e-05
    sigma = 0.005  Optimized mu_beta  = -0.0400922364245  entropy = 1.74823645586e-05
    Total E(T) = -12266.3446268732  Free energy = -12266.3446269606  E0 = -12266.3446269169
cycle= 34 E= -12266.3446268732  delta_E= -0.219  |g|=  2.2  |ddm|= 1.44e+03
    sigma = 0.005  Optimized mu_alpha = -0.0447164308539  entropy = 3.65770798532e-06
    sigma = 0.005  Optimized mu_beta  = -0.0467054175684  entropy = 3.65770798532e-06
    Total E(T) = -12266.4262242002  Free energy = -12266.4262242185  E0 = -12266.4262242093
cycle= 35 E= -12266.4262242002  delta_E= -0.0816  |g|= 1.16  |ddm|=  781
    sigma = 0.005  Optimized mu_alpha = -0.0525776928102  entropy = 7.21010975309e-07
    sigma = 0.005  Optimized mu_beta  = -0.0543286120347  entropy = 7.21010975309e-07
    Total E(T) = -12266.4434162727  Free energy = -12266.4434162763  E0 = -12266.4434162745
cycle= 36 E= -12266.4434162727  delta_E= -0.0172  |g|= 0.713  |ddm|=  492
    sigma = 0.005  Optimized mu_alpha = -0.0538846086459  entropy = 4.56449006082e-07
    sigma = 0.005  Optimized mu_beta  = -0.0553349499261  entropy = 4.56449006082e-07
    Total E(T) = -12266.4546856812  Free energy = -12266.4546856835  E0 = -12266.4546856823
cycle= 37 E= -12266.4546856812  delta_E= -0.0113  |g|= 0.414  |ddm|=  400
    sigma = 0.005  Optimized mu_alpha = -0.0538104390618  entropy = 4.40728894234e-07
    sigma = 0.005  Optimized mu_beta  = -0.0552102677554  entropy = 4.40728894234e-07
    Total E(T) = -12266.4603160206  Free energy = -12266.4603160228  E0 = -12266.4603160217
cycle= 38 E= -12266.4603160206  delta_E= -0.00563  |g|= 0.25  |ddm|=  185
    sigma = 0.005  Optimized mu_alpha = -0.0542509473051  entropy = 4.3857972269e-07
    sigma = 0.005  Optimized mu_beta  = -0.0556037560634  entropy = 4.3857972269e-07
    Total E(T) = -12266.4613908532  Free energy = -12266.4613908554  E0 = -12266.4613908543
cycle= 39 E= -12266.4613908532  delta_E= -0.00107  |g|= 0.212  |ddm|=  173
    sigma = 0.005  Optimized mu_alpha = -0.0545318125003  entropy = 4.45089012629e-07
    sigma = 0.005  Optimized mu_beta  = -0.0558875725401  entropy = 4.45089012629e-07
    Total E(T) = -12266.4580465135  Free energy = -12266.4580465157  E0 = -12266.4580465146
cycle= 40 E= -12266.4580465135  delta_E= 0.00334  |g|= 0.366  |ddm|=  120
    sigma = 0.005  Optimized mu_alpha = -0.0543696130793  entropy = 4.36520549284e-07
    sigma = 0.005  Optimized mu_beta  = -0.0557601226285  entropy = 4.36520549284e-07
    Total E(T) = -12266.4531735116  Free energy = -12266.4531735138  E0 = -12266.4531735127
cycle= 41 E= -12266.4531735116  delta_E= 0.00487  |g|=  0.5  |ddm|=   67
    sigma = 0.005  Optimized mu_alpha = -0.0531655553697  entropy = 4.37512123083e-07
    sigma = 0.005  Optimized mu_beta  = -0.0544899395647  entropy = 4.37512123083e-07
    Total E(T) = -12266.4453821336  Free energy = -12266.4453821358  E0 = -12266.4453821347
cycle= 42 E= -12266.4453821336  delta_E= 0.00779  |g|= 0.722  |ddm|=  127
    sigma = 0.005  Optimized mu_alpha = -0.053606809829  entropy = 4.25830124624e-07
    sigma = 0.005  Optimized mu_beta  = -0.0547995016089  entropy = 4.25830124624e-07
    Total E(T) = -12266.4480896273  Free energy = -12266.4480896295  E0 = -12266.4480896284
cycle= 43 E= -12266.4480896273  delta_E= -0.00271  |g|= 0.606  |ddm|=  183
    sigma = 0.005  Optimized mu_alpha = -0.0536100591819  entropy = 4.28621986691e-07
    sigma = 0.005  Optimized mu_beta  = -0.0547510839256  entropy = 4.28621986691e-07
    Total E(T) = -12266.4515858666  Free energy = -12266.4515858688  E0 = -12266.4515858677
cycle= 44 E= -12266.4515858666  delta_E= -0.0035  |g|= 0.515  |ddm|=  109
    sigma = 0.005  Optimized mu_alpha = -0.0536210518794  entropy = 4.38104702922e-07
    sigma = 0.005  Optimized mu_beta  = -0.0545524233669  entropy = 4.38104702922e-07
    Total E(T) = -12266.4567200507  Free energy = -12266.4567200529  E0 = -12266.4567200518
cycle= 45 E= -12266.4567200507  delta_E= -0.00513  |g|= 0.389  |ddm|= 54.8
    sigma = 0.005  Optimized mu_alpha = -0.0537252397087  entropy = 4.35699599054e-07
    sigma = 0.005  Optimized mu_beta  = -0.0545478741867  entropy = 4.35699599054e-07
    Total E(T) = -12266.4598391056  Free energy = -12266.4598391077  E0 = -12266.4598391067
cycle= 46 E= -12266.4598391056  delta_E= -0.00312  |g|= 0.309  |ddm|=   33
    sigma = 0.005  Optimized mu_alpha = -0.0538909748324  entropy = 4.28668212362e-07
    sigma = 0.005  Optimized mu_beta  = -0.0546719711565  entropy = 4.28668212362e-07
    Total E(T) = -12266.4613241531  Free energy = -12266.4613241553  E0 = -12266.4613241542
cycle= 47 E= -12266.4613241531  delta_E= -0.00149  |g|= 0.262  |ddm|= 32.7
    sigma = 0.005  Optimized mu_alpha = -0.0540872455686  entropy = 4.2636749514e-07
    sigma = 0.005  Optimized mu_beta  = -0.0546623837663  entropy = 4.2636749514e-07
    Total E(T) = -12266.4622841438  Free energy = -12266.462284146  E0 = -12266.4622841449
cycle= 48 E= -12266.4622841438  delta_E= -0.00096  |g|= 0.237  |ddm|=   39
    sigma = 0.005  Optimized mu_alpha = -0.054144522599  entropy = 4.28543559493e-07
    sigma = 0.005  Optimized mu_beta  = -0.0545302863697  entropy = 4.28543559493e-07
    Total E(T) = -12266.4636061848  Free energy = -12266.4636061869  E0 = -12266.4636061858
cycle= 49 E= -12266.4636061848  delta_E= -0.00132  |g|= 0.172  |ddm|=   54
    sigma = 0.005  Optimized mu_alpha = -0.0539672698044  entropy = 4.25679889087e-07
    sigma = 0.005  Optimized mu_beta  = -0.0543471403552  entropy = 4.25679889087e-07
    Total E(T) = -12266.4645842416  Free energy = -12266.4645842437  E0 = -12266.4645842427
cycle= 50 E= -12266.4645842416  delta_E= -0.000978  |g|= 0.127  |ddm|= 36.1
    sigma = 0.005  Optimized mu_alpha = -0.0541529284843  entropy = 4.22295568476e-07
    sigma = 0.005  Optimized mu_beta  = -0.0544582332902  entropy = 4.22295568476e-07
    Total E(T) = -12266.4652029619  Free energy = -12266.465202964  E0 = -12266.465202963
cycle= 51 E= -12266.4652029619  delta_E= -0.000619  |g|= 0.109  |ddm|= 27.9
    sigma = 0.005  Optimized mu_alpha = -0.0541973436585  entropy = 4.20217913656e-07
    sigma = 0.005  Optimized mu_beta  = -0.0543915592677  entropy = 4.20217913656e-07
    Total E(T) = -12266.4657446627  Free energy = -12266.4657446648  E0 = -12266.4657446637
cycle= 52 E= -12266.4657446627  delta_E= -0.000542  |g|= 0.088  |ddm|= 32.3
    sigma = 0.005  Optimized mu_alpha = -0.0543496752931  entropy = 4.21109459973e-07
    sigma = 0.005  Optimized mu_beta  = -0.0542315939752  entropy = 4.21109459973e-07
    Total E(T) = -12266.4662554585  Free energy = -12266.4662554606  E0 = -12266.4662554596
cycle= 53 E= -12266.4662554585  delta_E= -0.000511  |g|= 0.0793  |ddm|= 68.5
    sigma = 0.005  Optimized mu_alpha = -0.0544242179707  entropy = 4.16183975066e-07
    sigma = 0.005  Optimized mu_beta  = -0.0544282122619  entropy = 4.16183975066e-07
    Total E(T) = -12266.4668207622  Free energy = -12266.4668207642  E0 = -12266.4668207632
cycle= 54 E= -12266.4668207622  delta_E= -0.000565  |g|= 0.0536  |ddm|= 28.6
    sigma = 0.005  Optimized mu_alpha = -0.054400781209  entropy = 4.15864283565e-07
    sigma = 0.005  Optimized mu_beta  = -0.0543034764685  entropy = 4.15864283565e-07
    Total E(T) = -12266.4673433784  Free energy = -12266.4673433804  E0 = -12266.4673433794
cycle= 55 E= -12266.4673433784  delta_E= -0.000523  |g|= 0.032  |ddm|= 30.6
    sigma = 0.005  Optimized mu_alpha = -0.0544610149052  entropy = 4.13368114548e-07
    sigma = 0.005  Optimized mu_beta  = -0.0543180400003  entropy = 4.13368114548e-07
    Total E(T) = -12266.4677828032  Free energy = -12266.4677828052  E0 = -12266.4677828042
cycle= 56 E= -12266.4677828032  delta_E= -0.000439  |g|= 0.025  |ddm|= 42.7
    sigma = 0.005  Optimized mu_alpha = -0.0543461878302  entropy = 4.11462857716e-07
    sigma = 0.005  Optimized mu_beta  = -0.0542115344495  entropy = 4.11462857716e-07
    Total E(T) = -12266.4681638462  Free energy = -12266.4681638483  E0 = -12266.4681638473
cycle= 57 E= -12266.4681638462  delta_E= -0.000381  |g|= 0.0312  |ddm|= 31.4
    sigma = 0.005  Optimized mu_alpha = -0.0544749729121  entropy = 4.08459968338e-07
    sigma = 0.005  Optimized mu_beta  = -0.0542968464632  entropy = 4.08459968338e-07
    Total E(T) = -12266.4685804241  Free energy = -12266.4685804261  E0 = -12266.4685804251
cycle= 58 E= -12266.4685804241  delta_E= -0.000417  |g|= 0.042  |ddm|= 34.4
    sigma = 0.005  Optimized mu_alpha = -0.0544370521736  entropy = 4.06549646191e-07
    sigma = 0.005  Optimized mu_beta  = -0.0542730300807  entropy = 4.06549646191e-07
    Total E(T) = -12266.4689531706  Free energy = -12266.4689531726  E0 = -12266.4689531716
cycle= 59 E= -12266.4689531706  delta_E= -0.000373  |g|= 0.0538  |ddm|= 37.1
    sigma = 0.005  Optimized mu_alpha = -0.0543570349989  entropy = 4.04978636419e-07
    sigma = 0.005  Optimized mu_beta  = -0.0541732790341  entropy = 4.04978636419e-07
    Total E(T) = -12266.469388635  Free energy = -12266.4693886371  E0 = -12266.4693886361
cycle= 60 E= -12266.469388635  delta_E= -0.000435  |g|= 0.0457  |ddm|= 38.6
    sigma = 0.005  Optimized mu_alpha = -0.0544636092462  entropy = 4.02431219433e-07
    sigma = 0.005  Optimized mu_beta  = -0.0543142132702  entropy = 4.02431219433e-07
    Total E(T) = -12266.4697889723  Free energy = -12266.4697889743  E0 = -12266.4697889733
cycle= 61 E= -12266.4697889723  delta_E= -0.0004  |g|= 0.0558  |ddm|=   37
    sigma = 0.005  Optimized mu_alpha = -0.0545038409098  entropy = 4.00940932855e-07
    sigma = 0.005  Optimized mu_beta  = -0.0543805588914  entropy = 4.00940932855e-07
    Total E(T) = -12266.4702630579  Free energy = -12266.4702630599  E0 = -12266.4702630589
cycle= 62 E= -12266.4702630579  delta_E= -0.000474  |g|= 0.0408  |ddm|= 47.4
    sigma = 0.005  Optimized mu_alpha = -0.0542922839277  entropy = 4.00652894605e-07
    sigma = 0.005  Optimized mu_beta  = -0.0541919719078  entropy = 4.00652894605e-07
    Total E(T) = -12266.4707883299  Free energy = -12266.4707883319  E0 = -12266.4707883309
cycle= 63 E= -12266.4707883299  delta_E= -0.000525  |g|= 0.0176  |ddm|= 58.7
    sigma = 0.005  Optimized mu_alpha = -0.0542825856805  entropy = 3.96727168096e-07
    sigma = 0.005  Optimized mu_beta  = -0.0542290373075  entropy = 3.96727168096e-07
    Total E(T) = -12266.4711487325  Free energy = -12266.4711487345  E0 = -12266.4711487335
cycle= 64 E= -12266.4711487325  delta_E= -0.00036  |g|= 0.021  |ddm|= 29.3
    sigma = 0.005  Optimized mu_alpha = -0.0542083794814  entropy = 3.93762460049e-07
    sigma = 0.005  Optimized mu_beta  = -0.0541917760976  entropy = 3.93762460049e-07
    Total E(T) = -12266.4714331282  Free energy = -12266.4714331302  E0 = -12266.4714331292
cycle= 65 E= -12266.4714331282  delta_E= -0.000284  |g|= 0.0293  |ddm|= 38.3
    sigma = 0.005  Optimized mu_alpha = -0.0539164010692  entropy = 3.96473050077e-07
    sigma = 0.005  Optimized mu_beta  = -0.0539339509067  entropy = 3.96473050077e-07
    Total E(T) = -12266.4718777723  Free energy = -12266.4718777743  E0 = -12266.4718777733
cycle= 66 E= -12266.4718777723  delta_E= -0.000445  |g|= 0.0333  |ddm|= 91.6
    sigma = 0.005  Optimized mu_alpha = -0.054064418927  entropy = 3.90658314827e-07
    sigma = 0.005  Optimized mu_beta  = -0.0541394668218  entropy = 3.90658314827e-07
    Total E(T) = -12266.4721858875  Free energy = -12266.4721858894  E0 = -12266.4721858885
cycle= 67 E= -12266.4721858875  delta_E= -0.000308  |g|= 0.0218  |ddm|= 28.6
    sigma = 0.005  Optimized mu_alpha = -0.0540155165869  entropy = 3.90143186618e-07
    sigma = 0.005  Optimized mu_beta  = -0.0542408599217  entropy = 3.90143186618e-07
    Total E(T) = -12266.472450828  Free energy = -12266.4724508299  E0 = -12266.4724508289
cycle= 68 E= -12266.472450828  delta_E= -0.000265  |g|= 0.0366  |ddm|= 50.3
    sigma = 0.005  Optimized mu_alpha = -0.0538581826865  entropy = 3.8943862768e-07
    sigma = 0.005  Optimized mu_beta  = -0.0542059835751  entropy = 3.8943862768e-07
    Total E(T) = -12266.4726280601  Free energy = -12266.4726280621  E0 = -12266.4726280611
cycle= 69 E= -12266.4726280601  delta_E= -0.000177  |g|= 0.0528  |ddm|=   65
    sigma = 0.005  Optimized mu_alpha = -0.0539998928942  entropy = 3.8611091856e-07
    sigma = 0.005  Optimized mu_beta  = -0.0542736445751  entropy = 3.8611091856e-07
    Total E(T) = -12266.472910937  Free energy = -12266.4729109389  E0 = -12266.4729109379
cycle= 70 E= -12266.472910937  delta_E= -0.000283  |g|= 0.0271  |ddm|= 33.9
    sigma = 0.005  Optimized mu_alpha = -0.0539613767009  entropy = 3.84656838067e-07
    sigma = 0.005  Optimized mu_beta  = -0.0543239008096  entropy = 3.84656838067e-07
    Total E(T) = -12266.4730807592  Free energy = -12266.4730807612  E0 = -12266.4730807602
cycle= 71 E= -12266.4730807592  delta_E= -0.00017  |g|= 0.0175  |ddm|= 20.2
    sigma = 0.005  Optimized mu_alpha = -0.0538218109708  entropy = 3.84278925098e-07
    sigma = 0.005  Optimized mu_beta  = -0.0543386599502  entropy = 3.84278925098e-07
    Total E(T) = -12266.4731882621  Free energy = -12266.473188264  E0 = -12266.4731882631
cycle= 72 E= -12266.4731882621  delta_E= -0.000108  |g|= 0.0289  |ddm|= 30.5
    sigma = 0.005  Optimized mu_alpha = -0.053746289662  entropy = 3.85142019267e-07
    sigma = 0.005  Optimized mu_beta  = -0.0543175058898  entropy = 3.85142019267e-07
    Total E(T) = -12266.4732653604  Free energy = -12266.4732653623  E0 = -12266.4732653614
cycle= 73 E= -12266.4732653604  delta_E= -7.71e-05  |g|= 0.0422  |ddm|= 26.9
    sigma = 0.005  Optimized mu_alpha = -0.0537481890086  entropy = 3.83664566531e-07
    sigma = 0.005  Optimized mu_beta  = -0.0543485582099  entropy = 3.83664566531e-07
    Total E(T) = -12266.4733459215  Free energy = -12266.4733459234  E0 = -12266.4733459225
cycle= 74 E= -12266.4733459215  delta_E= -8.06e-05  |g|= 0.0407  |ddm|= 14.9
    sigma = 0.005  Optimized mu_alpha = -0.0537814269021  entropy = 3.82938887153e-07
    sigma = 0.005  Optimized mu_beta  = -0.054359542416  entropy = 3.82938887153e-07
    Total E(T) = -12266.4734349788  Free energy = -12266.4734349808  E0 = -12266.4734349798
cycle= 75 E= -12266.4734349788  delta_E= -8.91e-05  |g|= 0.0375  |ddm|= 13.6
    sigma = 0.005  Optimized mu_alpha = -0.053783485067  entropy = 3.82296864957e-07
    sigma = 0.005  Optimized mu_beta  = -0.054401307836  entropy = 3.82296864957e-07
    Total E(T) = -12266.4735072261  Free energy = -12266.473507228  E0 = -12266.4735072271
cycle= 76 E= -12266.4735072261  delta_E= -7.22e-05  |g|= 0.0346  |ddm|= 12.7
    sigma = 0.005  Optimized mu_alpha = -0.0537475922511  entropy = 3.81904536492e-07
    sigma = 0.005  Optimized mu_beta  = -0.0543283861658  entropy = 3.81904536492e-07
    Total E(T) = -12266.4735860079  Free energy = -12266.4735860098  E0 = -12266.4735860089
cycle= 77 E= -12266.4735860079  delta_E= -7.88e-05  |g|= 0.0239  |ddm|=   22
    sigma = 0.005  Optimized mu_alpha = -0.0538068939127  entropy = 3.81593335622e-07
    sigma = 0.005  Optimized mu_beta  = -0.05435791847  entropy = 3.81593335622e-07
    Total E(T) = -12266.473651286  Free energy = -12266.4736512879  E0 = -12266.473651287
cycle= 78 E= -12266.473651286  delta_E= -6.53e-05  |g|= 0.0176  |ddm|= 14.6
    sigma = 0.005  Optimized mu_alpha = -0.0537783631926  entropy = 3.81717021355e-07
    sigma = 0.005  Optimized mu_beta  = -0.0544271476751  entropy = 3.81717021355e-07
    Total E(T) = -12266.4736956299  Free energy = -12266.4736956319  E0 = -12266.4736956309
cycle= 79 E= -12266.4736956299  delta_E= -4.43e-05  |g|= 0.0173  |ddm|= 18.3
    sigma = 0.005  Optimized mu_alpha = -0.0538263881446  entropy = 3.81391194632e-07
    sigma = 0.005  Optimized mu_beta  = -0.0544780320804  entropy = 3.81391194632e-07
    Total E(T) = -12266.4737390999  Free energy = -12266.4737391018  E0 = -12266.4737391009
cycle= 80 E= -12266.4737390999  delta_E= -4.35e-05  |g|= 0.0133  |ddm|= 10.4
    sigma = 0.005  Optimized mu_alpha = -0.0537854461557  entropy = 3.81422549355e-07
    sigma = 0.005  Optimized mu_beta  = -0.0544404649348  entropy = 3.81422549355e-07
    Total E(T) = -12266.473776683  Free energy = -12266.4737766849  E0 = -12266.473776684
cycle= 81 E= -12266.473776683  delta_E= -3.76e-05  |g|= 0.0119  |ddm|= 11.1
    sigma = 0.005  Optimized mu_alpha = -0.0537715184936  entropy = 3.81253108085e-07
    sigma = 0.005  Optimized mu_beta  = -0.0544459246044  entropy = 3.81253108085e-07
    Total E(T) = -12266.4738098765  Free energy = -12266.4738098784  E0 = -12266.4738098774
cycle= 82 E= -12266.4738098765  delta_E= -3.32e-05  |g|= 0.0108  |ddm|= 9.36
    sigma = 0.005  Optimized mu_alpha = -0.0537073390665  entropy = 3.81720940134e-07
    sigma = 0.005  Optimized mu_beta  = -0.054429487966  entropy = 3.81720940134e-07
    Total E(T) = -12266.4738321792  Free energy = -12266.4738321811  E0 = -12266.4738321802
cycle= 83 E= -12266.4738321792  delta_E= -2.23e-05  |g|= 0.0171  |ddm|= 13.9
    sigma = 0.005  Optimized mu_alpha = -0.0537405800546  entropy = 3.81286810417e-07
    sigma = 0.005  Optimized mu_beta  = -0.0544343624851  entropy = 3.81286810417e-07
    Total E(T) = -12266.4738606995  Free energy = -12266.4738607014  E0 = -12266.4738607005
cycle= 84 E= -12266.4738606995  delta_E= -2.85e-05  |g|= 0.0155  |ddm|= 8.77
    sigma = 0.005  Optimized mu_alpha = -0.0537432055809  entropy = 3.81175362092e-07
    sigma = 0.005  Optimized mu_beta  = -0.0544531023589  entropy = 3.81175362092e-07
    Total E(T) = -12266.4738835595  Free energy = -12266.4738835614  E0 = -12266.4738835605
cycle= 85 E= -12266.4738835595  delta_E= -2.29e-05  |g|= 0.0161  |ddm|= 9.71
    sigma = 0.005  Optimized mu_alpha = -0.0537460713973  entropy = 3.81217526011e-07
    sigma = 0.005  Optimized mu_beta  = -0.0544634315504  entropy = 3.81217526011e-07
    Total E(T) = -12266.4739041746  Free energy = -12266.4739041765  E0 = -12266.4739041756
cycle= 86 E= -12266.4739041746  delta_E= -2.06e-05  |g|= 0.0168  |ddm|= 9.56
    sigma = 0.005  Optimized mu_alpha = -0.0537271703083  entropy = 3.81253448869e-07
    sigma = 0.005  Optimized mu_beta  = -0.0544582106919  entropy = 3.81253448869e-07
    Total E(T) = -12266.4739217881  Free energy = -12266.4739217901  E0 = -12266.4739217891
cycle= 87 E= -12266.4739217881  delta_E= -1.76e-05  |g|= 0.0185  |ddm|= 9.24
    sigma = 0.005  Optimized mu_alpha = -0.0537480086118  entropy = 3.80768559855e-07
    sigma = 0.005  Optimized mu_beta  = -0.0544889935619  entropy = 3.80768559855e-07
    Total E(T) = -12266.4739389019  Free energy = -12266.4739389038  E0 = -12266.4739389029
cycle= 88 E= -12266.4739389019  delta_E= -1.71e-05  |g|= 0.0188  |ddm|= 10.4
    sigma = 0.005  Optimized mu_alpha = -0.0537101626445  entropy = 3.79796442518e-07
    sigma = 0.005  Optimized mu_beta  = -0.0543827409237  entropy = 3.79796442518e-07
    Total E(T) = -12266.4739587529  Free energy = -12266.4739587548  E0 = -12266.4739587539
cycle= 89 E= -12266.4739587529  delta_E= -1.99e-05  |g|= 0.0282  |ddm|= 20.7
    sigma = 0.005  Optimized mu_alpha = -0.0538139513892  entropy = 3.78860606904e-07
    sigma = 0.005  Optimized mu_beta  = -0.0544463941794  entropy = 3.78860606904e-07
    Total E(T) = -12266.4739747896  Free energy = -12266.4739747915  E0 = -12266.4739747906
cycle= 90 E= -12266.4739747896  delta_E= -1.6e-05  |g|= 0.0258  |ddm|= 27.7
    sigma = 0.005  Optimized mu_alpha = -0.053740375375  entropy = 3.79665471248e-07
    sigma = 0.005  Optimized mu_beta  = -0.0544098745421  entropy = 3.79665471248e-07
    Total E(T) = -12266.4739949648  Free energy = -12266.4739949667  E0 = -12266.4739949657
cycle= 91 E= -12266.4739949648  delta_E= -2.02e-05  |g|= 0.0183  |ddm|= 13.9
    sigma = 0.005  Optimized mu_alpha = -0.0537490598894  entropy = 3.80528490164e-07
    sigma = 0.005  Optimized mu_beta  = -0.0544708845232  entropy = 3.80528490164e-07
    Total E(T) = -12266.4740149111  Free energy = -12266.474014913  E0 = -12266.4740149121
cycle= 92 E= -12266.4740149111  delta_E= -1.99e-05  |g|= 0.0104  |ddm|= 16.1
    sigma = 0.005  Optimized mu_alpha = -0.0537170183137  entropy = 3.80478215803e-07
    sigma = 0.005  Optimized mu_beta  = -0.0544409383266  entropy = 3.80478215803e-07
    Total E(T) = -12266.4740293226  Free energy = -12266.4740293245  E0 = -12266.4740293236
cycle= 93 E= -12266.4740293226  delta_E= -1.44e-05  |g|= 0.0069  |ddm|=   10
    sigma = 0.005  Optimized mu_alpha = -0.0537313505228  entropy = 3.80470899013e-07
    sigma = 0.005  Optimized mu_beta  = -0.054466069737  entropy = 3.80470899013e-07
    Total E(T) = -12266.4740415033  Free energy = -12266.4740415052  E0 = -12266.4740415043
cycle= 94 E= -12266.4740415033  delta_E= -1.22e-05  |g|= 0.00511  |ddm|= 8.62
    sigma = 0.005  Optimized mu_alpha = -0.0537264989652  entropy = 3.80418578818e-07
    sigma = 0.005  Optimized mu_beta  = -0.0544639046065  entropy = 3.80418578818e-07
    Total E(T) = -12266.4740526061  Free energy = -12266.474052608  E0 = -12266.4740526071
cycle= 95 E= -12266.4740526061  delta_E= -1.11e-05  |g|= 0.00404  |ddm|= 6.28
    sigma = 0.005  Optimized mu_alpha = -0.0537057332899  entropy = 3.80583701551e-07
    sigma = 0.005  Optimized mu_beta  = -0.0544409359979  entropy = 3.80583701551e-07
    Total E(T) = -12266.4740614086  Free energy = -12266.4740614105  E0 = -12266.4740614096
cycle= 96 E= -12266.4740614086  delta_E= -8.8e-06  |g|= 0.00837  |ddm|= 8.48
    sigma = 0.005  Optimized mu_alpha = -0.0537077524017  entropy = 3.80741603454e-07
    sigma = 0.005  Optimized mu_beta  = -0.054465813763  entropy = 3.80741603454e-07
    Total E(T) = -12266.4740697583  Free energy = -12266.4740697602  E0 = -12266.4740697592
cycle= 97 E= -12266.4740697583  delta_E= -8.35e-06  |g|= 0.00826  |ddm|= 8.53
    sigma = 0.005  Optimized mu_alpha = -0.0537444866305  entropy = 3.80229343513e-07
    sigma = 0.005  Optimized mu_beta  = -0.0544895720779  entropy = 3.80229343513e-07
    Total E(T) = -12266.4740793491  Free energy = -12266.474079351  E0 = -12266.4740793501
cycle= 98 E= -12266.4740793491  delta_E= -9.59e-06  |g|= 0.00618  |ddm|= 7.01
    sigma = 0.005  Optimized mu_alpha = -0.0536972252457  entropy = 3.80762359475e-07
    sigma = 0.005  Optimized mu_beta  = -0.0544595528882  entropy = 3.80762359475e-07
    Total E(T) = -12266.4740858565  Free energy = -12266.4740858584  E0 = -12266.4740858575
cycle= 99 E= -12266.4740858565  delta_E= -6.51e-06  |g|= 0.00818  |ddm|= 7.98
    sigma = 0.005  Optimized mu_alpha = -0.053741351425  entropy = 3.79637526822e-07
    sigma = 0.005  Optimized mu_beta  = -0.0544738020735  entropy = 3.79637526822e-07
    Total E(T) = -12266.4740955028  Free energy = -12266.4740955047  E0 = -12266.4740955037
cycle= 100 E= -12266.4740955028  delta_E= -9.65e-06  |g|= 0.00633  |ddm|= 14.6
    sigma = 0.005  Optimized mu_alpha = -0.0537192754681  entropy = 3.79802782383e-07
    sigma = 0.005  Optimized mu_beta  = -0.0544461514808  entropy = 3.79802782383e-07
    Total E(T) = -12266.4741029813  Free energy = -12266.4741029832  E0 = -12266.4741029822
cycle= 101 E= -12266.4741029813  delta_E= -7.48e-06  |g|= 0.00367  |ddm|= 5.59
    sigma = 0.005  Optimized mu_alpha = -0.0537281136735  entropy = 3.79895948314e-07
    sigma = 0.005  Optimized mu_beta  = -0.0544566641222  entropy = 3.79895948314e-07
    Total E(T) = -12266.4741092959  Free energy = -12266.4741092978  E0 = -12266.4741092968
cycle= 102 E= -12266.4741092959  delta_E= -6.31e-06  |g|= 0.005  |ddm|= 6.66
    sigma = 0.005  Optimized mu_alpha = -0.0537016405403  entropy = 3.79968393742e-07
    sigma = 0.005  Optimized mu_beta  = -0.0544320752256  entropy = 3.79968393742e-07
    Total E(T) = -12266.4741148285  Free energy = -12266.4741148304  E0 = -12266.4741148294
cycle= 103 E= -12266.4741148285  delta_E= -5.53e-06  |g|= 0.00694  |ddm|= 7.66
    sigma = 0.005  Optimized mu_alpha = -0.0537237949162  entropy = 3.80254541737e-07
    sigma = 0.005  Optimized mu_beta  = -0.0544651547933  entropy = 3.80254541737e-07
    Total E(T) = -12266.4741208738  Free energy = -12266.4741208757  E0 = -12266.4741208747
cycle= 104 E= -12266.4741208738  delta_E= -6.05e-06  |g|= 0.00488  |ddm|= 8.96
    sigma = 0.005  Optimized mu_alpha = -0.0536983822355  entropy = 3.80438280173e-07
    sigma = 0.005  Optimized mu_beta  = -0.0544481240918  entropy = 3.80438280173e-07
    Total E(T) = -12266.4741258701  Free energy = -12266.474125872  E0 = -12266.4741258711
cycle= 105 E= -12266.4741258701  delta_E= -5e-06  |g|= 0.00785  |ddm|= 6.34
    sigma = 0.005  Optimized mu_alpha = -0.0537110224544  entropy = 3.80428348745e-07
    sigma = 0.005  Optimized mu_beta  = -0.0544628089786  entropy = 3.80428348745e-07
    Total E(T) = -12266.4741310792  Free energy = -12266.4741310811  E0 = -12266.4741310802
cycle= 106 E= -12266.4741310792  delta_E= -5.21e-06  |g|= 0.00636  |ddm|= 5.65
    sigma = 0.005  Optimized mu_alpha = -0.0537040747829  entropy = 3.80430036585e-07
    sigma = 0.005  Optimized mu_beta  = -0.0544581554613  entropy = 3.80430036585e-07
    Total E(T) = -12266.4741358749  Free energy = -12266.4741358768  E0 = -12266.4741358759
cycle= 107 E= -12266.4741358749  delta_E= -4.8e-06  |g|= 0.00598  |ddm|= 5.67
    sigma = 0.005  Optimized mu_alpha = -0.0537112105378  entropy = 3.79837446745e-07
    sigma = 0.005  Optimized mu_beta  = -0.0544540219781  entropy = 3.79837446745e-07
    Total E(T) = -12266.474141086  Free energy = -12266.4741410879  E0 = -12266.4741410869
cycle= 108 E= -12266.474141086  delta_E= -5.21e-06  |g|= 0.00306  |ddm|= 8.58
    sigma = 0.005  Optimized mu_alpha = -0.0537175169867  entropy = 3.79851702872e-07
    sigma = 0.005  Optimized mu_beta  = -0.0544677059251  entropy = 3.79851702872e-07
    Total E(T) = -12266.4741450425  Free energy = -12266.4741450444  E0 = -12266.4741450434
cycle= 109 E= -12266.4741450425  delta_E= -3.96e-06  |g|= 0.00342  |ddm|= 4.63
    sigma = 0.005  Optimized mu_alpha = -0.0537134770864  entropy = 3.80351486722e-07
    sigma = 0.005  Optimized mu_beta  = -0.0544833667517  entropy = 3.80351486722e-07
    Total E(T) = -12266.4741490025  Free energy = -12266.4741490044  E0 = -12266.4741490034
cycle= 110 E= -12266.4741490025  delta_E= -3.96e-06  |g|= 0.00381  |ddm|= 8.55
    sigma = 0.005  Optimized mu_alpha = -0.0536815057447  entropy = 3.80509261703e-07
    sigma = 0.005  Optimized mu_beta  = -0.0544526258169  entropy = 3.80509261703e-07
    Total E(T) = -12266.4741521431  Free energy = -12266.474152145  E0 = -12266.474152144
cycle= 111 E= -12266.4741521431  delta_E= -3.14e-06  |g|= 0.00518  |ddm|= 6.47
    sigma = 0.005  Optimized mu_alpha = -0.053698661397  entropy = 3.8040648076e-07
    sigma = 0.005  Optimized mu_beta  = -0.0544679400164  entropy = 3.8040648076e-07
    Total E(T) = -12266.4741553043  Free energy = -12266.4741553062  E0 = -12266.4741553052
cycle= 112 E= -12266.4741553043  delta_E= -3.16e-06  |g|= 0.00553  |ddm|= 4.27
    sigma = 0.005  Optimized mu_alpha = -0.0536914961965  entropy = 3.80816369599e-07
    sigma = 0.005  Optimized mu_beta  = -0.0544702087908  entropy = 3.80816369599e-07
    Total E(T) = -12266.4741569542  Free energy = -12266.4741569561  E0 = -12266.4741569551
cycle= 113 E= -12266.4741569542  delta_E= -1.65e-06  |g|= 0.0079  |ddm|= 8.69
    sigma = 0.005  Optimized mu_alpha = -0.053704287643  entropy = 3.80101308348e-07
    sigma = 0.005  Optimized mu_beta  = -0.054463550666  entropy = 3.80101308348e-07
    Total E(T) = -12266.4741616225  Free energy = -12266.4741616244  E0 = -12266.4741616234
cycle= 114 E= -12266.4741616225  delta_E= -4.67e-06  |g|= 0.00474  |ddm|= 8.72
    sigma = 0.005  Optimized mu_alpha = -0.0537015415189  entropy = 3.79928783818e-07
    sigma = 0.005  Optimized mu_beta  = -0.0544523321251  entropy = 3.79928783818e-07
    Total E(T) = -12266.4741651707  Free energy = -12266.4741651726  E0 = -12266.4741651717
cycle= 115 E= -12266.4741651707  delta_E= -3.55e-06  |g|= 0.00251  |ddm|= 5.67
    sigma = 0.005  Optimized mu_alpha = -0.0537065985844  entropy = 3.79911265273e-07
    sigma = 0.005  Optimized mu_beta  = -0.0544548445608  entropy = 3.79911265273e-07
    Total E(T) = -12266.4741679835  Free energy = -12266.4741679854  E0 = -12266.4741679845
cycle= 116 E= -12266.4741679835  delta_E= -2.81e-06  |g|= 0.00218  |ddm|= 3.06
    sigma = 0.005  Optimized mu_alpha = -0.0537041935722  entropy = 3.8011035305e-07
    sigma = 0.005  Optimized mu_beta  = -0.0544526351617  entropy = 3.8011035305e-07
    Total E(T) = -12266.4741704622  Free energy = -12266.4741704641  E0 = -12266.4741704632
cycle= 117 E= -12266.4741704622  delta_E= -2.48e-06  |g|= 0.00332  |ddm|= 5.59
    sigma = 0.005  Optimized mu_alpha = -0.0537010688003  entropy = 3.80351219513e-07
    sigma = 0.005  Optimized mu_beta  = -0.0544501974525  entropy = 3.80351219513e-07
    Total E(T) = -12266.4741727398  Free energy = -12266.4741727417  E0 = -12266.4741727408
cycle= 118 E= -12266.4741727398  delta_E= -2.28e-06  |g|= 0.00331  |ddm|= 6.63
    sigma = 0.005  Optimized mu_alpha = -0.0536996553987  entropy = 3.80182749976e-07
    sigma = 0.005  Optimized mu_beta  = -0.054453528902  entropy = 3.80182749976e-07
    Total E(T) = -12266.4741748882  Free energy = -12266.4741748901  E0 = -12266.4741748891
cycle= 119 E= -12266.4741748882  delta_E= -2.15e-06  |g|= 0.00494  |ddm|= 3.62
    sigma = 0.005  Optimized mu_alpha = -0.0536969323978  entropy = 3.80297116892e-07
    sigma = 0.005  Optimized mu_beta  = -0.054453983059  entropy = 3.80297116892e-07
    Total E(T) = -12266.4741768608  Free energy = -12266.4741768627  E0 = -12266.4741768618
cycle= 120 E= -12266.4741768608  delta_E= -1.97e-06  |g|= 0.00582  |ddm|= 3.94
    sigma = 0.005  Optimized mu_alpha = -0.0537052539558  entropy = 3.80072088092e-07
    sigma = 0.005  Optimized mu_beta  = -0.0544612098347  entropy = 3.80072088092e-07
    Total E(T) = -12266.4741791437  Free energy = -12266.4741791456  E0 = -12266.4741791447
cycle= 121 E= -12266.4741791437  delta_E= -2.28e-06  |g|= 0.00395  |ddm|= 3.72
    sigma = 0.005  Optimized mu_alpha = -0.053701067922  entropy = 3.8005923953e-07
    sigma = 0.005  Optimized mu_beta  = -0.0544558579712  entropy = 3.8005923953e-07
    Total E(T) = -12266.4741809934  Free energy = -12266.4741809953  E0 = -12266.4741809944
cycle= 122 E= -12266.4741809934  delta_E= -1.85e-06  |g|= 0.00397  |ddm|= 3.09
    sigma = 0.005  Optimized mu_alpha = -0.0536894466967  entropy = 3.80155707654e-07
    sigma = 0.005  Optimized mu_beta  = -0.0544463846972  entropy = 3.80155707654e-07
    Total E(T) = -12266.4741827991  Free energy = -12266.474182801  E0 = -12266.4741828001
cycle= 123 E= -12266.4741827991  delta_E= -1.81e-06  |g|= 0.00303  |ddm|= 2.89
    sigma = 0.005  Optimized mu_alpha = -0.0537011895976  entropy = 3.8017579967e-07
    sigma = 0.005  Optimized mu_beta  = -0.0544634208474  entropy = 3.8017579967e-07
    Total E(T) = -12266.47418452  Free energy = -12266.4741845219  E0 = -12266.4741845209
cycle= 124 E= -12266.47418452  delta_E= -1.72e-06  |g|= 0.00274  |ddm|= 2.47
    sigma = 0.005  Optimized mu_alpha = -0.0536970163185  entropy = 3.80481723452e-07
    sigma = 0.005  Optimized mu_beta  = -0.0544706812138  entropy = 3.80481723452e-07
    Total E(T) = -12266.4741863696  Free energy = -12266.4741863715  E0 = -12266.4741863705
cycle= 125 E= -12266.4741863696  delta_E= -1.85e-06  |g|= 0.00207  |ddm|= 5.61
    sigma = 0.005  Optimized mu_alpha = -0.0536930639584  entropy = 3.80570118272e-07
    sigma = 0.005  Optimized mu_beta  = -0.0544711156628  entropy = 3.80570118272e-07
    Total E(T) = -12266.4741876951  Free energy = -12266.474187697  E0 = -12266.4741876961
cycle= 126 E= -12266.4741876951  delta_E= -1.33e-06  |g|= 0.00308  |ddm|= 3.66
    sigma = 0.005  Optimized mu_alpha = -0.0536832664181  entropy = 3.80739688632e-07
    sigma = 0.005  Optimized mu_beta  = -0.0544631095682  entropy = 3.80739688632e-07
    Total E(T) = -12266.4741884526  Free energy = -12266.4741884545  E0 = -12266.4741884536
cycle= 127 E= -12266.4741884526  delta_E= -7.57e-07  |g|= 0.0049  |ddm|= 4.63
    sigma = 0.005  Optimized mu_alpha = -0.0536920653832  entropy = 3.80608175608e-07
    sigma = 0.005  Optimized mu_beta  = -0.054468256453  entropy = 3.80608175608e-07
    Total E(T) = -12266.4741894163  Free energy = -12266.4741894182  E0 = -12266.4741894173
cycle= 128 E= -12266.4741894163  delta_E= -9.64e-07  |g|= 0.00587  |ddm|= 2.72
    sigma = 0.005  Optimized mu_alpha = -0.0536947792034  entropy = 3.80276721641e-07
    sigma = 0.005  Optimized mu_beta  = -0.0544607086826  entropy = 3.80276721641e-07
    Total E(T) = -12266.4741913833  Free energy = -12266.4741913852  E0 = -12266.4741913842
cycle= 129 E= -12266.4741913833  delta_E= -1.97e-06  |g|= 0.00378  |ddm|= 4.81
    sigma = 0.005  Optimized mu_alpha = -0.0536947775915  entropy = 3.80246774845e-07
    sigma = 0.005  Optimized mu_beta  = -0.0544590186379  entropy = 3.80246774845e-07
    Total E(T) = -12266.4741928452  Free energy = -12266.4741928471  E0 = -12266.4741928462
cycle= 130 E= -12266.4741928452  delta_E= -1.46e-06  |g|= 0.00268  |ddm|= 2.71
    sigma = 0.005  Optimized mu_alpha = -0.0536963061463  entropy = 3.80184128637e-07
    sigma = 0.005  Optimized mu_beta  = -0.0544578513046  entropy = 3.80184128637e-07
    Total E(T) = -12266.4741941257  Free energy = -12266.4741941276  E0 = -12266.4741941267
cycle= 131 E= -12266.4741941257  delta_E= -1.28e-06  |g|= 0.00163  |ddm|=  1.9
    sigma = 0.005  Optimized mu_alpha = -0.053695386714  entropy = 3.80255129305e-07
    sigma = 0.005  Optimized mu_beta  = -0.0544546888848  entropy = 3.80255129305e-07
    Total E(T) = -12266.4741952527  Free energy = -12266.4741952546  E0 = -12266.4741952536
cycle= 132 E= -12266.4741952527  delta_E= -1.13e-06  |g|= 0.00165  |ddm|= 2.06
    sigma = 0.005  Optimized mu_alpha = -0.0536884421342  entropy = 3.8036766803e-07
    sigma = 0.005  Optimized mu_beta  = -0.0544468853637  entropy = 3.8036766803e-07
    Total E(T) = -12266.4741962627  Free energy = -12266.4741962646  E0 = -12266.4741962636
cycle= 133 E= -12266.4741962627  delta_E= -1.01e-06  |g|= 0.00216  |ddm|= 3.12
    sigma = 0.005  Optimized mu_alpha = -0.0536889444191  entropy = 3.80478245731e-07
    sigma = 0.005  Optimized mu_beta  = -0.0544467489836  entropy = 3.80478245731e-07
    Total E(T) = -12266.4741971901  Free energy = -12266.474197192  E0 = -12266.4741971911
cycle= 134 E= -12266.4741971901  delta_E= -9.27e-07  |g|= 0.00211  |ddm|= 4.21
    sigma = 0.005  Optimized mu_alpha = -0.0536838569947  entropy = 3.80465996457e-07
    sigma = 0.005  Optimized mu_beta  = -0.0544412025744  entropy = 3.80465996457e-07
    Total E(T) = -12266.4741980323  Free energy = -12266.4741980342  E0 = -12266.4741980333
cycle= 135 E= -12266.4741980323  delta_E= -8.42e-07  |g|= 0.00294  |ddm|=  2.5
    sigma = 0.005  Optimized mu_alpha = -0.0536937012183  entropy = 3.80374370282e-07
    sigma = 0.005  Optimized mu_beta  = -0.0544526387009  entropy = 3.80374370282e-07
    Total E(T) = -12266.4741989443  Free energy = -12266.4741989462  E0 = -12266.4741989453
cycle= 136 E= -12266.4741989443  delta_E= -9.12e-07  |g|= 0.0028  |ddm|= 2.15
    sigma = 0.005  Optimized mu_alpha = -0.0536930958211  entropy = 3.80296714569e-07
    sigma = 0.005  Optimized mu_beta  = -0.0544543287538  entropy = 3.80296714569e-07
    Total E(T) = -12266.4741998247  Free energy = -12266.4741998266  E0 = -12266.4741998257
cycle= 137 E= -12266.4741998247  delta_E= -8.8e-07  |g|= 0.00217  |ddm|= 2.52
    sigma = 0.005  Optimized mu_alpha = -0.0536927263588  entropy = 3.80317203975e-07
    sigma = 0.005  Optimized mu_beta  = -0.0544549916077  entropy = 3.80317203975e-07
    Total E(T) = -12266.4742005948  Free energy = -12266.4742005967  E0 = -12266.4742005958
cycle= 138 E= -12266.4742005948  delta_E= -7.7e-07  |g|= 0.00207  |ddm|= 1.69
    sigma = 0.005  Optimized mu_alpha = -0.0536904313019  entropy = 3.80352787877e-07
    sigma = 0.005  Optimized mu_beta  = -0.0544580562491  entropy = 3.80352787877e-07
    Total E(T) = -12266.4742013683  Free energy = -12266.4742013702  E0 = -12266.4742013692
cycle= 139 E= -12266.4742013683  delta_E= -7.73e-07  |g|= 0.00175  |ddm|= 1.82
    sigma = 0.005  Optimized mu_alpha = -0.0536898883822  entropy = 3.8053887503e-07
    sigma = 0.005  Optimized mu_beta  = -0.0544643707856  entropy = 3.8053887503e-07
    Total E(T) = -12266.4742022159  Free energy = -12266.4742022178  E0 = -12266.4742022169
cycle= 140 E= -12266.4742022159  delta_E= -8.48e-07  |g|= 0.000744  |ddm|= 2.83
    sigma = 0.005  Optimized mu_alpha = -0.153406080399  entropy = 13.3878934701
    sigma = 0.005  Optimized mu_beta  = -0.154576906349  entropy = 13.3878934701
    Total E(T) = -12266.4357475041  Free energy = -12266.5026869715  E0 = -12266.4692172378
Extra cycle  E= -12266.4357475041  delta_E= 0.0385  |g|= 0.344  |ddm|=  932
converged SCF energy = -12266.4357475041  <S^2> = 2.033309  2S+1 = 3.0221244
[sigma=0.005] E_tot = -12266.4357475041 Eh | converged = True | last_cycle = 139 | time = 3583.0 s
  -> wrote al2.4_sigma0.005.chk
  -> wrote al2.4_sigma0.005_last_dm.pkl

========== sigma = 0.01 ==========
Applying remove_linear_dep_ on SCF object.
Using canonical orthogonalization with threshold 1e-08


******** <class 'pyscf.scf.addons.SmearingDFUKS'> ********
method = SmearingDFUKS
initial guess = minao
damping factor = 0.15
level_shift factor = 0.2
DIIS = <class 'pyscf.scf.diis.CDIIS'>
diis_start_cycle = 1
diis_space = 12
diis_damp = 0
SCF conv_tol = 1e-06
SCF conv_tol_grad = None
SCF max_cycles = 200
direct_scf = True
direct_scf_tol = 1e-13
chkfile to save SCF result = /tmp/tmpvvfkpbp3
max_memory 254232 MB (current use 655 MB)
number electrons alpha = 334  beta = 332
XC library pyscf.dft.libxc version 6.1.0
    S. Lehtola, C. Steigemann, M. J.T. Oliveira, and M. A.L. Marques.,  SoftwareX 7, 1–5 (2018)
XC functionals = pbe
    J. P. Perdew, K. Burke, and M. Ernzerhof.,  Phys. Rev. Lett. 77, 3865 (1996)
    J. P. Perdew, K. Burke, and M. Ernzerhof.,  Phys. Rev. Lett. 78, 1396 (1997)
    J. P. Perdew, K. Burke, and M. Ernzerhof.,  Phys. Rev. Lett. 77, 3865 (1996)
    J. P. Perdew, K. Burke, and M. Ernzerhof.,  Phys. Rev. Lett. 78, 1396 (1997)
radial grids: 
    Treutler-Ahlrichs [JCP 102, 346 (1995); DOI:10.1063/1.469408] (M4) radial grids
    
becke partition: Becke, JCP 88, 2547 (1988); DOI:10.1063/1.454033
pruning grids: <function treutler_prune at 0x15062b48c700>
grids dens level: 3
symmetrized grids: False
atomic radii adjust function: <function treutler_atomic_radii_adjust at 0x15062baced30>
small_rho_cutoff = 1e-06
Set gradient conv threshold to 0.001
tot grids = 946056
init E= -12272.7103485579
    sigma = 0.01  Optimized mu_alpha = -0.0173160776651  entropy = 19.0070946648
    sigma = 0.01  Optimized mu_beta  = -0.0242130072298  entropy = 19.0070946648
    Total E(T) = -12265.2912684858  Free energy = -12265.4813394325  E0 = -12265.3863039591
cycle= 1 E= -12265.2912684858  delta_E= 7.42  |g|= 4.54  |ddm|= 1.66e+04
    sigma = 0.01  Optimized mu_alpha = 0.0412705693074  entropy = 10.0156677437
    sigma = 0.01  Optimized mu_beta  = 0.0379361318716  entropy = 10.0156677437
    Total E(T) = -12220.8260068016  Free energy = -12220.9261634791  E0 = -12220.8760851403
cycle= 2 E= -12220.8260068016  delta_E= 44.5  |g|= 31.8  |ddm|= 6.19e+03
    sigma = 0.01  Optimized mu_alpha = -0.100536209025  entropy = 6.60483000117
    sigma = 0.01  Optimized mu_beta  = -0.0977892112225  entropy = 6.60483000117
    Total E(T) = -12260.456971745  Free energy = -12260.523020045  E0 = -12260.489995895
cycle= 3 E= -12260.456971745  delta_E= -39.6  |g|= 11.8  |ddm|= 2.44e+03
    sigma = 0.01  Optimized mu_alpha = -0.0673773654349  entropy = 0.43674757743
    sigma = 0.01  Optimized mu_beta  = -0.0639881649268  entropy = 0.43674757743
    Total E(T) = -12262.7314135901  Free energy = -12262.7357810659  E0 = -12262.733597328
cycle= 4 E= -12262.7314135901  delta_E= -2.27  |g|= 9.01  |ddm|= 4.49e+03
    sigma = 0.01  Optimized mu_alpha = -0.0546995939128  entropy = 0.0180631805947
    sigma = 0.01  Optimized mu_beta  = -0.0583992604549  entropy = 0.0180631805947
    Total E(T) = -12263.8660477798  Free energy = -12263.8662284116  E0 = -12263.8661380957
cycle= 5 E= -12263.8660477798  delta_E= -1.13  |g|= 6.77  |ddm|=  689
    sigma = 0.01  Optimized mu_alpha = -0.133606863885  entropy = 10.0491203099
    sigma = 0.01  Optimized mu_beta  = -0.134952803713  entropy = 10.0491203099
    Total E(T) = -12266.0336873112  Free energy = -12266.1341785143  E0 = -12266.0839329127
cycle= 6 E= -12266.0336873112  delta_E= -2.17  |g|= 2.87  |ddm|= 2.19e+03
    sigma = 0.01  Optimized mu_alpha = -0.10067679159  entropy = 4.4271247256
    sigma = 0.01  Optimized mu_beta  = -0.0981728804257  entropy = 4.4271247256
    Total E(T) = -12265.9921777124  Free energy = -12266.0364489596  E0 = -12266.014313336
cycle= 7 E= -12265.9921777124  delta_E= 0.0415  |g|= 3.54  |ddm|= 1.63e+03
    sigma = 0.01  Optimized mu_alpha = -0.0531803966896  entropy = 2.15673502538
    sigma = 0.01  Optimized mu_beta  = -0.0613128521008  entropy = 2.15673502538
    Total E(T) = -12265.8769435271  Free energy = -12265.8985108773  E0 = -12265.8877272022
cycle= 8 E= -12265.8769435271  delta_E= 0.115  |g|= 3.61  |ddm|=  543
    sigma = 0.01  Optimized mu_alpha = -0.0617401732506  entropy = 0.217229831907
    sigma = 0.01  Optimized mu_beta  = -0.0614474348131  entropy = 0.217229831907
    Total E(T) = -12265.7720793275  Free energy = -12265.7742516258  E0 = -12265.7731654766
cycle= 9 E= -12265.7720793275  delta_E= 0.105  |g|= 3.95  |ddm|=  470
    sigma = 0.01  Optimized mu_alpha = -0.0588307268153  entropy = 0.0106951095447
    sigma = 0.01  Optimized mu_beta  = -0.0619260332611  entropy = 0.0106951095447
    Total E(T) = -12265.7473542523  Free energy = -12265.7474612034  E0 = -12265.7474077279
cycle= 10 E= -12265.7473542523  delta_E= 0.0247  |g|= 3.98  |ddm|=  303
    sigma = 0.01  Optimized mu_alpha = -0.0585325592826  entropy = 0.0101024684247
    sigma = 0.01  Optimized mu_beta  = -0.0619455811456  entropy = 0.0101024684247
    Total E(T) = -12265.7187425898  Free energy = -12265.7188436145  E0 = -12265.7187931021
cycle= 11 E= -12265.7187425898  delta_E= 0.0286  |g|= 4.07  |ddm|=  229
    sigma = 0.01  Optimized mu_alpha = -0.0583077765071  entropy = 0.00970601670128
    sigma = 0.01  Optimized mu_beta  = -0.0617145482576  entropy = 0.00970601670128
    Total E(T) = -12265.7036312703  Free energy = -12265.7037283305  E0 = -12265.7036798004
cycle= 12 E= -12265.7036312703  delta_E= 0.0151  |g|= 4.14  |ddm|=  171
    sigma = 0.01  Optimized mu_alpha = -0.0576218651433  entropy = 0.00984672125409
    sigma = 0.01  Optimized mu_beta  = -0.0610275012339  entropy = 0.00984672125409
    Total E(T) = -12265.6904194523  Free energy = -12265.6905179195  E0 = -12265.6904686859
cycle= 13 E= -12265.6904194523  delta_E= 0.0132  |g|= 4.23  |ddm|=  384
    sigma = 0.01  Optimized mu_alpha = -0.0573439549957  entropy = 0.00983545793582
    sigma = 0.01  Optimized mu_beta  = -0.0607114204272  entropy = 0.00983545793582
    Total E(T) = -12265.6748007205  Free energy = -12265.6748990751  E0 = -12265.6748498978
cycle= 14 E= -12265.6748007205  delta_E= 0.0156  |g|=  4.1  |ddm|=  261
    sigma = 0.01  Optimized mu_alpha = -0.057384291993  entropy = 0.00968771486175
    sigma = 0.01  Optimized mu_beta  = -0.0606555889907  entropy = 0.00968771486175
    Total E(T) = -12265.7730863928  Free energy = -12265.77318327  E0 = -12265.7731348314
cycle= 15 E= -12265.7730863928  delta_E= -0.0983  |g|= 3.69  |ddm|=  241
    sigma = 0.01  Optimized mu_alpha = -0.051072271359  entropy = 0.0141894010467
    sigma = 0.01  Optimized mu_beta  = -0.0535425545598  entropy = 0.0141894010467
    Total E(T) = -12265.9405053637  Free energy = -12265.9406472577  E0 = -12265.9405763107
cycle= 16 E= -12265.9405053637  delta_E= -0.167  |g|= 3.25  |ddm|=  778
    sigma = 0.01  Optimized mu_alpha = -0.0249100640637  entropy = 0.170868758049
    sigma = 0.01  Optimized mu_beta  = -0.0268135082668  entropy = 0.170868758049
    Total E(T) = -12266.1927531814  Free energy = -12266.194461869  E0 = -12266.1936075252
cycle= 17 E= -12266.1927531814  delta_E= -0.252  |g|= 2.35  |ddm|= 1.68e+03
    sigma = 0.01  Optimized mu_alpha = -0.0225822387985  entropy = 0.144579303431
    sigma = 0.01  Optimized mu_beta  = -0.0244831725035  entropy = 0.144579303431
    Total E(T) = -12266.3504015513  Free energy = -12266.3518473444  E0 = -12266.3511244478
cycle= 18 E= -12266.3504015513  delta_E= -0.158  |g|= 1.65  |ddm|=  789
    sigma = 0.01  Optimized mu_alpha = -0.0218196309313  entropy = 0.104617564492
    sigma = 0.01  Optimized mu_beta  = -0.0236821082989  entropy = 0.104617564492
    Total E(T) = -12266.3539588558  Free energy = -12266.3550050315  E0 = -12266.3544819436
cycle= 19 E= -12266.3539588558  delta_E= -0.00356  |g|= 2.03  |ddm|= 1.55e+03
    sigma = 0.01  Optimized mu_alpha = -0.0374547986481  entropy = 0.0243211034181
    sigma = 0.01  Optimized mu_beta  = -0.0402946619322  entropy = 0.0243211034181
    Total E(T) = -12266.293749791  Free energy = -12266.2939930021  E0 = -12266.2938713966
cycle= 20 E= -12266.293749791  delta_E= 0.0602  |g|=  2.1  |ddm|=  724
    sigma = 0.01  Optimized mu_alpha = -0.0411330521781  entropy = 0.01447635221
    sigma = 0.01  Optimized mu_beta  = -0.0438038630773  entropy = 0.01447635221
    Total E(T) = -12266.1820788145  Free energy = -12266.182223578  E0 = -12266.1821511962
cycle= 21 E= -12266.1820788145  delta_E= 0.112  |g|= 2.68  |ddm|=  827
    sigma = 0.01  Optimized mu_alpha = -0.0424866907068  entropy = 0.014875610407
    sigma = 0.01  Optimized mu_beta  = -0.0457589287086  entropy = 0.014875610407
    Total E(T) = -12266.0490898634  Free energy = -12266.0492386195  E0 = -12266.0491642414
cycle= 22 E= -12266.0490898634  delta_E= 0.133  |g|= 3.04  |ddm|=  570
    sigma = 0.01  Optimized mu_alpha = -0.0417126128374  entropy = 0.0150858244305
    sigma = 0.01  Optimized mu_beta  = -0.0450518270627  entropy = 0.0150858244305
    Total E(T) = -12265.8259426701  Free energy = -12265.8260935283  E0 = -12265.8260180992
cycle= 23 E= -12265.8259426701  delta_E= 0.223  |g|= 3.73  |ddm|=  816
    sigma = 0.01  Optimized mu_alpha = -0.0423388850655  entropy = 0.0124989002513
    sigma = 0.01  Optimized mu_beta  = -0.0456954482249  entropy = 0.0124989002513
    Total E(T) = -12265.6246586355  Free energy = -12265.6247836245  E0 = -12265.62472113
cycle= 24 E= -12265.6246586355  delta_E= 0.201  |g|= 4.15  |ddm|=  417
    sigma = 0.01  Optimized mu_alpha = -0.0454414157436  entropy = 0.0108741353833
    sigma = 0.01  Optimized mu_beta  = -0.0486212347694  entropy = 0.0108741353833
    Total E(T) = -12265.5423622252  Free energy = -12265.5424709665  E0 = -12265.5424165958
cycle= 25 E= -12265.5423622252  delta_E= 0.0823  |g|=  4.4  |ddm|=  592
    sigma = 0.01  Optimized mu_alpha = -0.0461182826818  entropy = 0.0102227591215
    sigma = 0.01  Optimized mu_beta  = -0.0488760025205  entropy = 0.0102227591215
    Total E(T) = -12265.5524251419  Free energy = -12265.5525273695  E0 = -12265.5524762557
cycle= 26 E= -12265.5524251419  delta_E= -0.0101  |g|= 4.24  |ddm|=  399
    sigma = 0.01  Optimized mu_alpha = -0.0471385030921  entropy = 0.00970074305093
    sigma = 0.01  Optimized mu_beta  = -0.0500234790364  entropy = 0.00970074305093
    Total E(T) = -12265.5753789214  Free energy = -12265.5754759288  E0 = -12265.5754274251
cycle= 27 E= -12265.5753789214  delta_E= -0.023  |g|=  4.1  |ddm|=  253
    sigma = 0.01  Optimized mu_alpha = -0.0463111704887  entropy = 0.00995602426077
    sigma = 0.01  Optimized mu_beta  = -0.0489631254572  entropy = 0.00995602426077
    Total E(T) = -12265.6208921394  Free energy = -12265.6209916996  E0 = -12265.6209419195
cycle= 28 E= -12265.6208921394  delta_E= -0.0455  |g|= 3.81  |ddm|=  358
    sigma = 0.01  Optimized mu_alpha = -0.0463072928963  entropy = 0.010106876795
    sigma = 0.01  Optimized mu_beta  = -0.0488410216151  entropy = 0.010106876795
    Total E(T) = -12265.6245010215  Free energy = -12265.6246020902  E0 = -12265.6245515559
cycle= 29 E= -12265.6245010215  delta_E= -0.00361  |g|= 4.02  |ddm|=  554
    sigma = 0.01  Optimized mu_alpha = -0.050262484226  entropy = 0.0109090774514
    sigma = 0.01  Optimized mu_beta  = -0.0523262024497  entropy = 0.0109090774514
    Total E(T) = -12265.8081972498  Free energy = -12265.8083063406  E0 = -12265.8082517952
cycle= 30 E= -12265.8081972498  delta_E= -0.184  |g|= 3.39  |ddm|=  486
    sigma = 0.01  Optimized mu_alpha = -0.0662673344587  entropy = 0.0319135835482
    sigma = 0.01  Optimized mu_beta  = -0.0684738691194  entropy = 0.0319135835482
    Total E(T) = -12266.1161777988  Free energy = -12266.1164969346  E0 = -12266.1163373667
cycle= 31 E= -12266.1161777988  delta_E= -0.308  |g|= 2.62  |ddm|= 1.34e+03
    sigma = 0.01  Optimized mu_alpha = -0.0584914209396  entropy = 0.0137239156612
    sigma = 0.01  Optimized mu_beta  = -0.0605687519778  entropy = 0.0137239156612
    Total E(T) = -12266.3043194079  Free energy = -12266.304456647  E0 = -12266.3043880275
cycle= 32 E= -12266.3043194079  delta_E= -0.188  |g|= 1.55  |ddm|=  666
    sigma = 0.01  Optimized mu_alpha = -0.0594855955479  entropy = 0.0173022871496
    sigma = 0.01  Optimized mu_beta  = -0.0619561828492  entropy = 0.0173022871496
    Total E(T) = -12266.3352294001  Free energy = -12266.335402423  E0 = -12266.3353159116
cycle= 33 E= -12266.3352294001  delta_E= -0.0309  |g|= 2.06  |ddm|= 1.24e+03
    sigma = 0.01  Optimized mu_alpha = -0.0528049198302  entropy = 0.0115044002391
    sigma = 0.01  Optimized mu_beta  = -0.0549053054758  entropy = 0.0115044002391
    Total E(T) = -12266.4281442104  Free energy = -12266.4282592544  E0 = -12266.4282017324
cycle= 34 E= -12266.4281442104  delta_E= -0.0929  |g|= 0.876  |ddm|=  878
    sigma = 0.01  Optimized mu_alpha = -0.0536420353544  entropy = 0.0122678126826
    sigma = 0.01  Optimized mu_beta  = -0.0559210088869  entropy = 0.0122678126826
    Total E(T) = -12266.4339021764  Free energy = -12266.4340248546  E0 = -12266.4339635155
cycle= 35 E= -12266.4339021764  delta_E= -0.00576  |g|= 1.01  |ddm|=  984
    sigma = 0.01  Optimized mu_alpha = -0.054241868491  entropy = 0.0100604729796
    sigma = 0.01  Optimized mu_beta  = -0.0566121992172  entropy = 0.0100604729796
    Total E(T) = -12266.4458424199  Free energy = -12266.4459430247  E0 = -12266.4458927223
cycle= 36 E= -12266.4458424199  delta_E= -0.0119  |g|= 0.525  |ddm|=  530
    sigma = 0.01  Optimized mu_alpha = -0.0544998030581  entropy = 0.00963973457848
    sigma = 0.01  Optimized mu_beta  = -0.0567473306509  entropy = 0.00963973457848
    Total E(T) = -12266.4485082389  Free energy = -12266.4486046362  E0 = -12266.4485564375
cycle= 37 E= -12266.4485082389  delta_E= -0.00267  |g|= 0.53  |ddm|=  328
    sigma = 0.01  Optimized mu_alpha = -0.0538758974111  entropy = 0.00953317348
    sigma = 0.01  Optimized mu_beta  = -0.0561433424269  entropy = 0.00953317348
    Total E(T) = -12266.4472348079  Free energy = -12266.4473301396  E0 = -12266.4472824738
cycle= 38 E= -12266.4472348079  delta_E= 0.00127  |g|=  0.5  |ddm|=  188
    sigma = 0.01  Optimized mu_alpha = -0.0536801720154  entropy = 0.00946463924266
    sigma = 0.01  Optimized mu_beta  = -0.0559351978118  entropy = 0.00946463924266
    Total E(T) = -12266.4454527555  Free energy = -12266.4455474019  E0 = -12266.4455000787
cycle= 39 E= -12266.4454527555  delta_E= 0.00178  |g|= 0.508  |ddm|=   88
    sigma = 0.01  Optimized mu_alpha = -0.0543661839258  entropy = 0.0094523192575
    sigma = 0.01  Optimized mu_beta  = -0.0566200592986  entropy = 0.0094523192575
    Total E(T) = -12266.4429709426  Free energy = -12266.4430654658  E0 = -12266.4430182042
cycle= 40 E= -12266.4429709426  delta_E= 0.00248  |g|= 0.538  |ddm|=  157
    sigma = 0.01  Optimized mu_alpha = -0.053596310552  entropy = 0.00944544124147
    sigma = 0.01  Optimized mu_beta  = -0.0558464342694  entropy = 0.00944544124147
    Total E(T) = -12266.441173729  Free energy = -12266.4412681835  E0 = -12266.4412209562
cycle= 41 E= -12266.441173729  delta_E= 0.0018  |g|= 0.573  |ddm|=  129
    sigma = 0.01  Optimized mu_alpha = -0.0536435438143  entropy = 0.00940452638168
    sigma = 0.01  Optimized mu_beta  = -0.0558868935755  entropy = 0.00940452638168
    Total E(T) = -12266.4401436592  Free energy = -12266.4402377044  E0 = -12266.4401906818
cycle= 42 E= -12266.4401436592  delta_E= 0.00103  |g|= 0.561  |ddm|=  121
    sigma = 0.01  Optimized mu_alpha = -0.0536228614772  entropy = 0.00937371510943
    sigma = 0.01  Optimized mu_beta  = -0.0558802666496  entropy = 0.00937371510943
    Total E(T) = -12266.4383136662  Free energy = -12266.4384074034  E0 = -12266.4383605348
cycle= 43 E= -12266.4383136662  delta_E= 0.00183  |g|= 0.579  |ddm|= 34.7
    sigma = 0.01  Optimized mu_alpha = -0.0536782932412  entropy = 0.00942634183905
    sigma = 0.01  Optimized mu_beta  = -0.0559416039086  entropy = 0.00942634183905
    Total E(T) = -12266.4363966635  Free energy = -12266.436490927  E0 = -12266.4364437953
cycle= 44 E= -12266.4363966635  delta_E= 0.00192  |g|= 0.617  |ddm|=  122
    sigma = 0.01  Optimized mu_alpha = -0.0532483569131  entropy = 0.00950030788916
    sigma = 0.01  Optimized mu_beta  = -0.0553886949631  entropy = 0.00950030788916
    Total E(T) = -12266.4403100893  Free energy = -12266.4404050924  E0 = -12266.4403575909
cycle= 45 E= -12266.4403100893  delta_E= -0.00391  |g|= 0.637  |ddm|=  210
    sigma = 0.01  Optimized mu_alpha = -0.0530212659522  entropy = 0.00938694768094
    sigma = 0.01  Optimized mu_beta  = -0.0552718982358  entropy = 0.00938694768094
    Total E(T) = -12266.4404427282  Free energy = -12266.4405365977  E0 = -12266.440489663
cycle= 46 E= -12266.4404427282  delta_E= -0.000133  |g|= 0.586  |ddm|=  126
    sigma = 0.01  Optimized mu_alpha = -0.0520550062135  entropy = 0.0103115558094
    sigma = 0.01  Optimized mu_beta  = -0.0542034881491  entropy = 0.0103115558094
    Total E(T) = -12266.4365984818  Free energy = -12266.4367015974  E0 = -12266.4366500396
cycle= 47 E= -12266.4365984818  delta_E= 0.00384  |g|= 1.08  |ddm|=  508
    sigma = 0.01  Optimized mu_alpha = -0.0533326238723  entropy = 0.00957408901384
    sigma = 0.01  Optimized mu_beta  = -0.0555300483338  entropy = 0.00957408901384
    Total E(T) = -12266.4451702027  Free energy = -12266.4452659436  E0 = -12266.4452180732
cycle= 48 E= -12266.4451702027  delta_E= -0.00857  |g|= 0.688  |ddm|=  402
    sigma = 0.01  Optimized mu_alpha = -0.0532487470147  entropy = 0.00937883070327
    sigma = 0.01  Optimized mu_beta  = -0.055514072824  entropy = 0.00937883070327
    Total E(T) = -12266.447428869  Free energy = -12266.4475226573  E0 = -12266.4474757632
cycle= 49 E= -12266.447428869  delta_E= -0.00226  |g|= 0.549  |ddm|=  229
    sigma = 0.01  Optimized mu_alpha = -0.0530168936621  entropy = 0.00934461742759
    sigma = 0.01  Optimized mu_beta  = -0.0552982840062  entropy = 0.00934461742759
    Total E(T) = -12266.4440755155  Free energy = -12266.4441689616  E0 = -12266.4441222385
cycle= 50 E= -12266.4440755155  delta_E= 0.00335  |g|= 0.561  |ddm|=   94
    sigma = 0.01  Optimized mu_alpha = -0.0537787777607  entropy = 0.00931241048219
    sigma = 0.01  Optimized mu_beta  = -0.0560850225131  entropy = 0.00931241048219
    Total E(T) = -12266.4395828708  Free energy = -12266.4396759949  E0 = -12266.4396294328
cycle= 51 E= -12266.4395828708  delta_E= 0.00449  |g|= 0.596  |ddm|=  129
    sigma = 0.01  Optimized mu_alpha = -0.0514733209167  entropy = 0.00939640155976
    sigma = 0.01  Optimized mu_beta  = -0.0534719728601  entropy = 0.00939640155976
    Total E(T) = -12266.4335449288  Free energy = -12266.4336388928  E0 = -12266.4335919108
cycle= 52 E= -12266.4335449288  delta_E= 0.00604  |g|= 0.733  |ddm|=  264
    sigma = 0.01  Optimized mu_alpha = -0.0527624855731  entropy = 0.00984838302567
    sigma = 0.01  Optimized mu_beta  = -0.0540363955177  entropy = 0.00984838302567
    Total E(T) = -12266.4347794935  Free energy = -12266.4348779773  E0 = -12266.4348287354
cycle= 53 E= -12266.4347794935  delta_E= -0.00123  |g|= 0.913  |ddm|=  517
    sigma = 0.01  Optimized mu_alpha = -0.0526099674954  entropy = 0.00938405212867
    sigma = 0.01  Optimized mu_beta  = -0.0541840812702  entropy = 0.00938405212867
    Total E(T) = -12266.4447040042  Free energy = -12266.4447978447  E0 = -12266.4447509245
cycle= 54 E= -12266.4447040042  delta_E= -0.00992  |g|= 0.581  |ddm|=  257
    sigma = 0.01  Optimized mu_alpha = -0.0483658176292  entropy = 0.0134027080216
    sigma = 0.01  Optimized mu_beta  = -0.0497737638822  entropy = 0.0134027080216
    Total E(T) = -12266.4302828682  Free energy = -12266.4304168952  E0 = -12266.4303498817
cycle= 55 E= -12266.4302828682  delta_E= 0.0144  |g|=  1.3  |ddm|= 1.12e+03
    sigma = 0.01  Optimized mu_alpha = -0.0517190674881  entropy = 0.00985862413852
    sigma = 0.01  Optimized mu_beta  = -0.0527849039479  entropy = 0.00985862413852
    Total E(T) = -12266.4483927311  Free energy = -12266.4484913174  E0 = -12266.4484420242
cycle= 56 E= -12266.4483927311  delta_E= -0.0181  |g|= 0.723  |ddm|=  462
    sigma = 0.01  Optimized mu_alpha = -0.0526412247544  entropy = 0.00944373350354
    sigma = 0.01  Optimized mu_beta  = -0.0537911686114  entropy = 0.00944373350354
    Total E(T) = -12266.4565445398  Free energy = -12266.4566389771  E0 = -12266.4565917584
cycle= 57 E= -12266.4565445398  delta_E= -0.00815  |g|= 0.481  |ddm|=  245
    sigma = 0.01  Optimized mu_alpha = -0.0530450342528  entropy = 0.00933780356027
    sigma = 0.01  Optimized mu_beta  = -0.0541983002897  entropy = 0.00933780356027
    Total E(T) = -12266.4612972465  Free energy = -12266.4613906245  E0 = -12266.4613439355
cycle= 58 E= -12266.4612972465  delta_E= -0.00475  |g|= 0.314  |ddm|=  177
    sigma = 0.01  Optimized mu_alpha = -0.0530935373956  entropy = 0.00925323118955
    sigma = 0.01  Optimized mu_beta  = -0.054240501973  entropy = 0.00925323118955
    Total E(T) = -12266.4635860131  Free energy = -12266.4636785454  E0 = -12266.4636322793
cycle= 59 E= -12266.4635860131  delta_E= -0.00229  |g|= 0.25  |ddm|= 92.4
    sigma = 0.01  Optimized mu_alpha = -0.0529029937508  entropy = 0.00922261824613
    sigma = 0.01  Optimized mu_beta  = -0.0540149110203  entropy = 0.00922261824613
    Total E(T) = -12266.4649335108  Free energy = -12266.465025737  E0 = -12266.4649796239
cycle= 60 E= -12266.4649335108  delta_E= -0.00135  |g|= 0.199  |ddm|=  127
    sigma = 0.01  Optimized mu_alpha = -0.0531048909978  entropy = 0.00920212932822
    sigma = 0.01  Optimized mu_beta  = -0.0541990819115  entropy = 0.00920212932822
    Total E(T) = -12266.4658675976  Free energy = -12266.4659596189  E0 = -12266.4659136083
cycle= 61 E= -12266.4658675976  delta_E= -0.000934  |g|= 0.182  |ddm|= 43.7
    sigma = 0.01  Optimized mu_alpha = -0.0531995772335  entropy = 0.00918622058499
    sigma = 0.01  Optimized mu_beta  = -0.0542365582669  entropy = 0.00918622058499
    Total E(T) = -12266.4667050758  Free energy = -12266.466796938  E0 = -12266.4667510069
cycle= 62 E= -12266.4667050758  delta_E= -0.000837  |g|= 0.163  |ddm|=   50
    sigma = 0.01  Optimized mu_alpha = -0.0529861334715  entropy = 0.00917573788159
    sigma = 0.01  Optimized mu_beta  = -0.0539610782781  entropy = 0.00917573788159
    Total E(T) = -12266.4674518799  Free energy = -12266.4675436373  E0 = -12266.4674977586
cycle= 63 E= -12266.4674518799  delta_E= -0.000747  |g|= 0.162  |ddm|= 59.6
    sigma = 0.01  Optimized mu_alpha = -0.0539598852135  entropy = 0.00911649465106
    sigma = 0.01  Optimized mu_beta  = -0.0549287012122  entropy = 0.00911649465106
    Total E(T) = -12266.4681818929  Free energy = -12266.4682730579  E0 = -12266.4682274754
cycle= 64 E= -12266.4681818929  delta_E= -0.00073  |g|= 0.155  |ddm|= 91.2
    sigma = 0.01  Optimized mu_alpha = -0.0532144432542  entropy = 0.00911315448559
    sigma = 0.01  Optimized mu_beta  = -0.0541377462373  entropy = 0.00911315448559
    Total E(T) = -12266.469042494  Free energy = -12266.4691336256  E0 = -12266.4690880598
cycle= 65 E= -12266.469042494  delta_E= -0.000861  |g|= 0.117  |ddm|=  109
    sigma = 0.01  Optimized mu_alpha = -0.0530492663945  entropy = 0.00909540455643
    sigma = 0.01  Optimized mu_beta  = -0.0539623705818  entropy = 0.00909540455643
    Total E(T) = -12266.4696780362  Free energy = -12266.4697689903  E0 = -12266.4697235133
cycle= 66 E= -12266.4696780362  delta_E= -0.000636  |g|= 0.0954  |ddm|= 75.5
    sigma = 0.01  Optimized mu_alpha = -0.0530056266715  entropy = 0.00909235494255
    sigma = 0.01  Optimized mu_beta  = -0.0539196142077  entropy = 0.00909235494255
    Total E(T) = -12266.4701628594  Free energy = -12266.470253783  E0 = -12266.4702083212
cycle= 67 E= -12266.4701628594  delta_E= -0.000485  |g|= 0.146  |ddm|=  106
    sigma = 0.01  Optimized mu_alpha = -0.0532088128768  entropy = 0.00903933952922
    sigma = 0.01  Optimized mu_beta  = -0.0541769355325  entropy = 0.00903933952922
    Total E(T) = -12266.4707602856  Free energy = -12266.470850679  E0 = -12266.4708054823
cycle= 68 E= -12266.4707602856  delta_E= -0.000597  |g|=  0.1  |ddm|= 89.6
    sigma = 0.01  Optimized mu_alpha = -0.0531364720542  entropy = 0.00901737467705
    sigma = 0.01  Optimized mu_beta  = -0.0541198713144  entropy = 0.00901737467705
    Total E(T) = -12266.4712206858  Free energy = -12266.4713108595  E0 = -12266.4712657727
cycle= 69 E= -12266.4712206858  delta_E= -0.00046  |g|= 0.0652  |ddm|= 45.9
    sigma = 0.01  Optimized mu_alpha = -0.0531206746112  entropy = 0.00900663944668
    sigma = 0.01  Optimized mu_beta  = -0.0540873237538  entropy = 0.00900663944668
    Total E(T) = -12266.4715899884  Free energy = -12266.4716800548  E0 = -12266.4716350216
cycle= 70 E= -12266.4715899884  delta_E= -0.000369  |g|= 0.0314  |ddm|= 39.7
    sigma = 0.01  Optimized mu_alpha = -0.0530932892088  entropy = 0.00898600739634
    sigma = 0.01  Optimized mu_beta  = -0.0540523408759  entropy = 0.00898600739634
    Total E(T) = -12266.4718806052  Free energy = -12266.4719704653  E0 = -12266.4719255353
cycle= 71 E= -12266.4718806052  delta_E= -0.000291  |g|= 0.0202  |ddm|= 26.9
    sigma = 0.01  Optimized mu_alpha = -0.0530786806268  entropy = 0.00896688650479
    sigma = 0.01  Optimized mu_beta  = -0.0540149558102  entropy = 0.00896688650479
    Total E(T) = -12266.4721354972  Free energy = -12266.4722251661  E0 = -12266.4721803317
cycle= 72 E= -12266.4721354972  delta_E= -0.000255  |g|= 0.023  |ddm|= 37.9
    sigma = 0.01  Optimized mu_alpha = -0.0530046032133  entropy = 0.00895531353158
    sigma = 0.01  Optimized mu_beta  = -0.0539573810323  entropy = 0.00895531353158
    Total E(T) = -12266.4723618306  Free energy = -12266.4724513838  E0 = -12266.4724066072
cycle= 73 E= -12266.4723618306  delta_E= -0.000226  |g|= 0.0207  |ddm|= 30.4
    sigma = 0.01  Optimized mu_alpha = -0.0530318767525  entropy = 0.00893671449436
    sigma = 0.01  Optimized mu_beta  = -0.0540182267749  entropy = 0.00893671449436
    Total E(T) = -12266.4725765832  Free energy = -12266.4726659503  E0 = -12266.4726212667
cycle= 74 E= -12266.4725765832  delta_E= -0.000215  |g|= 0.0225  |ddm|= 31.4
    sigma = 0.01  Optimized mu_alpha = -0.0529257578962  entropy = 0.00893154300622
    sigma = 0.01  Optimized mu_beta  = -0.0540006054625  entropy = 0.00893154300622
    Total E(T) = -12266.4727742229  Free energy = -12266.4728635384  E0 = -12266.4728188806
cycle= 75 E= -12266.4727742229  delta_E= -0.000198  |g|= 0.0265  |ddm|=   40
    sigma = 0.01  Optimized mu_alpha = -0.0531603802701  entropy = 0.00891626991045
    sigma = 0.01  Optimized mu_beta  = -0.0542835641278  entropy = 0.00891626991045
    Total E(T) = -12266.4728981862  Free energy = -12266.4729873489  E0 = -12266.4729427675
cycle= 76 E= -12266.4728981862  delta_E= -0.000124  |g|= 0.0468  |ddm|=   27
    sigma = 0.01  Optimized mu_alpha = -0.0529233903909  entropy = 0.00891166715874
    sigma = 0.01  Optimized mu_beta  = -0.0540341151496  entropy = 0.00891166715874
    Total E(T) = -12266.4730617994  Free energy = -12266.4731509161  E0 = -12266.4731063577
cycle= 77 E= -12266.4730617994  delta_E= -0.000164  |g|= 0.0249  |ddm|= 33.8
    sigma = 0.01  Optimized mu_alpha = -0.0528957593002  entropy = 0.00890405802335
    sigma = 0.01  Optimized mu_beta  = -0.054015802072  entropy = 0.00890405802335
    Total E(T) = -12266.4731830753  Free energy = -12266.4732721159  E0 = -12266.4732275956
cycle= 78 E= -12266.4731830753  delta_E= -0.000121  |g|= 0.0216  |ddm|= 19.4
    sigma = 0.01  Optimized mu_alpha = -0.0528934996081  entropy = 0.00890270809678
    sigma = 0.01  Optimized mu_beta  = -0.0540586877524  entropy = 0.00890270809678
    Total E(T) = -12266.4732778496  Free energy = -12266.4733668767  E0 = -12266.4733223632
cycle= 79 E= -12266.4732778496  delta_E= -9.48e-05  |g|= 0.0263  |ddm|= 23.9
    sigma = 0.01  Optimized mu_alpha = -0.0528476086781  entropy = 0.0089051145572
    sigma = 0.01  Optimized mu_beta  = -0.0541255600616  entropy = 0.0089051145572
    Total E(T) = -12266.473367626  Free energy = -12266.4734566771  E0 = -12266.4734121516
cycle= 80 E= -12266.473367626  delta_E= -8.98e-05  |g|= 0.023  |ddm|= 31.8
    sigma = 0.01  Optimized mu_alpha = -0.0529019255054  entropy = 0.00890099554449
    sigma = 0.01  Optimized mu_beta  = -0.0541748194078  entropy = 0.00890099554449
    Total E(T) = -12266.4734309005  Free energy = -12266.4735199104  E0 = -12266.4734754054
cycle= 81 E= -12266.4734309005  delta_E= -6.33e-05  |g|= 0.0349  |ddm|= 28.2
    sigma = 0.01  Optimized mu_alpha = -0.0528568548411  entropy = 0.00890337743574
    sigma = 0.01  Optimized mu_beta  = -0.0541561209239  entropy = 0.00890337743574
    Total E(T) = -12266.4734876636  Free energy = -12266.4735766974  E0 = -12266.4735321805
cycle= 82 E= -12266.4734876636  delta_E= -5.68e-05  |g|= 0.042  |ddm|= 19.8
    sigma = 0.01  Optimized mu_alpha = -0.0528446230565  entropy = 0.00889709374322
    sigma = 0.01  Optimized mu_beta  = -0.054163513114  entropy = 0.00889709374322
    Total E(T) = -12266.4735456862  Free energy = -12266.4736346571  E0 = -12266.4735901717
cycle= 83 E= -12266.4735456862  delta_E= -5.8e-05  |g|= 0.0334  |ddm|= 15.3
    sigma = 0.01  Optimized mu_alpha = -0.0528382008271  entropy = 0.00889247271432
    sigma = 0.01  Optimized mu_beta  = -0.0541598006921  entropy = 0.00889247271432
    Total E(T) = -12266.4735985681  Free energy = -12266.4736874929  E0 = -12266.4736430305
cycle= 84 E= -12266.4735985681  delta_E= -5.29e-05  |g|= 0.0287  |ddm|= 11.7
    sigma = 0.01  Optimized mu_alpha = -0.0528440675475  entropy = 0.00888772599879
    sigma = 0.01  Optimized mu_beta  = -0.0541322231182  entropy = 0.00888772599879
    Total E(T) = -12266.4736543856  Free energy = -12266.4737432629  E0 = -12266.4736988242
cycle= 85 E= -12266.4736543856  delta_E= -5.58e-05  |g|= 0.0257  |ddm|= 12.8
    sigma = 0.01  Optimized mu_alpha = -0.0528480990286  entropy = 0.00888533741506
    sigma = 0.01  Optimized mu_beta  = -0.0541509896364  entropy = 0.00888533741506
    Total E(T) = -12266.4737037747  Free energy = -12266.4737926281  E0 = -12266.4737482014
cycle= 86 E= -12266.4737037747  delta_E= -4.94e-05  |g|= 0.0173  |ddm|= 11.4
    sigma = 0.01  Optimized mu_alpha = -0.0528153994542  entropy = 0.00889040907992
    sigma = 0.01  Optimized mu_beta  = -0.0541493086064  entropy = 0.00889040907992
    Total E(T) = -12266.47373865  Free energy = -12266.4738275541  E0 = -12266.4737831021
cycle= 87 E= -12266.47373865  delta_E= -3.49e-05  |g|= 0.0193  |ddm|= 17.3
    sigma = 0.01  Optimized mu_alpha = -0.0528567008859  entropy = 0.00888969622412
    sigma = 0.01  Optimized mu_beta  = -0.0542020901555  entropy = 0.00888969622412
    Total E(T) = -12266.4737712759  Free energy = -12266.4738601728  E0 = -12266.4738157244
cycle= 88 E= -12266.4737712759  delta_E= -3.26e-05  |g|= 0.0193  |ddm|= 13.9
    sigma = 0.01  Optimized mu_alpha = -0.0528274813589  entropy = 0.0088881552082
    sigma = 0.01  Optimized mu_beta  = -0.0541669217952  entropy = 0.0088881552082
    Total E(T) = -12266.4738053322  Free energy = -12266.4738942137  E0 = -12266.473849773
cycle= 89 E= -12266.4738053322  delta_E= -3.41e-05  |g|= 0.0174  |ddm|= 8.54
    sigma = 0.01  Optimized mu_alpha = -0.0528236318721  entropy = 0.00888671848957
    sigma = 0.01  Optimized mu_beta  = -0.0541647801849  entropy = 0.00888671848957
    Total E(T) = -12266.4738360268  Free energy = -12266.473924894  E0 = -12266.4738804604
cycle= 90 E= -12266.4738360268  delta_E= -3.07e-05  |g|= 0.0146  |ddm|=  7.7
    sigma = 0.01  Optimized mu_alpha = -0.0528375090023  entropy = 0.00888493404644
    sigma = 0.01  Optimized mu_beta  = -0.0541893173644  entropy = 0.00888493404644
    Total E(T) = -12266.4738635827  Free energy = -12266.4739524321  E0 = -12266.4739080074
cycle= 91 E= -12266.4738635827  delta_E= -2.76e-05  |g|= 0.0138  |ddm|= 8.75
    sigma = 0.01  Optimized mu_alpha = -0.0528308071384  entropy = 0.008883619655
    sigma = 0.01  Optimized mu_beta  = -0.0541738866661  entropy = 0.008883619655
    Total E(T) = -12266.4738900383  Free energy = -12266.4739788745  E0 = -12266.4739344564
cycle= 92 E= -12266.4738900383  delta_E= -2.65e-05  |g|= 0.0118  |ddm|=  7.5
    sigma = 0.01  Optimized mu_alpha = -0.052846379197  entropy = 0.00888489805075
    sigma = 0.01  Optimized mu_beta  = -0.0541952436962  entropy = 0.00888489805075
    Total E(T) = -12266.4739123371  Free energy = -12266.4740011861  E0 = -12266.4739567616
cycle= 93 E= -12266.4739123371  delta_E= -2.23e-05  |g|= 0.0128  |ddm|=  8.2
    sigma = 0.01  Optimized mu_alpha = -0.0528310676863  entropy = 0.00888543681826
    sigma = 0.01  Optimized mu_beta  = -0.054186031074  entropy = 0.00888543681826
    Total E(T) = -12266.4739320255  Free energy = -12266.4740208799  E0 = -12266.4739764527
cycle= 94 E= -12266.4739320255  delta_E= -1.97e-05  |g|= 0.0127  |ddm|= 7.95
    sigma = 0.01  Optimized mu_alpha = -0.0528299753365  entropy = 0.00888647939207
    sigma = 0.01  Optimized mu_beta  = -0.0541970832862  entropy = 0.00888647939207
    Total E(T) = -12266.4739499675  Free energy = -12266.4740388323  E0 = -12266.4739943999
cycle= 95 E= -12266.4739499675  delta_E= -1.79e-05  |g|= 0.0127  |ddm|= 7.04
    sigma = 0.01  Optimized mu_alpha = -0.0528267076075  entropy = 0.00888705483112
    sigma = 0.01  Optimized mu_beta  = -0.0542004937106  entropy = 0.00888705483112
    Total E(T) = -12266.4739646196  Free energy = -12266.4740534901  E0 = -12266.4740090548
cycle= 96 E= -12266.4739646196  delta_E= -1.47e-05  |g|= 0.016  |ddm|= 9.77
    sigma = 0.01  Optimized mu_alpha = -0.0528311832876  entropy = 0.00888338256787
    sigma = 0.01  Optimized mu_beta  = -0.0541986700801  entropy = 0.00888338256787
    Total E(T) = -12266.4739817259  Free energy = -12266.4740705597  E0 = -12266.4740261428
cycle= 97 E= -12266.4739817259  delta_E= -1.71e-05  |g|= 0.0148  |ddm|= 6.41
    sigma = 0.01  Optimized mu_alpha = -0.0528292507809  entropy = 0.00888283242926
    sigma = 0.01  Optimized mu_beta  = -0.0541981555249  entropy = 0.00888283242926
    Total E(T) = -12266.4739971676  Free energy = -12266.4740859959  E0 = -12266.4740415818
cycle= 98 E= -12266.4739971676  delta_E= -1.54e-05  |g|= 0.0126  |ddm|= 8.04
    sigma = 0.01  Optimized mu_alpha = -0.0528072218529  entropy = 0.00888620835531
    sigma = 0.01  Optimized mu_beta  = -0.0541868486372  entropy = 0.00888620835531
    Total E(T) = -12266.4740076596  Free energy = -12266.4740965216  E0 = -12266.4740520906
cycle= 99 E= -12266.4740076596  delta_E= -1.05e-05  |g|= 0.0157  |ddm|= 10.9
    sigma = 0.01  Optimized mu_alpha = -0.0528084885122  entropy = 0.00888675985836
    sigma = 0.01  Optimized mu_beta  = -0.0541883177578  entropy = 0.00888675985836
    Total E(T) = -12266.4740164934  Free energy = -12266.474105361  E0 = -12266.4740609272
cycle= 100 E= -12266.4740164934  delta_E= -8.83e-06  |g|= 0.0191  |ddm|= 10.2
    sigma = 0.01  Optimized mu_alpha = -0.0528145318749  entropy = 0.00888615008232
    sigma = 0.01  Optimized mu_beta  = -0.0541994251708  entropy = 0.00888615008232
    Total E(T) = -12266.4740260946  Free energy = -12266.4741149561  E0 = -12266.4740705253
cycle= 101 E= -12266.4740260946  delta_E= -9.6e-06  |g|= 0.0198  |ddm|= 7.41
    sigma = 0.01  Optimized mu_alpha = -0.0528034903405  entropy = 0.00887822735997
    sigma = 0.01  Optimized mu_beta  = -0.0541311631524  entropy = 0.00887822735997
    Total E(T) = -12266.4740377928  Free energy = -12266.474126575  E0 = -12266.4740821839
cycle= 102 E= -12266.4740377928  delta_E= -1.17e-05  |g|= 0.0259  |ddm|= 19.4
    sigma = 0.01  Optimized mu_alpha = -0.0528209595792  entropy = 0.00888133027675
    sigma = 0.01  Optimized mu_beta  = -0.054195821303  entropy = 0.00888133027675
    Total E(T) = -12266.4740546168  Free energy = -12266.4741434301  E0 = -12266.4740990234
cycle= 103 E= -12266.4740546168  delta_E= -1.68e-05  |g|= 0.0132  |ddm|= 11.4
    sigma = 0.01  Optimized mu_alpha = -0.052817290383  entropy = 0.00888030338814
    sigma = 0.01  Optimized mu_beta  = -0.0541867997864  entropy = 0.00888030338814
    Total E(T) = -12266.4740657252  Free energy = -12266.4741545282  E0 = -12266.4741101267
cycle= 104 E= -12266.4740657252  delta_E= -1.11e-05  |g|= 0.0132  |ddm|=  7.4
    sigma = 0.01  Optimized mu_alpha = -0.0528315009152  entropy = 0.00888041196633
    sigma = 0.01  Optimized mu_beta  = -0.0542076482013  entropy = 0.00888041196633
    Total E(T) = -12266.4740760089  Free energy = -12266.474164813  E0 = -12266.474120411
cycle= 105 E= -12266.4740760089  delta_E= -1.03e-05  |g|= 0.0116  |ddm|= 6.44
    sigma = 0.01  Optimized mu_alpha = -0.0528195962605  entropy = 0.00887929171414
    sigma = 0.01  Optimized mu_beta  = -0.0541923411151  entropy = 0.00887929171414
    Total E(T) = -12266.4740856528  Free energy = -12266.4741744457  E0 = -12266.4741300493
cycle= 106 E= -12266.4740856528  delta_E= -9.64e-06  |g|= 0.00915  |ddm|=  9.6
    sigma = 0.01  Optimized mu_alpha = -0.0528258528714  entropy = 0.00888034953229
    sigma = 0.01  Optimized mu_beta  = -0.0542105122428  entropy = 0.00888034953229
    Total E(T) = -12266.4740943777  Free energy = -12266.4741831812  E0 = -12266.4741387795
cycle= 107 E= -12266.4740943777  delta_E= -8.72e-06  |g|= 0.00489  |ddm|= 6.04
    sigma = 0.01  Optimized mu_alpha = -0.0527996767484  entropy = 0.00888389533645
    sigma = 0.01  Optimized mu_beta  = -0.0541968359077  entropy = 0.00888389533645
    Total E(T) = -12266.4740993874  Free energy = -12266.4741882263  E0 = -12266.4741438068
cycle= 108 E= -12266.4740993874  delta_E= -5.01e-06  |g|= 0.00877  |ddm|= 9.68
    sigma = 0.01  Optimized mu_alpha = -0.0528248127851  entropy = 0.00887783261232
    sigma = 0.01  Optimized mu_beta  = -0.0542098561676  entropy = 0.00887783261232
    Total E(T) = -12266.4741071859  Free energy = -12266.4741959642  E0 = -12266.4741515751
cycle= 109 E= -12266.4741071859  delta_E= -7.8e-06  |g|= 0.00719  |ddm|= 13.2
    sigma = 0.01  Optimized mu_alpha = -0.0528125337307  entropy = 0.00887983207041
    sigma = 0.01  Optimized mu_beta  = -0.0542009079442  entropy = 0.00887983207041
    Total E(T) = -12266.4741132781  Free energy = -12266.4742020764  E0 = -12266.4741576773
cycle= 110 E= -12266.4741132781  delta_E= -6.09e-06  |g|= 0.00661  |ddm|= 5.87
    sigma = 0.01  Optimized mu_alpha = -0.0528092906893  entropy = 0.0088796329215
    sigma = 0.01  Optimized mu_beta  = -0.0541960719476  entropy = 0.0088796329215
    Total E(T) = -12266.4741190391  Free energy = -12266.4742078354  E0 = -12266.4741634372
cycle= 111 E= -12266.4741190391  delta_E= -5.76e-06  |g|= 0.0062  |ddm|=  5.8
    sigma = 0.01  Optimized mu_alpha = -0.0528136072898  entropy = 0.00887852592203
    sigma = 0.01  Optimized mu_beta  = -0.0541961434705  entropy = 0.00887852592203
    Total E(T) = -12266.4741244296  Free energy = -12266.4742132148  E0 = -12266.4741688222
cycle= 112 E= -12266.4741244296  delta_E= -5.39e-06  |g|= 0.0065  |ddm|=  4.4
    sigma = 0.01  Optimized mu_alpha = -0.0528221084577  entropy = 0.0088780023732
    sigma = 0.01  Optimized mu_beta  = -0.0542085417056  entropy = 0.0088780023732
    Total E(T) = -12266.4741296802  Free energy = -12266.4742184602  E0 = -12266.4741740702
cycle= 113 E= -12266.4741296802  delta_E= -5.25e-06  |g|= 0.00341  |ddm|= 3.61
    sigma = 0.01  Optimized mu_alpha = -0.0528062422392  entropy = 0.0088761983107
    sigma = 0.01  Optimized mu_beta  = -0.054173596691  entropy = 0.0088761983107
    Total E(T) = -12266.4741330647  Free energy = -12266.4742218266  E0 = -12266.4741774457
cycle= 114 E= -12266.4741330647  delta_E= -3.38e-06  |g|= 0.0088  |ddm|= 8.88
    sigma = 0.01  Optimized mu_alpha = -0.0528087952963  entropy = 0.00887935291208
    sigma = 0.01  Optimized mu_beta  = -0.0541960455485  entropy = 0.00887935291208
    Total E(T) = -12266.4741379863  Free energy = -12266.4742267798  E0 = -12266.474182383
cycle= 115 E= -12266.4741379863  delta_E= -4.92e-06  |g|= 0.00555  |ddm|= 4.94
    sigma = 0.01  Optimized mu_alpha = -0.0528113219772  entropy = 0.0088806227504
    sigma = 0.01  Optimized mu_beta  = -0.0542081266646  entropy = 0.0088806227504
    Total E(T) = -12266.474142121  Free energy = -12266.4742309273  E0 = -12266.4741865241
cycle= 116 E= -12266.474142121  delta_E= -4.13e-06  |g|= 0.00498  |ddm|= 4.75
    sigma = 0.01  Optimized mu_alpha = -0.0528057241928  entropy = 0.00888190384969
    sigma = 0.01  Optimized mu_beta  = -0.0542061314271  entropy = 0.00888190384969
    Total E(T) = -12266.4741455319  Free energy = -12266.474234351  E0 = -12266.4741899414
cycle= 117 E= -12266.4741455319  delta_E= -3.41e-06  |g|= 0.0055  |ddm|=  5.4
    sigma = 0.01  Optimized mu_alpha = -0.052804091832  entropy = 0.00888091166758
    sigma = 0.01  Optimized mu_beta  = -0.0542019929795  entropy = 0.00888091166758
    Total E(T) = -12266.4741490496  Free energy = -12266.4742378588  E0 = -12266.4741934542
cycle= 118 E= -12266.4741490496  delta_E= -3.52e-06  |g|= 0.00459  |ddm|= 3.46
    sigma = 0.01  Optimized mu_alpha = -0.0528115333359  entropy = 0.00888007903845
    sigma = 0.01  Optimized mu_beta  = -0.054208146975  entropy = 0.00888007903845
    Total E(T) = -12266.4741524568  Free energy = -12266.4742412575  E0 = -12266.4741968571
cycle= 119 E= -12266.4741524568  delta_E= -3.41e-06  |g|= 0.00444  |ddm|= 3.51
    sigma = 0.01  Optimized mu_alpha = -0.0528105152885  entropy = 0.00887708896454
    sigma = 0.01  Optimized mu_beta  = -0.0541955554286  entropy = 0.00887708896454
    Total E(T) = -12266.4741559179  Free energy = -12266.4742446888  E0 = -12266.4742003033
cycle= 120 E= -12266.4741559179  delta_E= -3.46e-06  |g|= 0.00319  |ddm|= 5.76
    sigma = 0.01  Optimized mu_alpha = -0.0528122719268  entropy = 0.00887734434344
    sigma = 0.01  Optimized mu_beta  = -0.054199064741  entropy = 0.00887734434344
    Total E(T) = -12266.4741588934  Free energy = -12266.4742476669  E0 = -12266.4742032802
cycle= 121 E= -12266.4741588934  delta_E= -2.98e-06  |g|= 0.00238  |ddm|= 3.32
    sigma = 0.01  Optimized mu_alpha = -0.052802180857  entropy = 0.00888211534565
    sigma = 0.01  Optimized mu_beta  = -0.0542057601598  entropy = 0.00888211534565
    Total E(T) = -12266.4741611961  Free energy = -12266.4742500173  E0 = -12266.4742056067
cycle= 122 E= -12266.4741611961  delta_E= -2.3e-06  |g|= 0.00447  |ddm|= 8.37
    sigma = 0.01  Optimized mu_alpha = -0.0527951883654  entropy = 0.00888329925135
    sigma = 0.01  Optimized mu_beta  = -0.0541996262219  entropy = 0.00888329925135
    Total E(T) = -12266.4741628091  Free energy = -12266.4742516421  E0 = -12266.4742072256
cycle= 123 E= -12266.4741628091  delta_E= -1.61e-06  |g|= 0.00686  |ddm|= 6.16
    sigma = 0.01  Optimized mu_alpha = -0.0528047244303  entropy = 0.0088806004953
    sigma = 0.01  Optimized mu_beta  = -0.0542005195627  entropy = 0.0088806004953
    Total E(T) = -12266.4741656296  Free energy = -12266.4742544356  E0 = -12266.4742100326
cycle= 124 E= -12266.4741656296  delta_E= -2.82e-06  |g|= 0.00592  |ddm|= 4.37
    sigma = 0.01  Optimized mu_alpha = -0.0528197465066  entropy = 0.0088798457605
    sigma = 0.01  Optimized mu_beta  = -0.0542211491669  entropy = 0.0088798457605
    Total E(T) = -12266.4741679908  Free energy = -12266.4742567893  E0 = -12266.4742123901
cycle= 125 E= -12266.4741679908  delta_E= -2.36e-06  |g|= 0.00631  |ddm|= 3.81
    sigma = 0.01  Optimized mu_alpha = -0.0528100589267  entropy = 0.00887757640255
    sigma = 0.01  Optimized mu_beta  = -0.0541999381961  entropy = 0.00887757640255
    Total E(T) = -12266.4741709021  Free energy = -12266.4742596778  E0 = -12266.4742152899
cycle= 126 E= -12266.4741709021  delta_E= -2.91e-06  |g|= 0.00362  |ddm|= 5.77
    sigma = 0.01  Optimized mu_alpha = -0.0528057123724  entropy = 0.00887824098433
    sigma = 0.01  Optimized mu_beta  = -0.0541952783105  entropy = 0.00887824098433
    Total E(T) = -12266.4741730052  Free energy = -12266.4742617876  E0 = -12266.4742173964
cycle= 127 E= -12266.4741730052  delta_E= -2.1e-06  |g|= 0.00311  |ddm|= 2.92
    sigma = 0.01  Optimized mu_alpha = -0.0528083267778  entropy = 0.00888008577436
    sigma = 0.01  Optimized mu_beta  = -0.0542064757776  entropy = 0.00888008577436
    Total E(T) = -12266.4741746921  Free energy = -12266.4742634929  E0 = -12266.4742190925
cycle= 128 E= -12266.4741746921  delta_E= -1.69e-06  |g|= 0.00421  |ddm|= 5.33
    sigma = 0.01  Optimized mu_alpha = -0.0528027929452  entropy = 0.00888054166751
    sigma = 0.01  Optimized mu_beta  = -0.0542013801764  entropy = 0.00888054166751
    Total E(T) = -12266.4741764313  Free energy = -12266.4742652367  E0 = -12266.474220834
cycle= 129 E= -12266.4741764313  delta_E= -1.74e-06  |g|= 0.00428  |ddm|= 4.38
    sigma = 0.01  Optimized mu_alpha = -0.0528046415818  entropy = 0.00887888216374
    sigma = 0.01  Optimized mu_beta  = -0.0542021991729  entropy = 0.00887888216374
    Total E(T) = -12266.4741782129  Free energy = -12266.4742670018  E0 = -12266.4742226073
cycle= 130 E= -12266.4741782129  delta_E= -1.78e-06  |g|= 0.00446  |ddm|= 4.22
    sigma = 0.01  Optimized mu_alpha = -0.0528092531138  entropy = 0.00887920277008
    sigma = 0.01  Optimized mu_beta  = -0.0542068146454  entropy = 0.00887920277008
    Total E(T) = -12266.4741797346  Free energy = -12266.4742685266  E0 = -12266.4742241306
cycle= 131 E= -12266.4741797346  delta_E= -1.52e-06  |g|= 0.00444  |ddm|=  3.5
    sigma = 0.01  Optimized mu_alpha = -0.0528034230763  entropy = 0.00887877375009
    sigma = 0.01  Optimized mu_beta  = -0.0541971938495  entropy = 0.00887877375009
    Total E(T) = -12266.4741813449  Free energy = -12266.4742701326  E0 = -12266.4742257387
cycle= 132 E= -12266.4741813449  delta_E= -1.61e-06  |g|= 0.00338  |ddm|= 2.91
    sigma = 0.01  Optimized mu_alpha = -0.0528039282702  entropy = 0.00887918568734
    sigma = 0.01  Optimized mu_beta  = -0.0541999830403  entropy = 0.00887918568734
    Total E(T) = -12266.4741827621  Free energy = -12266.4742715539  E0 = -12266.474227158
cycle= 133 E= -12266.4741827621  delta_E= -1.42e-06  |g|= 0.00286  |ddm|= 2.58
    sigma = 0.01  Optimized mu_alpha = -0.052803372345  entropy = 0.00887886778169
    sigma = 0.01  Optimized mu_beta  = -0.0542000969074  entropy = 0.00887886778169
    Total E(T) = -12266.4741841015  Free energy = -12266.4742728901  E0 = -12266.4742284958
cycle= 134 E= -12266.4741841015  delta_E= -1.34e-06  |g|= 0.00204  |ddm|= 2.18
    sigma = 0.01  Optimized mu_alpha = -0.0528048097099  entropy = 0.00887957837511
    sigma = 0.01  Optimized mu_beta  = -0.0542040243197  entropy = 0.00887957837511
    Total E(T) = -12266.4741853767  Free energy = -12266.4742741725  E0 = -12266.4742297746
cycle= 135 E= -12266.4741853767  delta_E= -1.28e-06  |g|= 0.00156  |ddm|= 2.16
    sigma = 0.01  Optimized mu_alpha = -0.0528087422006  entropy = 0.00888009032398
    sigma = 0.01  Optimized mu_beta  = -0.0542109504285  entropy = 0.00888009032398
    Total E(T) = -12266.4741865654  Free energy = -12266.4742753663  E0 = -12266.4742309659
cycle= 136 E= -12266.4741865654  delta_E= -1.19e-06  |g|= 0.00147  |ddm|= 2.99
    sigma = 0.01  Optimized mu_alpha = -0.0528093697966  entropy = 0.00887982145792
    sigma = 0.01  Optimized mu_beta  = -0.0542126711056  entropy = 0.00887982145792
    Total E(T) = -12266.4741875909  Free energy = -12266.4742763891  E0 = -12266.47423199
cycle= 137 E= -12266.4741875909  delta_E= -1.03e-06  |g|= 0.00225  |ddm|=  2.2
    sigma = 0.01  Optimized mu_alpha = -0.0527956703386  entropy = 0.00888309295823
    sigma = 0.01  Optimized mu_beta  = -0.0542053654056  entropy = 0.00888309295823
    Total E(T) = -12266.4741883243  Free energy = -12266.4742771552  E0 = -12266.4742327398
cycle= 138 E= -12266.4741883243  delta_E= -7.33e-07  |g|= 0.00352  |ddm|= 5.04
    sigma = 0.01  Optimized mu_alpha = -0.0528008668851  entropy = 0.00888025504946
    sigma = 0.01  Optimized mu_beta  = -0.0542010387632  entropy = 0.00888025504946
    Total E(T) = -12266.4741894542  Free energy = -12266.4742782568  E0 = -12266.4742338555
cycle= 139 E= -12266.4741894542  delta_E= -1.13e-06  |g|= 0.00301  |ddm|= 2.42
    sigma = 0.01  Optimized mu_alpha = -0.0528054884703  entropy = 0.00887910524145
    sigma = 0.01  Optimized mu_beta  = -0.0542038405297  entropy = 0.00887910524145
    Total E(T) = -12266.4741905638  Free energy = -12266.4742793548  E0 = -12266.4742349593
cycle= 140 E= -12266.4741905638  delta_E= -1.11e-06  |g|= 0.00205  |ddm|= 3.26
    sigma = 0.01  Optimized mu_alpha = -0.0528031498734  entropy = 0.00887933607423
    sigma = 0.01  Optimized mu_beta  = -0.0541996815798  entropy = 0.00887933607423
    Total E(T) = -12266.4741914782  Free energy = -12266.4742802715  E0 = -12266.4742358748
cycle= 141 E= -12266.4741914782  delta_E= -9.14e-07  |g|= 0.00177  |ddm|= 2.26
    sigma = 0.01  Optimized mu_alpha = -0.0528044690938  entropy = 0.00887936092358
    sigma = 0.01  Optimized mu_beta  = -0.0542037619386  entropy = 0.00887936092358
    Total E(T) = -12266.4741923068  Free energy = -12266.4742811004  E0 = -12266.4742367036
cycle= 142 E= -12266.4741923068  delta_E= -8.29e-07  |g|= 0.00184  |ddm|= 2.41
    sigma = 0.01  Optimized mu_alpha = -0.0528046422135  entropy = 0.00887965088532
    sigma = 0.01  Optimized mu_beta  = -0.0542030735938  entropy = 0.00887965088532
    Total E(T) = -12266.4741930962  Free energy = -12266.4742818927  E0 = -12266.4742374944
cycle= 143 E= -12266.4741930962  delta_E= -7.89e-07  |g|= 0.0015  |ddm|= 2.01
    sigma = 0.01  Optimized mu_alpha = -0.0527992902526  entropy = 0.00888079388111
    sigma = 0.01  Optimized mu_beta  = -0.0542001946181  entropy = 0.00888079388111
    Total E(T) = -12266.4741937912  Free energy = -12266.4742825992  E0 = -12266.4742381952
cycle= 144 E= -12266.4741937912  delta_E= -6.95e-07  |g|= 0.00257  |ddm|=  2.9
    sigma = 0.01  Optimized mu_alpha = -0.0528015784146  entropy = 0.00888041040982
    sigma = 0.01  Optimized mu_beta  = -0.0542030398371  entropy = 0.00888041040982
    Total E(T) = -12266.4741945304  Free energy = -12266.4742833345  E0 = -12266.4742389324
cycle= 145 E= -12266.4741945304  delta_E= -7.39e-07  |g|= 0.00215  |ddm|= 1.96
    sigma = 0.01  Optimized mu_alpha = -0.0528003300578  entropy = 0.00888156781113
    sigma = 0.01  Optimized mu_beta  = -0.0542034871999  entropy = 0.00888156781113
    Total E(T) = -12266.474195111  Free energy = -12266.4742839267  E0 = -12266.4742395189
cycle= 146 E= -12266.474195111  delta_E= -5.81e-07  |g|= 0.00325  |ddm|= 4.21
    sigma = 0.01  Optimized mu_alpha = -0.0528048329736  entropy = 0.00888056978658
    sigma = 0.01  Optimized mu_beta  = -0.0542072629156  entropy = 0.00888056978658
    Total E(T) = -12266.4741958511  Free energy = -12266.4742846568  E0 = -12266.4742402539
cycle= 147 E= -12266.4741958511  delta_E= -7.4e-07  |g|= 0.00256  |ddm|= 2.55
    sigma = 0.01  Optimized mu_alpha = -0.0528065602138  entropy = 0.00888015731607
    sigma = 0.01  Optimized mu_beta  = -0.054208923147  entropy = 0.00888015731607
    Total E(T) = -12266.474196526  Free energy = -12266.4742853276  E0 = -12266.4742409268
cycle= 148 E= -12266.474196526  delta_E= -6.75e-07  |g|= 0.00183  |ddm|= 2.05
    sigma = 0.01  Optimized mu_alpha = -0.0528034165516  entropy = 0.00888001383277
    sigma = 0.01  Optimized mu_beta  = -0.0542050246797  entropy = 0.00888001383277
    Total E(T) = -12266.474197135  Free energy = -12266.4742859351  E0 = -12266.4742415351
cycle= 149 E= -12266.474197135  delta_E= -6.09e-07  |g|= 0.000893  |ddm|= 1.65
    sigma = 0.01  Optimized mu_alpha = -0.152073890496  entropy = 26.2563593303
    sigma = 0.01  Optimized mu_beta  = -0.153905296616  entropy = 26.2563593303
    Total E(T) = -12266.3301769677  Free energy = -12266.592740561  E0 = -12266.4614587644
Extra cycle  E= -12266.3301769677  delta_E= 0.144  |g|= 0.522  |ddm|= 1.48e+03
converged SCF energy = -12266.3301769677  <S^2> = 3.7708136  2S+1 = 4.0103933
[sigma=0.01] E_tot = -12266.3301769677 Eh | converged = True | last_cycle = 148 | time = 3828.3 s
  -> wrote al2.4_sigma0.01.chk
  -> wrote al2.4_sigma0.01_last_dm.pkl

========== sigma = 0.02 ==========
Applying remove_linear_dep_ on SCF object.
Using canonical orthogonalization with threshold 1e-08


******** <class 'pyscf.scf.addons.SmearingDFUKS'> ********
method = SmearingDFUKS
initial guess = minao
damping factor = 0.15
level_shift factor = 0.2
DIIS = <class 'pyscf.scf.diis.CDIIS'>
diis_start_cycle = 1
diis_space = 12
diis_damp = 0
SCF conv_tol = 1e-06
SCF conv_tol_grad = None
SCF max_cycles = 200
direct_scf = True
direct_scf_tol = 1e-13
chkfile to save SCF result = /tmp/tmpzjy54wqs
max_memory 254232 MB (current use 686 MB)
number electrons alpha = 334  beta = 332
XC library pyscf.dft.libxc version 6.1.0
    S. Lehtola, C. Steigemann, M. J.T. Oliveira, and M. A.L. Marques.,  SoftwareX 7, 1–5 (2018)
XC functionals = pbe
    J. P. Perdew, K. Burke, and M. Ernzerhof.,  Phys. Rev. Lett. 77, 3865 (1996)
    J. P. Perdew, K. Burke, and M. Ernzerhof.,  Phys. Rev. Lett. 78, 1396 (1997)
    J. P. Perdew, K. Burke, and M. Ernzerhof.,  Phys. Rev. Lett. 77, 3865 (1996)
    J. P. Perdew, K. Burke, and M. Ernzerhof.,  Phys. Rev. Lett. 78, 1396 (1997)
radial grids: 
    Treutler-Ahlrichs [JCP 102, 346 (1995); DOI:10.1063/1.469408] (M4) radial grids
    
becke partition: Becke, JCP 88, 2547 (1988); DOI:10.1063/1.454033
pruning grids: <function treutler_prune at 0x15062b48c700>
grids dens level: 3
symmetrized grids: False
atomic radii adjust function: <function treutler_atomic_radii_adjust at 0x15062baced30>
small_rho_cutoff = 1e-06
Set gradient conv threshold to 0.001
tot grids = 946056
init E= -12272.7103485579
    sigma = 0.02  Optimized mu_alpha = -0.0172793281361  entropy = 37.0057726715
    sigma = 0.02  Optimized mu_beta  = -0.0243410308358  entropy = 37.0057726715
    Total E(T) = -12265.1574820522  Free energy = -12265.8975975056  E0 = -12265.5275397789
cycle= 1 E= -12265.1574820522  delta_E= 7.55  |g|= 4.33  |ddm|= 1.76e+04
    sigma = 0.02  Optimized mu_alpha = 0.0313039665925  entropy = 22.3762824454
    sigma = 0.02  Optimized mu_beta  = 0.0278318976929  entropy = 22.3762824454
    Total E(T) = -12221.9923857605  Free energy = -12222.4399114094  E0 = -12222.216148585
cycle= 2 E= -12221.9923857605  delta_E= 43.2  |g|= 31.6  |ddm|= 6.26e+03
    sigma = 0.02  Optimized mu_alpha = -0.0823149327629  entropy = 13.6775437271
    sigma = 0.02  Optimized mu_beta  = -0.0817727089722  entropy = 13.6775437271
    Total E(T) = -12261.1681315335  Free energy = -12261.441682408  E0 = -12261.3049069707
cycle= 3 E= -12261.1681315335  delta_E= -39.2  |g|= 10.8  |ddm|= 2.59e+03
    sigma = 0.02  Optimized mu_alpha = -0.0787028029865  entropy = 7.54529130456
    sigma = 0.02  Optimized mu_beta  = -0.0767554666714  entropy = 7.54529130456
    Total E(T) = -12262.8432024139  Free energy = -12262.99410824  E0 = -12262.918655327
cycle= 4 E= -12262.8432024139  delta_E= -1.68  |g|= 9.34  |ddm|= 4.83e+03
    sigma = 0.02  Optimized mu_alpha = -0.0650035151995  entropy = 3.37473764025
    sigma = 0.02  Optimized mu_beta  = -0.0610684798394  entropy = 3.37473764025
    Total E(T) = -12263.8539241401  Free energy = -12263.9214188929  E0 = -12263.8876715165
cycle= 5 E= -12263.8539241401  delta_E= -1.01  |g|= 7.08  |ddm|=  785
    sigma = 0.02  Optimized mu_alpha = -0.0969414794723  entropy = 9.40117046231
    sigma = 0.02  Optimized mu_beta  = -0.0986530340346  entropy = 9.40117046231
    Total E(T) = -12265.9707057924  Free energy = -12266.1587292017  E0 = -12266.064717497
cycle= 6 E= -12265.9707057924  delta_E= -2.12  |g|= 3.87  |ddm|= 2.12e+03
    sigma = 0.02  Optimized mu_alpha = -0.0859243006624  entropy = 7.38751710342
    sigma = 0.02  Optimized mu_beta  = -0.0849573703368  entropy = 7.38751710342
    Total E(T) = -12266.1073742383  Free energy = -12266.2551245803  E0 = -12266.1812494093
cycle= 7 E= -12266.1073742383  delta_E= -0.137  |g|= 2.47  |ddm|= 1.79e+03
    sigma = 0.02  Optimized mu_alpha = -0.0604012595691  entropy = 2.727509649
    sigma = 0.02  Optimized mu_beta  = -0.0583299655136  entropy = 2.727509649
    Total E(T) = -12265.38817508  Free energy = -12265.4427252729  E0 = -12265.4154501765
cycle= 8 E= -12265.38817508  delta_E= 0.719  |g|=  3.7  |ddm|= 1.55e+03
    sigma = 0.02  Optimized mu_alpha = -0.0538855293971  entropy = 1.71265632978
    sigma = 0.02  Optimized mu_beta  = -0.0572095507654  entropy = 1.71265632978
    Total E(T) = -12265.106021741  Free energy = -12265.1402748676  E0 = -12265.1231483043
cycle= 9 E= -12265.106021741  delta_E= 0.282  |g|= 4.16  |ddm|= 1.08e+03
    sigma = 0.02  Optimized mu_alpha = -0.0554112846184  entropy = 1.9326429621
    sigma = 0.02  Optimized mu_beta  = -0.0583391093217  entropy = 1.9326429621
    Total E(T) = -12265.4786936135  Free energy = -12265.5173464727  E0 = -12265.4980200431
cycle= 10 E= -12265.4786936135  delta_E= -0.373  |g|= 3.22  |ddm|= 1.43e+03
    sigma = 0.02  Optimized mu_alpha = -0.0605506927949  entropy = 2.27370901345
    sigma = 0.02  Optimized mu_beta  = -0.0629408610197  entropy = 2.27370901345
    Total E(T) = -12265.8223370036  Free energy = -12265.8678111839  E0 = -12265.8450740938
cycle= 11 E= -12265.8223370036  delta_E= -0.344  |g|= 2.55  |ddm|=  589
    sigma = 0.02  Optimized mu_alpha = -0.0609321068716  entropy = 2.2843140537
    sigma = 0.02  Optimized mu_beta  = -0.0633135357574  entropy = 2.2843140537
    Total E(T) = -12266.0512589978  Free energy = -12266.0969452788  E0 = -12266.0741021383
cycle= 12 E= -12266.0512589978  delta_E= -0.229  |g|= 2.04  |ddm|=  288
    sigma = 0.02  Optimized mu_alpha = -0.0566561611714  entropy = 1.9771928284
    sigma = 0.02  Optimized mu_beta  = -0.0591737309921  entropy = 1.9771928284
    Total E(T) = -12266.1127389373  Free energy = -12266.1522827939  E0 = -12266.1325108656
cycle= 13 E= -12266.1127389373  delta_E= -0.0615  |g|= 1.95  |ddm|=  300
    sigma = 0.02  Optimized mu_alpha = -0.0590725019147  entropy = 2.04202912408
    sigma = 0.02  Optimized mu_beta  = -0.0615322927661  entropy = 2.04202912408
    Total E(T) = -12266.2615935919  Free energy = -12266.3024341744  E0 = -12266.2820138831
cycle= 14 E= -12266.2615935919  delta_E= -0.149  |g|= 1.41  |ddm|=  266
    sigma = 0.02  Optimized mu_alpha = -0.0625410828996  entropy = 2.26832644412
    sigma = 0.02  Optimized mu_beta  = -0.0648124769152  entropy = 2.26832644412
    Total E(T) = -12266.3962457191  Free energy = -12266.441612248  E0 = -12266.4189289835
cycle= 15 E= -12266.3962457191  delta_E= -0.135  |g|= 0.847  |ddm|=  464
    sigma = 0.02  Optimized mu_alpha = -0.0588934382034  entropy = 2.07350684906
    sigma = 0.02  Optimized mu_beta  = -0.0615285762194  entropy = 2.07350684906
    Total E(T) = -12266.4038287501  Free energy = -12266.4452988871  E0 = -12266.4245638186
cycle= 16 E= -12266.4038287501  delta_E= -0.00758  |g|= 0.965  |ddm|=  324
    sigma = 0.02  Optimized mu_alpha = -0.0563423421709  entropy = 1.83731636068
    sigma = 0.02  Optimized mu_beta  = -0.0591611723969  entropy = 1.83731636068
    Total E(T) = -12266.3842904  Free energy = -12266.4210367272  E0 = -12266.4026635636
cycle= 17 E= -12266.3842904  delta_E= 0.0195  |g|= 1.03  |ddm|=  344
    sigma = 0.02  Optimized mu_alpha = -0.0542339619311  entropy = 1.74904613511
    sigma = 0.02  Optimized mu_beta  = -0.0571115937493  entropy = 1.74904613511
    Total E(T) = -12266.3638193232  Free energy = -12266.3988002459  E0 = -12266.3813097846
cycle= 18 E= -12266.3638193232  delta_E= 0.0205  |g|= 1.22  |ddm|=  225
    sigma = 0.02  Optimized mu_alpha = -0.0516880301414  entropy = 1.69873441171
    sigma = 0.02  Optimized mu_beta  = -0.0546072977136  entropy = 1.69873441171
    Total E(T) = -12266.4124039236  Free energy = -12266.4463786119  E0 = -12266.4293912677
cycle= 19 E= -12266.4124039236  delta_E= -0.0486  |g|= 0.626  |ddm|=  405
    sigma = 0.02  Optimized mu_alpha = -0.052477599208  entropy = 1.68046770699
    sigma = 0.02  Optimized mu_beta  = -0.0554172584603  entropy = 1.68046770699
    Total E(T) = -12266.4088392901  Free energy = -12266.4424486442  E0 = -12266.4256439672
cycle= 20 E= -12266.4088392901  delta_E= 0.00356  |g|= 0.748  |ddm|=  234
    sigma = 0.02  Optimized mu_alpha = -0.0532212540756  entropy = 1.68287908894
    sigma = 0.02  Optimized mu_beta  = -0.0561712358862  entropy = 1.68287908894
    Total E(T) = -12266.3883818116  Free energy = -12266.4220393934  E0 = -12266.4052106025
cycle= 21 E= -12266.3883818116  delta_E= 0.0205  |g|= 0.941  |ddm|=  229
    sigma = 0.02  Optimized mu_alpha = -0.0535532505583  entropy = 1.67381240914
    sigma = 0.02  Optimized mu_beta  = -0.056503519635  entropy = 1.67381240914
    Total E(T) = -12266.3664104956  Free energy = -12266.3998867437  E0 = -12266.3831486197
cycle= 22 E= -12266.3664104956  delta_E= 0.022  |g|= 1.13  |ddm|=  115
    sigma = 0.02  Optimized mu_alpha = -0.0534323212837  entropy = 1.66353942146
    sigma = 0.02  Optimized mu_beta  = -0.0563963719593  entropy = 1.66353942146
    Total E(T) = -12266.3483595748  Free energy = -12266.3816303632  E0 = -12266.364994969
cycle= 23 E= -12266.3483595748  delta_E= 0.0181  |g|= 1.27  |ddm|=  121
    sigma = 0.02  Optimized mu_alpha = -0.0534065749603  entropy = 1.65280824532
    sigma = 0.02  Optimized mu_beta  = -0.0563847326539  entropy = 1.65280824532
    Total E(T) = -12266.3360771559  Free energy = -12266.3691333208  E0 = -12266.3526052384
cycle= 24 E= -12266.3360771559  delta_E= 0.0123  |g|= 1.34  |ddm|= 93.9
    sigma = 0.02  Optimized mu_alpha = -0.0534831714524  entropy = 1.64492212218
    sigma = 0.02  Optimized mu_beta  = -0.0564758444139  entropy = 1.64492212218
    Total E(T) = -12266.3209034696  Free energy = -12266.3538019121  E0 = -12266.3373526908
cycle= 25 E= -12266.3209034696  delta_E= 0.0152  |g|= 1.45  |ddm|= 81.7
    sigma = 0.02  Optimized mu_alpha = -0.053476831282  entropy = 1.63894860518
    sigma = 0.02  Optimized mu_beta  = -0.0564742978814  entropy = 1.63894860518
    Total E(T) = -12266.3161018315  Free energy = -12266.3488808036  E0 = -12266.3324913176
cycle= 26 E= -12266.3161018315  delta_E= 0.0048  |g|= 1.46  |ddm|= 70.6
    sigma = 0.02  Optimized mu_alpha = -0.0535575941685  entropy = 1.6315108261
    sigma = 0.02  Optimized mu_beta  = -0.0565710969563  entropy = 1.6315108261
    Total E(T) = -12266.3094386723  Free energy = -12266.3420688888  E0 = -12266.3257537806
cycle= 27 E= -12266.3094386723  delta_E= 0.00666  |g|=  1.5  |ddm|= 88.6
    sigma = 0.02  Optimized mu_alpha = -0.0533716396419  entropy = 1.6338337525
    sigma = 0.02  Optimized mu_beta  = -0.0563581209152  entropy = 1.6338337525
    Total E(T) = -12266.3166776615  Free energy = -12266.3493543366  E0 = -12266.333015999
cycle= 28 E= -12266.3166776615  delta_E= -0.00724  |g|= 1.47  |ddm|=  125
    sigma = 0.02  Optimized mu_alpha = -0.0519130194568  entropy = 1.6632097658
    sigma = 0.02  Optimized mu_beta  = -0.0547781685086  entropy = 1.6632097658
    Total E(T) = -12266.3560865539  Free energy = -12266.3893507492  E0 = -12266.3727186516
cycle= 29 E= -12266.3560865539  delta_E= -0.0394  |g|= 1.29  |ddm|=  215
    sigma = 0.02  Optimized mu_alpha = -0.0520553675905  entropy = 1.66416149011
    sigma = 0.02  Optimized mu_beta  = -0.0549193834006  entropy = 1.66416149011
    Total E(T) = -12266.3904074956  Free energy = -12266.4236907254  E0 = -12266.4070491105
cycle= 30 E= -12266.3904074956  delta_E= -0.0343  |g|= 0.993  |ddm|=  145
    sigma = 0.02  Optimized mu_alpha = -0.0527132283801  entropy = 1.64967014206
    sigma = 0.02  Optimized mu_beta  = -0.0556280756345  entropy = 1.64967014206
    Total E(T) = -12266.4038604663  Free energy = -12266.4368538692  E0 = -12266.4203571678
cycle= 31 E= -12266.4038604663  delta_E= -0.0135  |g|= 0.939  |ddm|=  128
    sigma = 0.02  Optimized mu_alpha = -0.0525152787759  entropy = 1.6411131264
    sigma = 0.02  Optimized mu_beta  = -0.0554805678323  entropy = 1.6411131264
    Total E(T) = -12266.4064640817  Free energy = -12266.4392863442  E0 = -12266.4228752129
cycle= 32 E= -12266.4064640817  delta_E= -0.0026  |g|= 0.967  |ddm|=  187
    sigma = 0.02  Optimized mu_alpha = -0.0530098939101  entropy = 1.64641717589
    sigma = 0.02  Optimized mu_beta  = -0.05595143663  entropy = 1.64641717589
    Total E(T) = -12266.4154261474  Free energy = -12266.4483544909  E0 = -12266.4318903191
cycle= 33 E= -12266.4154261474  delta_E= -0.00896  |g|= 0.918  |ddm|=  371
    sigma = 0.02  Optimized mu_alpha = -0.0497575591779  entropy = 1.63137167649
    sigma = 0.02  Optimized mu_beta  = -0.0527436059961  entropy = 1.63137167649
    Total E(T) = -12266.4056596527  Free energy = -12266.4382870862  E0 = -12266.4219733695
cycle= 34 E= -12266.4056596527  delta_E= 0.00977  |g|= 0.987  |ddm|=  481
    sigma = 0.02  Optimized mu_alpha = -0.0522224227199  entropy = 1.61170591097
    sigma = 0.02  Optimized mu_beta  = -0.055231952317  entropy = 1.61170591097
    Total E(T) = -12266.3960128369  Free energy = -12266.4282469552  E0 = -12266.412129896
cycle= 35 E= -12266.3960128369  delta_E= 0.00965  |g|= 0.981  |ddm|=  311
    sigma = 0.02  Optimized mu_alpha = -0.0514856812947  entropy = 1.63269953422
    sigma = 0.02  Optimized mu_beta  = -0.054455877018  entropy = 1.63269953422
    Total E(T) = -12266.4101678378  Free energy = -12266.4428218285  E0 = -12266.4264948331
cycle= 36 E= -12266.4101678378  delta_E= -0.0142  |g|= 0.825  |ddm|=  237
    sigma = 0.02  Optimized mu_alpha = -0.0523207963322  entropy = 1.62111723982
    sigma = 0.02  Optimized mu_beta  = -0.0553220479459  entropy = 1.62111723982
    Total E(T) = -12266.4109970419  Free energy = -12266.4434193867  E0 = -12266.4272082143
cycle= 37 E= -12266.4109970419  delta_E= -0.000829  |g|= 0.883  |ddm|=  272
    sigma = 0.02  Optimized mu_alpha = -0.0520926762262  entropy = 1.62475607944
    sigma = 0.02  Optimized mu_beta  = -0.0550772509924  entropy = 1.62475607944
    Total E(T) = -12266.4142170814  Free energy = -12266.446712203  E0 = -12266.4304646422
cycle= 38 E= -12266.4142170814  delta_E= -0.00322  |g|= 0.853  |ddm|=  185
    sigma = 0.02  Optimized mu_alpha = -0.0520848527081  entropy = 1.62185891368
    sigma = 0.02  Optimized mu_beta  = -0.0550840675181  entropy = 1.62185891368
    Total E(T) = -12266.4160824915  Free energy = -12266.4485196698  E0 = -12266.4323010807
cycle= 39 E= -12266.4160824915  delta_E= -0.00187  |g|= 0.822  |ddm|=  118
    sigma = 0.02  Optimized mu_alpha = -0.0518264486694  entropy = 1.62648372305
    sigma = 0.02  Optimized mu_beta  = -0.054834604982  entropy = 1.62648372305
    Total E(T) = -12266.4256300177  Free energy = -12266.4581596921  E0 = -12266.4418948549
cycle= 40 E= -12266.4256300177  delta_E= -0.00955  |g|= 0.668  |ddm|=  238
    sigma = 0.02  Optimized mu_alpha = -0.0519574603285  entropy = 1.62603418383
    sigma = 0.02  Optimized mu_beta  = -0.0549698414688  entropy = 1.62603418383
    Total E(T) = -12266.4344592897  Free energy = -12266.4669799733  E0 = -12266.4507196315
cycle= 41 E= -12266.4344592897  delta_E= -0.00883  |g|= 0.536  |ddm|=  208
    sigma = 0.02  Optimized mu_alpha = -0.0511682778864  entropy = 1.63493841953
    sigma = 0.02  Optimized mu_beta  = -0.0542285271735  entropy = 1.63493841953
    Total E(T) = -12266.4439642552  Free energy = -12266.4766630236  E0 = -12266.4603136394
cycle= 42 E= -12266.4439642552  delta_E= -0.0095  |g|= 0.427  |ddm|=  162
    sigma = 0.02  Optimized mu_alpha = -0.0515037676612  entropy = 1.63126526933
    sigma = 0.02  Optimized mu_beta  = -0.0545871991435  entropy = 1.63126526933
    Total E(T) = -12266.4497338228  Free energy = -12266.4823591281  E0 = -12266.4660464755
cycle= 43 E= -12266.4497338228  delta_E= -0.00577  |g|= 0.273  |ddm|=  123
    sigma = 0.02  Optimized mu_alpha = -0.0525648536385  entropy = 1.62384112021
    sigma = 0.02  Optimized mu_beta  = -0.0556825606177  entropy = 1.62384112021
    Total E(T) = -12266.4523386997  Free energy = -12266.4848155221  E0 = -12266.4685771109
cycle= 44 E= -12266.4523386997  delta_E= -0.0026  |g|=  0.2  |ddm|=  157
    sigma = 0.02  Optimized mu_alpha = -0.0519900571448  entropy = 1.62062328979
    sigma = 0.02  Optimized mu_beta  = -0.055119529839  entropy = 1.62062328979
    Total E(T) = -12266.4535344374  Free energy = -12266.4859469032  E0 = -12266.4697406703
cycle= 45 E= -12266.4535344374  delta_E= -0.0012  |g|= 0.151  |ddm|= 98.1
    sigma = 0.02  Optimized mu_alpha = -0.0519546389234  entropy = 1.61732455826
    sigma = 0.02  Optimized mu_beta  = -0.0550995955526  entropy = 1.61732455826
    Total E(T) = -12266.4542496254  Free energy = -12266.4865961166  E0 = -12266.470422871
cycle= 46 E= -12266.4542496254  delta_E= -0.000715  |g|= 0.105  |ddm|= 67.3
    sigma = 0.02  Optimized mu_alpha = -0.051755137753  entropy = 1.61549849815
    sigma = 0.02  Optimized mu_beta  = -0.0549112237495  entropy = 1.61549849815
    Total E(T) = -12266.4546601671  Free energy = -12266.4869701371  E0 = -12266.4708151521
cycle= 47 E= -12266.4546601671  delta_E= -0.000411  |g|= 0.0673  |ddm|=   47
    sigma = 0.02  Optimized mu_alpha = -0.0519301829116  entropy = 1.61505231009
    sigma = 0.02  Optimized mu_beta  = -0.0550956700578  entropy = 1.61505231009
    Total E(T) = -12266.4547493546  Free energy = -12266.4870504009  E0 = -12266.4708998777
cycle= 48 E= -12266.4547493546  delta_E= -8.92e-05  |g|= 0.121  |ddm|=  102
    sigma = 0.02  Optimized mu_alpha = -0.0518455666301  entropy = 1.61339769593
    sigma = 0.02  Optimized mu_beta  = -0.0550306262444  entropy = 1.61339769593
    Total E(T) = -12266.4550271251  Free energy = -12266.487295079  E0 = -12266.4711611021
cycle= 49 E= -12266.4550271251  delta_E= -0.000278  |g|= 0.0736  |ddm|=   69
    sigma = 0.02  Optimized mu_alpha = -0.0519446306734  entropy = 1.61171452658
    sigma = 0.02  Optimized mu_beta  = -0.0551432530396  entropy = 1.61171452658
    Total E(T) = -12266.4552264863  Free energy = -12266.4874607768  E0 = -12266.4713436315
cycle= 50 E= -12266.4552264863  delta_E= -0.000199  |g|= 0.059  |ddm|=   46
    sigma = 0.02  Optimized mu_alpha = -0.0519321076083  entropy = 1.61150612428
    sigma = 0.02  Optimized mu_beta  = -0.0551379087993  entropy = 1.61150612428
    Total E(T) = -12266.4553906488  Free energy = -12266.4876207712  E0 = -12266.47150571
cycle= 51 E= -12266.4553906488  delta_E= -0.000164  |g|= 0.0396  |ddm|=   24
    sigma = 0.02  Optimized mu_alpha = -0.0519694866946  entropy = 1.6112383552
    sigma = 0.02  Optimized mu_beta  = -0.0551839275111  entropy = 1.6112383552
    Total E(T) = -12266.4555133076  Free energy = -12266.4877380747  E0 = -12266.4716256911
cycle= 52 E= -12266.4555133076  delta_E= -0.000123  |g|= 0.0346  |ddm|= 17.3
    sigma = 0.02  Optimized mu_alpha = -0.051911889184  entropy = 1.61031993472
    sigma = 0.02  Optimized mu_beta  = -0.0551623162588  entropy = 1.61031993472
    Total E(T) = -12266.4556308183  Free energy = -12266.487837217  E0 = -12266.4717340176
cycle= 53 E= -12266.4556308183  delta_E= -0.000118  |g|= 0.0318  |ddm|= 23.1
    sigma = 0.02  Optimized mu_alpha = -0.0520059904366  entropy = 1.60910885815
    sigma = 0.02  Optimized mu_beta  = -0.055279795847  entropy = 1.60910885815
    Total E(T) = -12266.4557377656  Free energy = -12266.4879199428  E0 = -12266.4718288542
cycle= 54 E= -12266.4557377656  delta_E= -0.000107  |g|= 0.0416  |ddm|= 17.7
    sigma = 0.02  Optimized mu_alpha = -0.0519306903003  entropy = 1.60916844472
    sigma = 0.02  Optimized mu_beta  = -0.055197330608  entropy = 1.60916844472
    Total E(T) = -12266.4558292947  Free energy = -12266.4880126636  E0 = -12266.4719209791
cycle= 55 E= -12266.4558292947  delta_E= -9.15e-05  |g|= 0.04  |ddm|= 16.1
    sigma = 0.02  Optimized mu_alpha = -0.0518994093805  entropy = 1.60939889977
    sigma = 0.02  Optimized mu_beta  = -0.0551364899368  entropy = 1.60939889977
    Total E(T) = -12266.4558907449  Free energy = -12266.4880787229  E0 = -12266.4719847339
cycle= 56 E= -12266.4558907449  delta_E= -6.15e-05  |g|= 0.0455  |ddm|= 18.2
    sigma = 0.02  Optimized mu_alpha = -0.0519124112785  entropy = 1.60897053298
    sigma = 0.02  Optimized mu_beta  = -0.0551536236361  entropy = 1.60897053298
    Total E(T) = -12266.4559434505  Free energy = -12266.4881228612  E0 = -12266.4720331559
cycle= 57 E= -12266.4559434505  delta_E= -5.27e-05  |g|= 0.0515  |ddm|=   13
    sigma = 0.02  Optimized mu_alpha = -0.0519086019949  entropy = 1.60869873131
    sigma = 0.02  Optimized mu_beta  = -0.0551475417343  entropy = 1.60869873131
    Total E(T) = -12266.4559896852  Free energy = -12266.4881636599  E0 = -12266.4720766725
cycle= 58 E= -12266.4559896852  delta_E= -4.62e-05  |g|= 0.0561  |ddm|= 13.3
    sigma = 0.02  Optimized mu_alpha = -0.0520227325506  entropy = 1.60848667063
    sigma = 0.02  Optimized mu_beta  = -0.0552556710164  entropy = 1.60848667063
    Total E(T) = -12266.4560297631  Free energy = -12266.4881994965  E0 = -12266.4721146298
cycle= 59 E= -12266.4560297631  delta_E= -4.01e-05  |g|= 0.0665  |ddm|= 19.7
    sigma = 0.02  Optimized mu_alpha = -0.0520330908569  entropy = 1.60909257916
    sigma = 0.02  Optimized mu_beta  = -0.0552022343493  entropy = 1.60909257916
    Total E(T) = -12266.4560508306  Free energy = -12266.4882326822  E0 = -12266.4721417564
cycle= 60 E= -12266.4560508306  delta_E= -2.11e-05  |g|= 0.0838  |ddm|= 27.8
    sigma = 0.02  Optimized mu_alpha = -0.0519487894336  entropy = 1.60818289762
    sigma = 0.02  Optimized mu_beta  = -0.0551401972323  entropy = 1.60818289762
    Total E(T) = -12266.4561129502  Free energy = -12266.4882766081  E0 = -12266.4721947792
cycle= 61 E= -12266.4561129502  delta_E= -6.21e-05  |g|= 0.0811  |ddm|= 20.7
    sigma = 0.02  Optimized mu_alpha = -0.0519545514805  entropy = 1.60728208875
    sigma = 0.02  Optimized mu_beta  = -0.0551728448898  entropy = 1.60728208875
    Total E(T) = -12266.4561966813  Free energy = -12266.4883423231  E0 = -12266.4722695022
cycle= 62 E= -12266.4561966813  delta_E= -8.37e-05  |g|= 0.0777  |ddm|= 25.1
    sigma = 0.02  Optimized mu_alpha = -0.051944462457  entropy = 1.60741021364
    sigma = 0.02  Optimized mu_beta  = -0.0551630672932  entropy = 1.60741021364
    Total E(T) = -12266.4562649669  Free energy = -12266.4884131711  E0 = -12266.472339069
cycle= 63 E= -12266.4562649669  delta_E= -6.83e-05  |g|= 0.0756  |ddm|= 15.3
    sigma = 0.02  Optimized mu_alpha = -0.0519192759153  entropy = 1.60711110579
    sigma = 0.02  Optimized mu_beta  = -0.055136393497  entropy = 1.60711110579
    Total E(T) = -12266.4563212729  Free energy = -12266.4884634951  E0 = -12266.472392384
cycle= 64 E= -12266.4563212729  delta_E= -5.63e-05  |g|= 0.0695  |ddm|= 14.5
    sigma = 0.02  Optimized mu_alpha = -0.052029542129  entropy = 1.60635172436
    sigma = 0.02  Optimized mu_beta  = -0.0552595082975  entropy = 1.60635172436
    Total E(T) = -12266.4563918612  Free energy = -12266.4885188957  E0 = -12266.4724553784
cycle= 65 E= -12266.4563918612  delta_E= -7.06e-05  |g|= 0.0733  |ddm|= 20.8
    sigma = 0.02  Optimized mu_alpha = -0.0517126725388  entropy = 1.60722618562
    sigma = 0.02  Optimized mu_beta  = -0.0549713046724  entropy = 1.60722618562
    Total E(T) = -12266.4564431522  Free energy = -12266.488587676  E0 = -12266.4725154141
cycle= 66 E= -12266.4564431522  delta_E= -5.13e-05  |g|= 0.0975  |ddm|= 53.7
    sigma = 0.02  Optimized mu_alpha = -0.0518643465752  entropy = 1.60566361961
    sigma = 0.02  Optimized mu_beta  = -0.0551664170646  entropy = 1.60566361961
    Total E(T) = -12266.4565995538  Free energy = -12266.4887128262  E0 = -12266.47265619
cycle= 67 E= -12266.4565995538  delta_E= -0.000156  |g|= 0.0657  |ddm|= 29.1
    sigma = 0.02  Optimized mu_alpha = -0.0519320029243  entropy = 1.60448205788
    sigma = 0.02  Optimized mu_beta  = -0.0552685822221  entropy = 1.60448205788
    Total E(T) = -12266.456702761  Free energy = -12266.4887924022  E0 = -12266.4727475816
cycle= 68 E= -12266.456702761  delta_E= -0.000103  |g|= 0.0611  |ddm|= 28.4
    sigma = 0.02  Optimized mu_alpha = -0.0518333677338  entropy = 1.60316974257
    sigma = 0.02  Optimized mu_beta  = -0.0552572029273  entropy = 1.60316974257
    Total E(T) = -12266.4568641588  Free energy = -12266.4889275537  E0 = -12266.4728958562
cycle= 69 E= -12266.4568641588  delta_E= -0.000161  |g|= 0.0416  |ddm|= 44.2
    sigma = 0.02  Optimized mu_alpha = -0.0517180126813  entropy = 1.60117989489
    sigma = 0.02  Optimized mu_beta  = -0.0552463783075  entropy = 1.60117989489
    Total E(T) = -12266.4569779084  Free energy = -12266.4890015063  E0 = -12266.4729897073
cycle= 70 E= -12266.4569779084  delta_E= -0.000114  |g|= 0.0487  |ddm|= 60.7
    sigma = 0.02  Optimized mu_alpha = -0.0516644594224  entropy = 1.60126155777
    sigma = 0.02  Optimized mu_beta  = -0.0551883692254  entropy = 1.60126155777
    Total E(T) = -12266.4570777202  Free energy = -12266.4891029513  E0 = -12266.4730903357
cycle= 71 E= -12266.4570777202  delta_E= -9.98e-05  |g|= 0.0412  |ddm|= 25.9
    sigma = 0.02  Optimized mu_alpha = -0.0517661946677  entropy = 1.60138550531
    sigma = 0.02  Optimized mu_beta  = -0.0552666123499  entropy = 1.60138550531
    Total E(T) = -12266.4571797204  Free energy = -12266.4892074305  E0 = -12266.4731935754
cycle= 72 E= -12266.4571797204  delta_E= -0.000102  |g|= 0.0281  |ddm|= 24.9
    sigma = 0.02  Optimized mu_alpha = -0.0517406863338  entropy = 1.60130605681
    sigma = 0.02  Optimized mu_beta  = -0.055255198824  entropy = 1.60130605681
    Total E(T) = -12266.4572729051  Free energy = -12266.4892990263  E0 = -12266.4732859657
cycle= 73 E= -12266.4572729051  delta_E= -9.32e-05  |g|= 0.0196  |ddm|= 13.4
    sigma = 0.02  Optimized mu_alpha = -0.0517597491932  entropy = 1.60112947124
    sigma = 0.02  Optimized mu_beta  = -0.0552622772284  entropy = 1.60112947124
    Total E(T) = -12266.4573483266  Free energy = -12266.489370916  E0 = -12266.4733596213
cycle= 74 E= -12266.4573483266  delta_E= -7.54e-05  |g|= 0.0184  |ddm|=   12
    sigma = 0.02  Optimized mu_alpha = -0.0517604085138  entropy = 1.60080291534
    sigma = 0.02  Optimized mu_beta  = -0.05527656059  entropy = 1.60080291534
    Total E(T) = -12266.4574193483  Free energy = -12266.4894354066  E0 = -12266.4734273774
cycle= 75 E= -12266.4574193483  delta_E= -7.1e-05  |g|= 0.0237  |ddm|= 12.7
    sigma = 0.02  Optimized mu_alpha = -0.0517437019625  entropy = 1.60057456202
    sigma = 0.02  Optimized mu_beta  = -0.0552633801713  entropy = 1.60057456202
    Total E(T) = -12266.4574879142  Free energy = -12266.4894994055  E0 = -12266.4734936599
cycle= 76 E= -12266.4574879142  delta_E= -6.86e-05  |g|= 0.0246  |ddm|= 11.8
    sigma = 0.02  Optimized mu_alpha = -0.0517832709543  entropy = 1.60016806933
    sigma = 0.02  Optimized mu_beta  = -0.05532245893  entropy = 1.60016806933
    Total E(T) = -12266.4575585947  Free energy = -12266.4895619561  E0 = -12266.4735602754
cycle= 77 E= -12266.4575585947  delta_E= -7.07e-05  |g|= 0.0277  |ddm|= 12.3
    sigma = 0.02  Optimized mu_alpha = -0.0517409955081  entropy = 1.6000490986
    sigma = 0.02  Optimized mu_beta  = -0.0552825631213  entropy = 1.6000490986
    Total E(T) = -12266.4576245882  Free energy = -12266.4896255702  E0 = -12266.4736250792
cycle= 78 E= -12266.4576245882  delta_E= -6.6e-05  |g|= 0.0292  |ddm|=   12
    sigma = 0.02  Optimized mu_alpha = -0.0517464711513  entropy = 1.59992147658
    sigma = 0.02  Optimized mu_beta  = -0.0552852831751  entropy = 1.59992147658
    Total E(T) = -12266.457684404  Free energy = -12266.4896828335  E0 = -12266.4736836187
cycle= 79 E= -12266.457684404  delta_E= -5.98e-05  |g|= 0.033  |ddm|= 10.5
    sigma = 0.02  Optimized mu_alpha = -0.0517100602906  entropy = 1.59997828474
    sigma = 0.02  Optimized mu_beta  = -0.0552562373879  entropy = 1.59997828474
    Total E(T) = -12266.4577465529  Free energy = -12266.4897461186  E0 = -12266.4737463358
cycle= 80 E= -12266.4577465529  delta_E= -6.21e-05  |g|= 0.037  |ddm|= 13.4
    sigma = 0.02  Optimized mu_alpha = -0.0517118652014  entropy = 1.59953465608
    sigma = 0.02  Optimized mu_beta  = -0.0552994858681  entropy = 1.59953465608
    Total E(T) = -12266.4578263665  Free energy = -12266.4898170596  E0 = -12266.4738217131
cycle= 81 E= -12266.4578263665  delta_E= -7.98e-05  |g|= 0.041  |ddm|= 19.7
    sigma = 0.02  Optimized mu_alpha = -0.0516847433664  entropy = 1.5988746271
    sigma = 0.02  Optimized mu_beta  = -0.0553382569288  entropy = 1.5988746271
    Total E(T) = -12266.4579281124  Free energy = -12266.489905605  E0 = -12266.4739168587
cycle= 82 E= -12266.4579281124  delta_E= -0.000102  |g|= 0.0483  |ddm|= 21.6
    sigma = 0.02  Optimized mu_alpha = -0.0516802769338  entropy = 1.59807498781
    sigma = 0.02  Optimized mu_beta  = -0.0553492123808  entropy = 1.59807498781
    Total E(T) = -12266.4580258853  Free energy = -12266.4899873851  E0 = -12266.4740066352
cycle= 83 E= -12266.4580258853  delta_E= -9.78e-05  |g|= 0.0498  |ddm|= 20.8
    sigma = 0.02  Optimized mu_alpha = -0.0516654584477  entropy = 1.59771888119
    sigma = 0.02  Optimized mu_beta  = -0.0553396149258  entropy = 1.59771888119
    Total E(T) = -12266.4581179605  Free energy = -12266.4900723381  E0 = -12266.4740951493
cycle= 84 E= -12266.4581179605  delta_E= -9.21e-05  |g|= 0.0489  |ddm|= 17.8
    sigma = 0.02  Optimized mu_alpha = -0.0516314185169  entropy = 1.59715523831
    sigma = 0.02  Optimized mu_beta  = -0.0553202193901  entropy = 1.59715523831
    Total E(T) = -12266.4582142578  Free energy = -12266.4901573626  E0 = -12266.4741858102
cycle= 85 E= -12266.4582142578  delta_E= -9.63e-05  |g|= 0.0484  |ddm|= 14.2
    sigma = 0.02  Optimized mu_alpha = -0.0516384330653  entropy = 1.59697071617
    sigma = 0.02  Optimized mu_beta  = -0.0553219732469  entropy = 1.59697071617
    Total E(T) = -12266.4582906002  Free energy = -12266.4902300145  E0 = -12266.4742603074
cycle= 86 E= -12266.4582906002  delta_E= -7.63e-05  |g|= 0.0562  |ddm|= 15.7
    sigma = 0.02  Optimized mu_alpha = -0.0516455570083  entropy = 1.59650950615
    sigma = 0.02  Optimized mu_beta  = -0.0553512057337  entropy = 1.59650950615
    Total E(T) = -12266.4583778692  Free energy = -12266.4903080594  E0 = -12266.4743429643
cycle= 87 E= -12266.4583778692  delta_E= -8.73e-05  |g|= 0.0586  |ddm|= 18.8
    sigma = 0.02  Optimized mu_alpha = -0.0516293989997  entropy = 1.59594694647
    sigma = 0.02  Optimized mu_beta  = -0.0553538743055  entropy = 1.59594694647
    Total E(T) = -12266.4584603192  Free energy = -12266.4903792582  E0 = -12266.4744197887
cycle= 88 E= -12266.4584603192  delta_E= -8.25e-05  |g|= 0.0706  |ddm|= 18.9
    sigma = 0.02  Optimized mu_alpha = -0.0516287394107  entropy = 1.59570910514
    sigma = 0.02  Optimized mu_beta  = -0.0553567391935  entropy = 1.59570910514
    Total E(T) = -12266.4585497809  Free energy = -12266.490463963  E0 = -12266.4745068719
cycle= 89 E= -12266.4585497809  delta_E= -8.95e-05  |g|= 0.0694  |ddm|= 10.6
    sigma = 0.02  Optimized mu_alpha = -0.0515656291156  entropy = 1.59647566888
    sigma = 0.02  Optimized mu_beta  = -0.0552470269723  entropy = 1.59647566888
    Total E(T) = -12266.45860253  Free energy = -12266.4905320433  E0 = -12266.4745672866
cycle= 90 E= -12266.45860253  delta_E= -5.27e-05  |g|= 0.0742  |ddm|= 14.6
    sigma = 0.02  Optimized mu_alpha = -0.0515967792811  entropy = 1.59879488391
    sigma = 0.02  Optimized mu_beta  = -0.055163328882  entropy = 1.59879488391
    Total E(T) = -12266.4585743608  Free energy = -12266.4905502585  E0 = -12266.4745623097
cycle= 91 E= -12266.4585743608  delta_E= 2.82e-05  |g|= 0.0783  |ddm|= 26.4
    sigma = 0.02  Optimized mu_alpha = -0.0515957536676  entropy = 1.59852997799
    sigma = 0.02  Optimized mu_beta  = -0.0551719068438  entropy = 1.59852997799
    Total E(T) = -12266.4585524938  Free energy = -12266.4905230933  E0 = -12266.4745377935
cycle= 92 E= -12266.4585524938  delta_E= 2.19e-05  |g|= 0.0899  |ddm|= 12.6
    sigma = 0.02  Optimized mu_alpha = -0.0516320004181  entropy = 1.59863607027
    sigma = 0.02  Optimized mu_beta  = -0.055181786993  entropy = 1.59863607027
    Total E(T) = -12266.4585466416  Free energy = -12266.490519363  E0 = -12266.4745330023
cycle= 93 E= -12266.4585466416  delta_E= 5.85e-06  |g|= 0.0976  |ddm|= 10.6
    sigma = 0.02  Optimized mu_alpha = -0.0516834295432  entropy = 1.59855447251
    sigma = 0.02  Optimized mu_beta  = -0.055213561949  entropy = 1.59855447251
    Total E(T) = -12266.4585472189  Free energy = -12266.4905183083  E0 = -12266.4745327636
cycle= 94 E= -12266.4585472189  delta_E= -5.77e-07  |g|= 0.0987  |ddm|= 9.69
    sigma = 0.02  Optimized mu_alpha = -0.0517088999143  entropy = 1.59876000636
    sigma = 0.02  Optimized mu_beta  = -0.0552057495862  entropy = 1.59876000636
    Total E(T) = -12266.4585447373  Free energy = -12266.4905199375  E0 = -12266.4745323374
cycle= 95 E= -12266.4585447373  delta_E= 2.48e-06  |g|= 0.101  |ddm|=   12
    sigma = 0.02  Optimized mu_alpha = -0.0516592638315  entropy = 1.59736020966
    sigma = 0.02  Optimized mu_beta  = -0.0552481805721  entropy = 1.59736020966
    Total E(T) = -12266.4585695037  Free energy = -12266.4905167079  E0 = -12266.4745431058
cycle= 96 E= -12266.4585695037  delta_E= -2.48e-05  |g|= 0.113  |ddm|= 25.1
    sigma = 0.02  Optimized mu_alpha = -0.0515775431954  entropy = 1.59702995921
    sigma = 0.02  Optimized mu_beta  = -0.0551904498596  entropy = 1.59702995921
    Total E(T) = -12266.4586176062  Free energy = -12266.4905582054  E0 = -12266.4745879058
cycle= 97 E= -12266.4586176062  delta_E= -4.81e-05  |g|= 0.108  |ddm|= 17.1
    sigma = 0.02  Optimized mu_alpha = -0.0515666360658  entropy = 1.59424689266
    sigma = 0.02  Optimized mu_beta  = -0.0553950318089  entropy = 1.59424689266
    Total E(T) = -12266.4587050318  Free energy = -12266.4905899697  E0 = -12266.4746475008
cycle= 98 E= -12266.4587050318  delta_E= -8.74e-05  |g|= 0.109  |ddm|= 64.3
    sigma = 0.02  Optimized mu_alpha = -0.051387244241  entropy = 1.59212420763
    sigma = 0.02  Optimized mu_beta  = -0.0553211170612  entropy = 1.59212420763
    Total E(T) = -12266.4588659254  Free energy = -12266.4907084096  E0 = -12266.4747871675
cycle= 99 E= -12266.4588659254  delta_E= -0.000161  |g|= 0.106  |ddm|= 35.8
    sigma = 0.02  Optimized mu_alpha = -0.0513241726808  entropy = 1.59068477872
    sigma = 0.02  Optimized mu_beta  = -0.0553264308401  entropy = 1.59068477872
    Total E(T) = -12266.4590185487  Free energy = -12266.4908322443  E0 = -12266.4749253965
cycle= 100 E= -12266.4590185487  delta_E= -0.000153  |g|= 0.104  |ddm|= 35.4
    sigma = 0.02  Optimized mu_alpha = -0.0512282139555  entropy = 1.58857281845
    sigma = 0.02  Optimized mu_beta  = -0.0552855573781  entropy = 1.58857281845
    Total E(T) = -12266.4591727447  Free energy = -12266.4909442011  E0 = -12266.4750584729
cycle= 101 E= -12266.4591727447  delta_E= -0.000154  |g|= 0.111  |ddm|= 53.2
    sigma = 0.02  Optimized mu_alpha = -0.0513777425918  entropy = 1.58764364283
    sigma = 0.02  Optimized mu_beta  = -0.0554708739992  entropy = 1.58764364283
    Total E(T) = -12266.4593929373  Free energy = -12266.4911458102  E0 = -12266.4752693738
cycle= 102 E= -12266.4593929373  delta_E= -0.00022  |g|= 0.105  |ddm|= 24.1
    sigma = 0.02  Optimized mu_alpha = -0.0514854452996  entropy = 1.59032266169
    sigma = 0.02  Optimized mu_beta  = -0.0554301478614  entropy = 1.59032266169
    Total E(T) = -12266.459322512  Free energy = -12266.4911289652  E0 = -12266.4752257386
cycle= 103 E= -12266.459322512  delta_E= 7.04e-05  |g|= 0.127  |ddm|=   34
    sigma = 0.02  Optimized mu_alpha = -0.0517614133668  entropy = 1.5899948251
    sigma = 0.02  Optimized mu_beta  = -0.0556247000943  entropy = 1.5899948251
    Total E(T) = -12266.4592848742  Free energy = -12266.4910847707  E0 = -12266.4751848224
cycle= 104 E= -12266.4592848742  delta_E= 3.76e-05  |g|= 0.124  |ddm|= 67.4
    sigma = 0.02  Optimized mu_alpha = -0.0516370220859  entropy = 1.59007843962
    sigma = 0.02  Optimized mu_beta  = -0.055493611496  entropy = 1.59007843962
    Total E(T) = -12266.4592935309  Free energy = -12266.4910950997  E0 = -12266.4751943153
cycle= 105 E= -12266.4592935309  delta_E= -8.66e-06  |g|= 0.174  |ddm|= 67.6
    sigma = 0.02  Optimized mu_alpha = -0.0515180735073  entropy = 1.58930418291
    sigma = 0.02  Optimized mu_beta  = -0.0554013913362  entropy = 1.58930418291
    Total E(T) = -12266.4596535009  Free energy = -12266.4914395846  E0 = -12266.4755465427
cycle= 106 E= -12266.4596535009  delta_E= -0.00036  |g|= 0.114  |ddm|= 58.7
    sigma = 0.02  Optimized mu_alpha = -0.0515502997669  entropy = 1.58664152439
    sigma = 0.02  Optimized mu_beta  = -0.05554657401  entropy = 1.58664152439
    Total E(T) = -12266.459968057  Free energy = -12266.4917008875  E0 = -12266.4758344723
cycle= 107 E= -12266.459968057  delta_E= -0.000315  |g|= 0.108  |ddm|=   81
    sigma = 0.02  Optimized mu_alpha = -0.0514539435113  entropy = 1.58473176643
    sigma = 0.02  Optimized mu_beta  = -0.0555176638629  entropy = 1.58473176643
    Total E(T) = -12266.4602944179  Free energy = -12266.4919890532  E0 = -12266.4761417355
cycle= 108 E= -12266.4602944179  delta_E= -0.000326  |g|= 0.0826  |ddm|=   51
    sigma = 0.02  Optimized mu_alpha = -0.051442600694  entropy = 1.58322843629
    sigma = 0.02  Optimized mu_beta  = -0.0555572885855  entropy = 1.58322843629
    Total E(T) = -12266.460542665  Free energy = -12266.4922072337  E0 = -12266.4763749494
cycle= 109 E= -12266.460542665  delta_E= -0.000248  |g|= 0.0807  |ddm|=   42
    sigma = 0.02  Optimized mu_alpha = -0.0512637575874  entropy = 1.58083694775
    sigma = 0.02  Optimized mu_beta  = -0.0554499668315  entropy = 1.58083694775
    Total E(T) = -12266.4608202935  Free energy = -12266.4924370324  E0 = -12266.476628663
cycle= 110 E= -12266.4608202935  delta_E= -0.000278  |g|= 0.0864  |ddm|= 46.1
    sigma = 0.02  Optimized mu_alpha = -0.0513386578075  entropy = 1.57886829705
    sigma = 0.02  Optimized mu_beta  = -0.0555817797463  entropy = 1.57886829705
    Total E(T) = -12266.4611242318  Free energy = -12266.4927015978  E0 = -12266.4769129148
cycle= 111 E= -12266.4611242318  delta_E= -0.000304  |g|= 0.0719  |ddm|= 67.4
    sigma = 0.02  Optimized mu_alpha = -0.0513098089602  entropy = 1.5765825511
    sigma = 0.02  Optimized mu_beta  = -0.0556143521678  entropy = 1.5765825511
    Total E(T) = -12266.4614205356  Free energy = -12266.4929521866  E0 = -12266.4771863611
cycle= 112 E= -12266.4614205356  delta_E= -0.000296  |g|= 0.0758  |ddm|= 48.9
    sigma = 0.02  Optimized mu_alpha = -0.0512121550021  entropy = 1.57326206776
    sigma = 0.02  Optimized mu_beta  = -0.0555971161517  entropy = 1.57326206776
    Total E(T) = -12266.4615841956  Free energy = -12266.4930494369  E0 = -12266.4773168162
cycle= 113 E= -12266.4615841956  delta_E= -0.000164  |g|= 0.138  |ddm|= 73.6
    sigma = 0.02  Optimized mu_alpha = -0.0512512243855  entropy = 1.57138800629
    sigma = 0.02  Optimized mu_beta  = -0.0556714221143  entropy = 1.57138800629
    Total E(T) = -12266.4620480661  Free energy = -12266.4934758262  E0 = -12266.4777619462
cycle= 114 E= -12266.4620480661  delta_E= -0.000464  |g|= 0.0739  |ddm|= 43.2
    sigma = 0.02  Optimized mu_alpha = -0.0510021271793  entropy = 1.56806729864
    sigma = 0.02  Optimized mu_beta  = -0.0555465181033  entropy = 1.56806729864
    Total E(T) = -12266.4624229669  Free energy = -12266.4937843128  E0 = -12266.4781036399
cycle= 115 E= -12266.4624229669  delta_E= -0.000375  |g|= 0.0556  |ddm|= 45.3
    sigma = 0.02  Optimized mu_alpha = -0.0513594741284  entropy = 1.56624423756
    sigma = 0.02  Optimized mu_beta  = -0.0558670176176  entropy = 1.56624423756
    Total E(T) = -12266.4627515953  Free energy = -12266.49407648  E0 = -12266.4784140377
cycle= 116 E= -12266.4627515953  delta_E= -0.000329  |g|= 0.0418  |ddm|= 33.8
    sigma = 0.02  Optimized mu_alpha = -0.0511435275147  entropy = 1.56567118625
    sigma = 0.02  Optimized mu_beta  = -0.0556482815051  entropy = 1.56567118625
    Total E(T) = -12266.4629929752  Free energy = -12266.494306399  E0 = -12266.4786496871
cycle= 117 E= -12266.4629929752  delta_E= -0.000241  |g|= 0.0594  |ddm|=   52
    sigma = 0.02  Optimized mu_alpha = -0.0512084564731  entropy = 1.56302795892
    sigma = 0.02  Optimized mu_beta  = -0.0557668418114  entropy = 1.56302795892
    Total E(T) = -12266.4632642276  Free energy = -12266.4945247868  E0 = -12266.4788945072
cycle= 118 E= -12266.4632642276  delta_E= -0.000271  |g|= 0.0414  |ddm|= 31.2
    sigma = 0.02  Optimized mu_alpha = -0.0511294729322  entropy = 1.56193554953
    sigma = 0.02  Optimized mu_beta  = -0.0556947183196  entropy = 1.56193554953
    Total E(T) = -12266.4635149855  Free energy = -12266.4947536965  E0 = -12266.479134341
cycle= 119 E= -12266.4635149855  delta_E= -0.000251  |g|= 0.0322  |ddm|= 35.7
    sigma = 0.02  Optimized mu_alpha = -0.0510694376834  entropy = 1.55880858878
    sigma = 0.02  Optimized mu_beta  = -0.0556584480792  entropy = 1.55880858878
    Total E(T) = -12266.4637790014  Free energy = -12266.4949551732  E0 = -12266.4793670873
cycle= 120 E= -12266.4637790014  delta_E= -0.000264  |g|= 0.0241  |ddm|= 35.4
    sigma = 0.02  Optimized mu_alpha = -0.0511294545761  entropy = 1.55786693535
    sigma = 0.02  Optimized mu_beta  = -0.0557005748781  entropy = 1.55786693535
    Total E(T) = -12266.4639955066  Free energy = -12266.4951528453  E0 = -12266.4795741759
cycle= 121 E= -12266.4639955066  delta_E= -0.000217  |g|= 0.0223  |ddm|= 29.7
    sigma = 0.02  Optimized mu_alpha = -0.05112785513  entropy = 1.55691546668
    sigma = 0.02  Optimized mu_beta  = -0.0556584312417  entropy = 1.55691546668
    Total E(T) = -12266.4641761601  Free energy = -12266.4953144694  E0 = -12266.4797453147
cycle= 122 E= -12266.4641761601  delta_E= -0.000181  |g|= 0.0352  |ddm|= 41.1
    sigma = 0.02  Optimized mu_alpha = -0.0511731464284  entropy = 1.55610085539
    sigma = 0.02  Optimized mu_beta  = -0.0557127693713  entropy = 1.55610085539
    Total E(T) = -12266.464357806  Free energy = -12266.4954798231  E0 = -12266.4799188145
cycle= 123 E= -12266.464357806  delta_E= -0.000182  |g|= 0.0217  |ddm|= 34.9
    sigma = 0.02  Optimized mu_alpha = -0.0512015814435  entropy = 1.55606873354
    sigma = 0.02  Optimized mu_beta  = -0.0557147441277  entropy = 1.55606873354
    Total E(T) = -12266.4644948461  Free energy = -12266.4956162208  E0 = -12266.4800555335
cycle= 124 E= -12266.4644948461  delta_E= -0.000137  |g|= 0.0302  |ddm|= 28.8
    sigma = 0.02  Optimized mu_alpha = -0.0511811991259  entropy = 1.55501097883
    sigma = 0.02  Optimized mu_beta  = -0.0557018224216  entropy = 1.55501097883
    Total E(T) = -12266.4646312298  Free energy = -12266.4957314494  E0 = -12266.4801813396
cycle= 125 E= -12266.4646312298  delta_E= -0.000136  |g|= 0.0233  |ddm|= 22.8
    sigma = 0.02  Optimized mu_alpha = -0.0511724412857  entropy = 1.55260840908
    sigma = 0.02  Optimized mu_beta  = -0.0556925879518  entropy = 1.55260840908
    Total E(T) = -12266.46477923  Free energy = -12266.4958313982  E0 = -12266.4803053141
cycle= 126 E= -12266.46477923  delta_E= -0.000148  |g|= 0.0141  |ddm|= 30.8
    sigma = 0.02  Optimized mu_alpha = -0.0511608551547  entropy = 1.55183422934
    sigma = 0.02  Optimized mu_beta  = -0.0556737243492  entropy = 1.55183422934
    Total E(T) = -12266.4648952125  Free energy = -12266.4959318971  E0 = -12266.4804135548
cycle= 127 E= -12266.4648952125  delta_E= -0.000116  |g|= 0.0198  |ddm|= 21.4
    sigma = 0.02  Optimized mu_alpha = -0.0511919964144  entropy = 1.5520089827
    sigma = 0.02  Optimized mu_beta  = -0.0557039938302  entropy = 1.5520089827
    Total E(T) = -12266.4649978955  Free energy = -12266.4960380752  E0 = -12266.4805179853
cycle= 128 E= -12266.4649978955  delta_E= -0.000103  |g|= 0.0183  |ddm|= 13.6
    sigma = 0.02  Optimized mu_alpha = -0.0511206245817  entropy = 1.55205419678
    sigma = 0.02  Optimized mu_beta  = -0.0556323999095  entropy = 1.55205419678
    Total E(T) = -12266.4650860359  Free energy = -12266.4961271198  E0 = -12266.4806065779
cycle= 129 E= -12266.4650860359  delta_E= -8.81e-05  |g|= 0.0209  |ddm|= 18.2
    sigma = 0.02  Optimized mu_alpha = -0.0512098456927  entropy = 1.55044796846
    sigma = 0.02  Optimized mu_beta  = -0.0557117614873  entropy = 1.55044796846
    Total E(T) = -12266.4651872496  Free energy = -12266.496196209  E0 = -12266.4806917293
cycle= 130 E= -12266.4651872496  delta_E= -0.000101  |g|= 0.00847  |ddm|= 18.5
    sigma = 0.02  Optimized mu_alpha = -0.051173142296  entropy = 1.55027375028
    sigma = 0.02  Optimized mu_beta  = -0.0556423169876  entropy = 1.55027375028
    Total E(T) = -12266.4652690233  Free energy = -12266.4962744983  E0 = -12266.4807717608
cycle= 131 E= -12266.4652690233  delta_E= -8.18e-05  |g|= 0.0146  |ddm|= 23.1
    sigma = 0.02  Optimized mu_alpha = -0.0512205595385  entropy = 1.54973343526
    sigma = 0.02  Optimized mu_beta  = -0.0556831067139  entropy = 1.54973343526
    Total E(T) = -12266.4653435217  Free energy = -12266.4963381904  E0 = -12266.480840856
cycle= 132 E= -12266.4653435217  delta_E= -7.45e-05  |g|= 0.0158  |ddm|= 13.4
    sigma = 0.02  Optimized mu_alpha = -0.0512006909401  entropy = 1.54963534519
    sigma = 0.02  Optimized mu_beta  = -0.0556552778952  entropy = 1.54963534519
    Total E(T) = -12266.4654107288  Free energy = -12266.4964034357  E0 = -12266.4809070823
cycle= 133 E= -12266.4654107288  delta_E= -6.72e-05  |g|= 0.0177  |ddm|= 12.5
    sigma = 0.02  Optimized mu_alpha = -0.051209853966  entropy = 1.54938696435
    sigma = 0.02  Optimized mu_beta  = -0.055661414822  entropy = 1.54938696435
    Total E(T) = -12266.4654766026  Free energy = -12266.4964643419  E0 = -12266.4809704723
cycle= 134 E= -12266.4654766026  delta_E= -6.59e-05  |g|= 0.0169  |ddm|=   13
    sigma = 0.02  Optimized mu_alpha = -0.0512180424574  entropy = 1.548969899
    sigma = 0.02  Optimized mu_beta  = -0.0556666531419  entropy = 1.548969899
    Total E(T) = -12266.4655377923  Free energy = -12266.4965171903  E0 = -12266.4810274913
cycle= 135 E= -12266.4655377923  delta_E= -6.12e-05  |g|= 0.0189  |ddm|= 10.7
    sigma = 0.02  Optimized mu_alpha = -0.0512044833161  entropy = 1.54920810199
    sigma = 0.02  Optimized mu_beta  = -0.0556635004816  entropy = 1.54920810199
    Total E(T) = -12266.465598719  Free energy = -12266.4965828811  E0 = -12266.4810908001
cycle= 136 E= -12266.465598719  delta_E= -6.09e-05  |g|= 0.0147  |ddm|= 16.9
    sigma = 0.02  Optimized mu_alpha = -0.0511934594007  entropy = 1.54892168018
    sigma = 0.02  Optimized mu_beta  = -0.0556561613824  entropy = 1.54892168018
    Total E(T) = -12266.4656536895  Free energy = -12266.4966321231  E0 = -12266.4811429063
cycle= 137 E= -12266.4656536895  delta_E= -5.5e-05  |g|= 0.0172  |ddm|= 13.3
    sigma = 0.02  Optimized mu_alpha = -0.0512124143953  entropy = 1.54832543747
    sigma = 0.02  Optimized mu_beta  = -0.0556547244481  entropy = 1.54832543747
    Total E(T) = -12266.4657114064  Free energy = -12266.4966779151  E0 = -12266.4811946607
cycle= 138 E= -12266.4657114064  delta_E= -5.77e-05  |g|= 0.00807  |ddm|= 13.6
    sigma = 0.02  Optimized mu_alpha = -0.051200573899  entropy = 1.54822697485
    sigma = 0.02  Optimized mu_beta  = -0.0556468517505  entropy = 1.54822697485
    Total E(T) = -12266.4657600533  Free energy = -12266.4967245928  E0 = -12266.481242323
cycle= 139 E= -12266.4657600533  delta_E= -4.86e-05  |g|= 0.0105  |ddm|= 10.8
    sigma = 0.02  Optimized mu_alpha = -0.0512197424687  entropy = 1.54760199532
    sigma = 0.02  Optimized mu_beta  = -0.0556716242648  entropy = 1.54760199532
    Total E(T) = -12266.4658025389  Free energy = -12266.4967545788  E0 = -12266.4812785588
cycle= 140 E= -12266.4658025389  delta_E= -4.25e-05  |g|= 0.0216  |ddm|= 14.2
    sigma = 0.02  Optimized mu_alpha = -0.0511874856161  entropy = 1.54785944689
    sigma = 0.02  Optimized mu_beta  = -0.0556358852994  entropy = 1.54785944689
    Total E(T) = -12266.4658483966  Free energy = -12266.4968055855  E0 = -12266.481326991
cycle= 141 E= -12266.4658483966  delta_E= -4.59e-05  |g|= 0.0174  |ddm|= 12.6
    sigma = 0.02  Optimized mu_alpha = -0.0512114336466  entropy = 1.54732435448
    sigma = 0.02  Optimized mu_beta  = -0.0556516286142  entropy = 1.54732435448
    Total E(T) = -12266.4658954857  Free energy = -12266.4968419728  E0 = -12266.4813687292
cycle= 142 E= -12266.4658954857  delta_E= -4.71e-05  |g|= 0.0135  |ddm|= 10.7
    sigma = 0.02  Optimized mu_alpha = -0.0512085983937  entropy = 1.54714886222
    sigma = 0.02  Optimized mu_beta  = -0.0556448811617  entropy = 1.54714886222
    Total E(T) = -12266.4659374145  Free energy = -12266.4968803917  E0 = -12266.4814089031
cycle= 143 E= -12266.4659374145  delta_E= -4.19e-05  |g|= 0.0131  |ddm|= 8.08
    sigma = 0.02  Optimized mu_alpha = -0.0512355673958  entropy = 1.54696043475
    sigma = 0.02  Optimized mu_beta  = -0.0556693269948  entropy = 1.54696043475
    Total E(T) = -12266.4659774547  Free energy = -12266.4969166634  E0 = -12266.4814470591
cycle= 144 E= -12266.4659774547  delta_E= -4e-05  |g|= 0.0124  |ddm|= 8.37
    sigma = 0.02  Optimized mu_alpha = -0.0512116901647  entropy = 1.5467900364
    sigma = 0.02  Optimized mu_beta  = -0.0556442869662  entropy = 1.5467900364
    Total E(T) = -12266.4660143556  Free energy = -12266.4969501563  E0 = -12266.4814822559
cycle= 145 E= -12266.4660143556  delta_E= -3.69e-05  |g|= 0.0129  |ddm|= 9.01
    sigma = 0.02  Optimized mu_alpha = -0.0512122974943  entropy = 1.54661338621
    sigma = 0.02  Optimized mu_beta  = -0.0556462075557  entropy = 1.54661338621
    Total E(T) = -12266.4660506155  Free energy = -12266.4969828832  E0 = -12266.4815167493
cycle= 146 E= -12266.4660506155  delta_E= -3.63e-05  |g|= 0.0127  |ddm|= 7.58
    sigma = 0.02  Optimized mu_alpha = -0.0512313286575  entropy = 1.54683784813
    sigma = 0.02  Optimized mu_beta  = -0.0556735487709  entropy = 1.54683784813
    Total E(T) = -12266.4660853161  Free energy = -12266.4970220731  E0 = -12266.4815536946
cycle= 147 E= -12266.4660853161  delta_E= -3.47e-05  |g|= 0.0138  |ddm|= 17.4
    sigma = 0.02  Optimized mu_alpha = -0.0511677067814  entropy = 1.54658120412
    sigma = 0.02  Optimized mu_beta  = -0.0556422925942  entropy = 1.54658120412
    Total E(T) = -12266.4661094774  Free energy = -12266.4970411014  E0 = -12266.4815752894
cycle= 148 E= -12266.4661094774  delta_E= -2.42e-05  |g|= 0.0236  |ddm|= 21.8
    sigma = 0.02  Optimized mu_alpha = -0.0511921420576  entropy = 1.54656801279
    sigma = 0.02  Optimized mu_beta  = -0.0556414512932  entropy = 1.54656801279
    Total E(T) = -12266.4661461503  Free energy = -12266.4970775105  E0 = -12266.4816118304
cycle= 149 E= -12266.4661461503  delta_E= -3.67e-05  |g|= 0.0127  |ddm|= 9.04
    sigma = 0.02  Optimized mu_alpha = -0.0512068394911  entropy = 1.54643503395
    sigma = 0.02  Optimized mu_beta  = -0.0556411769764  entropy = 1.54643503395
    Total E(T) = -12266.4661793935  Free energy = -12266.4971080942  E0 = -12266.4816437439
cycle= 150 E= -12266.4661793935  delta_E= -3.32e-05  |g|= 0.0106  |ddm|= 12.5
    sigma = 0.02  Optimized mu_alpha = -0.0512127725412  entropy = 1.54623886526
    sigma = 0.02  Optimized mu_beta  = -0.0556401087627  entropy = 1.54623886526
    Total E(T) = -12266.4662096486  Free energy = -12266.4971344259  E0 = -12266.4816720373
cycle= 151 E= -12266.4662096486  delta_E= -3.03e-05  |g|= 0.00853  |ddm|= 10.5
    sigma = 0.02  Optimized mu_alpha = -0.0512133934319  entropy = 1.54609609376
    sigma = 0.02  Optimized mu_beta  = -0.0556472090623  entropy = 1.54609609376
    Total E(T) = -12266.4662367085  Free energy = -12266.4971586304  E0 = -12266.4816976694
cycle= 152 E= -12266.4662367085  delta_E= -2.71e-05  |g|= 0.00882  |ddm|=  6.8
    sigma = 0.02  Optimized mu_alpha = -0.0512017284047  entropy = 1.54626182298
    sigma = 0.02  Optimized mu_beta  = -0.0556229954228  entropy = 1.54626182298
    Total E(T) = -12266.4662606568  Free energy = -12266.4971858932  E0 = -12266.481723275
cycle= 153 E= -12266.4662606568  delta_E= -2.39e-05  |g|= 0.0131  |ddm|=    9
    sigma = 0.02  Optimized mu_alpha = -0.0512155558077  entropy = 1.54565736201
    sigma = 0.02  Optimized mu_beta  = -0.055642768851  entropy = 1.54565736201
    Total E(T) = -12266.4662872071  Free energy = -12266.4972003543  E0 = -12266.4817437807
cycle= 154 E= -12266.4662872071  delta_E= -2.66e-05  |g|= 0.00839  |ddm|= 14.3
    sigma = 0.02  Optimized mu_alpha = -0.0512110841753  entropy = 1.54533878713
    sigma = 0.02  Optimized mu_beta  = -0.0556287793566  entropy = 1.54533878713
    Total E(T) = -12266.4663078977  Free energy = -12266.4972146735  E0 = -12266.4817612856
cycle= 155 E= -12266.4663078977  delta_E= -2.07e-05  |g|= 0.0138  |ddm|= 12.6
    sigma = 0.02  Optimized mu_alpha = -0.05124927994  entropy = 1.54560942297
    sigma = 0.02  Optimized mu_beta  = -0.0556738119953  entropy = 1.54560942297
    Total E(T) = -12266.4663341029  Free energy = -12266.4972462914  E0 = -12266.4817901972
cycle= 156 E= -12266.4663341029  delta_E= -2.62e-05  |g|= 0.0101  |ddm|= 12.6
    sigma = 0.02  Optimized mu_alpha = -0.0512024294376  entropy = 1.54514786459
    sigma = 0.02  Optimized mu_beta  = -0.0556287630281  entropy = 1.54514786459
    Total E(T) = -12266.4663535305  Free energy = -12266.4972564878  E0 = -12266.4818050091
cycle= 157 E= -12266.4663535305  delta_E= -1.94e-05  |g|= 0.0127  |ddm|= 12.4
    sigma = 0.02  Optimized mu_alpha = -0.0512041136048  entropy = 1.54562987242
    sigma = 0.02  Optimized mu_beta  = -0.0556318711756  entropy = 1.54562987242
    Total E(T) = -12266.4663754965  Free energy = -12266.497288094  E0 = -12266.4818317953
cycle= 158 E= -12266.4663754965  delta_E= -2.2e-05  |g|= 0.0117  |ddm|= 16.7
    sigma = 0.02  Optimized mu_alpha = -0.0512094841051  entropy = 1.54559078429
    sigma = 0.02  Optimized mu_beta  = -0.055645352854  entropy = 1.54559078429
    Total E(T) = -12266.4663971833  Free energy = -12266.4973089989  E0 = -12266.4818530911
cycle= 159 E= -12266.4663971833  delta_E= -2.17e-05  |g|= 0.00655  |ddm|= 15.4
    sigma = 0.02  Optimized mu_alpha = -0.051196277949  entropy = 1.54536142722
    sigma = 0.02  Optimized mu_beta  = -0.0556383341755  entropy = 1.54536142722
    Total E(T) = -12266.466415997  Free energy = -12266.4973232255  E0 = -12266.4818696113
cycle= 160 E= -12266.466415997  delta_E= -1.88e-05  |g|= 0.00528  |ddm|= 6.28
    sigma = 0.02  Optimized mu_alpha = -0.0511866122189  entropy = 1.54488027603
    sigma = 0.02  Optimized mu_beta  = -0.0556311094497  entropy = 1.54488027603
    Total E(T) = -12266.4664362405  Free energy = -12266.497333846  E0 = -12266.4818850432
cycle= 161 E= -12266.4664362405  delta_E= -2.02e-05  |g|= 0.00607  |ddm|=   14
    sigma = 0.02  Optimized mu_alpha = -0.0511953758497  entropy = 1.54490975217
    sigma = 0.02  Optimized mu_beta  = -0.0556348633362  entropy = 1.54490975217
    Total E(T) = -12266.4664535126  Free energy = -12266.4973517076  E0 = -12266.4819026101
cycle= 162 E= -12266.4664535126  delta_E= -1.73e-05  |g|= 0.00783  |ddm|= 8.51
    sigma = 0.02  Optimized mu_alpha = -0.0511744653233  entropy = 1.54437615229
    sigma = 0.02  Optimized mu_beta  = -0.0556185116691  entropy = 1.54437615229
    Total E(T) = -12266.4664689709  Free energy = -12266.497356494  E0 = -12266.4819127325
cycle= 163 E= -12266.4664689709  delta_E= -1.55e-05  |g|= 0.0119  |ddm|= 15.2
    sigma = 0.02  Optimized mu_alpha = -0.0511871706024  entropy = 1.54451277203
    sigma = 0.02  Optimized mu_beta  = -0.0556300983799  entropy = 1.54451277203
    Total E(T) = -12266.4664862267  Free energy = -12266.4973764821  E0 = -12266.4819313544
cycle= 164 E= -12266.4664862267  delta_E= -1.73e-05  |g|= 0.0131  |ddm|= 7.87
    sigma = 0.02  Optimized mu_alpha = -0.0512001532838  entropy = 1.5448903865
    sigma = 0.02  Optimized mu_beta  = -0.0556354932424  entropy = 1.5448903865
    Total E(T) = -12266.466504083  Free energy = -12266.4974018907  E0 = -12266.4819529869
cycle= 165 E= -12266.466504083  delta_E= -1.79e-05  |g|= 0.00514  |ddm|= 10.8
    sigma = 0.02  Optimized mu_alpha = -0.051218765861  entropy = 1.54471815353
    sigma = 0.02  Optimized mu_beta  = -0.0556469261848  entropy = 1.54471815353
    Total E(T) = -12266.4665207971  Free energy = -12266.4974151602  E0 = -12266.4819679786
cycle= 166 E= -12266.4665207971  delta_E= -1.67e-05  |g|= 0.00414  |ddm|= 6.12
    sigma = 0.02  Optimized mu_alpha = -0.0512014283328  entropy = 1.54473909372
    sigma = 0.02  Optimized mu_beta  = -0.0556322499428  entropy = 1.54473909372
    Total E(T) = -12266.4665343765  Free energy = -12266.4974291583  E0 = -12266.4819817674
cycle= 167 E= -12266.4665343765  delta_E= -1.36e-05  |g|= 0.0038  |ddm|= 7.68
    sigma = 0.02  Optimized mu_alpha = -0.051211539155  entropy = 1.54449342531
    sigma = 0.02  Optimized mu_beta  = -0.0556265043092  entropy = 1.54449342531
    Total E(T) = -12266.4665499524  Free energy = -12266.4974398209  E0 = -12266.4819948867
cycle= 168 E= -12266.4665499524  delta_E= -1.56e-05  |g|= 0.00672  |ddm|= 12.3
    sigma = 0.02  Optimized mu_alpha = -0.0512158272686  entropy = 1.54419578832
    sigma = 0.02  Optimized mu_beta  = -0.0556305983656  entropy = 1.54419578832
    Total E(T) = -12266.4665600684  Free energy = -12266.4974439842  E0 = -12266.4820020263
cycle= 169 E= -12266.4665600684  delta_E= -1.01e-05  |g|= 0.0121  |ddm|= 13.6
    sigma = 0.02  Optimized mu_alpha = -0.0512056606508  entropy = 1.54429329612
    sigma = 0.02  Optimized mu_beta  = -0.0556253176604  entropy = 1.54429329612
    Total E(T) = -12266.4665723146  Free energy = -12266.4974581805  E0 = -12266.4820152476
cycle= 170 E= -12266.4665723146  delta_E= -1.22e-05  |g|= 0.0128  |ddm|=  6.2
    sigma = 0.02  Optimized mu_alpha = -0.0511995627027  entropy = 1.54390895008
    sigma = 0.02  Optimized mu_beta  = -0.0556187484779  entropy = 1.54390895008
    Total E(T) = -12266.4665807948  Free energy = -12266.4974589738  E0 = -12266.4820198843
cycle= 171 E= -12266.4665807948  delta_E= -8.48e-06  |g|= 0.0163  |ddm|= 11.2
    sigma = 0.02  Optimized mu_alpha = -0.0511939432983  entropy = 1.54406469898
    sigma = 0.02  Optimized mu_beta  = -0.0556228341515  entropy = 1.54406469898
    Total E(T) = -12266.4665972694  Free energy = -12266.4974785633  E0 = -12266.4820379163
cycle= 172 E= -12266.4665972694  delta_E= -1.65e-05  |g|= 0.0126  |ddm|= 9.97
    sigma = 0.02  Optimized mu_alpha = -0.051198281016  entropy = 1.54429545899
    sigma = 0.02  Optimized mu_beta  = -0.0556314646409  entropy = 1.54429545899
    Total E(T) = -12266.4666128909  Free energy = -12266.4974988001  E0 = -12266.4820558455
cycle= 173 E= -12266.4666128909  delta_E= -1.56e-05  |g|= 0.00757  |ddm|=   13
    sigma = 0.02  Optimized mu_alpha = -0.0511914922679  entropy = 1.54418031999
    sigma = 0.02  Optimized mu_beta  = -0.0556289899955  entropy = 1.54418031999
    Total E(T) = -12266.4666250087  Free energy = -12266.4975086151  E0 = -12266.4820668119
cycle= 174 E= -12266.4666250087  delta_E= -1.21e-05  |g|= 0.00625  |ddm|= 5.78
    sigma = 0.02  Optimized mu_alpha = -0.0511943315747  entropy = 1.54417714374
    sigma = 0.02  Optimized mu_beta  = -0.0556311229491  entropy = 1.54417714374
    Total E(T) = -12266.4666357591  Free energy = -12266.4975193019  E0 = -12266.4820775305
cycle= 175 E= -12266.4666357591  delta_E= -1.08e-05  |g|= 0.00549  |ddm|= 4.59
    sigma = 0.02  Optimized mu_alpha = -0.0511847030029  entropy = 1.54391854039
    sigma = 0.02  Optimized mu_beta  = -0.0556305736623  entropy = 1.54391854039
    Total E(T) = -12266.4666466043  Free energy = -12266.4975249751  E0 = -12266.4820857897
cycle= 176 E= -12266.4666466043  delta_E= -1.08e-05  |g|= 0.00747  |ddm|= 8.05
    sigma = 0.02  Optimized mu_alpha = -0.0511908048058  entropy = 1.5439179954
    sigma = 0.02  Optimized mu_beta  = -0.0556312774629  entropy = 1.5439179954
    Total E(T) = -12266.4666570705  Free energy = -12266.4975354304  E0 = -12266.4820962504
cycle= 177 E= -12266.4666570705  delta_E= -1.05e-05  |g|= 0.00368  |ddm|=  4.3
    sigma = 0.02  Optimized mu_alpha = -0.0511521352693  entropy = 1.54339907636
    sigma = 0.02  Optimized mu_beta  = -0.0556020632478  entropy = 1.54339907636
    Total E(T) = -12266.4666669436  Free energy = -12266.4975349251  E0 = -12266.4821009343
cycle= 178 E= -12266.4666669436  delta_E= -9.87e-06  |g|= 0.0093  |ddm|= 15.7
    sigma = 0.02  Optimized mu_alpha = -0.0511779055637  entropy = 1.54340920591
    sigma = 0.02  Optimized mu_beta  = -0.0556242680499  entropy = 1.54340920591
    Total E(T) = -12266.4666771154  Free energy = -12266.4975452995  E0 = -12266.4821112074
cycle= 179 E= -12266.4666771154  delta_E= -1.02e-05  |g|= 0.00942  |ddm|= 6.25
    sigma = 0.02  Optimized mu_alpha = -0.0511861992703  entropy = 1.5436344766
    sigma = 0.02  Optimized mu_beta  = -0.0556263889027  entropy = 1.5436344766
    Total E(T) = -12266.4666879915  Free energy = -12266.4975606811  E0 = -12266.4821243363
cycle= 180 E= -12266.4666879915  delta_E= -1.09e-05  |g|= 0.00552  |ddm|=  6.6
    sigma = 0.02  Optimized mu_alpha = -0.0511931134288  entropy = 1.54372612724
    sigma = 0.02  Optimized mu_beta  = -0.0556308031345  entropy = 1.54372612724
    Total E(T) = -12266.4666974226  Free energy = -12266.4975719451  E0 = -12266.4821346838
cycle= 181 E= -12266.4666974226  delta_E= -9.43e-06  |g|= 0.00326  |ddm|=  5.2
    sigma = 0.02  Optimized mu_alpha = -0.0511935677688  entropy = 1.54369632786
    sigma = 0.02  Optimized mu_beta  = -0.0556269551256  entropy = 1.54369632786
    Total E(T) = -12266.4667065032  Free energy = -12266.4975804298  E0 = -12266.4821434665
cycle= 182 E= -12266.4667065032  delta_E= -9.08e-06  |g|= 0.00283  |ddm|= 4.31
    sigma = 0.02  Optimized mu_alpha = -0.0511951379877  entropy = 1.54361936596
    sigma = 0.02  Optimized mu_beta  = -0.0556253461726  entropy = 1.54361936596
    Total E(T) = -12266.4667154134  Free energy = -12266.4975878007  E0 = -12266.482151607
cycle= 183 E= -12266.4667154134  delta_E= -8.91e-06  |g|= 0.00383  |ddm|= 5.65
    sigma = 0.02  Optimized mu_alpha = -0.0512050956756  entropy = 1.5435187218
    sigma = 0.02  Optimized mu_beta  = -0.055630465509  entropy = 1.5435187218
    Total E(T) = -12266.4667243582  Free energy = -12266.4975947327  E0 = -12266.4821595455
cycle= 184 E= -12266.4667243582  delta_E= -8.94e-06  |g|= 0.00563  |ddm|= 7.89
    sigma = 0.02  Optimized mu_alpha = -0.051189936735  entropy = 1.54339873664
    sigma = 0.02  Optimized mu_beta  = -0.0556154922183  entropy = 1.54339873664
    Total E(T) = -12266.466731784  Free energy = -12266.4975997587  E0 = -12266.4821657713
cycle= 185 E= -12266.466731784  delta_E= -7.43e-06  |g|= 0.00715  |ddm|= 6.59
    sigma = 0.02  Optimized mu_alpha = -0.0511926547853  entropy = 1.5432689123
    sigma = 0.02  Optimized mu_beta  = -0.0556190825147  entropy = 1.5432689123
    Total E(T) = -12266.466738444  Free energy = -12266.4976038223  E0 = -12266.4821711331
cycle= 186 E= -12266.466738444  delta_E= -6.66e-06  |g|= 0.00944  |ddm|= 5.87
    sigma = 0.02  Optimized mu_alpha = -0.051193499127  entropy = 1.54331700976
    sigma = 0.02  Optimized mu_beta  = -0.0556249120945  entropy = 1.54331700976
    Total E(T) = -12266.4667469363  Free energy = -12266.4976132765  E0 = -12266.4821801064
cycle= 187 E= -12266.4667469363  delta_E= -8.49e-06  |g|= 0.00768  |ddm|= 5.68
    sigma = 0.02  Optimized mu_alpha = -0.0511930204617  entropy = 1.54335957512
    sigma = 0.02  Optimized mu_beta  = -0.0556298324935  entropy = 1.54335957512
    Total E(T) = -12266.4667551711  Free energy = -12266.4976223626  E0 = -12266.4821887668
cycle= 188 E= -12266.4667551711  delta_E= -8.23e-06  |g|= 0.00571  |ddm|=  6.9
    sigma = 0.02  Optimized mu_alpha = -0.0511811469975  entropy = 1.54320015447
    sigma = 0.02  Optimized mu_beta  = -0.0556202370498  entropy = 1.54320015447
    Total E(T) = -12266.4667628046  Free energy = -12266.4976268077  E0 = -12266.4821948062
cycle= 189 E= -12266.4667628046  delta_E= -7.63e-06  |g|= 0.00553  |ddm|= 4.93
    sigma = 0.02  Optimized mu_alpha = -0.0511859130568  entropy = 1.54333851019
    sigma = 0.02  Optimized mu_beta  = -0.0556242988559  entropy = 1.54333851019
    Total E(T) = -12266.4667694183  Free energy = -12266.4976361885  E0 = -12266.4822028034
cycle= 190 E= -12266.4667694183  delta_E= -6.61e-06  |g|= 0.00499  |ddm|= 5.99
    sigma = 0.02  Optimized mu_alpha = -0.0511823485342  entropy = 1.54325209971
    sigma = 0.02  Optimized mu_beta  = -0.0556241478872  entropy = 1.54325209971
    Total E(T) = -12266.4667757786  Free energy = -12266.4976408206  E0 = -12266.4822082996
cycle= 191 E= -12266.4667757786  delta_E= -6.36e-06  |g|= 0.00525  |ddm|= 3.58
    sigma = 0.02  Optimized mu_alpha = -0.0511879164902  entropy = 1.54316989151
    sigma = 0.02  Optimized mu_beta  = -0.0556314548935  entropy = 1.54316989151
    Total E(T) = -12266.4667821077  Free energy = -12266.4976455055  E0 = -12266.4822138066
cycle= 192 E= -12266.4667821077  delta_E= -6.33e-06  |g|= 0.00683  |ddm|= 4.53
    sigma = 0.02  Optimized mu_alpha = -0.0511720220525  entropy = 1.54309930998
    sigma = 0.02  Optimized mu_beta  = -0.0556167496264  entropy = 1.54309930998
    Total E(T) = -12266.4667886564  Free energy = -12266.4976506426  E0 = -12266.4822196495
cycle= 193 E= -12266.4667886564  delta_E= -6.55e-06  |g|= 0.00488  |ddm|= 4.58
    sigma = 0.02  Optimized mu_alpha = -0.0511721436266  entropy = 1.54299908616
    sigma = 0.02  Optimized mu_beta  = -0.0556201702929  entropy = 1.54299908616
    Total E(T) = -12266.4667950897  Free energy = -12266.4976550714  E0 = -12266.4822250806
cycle= 194 E= -12266.4667950897  delta_E= -6.43e-06  |g|= 0.00372  |ddm|= 5.46
    sigma = 0.02  Optimized mu_alpha = -0.0511624484942  entropy = 1.54277725521
    sigma = 0.02  Optimized mu_beta  = -0.0556147548459  entropy = 1.54277725521
    Total E(T) = -12266.4668018115  Free energy = -12266.4976573566  E0 = -12266.4822295841
cycle= 195 E= -12266.4668018115  delta_E= -6.72e-06  |g|= 0.00526  |ddm|= 9.64
    sigma = 0.02  Optimized mu_alpha = -0.0511708643911  entropy = 1.5428427465
    sigma = 0.02  Optimized mu_beta  = -0.055620060677  entropy = 1.5428427465
    Total E(T) = -12266.4668083075  Free energy = -12266.4976651624  E0 = -12266.4822367349
cycle= 196 E= -12266.4668083075  delta_E= -6.5e-06  |g|= 0.00395  |ddm|= 4.26
    sigma = 0.02  Optimized mu_alpha = -0.0511625718039  entropy = 1.54288658459
    sigma = 0.02  Optimized mu_beta  = -0.0556097746487  entropy = 1.54288658459
    Total E(T) = -12266.4668141702  Free energy = -12266.4976719019  E0 = -12266.4822430361
cycle= 197 E= -12266.4668141702  delta_E= -5.86e-06  |g|= 0.00394  |ddm|= 5.33
    sigma = 0.02  Optimized mu_alpha = -0.0511790335278  entropy = 1.54290353944
    sigma = 0.02  Optimized mu_beta  = -0.0556225425224  entropy = 1.54290353944
    Total E(T) = -12266.4668201926  Free energy = -12266.4976782634  E0 = -12266.482249228
cycle= 198 E= -12266.4668201926  delta_E= -6.02e-06  |g|= 0.00276  |ddm|= 5.08
    sigma = 0.02  Optimized mu_alpha = -0.0511828456029  entropy = 1.54292706869
    sigma = 0.02  Optimized mu_beta  = -0.0556239449311  entropy = 1.54292706869
    Total E(T) = -12266.4668257759  Free energy = -12266.4976843173  E0 = -12266.4822550466
cycle= 199 E= -12266.4668257759  delta_E= -5.58e-06  |g|= 0.00236  |ddm|= 3.11
    sigma = 0.02  Optimized mu_alpha = -0.0511784220715  entropy = 1.54288146567
    sigma = 0.02  Optimized mu_beta  = -0.0556183660784  entropy = 1.54288146567
    Total E(T) = -12266.4668313559  Free energy = -12266.4976889852  E0 = -12266.4822601705
cycle= 200 E= -12266.4668313559  delta_E= -5.58e-06  |g|= 0.00262  |ddm|=  3.8
SCF not converged.
SCF energy = -12266.4668313559 after 200 cycles  <S^2> = 8.7831685  2S+1 = 6.011046
[sigma=0.02] E_tot = -12266.4668313559 Eh | converged = False | last_cycle = 199 | time = 5074.6 s
  -> wrote al2.4_sigma0.02.chk
  -> wrote al2.4_sigma0.02_last_dm.pkl

========== Summary ==========
   sigma          E_tot (Eh)   converged   last_cyc    time (s)
  0.0020   -12266.4666771738        True        160      4118.4
  0.0050   -12266.4357475041        True        139      3583.0
  0.0100   -12266.3301769677        True        148      3828.3
  0.0200   -12266.4668313559       False        199      5074.6
Wrote dftref_summary.pkl
=== Python finished ===
All done.
