pyscf max mem (MB) = 235423
#INFO: **** input file is /anvil/scratch/x-wmiao/alcluster50/Al_cluster/anew/newbasis/2.7dftref/dftref.py ****
"""
Single-point UKS reference calculation for the full Al50+O2 system at d=2.7 A.

The DFT solver settings match the Al ensemble (right fragment) setup used in
the pdft workflow (see ``FragmentDFT(..., metal=True, smearing=True,
newton=False)`` in ``fragments.py``):

    - dft.UKS, xc='pbe'
    - density_fit(auxbasis='weigend')
    - remove_linear_dep_(lindep=1e-4)
    - direct_scf = True, max_cycle = 200, conv_tol = 1e-6
    - grids.level = 3, grids.prune = treutler_prune, small_rho_cutoff = 1e-6
    - diis_space = 12
    - smearing_(sigma=sigma, method='fermi', fix_spin=True)
    - level_shift = 0.2, damp = 0.15

The full-system molecule mirrors the geo built in ``2.7capdft.py``:
``atom='4.xyz'``, ``basis={'O': obasis, 'Al': albasis}``, ``charge=0``,
``spin=2``.

For each sigma in [0.002, 0.005, 0.01, 0.02] we:
    1. Run UKS SCF from scratch.
    2. Capture the density matrix used to build the final Fock (the dm at the
       last normal SCF cycle), via a callback hooked into mf.callback. This
       avoids using the post-loop "extra cycle" make_rdm1(mo_coeff, mo_occ).
    3. Dump:
        - ``al2.7_sigma{sigma}.chk`` via pyscf.scf.chkfile.dump_scf (standard
          chk file, loadable with scfchk.load_scf).
        - ``al2.7_sigma{sigma}_last_dm.pkl`` with the last-normal-cycle
          (Da, Db), the matching mo_coeff/mo_occ/mo_energy at that cycle, the
          final mo_coeff/mo_occ/mo_energy, e_tot, and convergence flag.
"""

import os
import sys
import time
import pickle

import numpy as np
import psutil

from pyscf import gto, dft, lib
from pyscf.scf import chkfile as scfchk
from pyscf.scf.addons import remove_linear_dep_, smearing_
from pyscf.dft.gen_grid import treutler_prune


MAX_MEMORY = int(psutil.virtual_memory().available / 1e6)
print(f"pyscf max mem (MB) = {MAX_MEMORY}", flush=True)


obasis = gto.basis.parse('''O    S
   8588.500                  0.00189515
   1297.230                  0.0143859
    299.2960                 0.0707320
     87.37710                0.2400010
     25.67890                0.5947970
      3.740040               0.2808020
O    SP
     42.11750                0.113889               0.0365114
      9.628370               0.920811               0.237153
      2.853320              -0.00327447             0.819702
O    SP
      0.905661               1.000000               1.000000
O    SP
      0.255611               1.000000               1.000000
O    SP
      0.0845000              1.0000000              1.0000000
O    D
      1.292                  1.000000''')

albasis = gto.basis.parse('''Al    S
  54866.489                  0.000839
   8211.7665                 0.006527
   1866.1761                 0.033666
    531.12934                0.132902
    175.11797                0.401266
     64.005500               0.531338
Al    S
     64.005500               0.202305
     25.292507               0.624790
     10.534910               0.227439
Al    S
      3.2067110              1.000000
Al    S
      1.152555               1.000000
Al    S
      0.1766780              1.000000
Al    S
      0.0652370              1.000000
Al    P
    259.28362                0.009448
     61.076870               0.070974
     19.303237               0.295636
      7.0108820              0.728219
Al    P
      2.6738650              0.644467
      1.0365960              0.417413
Al    P
      0.3168190              1.000000
Al    P
      0.1142570              1.000000
Al    SP
      0.0318000              1.0000000              1.0000000
Al    P
      0.041397               1.000000
Al    D
      0.3250000              1.0000000''')


mol = gto.Mole()
mol.atom = "4.xyz"
mol.unit = "angstrom"
mol.basis = {'O': obasis, 'Al': albasis}
mol.charge = 0
mol.spin = 2
mol.cart = False
mol.max_memory = MAX_MEMORY
mol.verbose = 4
mol.build()

print(f"NAO = {mol.nao_nr()}, nelec = {mol.nelec}", flush=True)


def make_last_cycle_callback(store):
    """Return a callback that caches dm/mo_* from the last *normal* SCF cycle.

    Mirrors fragments.FragmentDFT._cache_last_normal_dm: anything with
    envs['cycle'] < 0 (the post-loop "extra" iteration PySCF runs after
    convergence) is ignored.
    """
    def cb(envs):
        cyc = envs.get("cycle", None)
        if cyc is None or cyc < 0:
            return
        dm = envs.get("dm", None)
        if dm is None:
            return
        arr = np.asarray(dm)
        if arr.ndim == 3 and arr.shape[0] == 2:
            Da, Db = arr[0], arr[1]
        elif arr.ndim == 2:
            Da = Db = 0.5 * arr
        else:
            return
        store["cycle"] = int(cyc)
        store["Da"] = np.array(Da, copy=True)
        store["Db"] = np.array(Db, copy=True)
        for k in ("mo_coeff", "mo_occ", "mo_energy", "fock"):
            v = envs.get(k, None)
            if v is not None:
                store[k] = np.array(v, copy=True)
    return cb


def run_one_sigma(sigma):
    print(f"\n========== sigma = {sigma:g} ==========", flush=True)
    mf = dft.UKS(mol)
    mf.xc = 'pbe'
    mf = mf.density_fit(auxbasis='weigend')
    mf = remove_linear_dep_(mf, lindep=1e-4)
    mf.direct_scf = True
    mf.max_cycle = 200
    mf.conv_tol = 1e-6
    mf.verbose = 4
    mf.grids.level = 3
    mf.grids.prune = treutler_prune
    mf.small_rho_cutoff = 1e-6
    mf.diis_space = 12
    mf.max_memory = MAX_MEMORY

    mf = smearing_(mf, sigma=sigma, method="fermi", fix_spin=(mol.spin != 0))
    mf.level_shift = 0.2
    mf.damp = 0.15

    last = {}
    mf.callback = make_last_cycle_callback(last)

    t0 = time.time()
    e_tot = mf.kernel()
    dt = time.time() - t0
    converged = bool(mf.converged)
    last_cycle = last.get("cycle", -1)

    print(
        f"[sigma={sigma:g}] E_tot = {e_tot:.10f} Eh | converged = {converged}"
        f" | last_cycle = {last_cycle} | time = {dt:.1f} s",
        flush=True,
    )

    chkname = f"al2.7_sigma{sigma:g}.chk"
    scfchk.dump_scf(
        mol, chkname,
        e_tot=e_tot,
        mo_coeff=mf.mo_coeff,
        mo_occ=mf.mo_occ,
        mo_energy=mf.mo_energy,
    )
    print(f"  -> wrote {chkname}", flush=True)

    extra = {
        "sigma": sigma,
        "converged": converged,
        "e_tot": e_tot,
        "last_cycle": last_cycle,
        "Da_last_normal": last.get("Da"),
        "Db_last_normal": last.get("Db"),
        "mo_coeff_last_normal": last.get("mo_coeff"),
        "mo_occ_last_normal": last.get("mo_occ"),
        "mo_energy_last_normal": last.get("mo_energy"),
        "mo_coeff_final": mf.mo_coeff,
        "mo_occ_final": mf.mo_occ,
        "mo_energy_final": mf.mo_energy,
    }
    pklname = f"al2.7_sigma{sigma:g}_last_dm.pkl"
    with open(pklname, "wb") as f:
        pickle.dump(extra, f)
    print(f"  -> wrote {pklname}", flush=True)

    return {
        "sigma": sigma,
        "e_tot": e_tot,
        "converged": converged,
        "last_cycle": last_cycle,
        "time_s": dt,
    }


sigmas = [0.002, 0.005, 0.01, 0.02]

results = []
for sigma in sigmas:
    try:
        r = run_one_sigma(sigma)
    except Exception as exc:
        print(f"[sigma={sigma:g}] FAILED: {type(exc).__name__}: {exc}", flush=True)
        results.append({
            "sigma": sigma,
            "e_tot": float("nan"),
            "converged": False,
            "last_cycle": -1,
            "time_s": float("nan"),
            "error": f"{type(exc).__name__}: {exc}",
        })
        continue
    results.append(r)

print("\n========== Summary ==========", flush=True)
print(f"{'sigma':>8s}  {'E_tot (Eh)':>18s}  {'converged':>10s}  {'last_cyc':>9s}  {'time (s)':>10s}")
for r in results:
    print(
        f"{r['sigma']:>8.4f}  {r['e_tot']:>18.10f}  {str(r['converged']):>10s}"
        f"  {r['last_cycle']:>9d}  {r['time_s']:>10.1f}"
    )

with open("dftref_summary.pkl", "wb") as f:
    pickle.dump(results, f)
print("Wrote dftref_summary.pkl", flush=True)
#INFO: ******************** input file end ********************


System: uname_result(system='Linux', node='a154.anvil.rcac.purdue.edu', release='4.18.0-553.81.1.el8_10.x86_64', version='#1 SMP Fri Oct 31 12:43:44 UTC 2025', machine='x86_64', processor='x86_64')  Threads 70
Python 3.8.5 (default, Sep  4 2020, 07:30:14) 
[GCC 7.3.0]
numpy 1.24.4  scipy 1.10.1  h5py 3.11.0
Date: Sun May 10 21:02:17 2026
PySCF version 2.6.2
PySCF path  /home/x-wmiao/.conda/envs/n2v_envi/lib/python3.8/site-packages/pyscf

[CONFIG] conf_file None
[INPUT] verbose = 4
[INPUT] num. atoms = 52
[INPUT] num. electrons = 666
[INPUT] charge = 0
[INPUT] spin (= nelec alpha-beta = 2S) = 2
[INPUT] symmetry False subgroup None
[INPUT] Mole.unit = angstrom
[INPUT] Symbol           X                Y                Z      unit          X                Y                Z       unit  Magmom
[INPUT]  1 Al    -0.000002500000  -0.000003930000   0.000010140000 AA   -0.000004724315  -0.000007426624   0.000019161823 Bohr   0.0
[INPUT]  2 Al    -0.000010350000  -3.297768200000   2.331885930000 AA   -0.000019558665  -6.231878720300   4.406625761427 Bohr   0.0
[INPUT]  3 Al     0.000002710000  -6.595540880000   4.663754650000 AA    0.000005121158 -12.463765906573   8.813219000667 Bohr   0.0
[INPUT]  4 Al     0.000000280000  -9.893308950000   6.995628040000 AA    0.000000529123 -18.695644381208  13.219821064928 Bohr   0.0
[INPUT]  5 Al    -2.855944250000   1.648877440000   2.331868000000 AA   -5.396952459526   3.115926774574   4.406591878637 Bohr   0.0
[INPUT]  6 Al    -2.855919820000  -1.648850210000   4.663682450000 AA   -5.396906293517  -3.115875317332   8.813082562441 Bohr   0.0
[INPUT]  7 Al    -2.855936380000  -4.946657660000   6.995596520000 AA   -5.396937587382  -9.347828209382  13.219761500760 Bohr   0.0
[INPUT]  8 Al    -5.711919480000   3.297763300000   4.663757560000 AA  -10.793963462768   6.231869460642   8.813224499770 Bohr   0.0
[INPUT]  9 Al    -5.711903010000   0.000011440000   6.995729820000 AA  -10.793932338979   0.000021618467  13.220013401253 Bohr   0.0
[INPUT] 10 Al    -8.567861930000   4.946655500000   6.995660400000 AA  -16.190912520787   9.347824127573  13.219882216465 Bohr   0.0
[INPUT] 11 Al     2.855941970000   1.648876180000   2.331874800000 AA    5.396948150951   3.115924393519   4.406604728775 Bohr   0.0
[INPUT] 12 Al     2.855911020000  -1.648875280000   4.663708300000 AA    5.396889663927  -3.115922692766   8.813131411861 Bohr   0.0
[INPUT] 13 Al     2.855941920000  -4.946662280000   6.995716120000 AA    5.396948056465  -9.347836939917  13.219987512005 Bohr   0.0
[INPUT] 14 Al     0.000019810000   3.297729320000   4.663699710000 AA    0.000037435475   6.231805247748   8.813115179114 Bohr   0.0
[INPUT] 15 Al     0.000600730000   0.000874300000   7.081730270000 AA    0.001135215175   0.001652187551  13.382530698342 Bohr   0.0
[INPUT] 16 Al    -2.855954140000   4.946652730000   6.995571990000 AA   -5.396971148918   9.347818893032  13.219715145779 Bohr   0.0
[INPUT] 17 Al     5.711899020000   3.297775690000   4.663758470000 AA   10.793924798972   6.231892874349   8.813226219421 Bohr   0.0
[INPUT] 18 Al     5.711910520000   0.000002700000   6.995581580000 AA   10.793946530822   0.000005102261  13.219733268252 Bohr   0.0
[INPUT] 19 Al     2.855962660000   4.946654320000   6.995708860000 AA    5.396987249384   9.347821897697  13.219973792593 Bohr   0.0
[INPUT] 20 Al     8.567859500000   4.946657500000   6.995664680000 AA   16.190907928753   9.347827907026  13.219890304493 Bohr   0.0
[INPUT] 21 Al    -1.427951460000  -0.824424240000   2.331847360000 AA   -2.698437178573  -1.557936024053   4.406552874690 Bohr   0.0
[INPUT] 22 Al    -1.427956620000  -4.122226910000   4.663692190000 AA   -2.698446929560  -7.789879883212   8.813100968373 Bohr   0.0
[INPUT] 23 Al    -1.427965660000  -7.419967340000   6.995546870000 AA   -2.698464012684 -14.021706125818  13.219667675858 Bohr   0.0
[INPUT] 24 Al    -4.283951960000   0.824458900000   4.663689150000 AA   -8.095495935194   1.558001521960   8.813095223606 Bohr   0.0
[INPUT] 25 Al    -4.283916820000  -2.473328910000   6.995646180000 AA   -8.095429530218  -4.673914255869  13.219855344560 Bohr   0.0
[INPUT] 26 Al    -7.139869040000   2.473326710000   6.995622890000 AA  -13.492397050861   4.673910098472  13.219811332838 Bohr   0.0
[INPUT] 27 Al     1.398530700000   0.807866590000   4.649365060000 AA    2.642839999796   1.526646600286   8.786026616522 Bohr   0.0
[INPUT] 28 Al     1.374978020000  -2.393857030000   6.988808370000 AA    2.598331885097  -4.523734168065  13.206933756368 Bohr   0.0
[INPUT] 29 Al    -1.386023340000   2.387960340000   6.988764270000 AA   -2.619204514855   4.512591038923  13.206850419446 Bohr   0.0
[INPUT] 30 Al     4.131889010000   2.385729180000   7.085001150000 AA    7.808138606000   4.508374757583  13.388711765729 Bohr   0.0
[INPUT] 31 Al     1.427940540000  -0.824425310000   2.331852280000 AA    2.698416542764  -1.557938046060   4.406562172143 Bohr   0.0
[INPUT] 32 Al     1.427972170000  -4.122254770000   4.663725830000 AA    2.698476314801  -7.789932530982   8.813164538760 Bohr   0.0
[INPUT] 33 Al     1.427969190000  -7.419966860000   6.995598810000 AA    2.698470683417 -14.021705218749  13.219765828233 Bohr   0.0
[INPUT] 34 Al    -1.397667640000   0.808010060000   4.649176180000 AA   -2.641209052767   1.526917719293   8.785669685052 Bohr   0.0
[INPUT] 35 Al    -1.374293350000  -2.393812340000   6.989198730000 AA   -2.597038046311  -4.523649716204  13.207671429858 Bohr   0.0
[INPUT] 36 Al    -4.131608020000   2.385906830000   7.085396470000 AA   -7.807607611857   4.508710467429  13.389458812260 Bohr   0.0
[INPUT] 37 Al     4.283927260000   0.824465900000   4.663715730000 AA    8.095449258958   1.558014750043   8.813145452526 Bohr   0.0
[INPUT] 38 Al     4.283930840000  -2.473325040000   6.995660580000 AA    8.095456024178  -4.673906942629  13.219882556616 Bohr   0.0
[INPUT] 39 Al     1.386985260000   2.388086930000   6.988449540000 AA    2.621022280209   4.512830259353  13.206255665943 Bohr   0.0
[INPUT] 40 Al     7.139873180000   2.473319990000   6.995590050000 AA   13.492404874327   4.673897399512  13.219749274232 Bohr   0.0
[INPUT] 41 Al    -0.000007350000   1.648846440000   2.331867480000 AA   -0.000013889487   3.115868193064   4.406590895980 Bohr   0.0
[INPUT] 42 Al     0.000549460000  -1.613918390000   4.648885460000 AA    0.001038328916  -3.049863744499   8.785120303873 Bohr   0.0
[INPUT] 43 Al     0.000160150000  -4.771102120000   7.086589750000 AA    0.000302639639  -9.016076319132  13.391713784650 Bohr   0.0
[INPUT] 44 Al    -2.855983910000   3.297765430000   4.663716620000 AA   -5.397027406064   6.231873485759   8.813147134382 Bohr   0.0
[INPUT] 45 Al    -2.760635490000   0.007297290000   6.989302210000 AA   -5.216845005854   0.013789879552  13.207866978717 Bohr   0.0
[INPUT] 46 Al    -5.711893280000   4.946648280000   6.995593200000 AA  -10.793913951944   9.347810483751  13.219755226870 Bohr   0.0
[INPUT] 47 Al     2.855990810000   3.297783090000   4.663729280000 AA    5.397040445175   6.231906858322   8.813171058315 Bohr   0.0
[INPUT] 48 Al     2.761370670000   0.007544740000   6.988582360000 AA    5.218234294707   0.014257492281  13.206506659367 Bohr   0.0
[INPUT] 49 Al    -0.000000980000   4.946652890000   6.995660630000 AA   -0.000001851932   9.347819195388  13.219882651102 Bohr   0.0
[INPUT] 50 Al     5.711898000000   4.946649930000   6.995634650000 AA   10.793922871451   9.347813601799  13.219833556018 Bohr   0.0
[INPUT] 51 O     -2.658690000000   1.458000000000   9.688760000000 AA   -5.024195950120   2.755220689616  18.309102886641 Bohr   0.0
[INPUT] 52 O     -1.558750000000   0.811700000000   9.688760000000 AA   -2.945610596666   1.533890695309  18.309102886641 Bohr   0.0

nuclear repulsion = 19621.0386512327
number of shells = 720
number of NR pGTOs = 2520
number of NR cGTOs = 1544
basis = {'O': [[0, [8588.5, 0.00189515], [1297.23, 0.0143859], [299.296, 0.070732], [87.3771, 0.240001], [25.6789, 0.594797], [3.74004, 0.280802]], [0, [42.1175, 0.113889], [9.62837, 0.920811], [2.85332, -0.00327447]], [0, [0.905661, 1.0]], [0, [0.255611, 1.0]], [0, [0.0845, 1.0]], [1, [42.1175, 0.0365114], [9.62837, 0.237153], [2.85332, 0.819702]], [1, [0.905661, 1.0]], [1, [0.255611, 1.0]], [1, [0.0845, 1.0]], [2, [1.292, 1.0]]], 'Al': [[0, [54866.489, 0.000839], [8211.7665, 0.006527], [1866.1761, 0.033666], [531.12934, 0.132902], [175.11797, 0.401266], [64.0055, 0.531338]], [0, [64.0055, 0.202305], [25.292507, 0.62479], [10.53491, 0.227439]], [0, [3.206711, 1.0]], [0, [1.152555, 1.0]], [0, [0.176678, 1.0]], [0, [0.065237, 1.0]], [0, [0.0318, 1.0]], [1, [259.28362, 0.009448], [61.07687, 0.070974], [19.303237, 0.295636], [7.010882, 0.728219]], [1, [2.673865, 0.644467], [1.036596, 0.417413]], [1, [0.316819, 1.0]], [1, [0.114257, 1.0]], [1, [0.0318, 1.0]], [1, [0.041397, 1.0]], [2, [0.325, 1.0]]]}
ecp = {}
CPU time:         0.44
NAO = 1544, nelec = (334, 332)

========== sigma = 0.002 ==========
Applying remove_linear_dep_ on SCF object.
Using canonical orthogonalization with threshold 1e-08


******** <class 'pyscf.scf.addons.SmearingDFUKS'> ********
method = SmearingDFUKS
initial guess = minao
damping factor = 0.15
level_shift factor = 0.2
DIIS = <class 'pyscf.scf.diis.CDIIS'>
diis_start_cycle = 1
diis_space = 12
diis_damp = 0
SCF conv_tol = 1e-06
SCF conv_tol_grad = None
SCF max_cycles = 200
direct_scf = True
direct_scf_tol = 1e-13
chkfile to save SCF result = /tmp/tmpjjs1lr2r
max_memory 235423 MB (current use 221 MB)
number electrons alpha = 334  beta = 332
XC library pyscf.dft.libxc version 6.1.0
    S. Lehtola, C. Steigemann, M. J.T. Oliveira, and M. A.L. Marques.,  SoftwareX 7, 1–5 (2018)
XC functionals = pbe
    J. P. Perdew, K. Burke, and M. Ernzerhof.,  Phys. Rev. Lett. 77, 3865 (1996)
    J. P. Perdew, K. Burke, and M. Ernzerhof.,  Phys. Rev. Lett. 78, 1396 (1997)
    J. P. Perdew, K. Burke, and M. Ernzerhof.,  Phys. Rev. Lett. 77, 3865 (1996)
    J. P. Perdew, K. Burke, and M. Ernzerhof.,  Phys. Rev. Lett. 78, 1396 (1997)
radial grids: 
    Treutler-Ahlrichs [JCP 102, 346 (1995); DOI:10.1063/1.469408] (M4) radial grids
    
becke partition: Becke, JCP 88, 2547 (1988); DOI:10.1063/1.454033
pruning grids: <function treutler_prune at 0x14f34f13a700>
grids dens level: 3
symmetrized grids: False
atomic radii adjust function: <function treutler_atomic_radii_adjust at 0x14f34f77cd30>
small_rho_cutoff = 1e-06
Set gradient conv threshold to 0.001
tot grids = 946056
init E= -12272.6814526855
    sigma = 0.002  Optimized mu_alpha = -0.0185369917444  entropy = 4.44230103533
    sigma = 0.002  Optimized mu_beta  = -0.024763339543  entropy = 4.44230103533
    Total E(T) = -12265.2217522072  Free energy = -12265.2306368093  E0 = -12265.2261945083
cycle= 1 E= -12265.2217522072  delta_E= 7.46  |g|= 4.74  |ddm|= 1.75e+04
    sigma = 0.002  Optimized mu_alpha = 0.0434712355059  entropy = 2.21182509466
    sigma = 0.002  Optimized mu_beta  = 0.0425114409192  entropy = 2.21182509466
    Total E(T) = -12221.4100028912  Free energy = -12221.4144265414  E0 = -12221.4122147163
cycle= 2 E= -12221.4100028912  delta_E= 43.8  |g|= 31.2  |ddm|= 6.76e+03
    sigma = 0.002  Optimized mu_alpha = -0.118436412149  entropy = 1.43586548969
    sigma = 0.002  Optimized mu_beta  = -0.0979655756891  entropy = 1.43586548969
    Total E(T) = -12261.5664199639  Free energy = -12261.5692916949  E0 = -12261.5678558294
cycle= 3 E= -12261.5664199639  delta_E= -40.2  |g|= 10.3  |ddm|= 2.81e+03
    sigma = 0.002  Optimized mu_alpha = -0.0531068389794  entropy = 4.60499223371e-05
    sigma = 0.002  Optimized mu_beta  = -0.0270978441714  entropy = 4.60499223371e-05
    Total E(T) = -12263.6278911168  Free energy = -12263.6278912089  E0 = -12263.6278911628
cycle= 4 E= -12263.6278911168  delta_E= -2.06  |g|= 8.35  |ddm|= 4.66e+03
    sigma = 0.002  Optimized mu_alpha = -0.0721221527855  entropy = 1.64506867635e-14
    sigma = 0.002  Optimized mu_beta  = -0.0571231021687  entropy = 1.64506867635e-14
    Total E(T) = -12264.4627635512  Free energy = -12264.4627635512  E0 = -12264.4627635512
cycle= 5 E= -12264.4627635512  delta_E= -0.835  |g|= 5.77  |ddm|=  926
    sigma = 0.002  Optimized mu_alpha = -0.140804961979  entropy = 2.41635618052
    sigma = 0.002  Optimized mu_beta  = -0.140112990227  entropy = 2.41635618052
    Total E(T) = -12266.1938773963  Free energy = -12266.1987101087  E0 = -12266.1962937525
cycle= 6 E= -12266.1938773963  delta_E= -1.73  |g|= 2.93  |ddm|= 2.05e+03
    sigma = 0.002  Optimized mu_alpha = -0.064066760805  entropy = 0.000281284878658
    sigma = 0.002  Optimized mu_beta  = -0.0797520543961  entropy = 0.000281284878658
    Total E(T) = -12266.2127916472  Free energy = -12266.2127922098  E0 = -12266.2127919285
cycle= 7 E= -12266.2127916472  delta_E= -0.0189  |g|= 2.39  |ddm|= 1.23e+03
    sigma = 0.002  Optimized mu_alpha = -0.0769295636376  entropy = 1.7121136534e-14
    sigma = 0.002  Optimized mu_beta  = -0.0804954427095  entropy = 1.7121136534e-14
    Total E(T) = -12266.0179514708  Free energy = -12266.0179514708  E0 = -12266.0179514708
cycle= 8 E= -12266.0179514708  delta_E= 0.195  |g|= 3.21  |ddm|=  573
    sigma = 0.002  Optimized mu_alpha = -0.0784728703347  entropy = 1.64506867635e-14
    sigma = 0.002  Optimized mu_beta  = -0.0827846375524  entropy = 1.64506867635e-14
    Total E(T) = -12265.7966996414  Free energy = -12265.7966996414  E0 = -12265.7966996414
cycle= 9 E= -12265.7966996414  delta_E= 0.221  |g|= 4.22  |ddm|=  504
    sigma = 0.002  Optimized mu_alpha = -0.0797311771344  entropy = 1.64506867635e-14
    sigma = 0.002  Optimized mu_beta  = -0.084451265822  entropy = 1.64506867635e-14
    Total E(T) = -12265.6645478324  Free energy = -12265.6645478324  E0 = -12265.6645478324
cycle= 10 E= -12265.6645478324  delta_E= 0.132  |g|= 4.58  |ddm|=  356
    sigma = 0.002  Optimized mu_alpha = -0.0806661842039  entropy = 1.64506867635e-14
    sigma = 0.002  Optimized mu_beta  = -0.0856421390202  entropy = 1.64506867635e-14
    Total E(T) = -12265.5739088313  Free energy = -12265.5739088313  E0 = -12265.5739088313
cycle= 11 E= -12265.5739088313  delta_E= 0.0906  |g|= 5.02  |ddm|=  306
    sigma = 0.002  Optimized mu_alpha = -0.0885609223952  entropy = 1.45586828714e-13
    sigma = 0.002  Optimized mu_beta  = -0.086532134168  entropy = 1.45586828714e-13
    Total E(T) = -12265.5638502501  Free energy = -12265.5638502501  E0 = -12265.5638502501
cycle= 12 E= -12265.5638502501  delta_E= 0.0101  |g|= 5.02  |ddm|=  516
    sigma = 0.002  Optimized mu_alpha = -0.0814410529057  entropy = 1.64506867635e-14
    sigma = 0.002  Optimized mu_beta  = -0.0863258421965  entropy = 1.64506867635e-14
    Total E(T) = -12265.5995510072  Free energy = -12265.5995510072  E0 = -12265.5995510072
cycle= 13 E= -12265.5995510072  delta_E= -0.0357  |g|=  4.9  |ddm|=  476
    sigma = 0.002  Optimized mu_alpha = -0.0816852091396  entropy = 1.64506867635e-14
    sigma = 0.002  Optimized mu_beta  = -0.0866271903836  entropy = 1.64506867635e-14
    Total E(T) = -12265.6365698905  Free energy = -12265.6365698905  E0 = -12265.6365698905
cycle= 14 E= -12265.6365698905  delta_E= -0.037  |g|= 4.75  |ddm|=  409
    sigma = 0.002  Optimized mu_alpha = -0.0814689900312  entropy = 1.64506867635e-14
    sigma = 0.002  Optimized mu_beta  = -0.0867609528402  entropy = 1.64506867635e-14
    Total E(T) = -12265.5278264124  Free energy = -12265.5278264124  E0 = -12265.5278264124
cycle= 15 E= -12265.5278264124  delta_E= 0.109  |g|= 5.19  |ddm|=  505
    sigma = 0.002  Optimized mu_alpha = -0.08088061073  entropy = 1.64506867635e-14
    sigma = 0.002  Optimized mu_beta  = -0.0860695498659  entropy = 1.64506867635e-14
    Total E(T) = -12265.5646826754  Free energy = -12265.5646826754  E0 = -12265.5646826754
cycle= 16 E= -12265.5646826754  delta_E= -0.0369  |g|= 5.14  |ddm|=  449
    sigma = 0.002  Optimized mu_alpha = -0.039513794217  entropy = 9.43434663372e-14
    sigma = 0.002  Optimized mu_beta  = -0.0395730458582  entropy = 9.43434663372e-14
    Total E(T) = -12265.7756464648  Free energy = -12265.7756464648  E0 = -12265.7756464648
cycle= 17 E= -12265.7756464648  delta_E= -0.211  |g|= 4.56  |ddm|= 1.46e+03
    sigma = 0.002  Optimized mu_alpha = -0.0166678190441  entropy = 3.0206060195e-11
    sigma = 0.002  Optimized mu_beta  = -0.0205346160257  entropy = 3.0206060195e-11
    Total E(T) = -12266.0553890894  Free energy = -12266.0553890894  E0 = -12266.0553890894
cycle= 18 E= -12266.0553890894  delta_E= -0.28  |g|=  3.8  |ddm|=  820
    sigma = 0.002  Optimized mu_alpha = -0.0252249426007  entropy = 7.98761858295e-13
    sigma = 0.002  Optimized mu_beta  = -0.0241935323908  entropy = 7.98761858295e-13
    Total E(T) = -12266.3082532747  Free energy = -12266.3082532747  E0 = -12266.3082532747
cycle= 19 E= -12266.3082532747  delta_E= -0.253  |g|=  2.1  |ddm|=  756
    sigma = 0.002  Optimized mu_alpha = -0.0329667251021  entropy = 1.68990076726e-14
    sigma = 0.002  Optimized mu_beta  = -0.0302301946863  entropy = 1.68990076726e-14
    Total E(T) = -12266.3989830665  Free energy = -12266.3989830665  E0 = -12266.3989830665
cycle= 20 E= -12266.3989830665  delta_E= -0.0907  |g|= 1.38  |ddm|=  990
    sigma = 0.002  Optimized mu_alpha = -0.0567992304038  entropy = 1.64506867635e-14
    sigma = 0.002  Optimized mu_beta  = -0.0535505848186  entropy = 1.64506867635e-14
    Total E(T) = -12266.3279947922  Free energy = -12266.3279947922  E0 = -12266.3279947922
cycle= 21 E= -12266.3279947922  delta_E= 0.071  |g|= 2.15  |ddm|= 1.4e+03
    sigma = 0.002  Optimized mu_alpha = -0.0607190398811  entropy = 1.64506867635e-14
    sigma = 0.002  Optimized mu_beta  = -0.05603247737  entropy = 1.64506867635e-14
    Total E(T) = -12266.2457430691  Free energy = -12266.2457430691  E0 = -12266.2457430691
cycle= 22 E= -12266.2457430691  delta_E= 0.0823  |g|= 2.35  |ddm|=  533
    sigma = 0.002  Optimized mu_alpha = -0.0582306862765  entropy = 1.64506867635e-14
    sigma = 0.002  Optimized mu_beta  = -0.0461765759327  entropy = 1.64506867635e-14
    Total E(T) = -12265.922860351  Free energy = -12265.922860351  E0 = -12265.922860351
cycle= 23 E= -12265.922860351  delta_E= 0.323  |g|= 4.12  |ddm|=  809
    sigma = 0.002  Optimized mu_alpha = -0.0667836542164  entropy = 1.64506867635e-14
    sigma = 0.002  Optimized mu_beta  = -0.055914488931  entropy = 1.64506867635e-14
    Total E(T) = -12265.6379322504  Free energy = -12265.6379322504  E0 = -12265.6379322504
cycle= 24 E= -12265.6379322504  delta_E= 0.285  |g|= 4.85  |ddm|=  442
    sigma = 0.002  Optimized mu_alpha = -0.0699546135653  entropy = 1.64506867635e-14
    sigma = 0.002  Optimized mu_beta  = -0.0611920592324  entropy = 1.64506867635e-14
    Total E(T) = -12265.3464604733  Free energy = -12265.3464604733  E0 = -12265.3464604733
cycle= 25 E= -12265.3464604733  delta_E= 0.291  |g|= 5.69  |ddm|=  470
    sigma = 0.002  Optimized mu_alpha = -0.0726080625433  entropy = 1.64506867635e-14
    sigma = 0.002  Optimized mu_beta  = -0.0707839002003  entropy = 1.64506867635e-14
    Total E(T) = -12265.1704843551  Free energy = -12265.1704843551  E0 = -12265.1704843551
cycle= 26 E= -12265.1704843551  delta_E= 0.176  |g|= 6.41  |ddm|= 1.05e+03
    sigma = 0.002  Optimized mu_alpha = -0.0748894102575  entropy = 1.64506867635e-14
    sigma = 0.002  Optimized mu_beta  = -0.074646710516  entropy = 1.64506867635e-14
    Total E(T) = -12265.2657777391  Free energy = -12265.2657777391  E0 = -12265.2657777391
cycle= 27 E= -12265.2657777391  delta_E= -0.0953  |g|= 5.97  |ddm|= 1.23e+03
    sigma = 0.002  Optimized mu_alpha = -0.0793308900617  entropy = 8.22534338177e-15
    sigma = 0.002  Optimized mu_beta  = -0.0353414754455  entropy = 8.22534338177e-15
    Total E(T) = -12265.354625575  Free energy = -12265.354625575  E0 = -12265.354625575
cycle= 28 E= -12265.354625575  delta_E= -0.0888  |g|= 5.58  |ddm|=  650
    sigma = 0.002  Optimized mu_alpha = -0.0788156258019  entropy = 1.64506867635e-14
    sigma = 0.002  Optimized mu_beta  = -0.0803203061229  entropy = 1.64506867635e-14
    Total E(T) = -12265.4423172798  Free energy = -12265.4423172798  E0 = -12265.4423172798
cycle= 29 E= -12265.4423172798  delta_E= -0.0877  |g|= 5.23  |ddm|=  285
    sigma = 0.002  Optimized mu_alpha = -0.0781357412924  entropy = 2.46760301453e-14
    sigma = 0.002  Optimized mu_beta  = -0.0804411170061  entropy = 2.46760301453e-14
    Total E(T) = -12265.5284111688  Free energy = -12265.5284111688  E0 = -12265.5284111688
cycle= 30 E= -12265.5284111688  delta_E= -0.0861  |g|= 4.96  |ddm|=  312
    sigma = 0.002  Optimized mu_alpha = -0.0795147871781  entropy = 1.64506867635e-14
    sigma = 0.002  Optimized mu_beta  = -0.0818590582573  entropy = 1.64506867635e-14
    Total E(T) = -12265.6669473902  Free energy = -12265.6669473902  E0 = -12265.6669473902
cycle= 31 E= -12265.6669473902  delta_E= -0.139  |g|= 4.58  |ddm|=  182
    sigma = 0.002  Optimized mu_alpha = -0.0788288422486  entropy = 1.64506867635e-14
    sigma = 0.002  Optimized mu_beta  = -0.0844760467748  entropy = 1.64506867635e-14
    Total E(T) = -12265.8879009934  Free energy = -12265.8879009934  E0 = -12265.8879009934
cycle= 32 E= -12265.8879009934  delta_E= -0.221  |g|= 4.16  |ddm|=  658
    sigma = 0.002  Optimized mu_alpha = -0.0712450396722  entropy = 1.64506867635e-14
    sigma = 0.002  Optimized mu_beta  = -0.0743282129481  entropy = 1.64506867635e-14
    Total E(T) = -12266.1302518829  Free energy = -12266.1302518829  E0 = -12266.1302518829
cycle= 33 E= -12266.1302518829  delta_E= -0.242  |g|= 2.71  |ddm|= 1.21e+03
    sigma = 0.002  Optimized mu_alpha = -0.0778459225985  entropy = 1.64506867635e-14
    sigma = 0.002  Optimized mu_beta  = -0.0826139547282  entropy = 1.64506867635e-14
    Total E(T) = -12266.3134135911  Free energy = -12266.3134135911  E0 = -12266.3134135911
cycle= 34 E= -12266.3134135911  delta_E= -0.183  |g|= 1.69  |ddm|=  655
    sigma = 0.002  Optimized mu_alpha = -0.0789570979119  entropy = 1.64506867635e-14
    sigma = 0.002  Optimized mu_beta  = -0.0843389574637  entropy = 1.64506867635e-14
    Total E(T) = -12266.350045219  Free energy = -12266.350045219  E0 = -12266.350045219
cycle= 35 E= -12266.350045219  delta_E= -0.0366  |g|= 1.91  |ddm|= 2.1e+03
    sigma = 0.002  Optimized mu_alpha = -0.080180852632  entropy = 1.64506867635e-14
    sigma = 0.002  Optimized mu_beta  = -0.0854376708574  entropy = 1.64506867635e-14
    Total E(T) = -12266.4316121902  Free energy = -12266.4316121902  E0 = -12266.4316121902
cycle= 36 E= -12266.4316121902  delta_E= -0.0816  |g|= 0.843  |ddm|= 1.14e+03
    sigma = 0.002  Optimized mu_alpha = -0.0778901948245  entropy = 1.64506867635e-14
    sigma = 0.002  Optimized mu_beta  = -0.082033797801  entropy = 1.64506867635e-14
    Total E(T) = -12266.4502366188  Free energy = -12266.4502366188  E0 = -12266.4502366188
cycle= 37 E= -12266.4502366188  delta_E= -0.0186  |g|= 0.483  |ddm|=  584
    sigma = 0.002  Optimized mu_alpha = -0.0797157467493  entropy = 1.64506867635e-14
    sigma = 0.002  Optimized mu_beta  = -0.0846450716855  entropy = 1.64506867635e-14
    Total E(T) = -12266.4522102896  Free energy = -12266.4522102896  E0 = -12266.4522102896
cycle= 38 E= -12266.4522102896  delta_E= -0.00197  |g|= 0.617  |ddm|=  328
    sigma = 0.002  Optimized mu_alpha = -0.0799736682117  entropy = 1.64506867635e-14
    sigma = 0.002  Optimized mu_beta  = -0.0846277273692  entropy = 1.64506867635e-14
    Total E(T) = -12266.4542472552  Free energy = -12266.4542472552  E0 = -12266.4542472552
cycle= 39 E= -12266.4542472552  delta_E= -0.00204  |g|= 0.487  |ddm|=  198
    sigma = 0.002  Optimized mu_alpha = -0.0801986453294  entropy = 1.64506867635e-14
    sigma = 0.002  Optimized mu_beta  = -0.0849245249015  entropy = 1.64506867635e-14
    Total E(T) = -12266.4561650017  Free energy = -12266.4561650017  E0 = -12266.4561650017
cycle= 40 E= -12266.4561650017  delta_E= -0.00192  |g|= 0.44  |ddm|= 80.1
    sigma = 0.002  Optimized mu_alpha = -0.0802804168186  entropy = 2.46760301453e-14
    sigma = 0.002  Optimized mu_beta  = -0.0849603265676  entropy = 2.46760301453e-14
    Total E(T) = -12266.4599540496  Free energy = -12266.4599540496  E0 = -12266.4599540496
cycle= 41 E= -12266.4599540496  delta_E= -0.00379  |g|= 0.362  |ddm|= 96.6
    sigma = 0.002  Optimized mu_alpha = -0.0800566969554  entropy = 2.46760301453e-14
    sigma = 0.002  Optimized mu_beta  = -0.0848815146096  entropy = 2.46760301453e-14
    Total E(T) = -12266.463130308  Free energy = -12266.463130308  E0 = -12266.463130308
cycle= 42 E= -12266.463130308  delta_E= -0.00318  |g|= 0.253  |ddm|=  123
    sigma = 0.002  Optimized mu_alpha = -0.079605924279  entropy = 1.64506867635e-14
    sigma = 0.002  Optimized mu_beta  = -0.0845921393032  entropy = 1.64506867635e-14
    Total E(T) = -12266.4655663546  Free energy = -12266.4655663546  E0 = -12266.4655663546
cycle= 43 E= -12266.4655663546  delta_E= -0.00244  |g|= 0.163  |ddm|= 86.6
    sigma = 0.002  Optimized mu_alpha = -0.0800291088821  entropy = 2.46760301453e-14
    sigma = 0.002  Optimized mu_beta  = -0.0848523027235  entropy = 2.46760301453e-14
    Total E(T) = -12266.4668023635  Free energy = -12266.4668023635  E0 = -12266.4668023635
cycle= 44 E= -12266.4668023635  delta_E= -0.00124  |g|= 0.138  |ddm|=  111
    sigma = 0.002  Optimized mu_alpha = -0.0799584028478  entropy = 2.46760301453e-14
    sigma = 0.002  Optimized mu_beta  = -0.0847887200339  entropy = 2.46760301453e-14
    Total E(T) = -12266.4676665442  Free energy = -12266.4676665442  E0 = -12266.4676665442
cycle= 45 E= -12266.4676665442  delta_E= -0.000864  |g|= 0.114  |ddm|= 53.5
    sigma = 0.002  Optimized mu_alpha = -0.080185437722  entropy = 2.46760301453e-14
    sigma = 0.002  Optimized mu_beta  = -0.0850946596554  entropy = 2.46760301453e-14
    Total E(T) = -12266.4684271668  Free energy = -12266.4684271668  E0 = -12266.4684271668
cycle= 46 E= -12266.4684271668  delta_E= -0.000761  |g|= 0.0712  |ddm|= 52.4
    sigma = 0.002  Optimized mu_alpha = -0.0803234399775  entropy = 1.64506867635e-14
    sigma = 0.002  Optimized mu_beta  = -0.0853450037082  entropy = 1.64506867635e-14
    Total E(T) = -12266.4689378157  Free energy = -12266.4689378157  E0 = -12266.4689378157
cycle= 47 E= -12266.4689378157  delta_E= -0.000511  |g|= 0.0686  |ddm|= 53.3
    sigma = 0.002  Optimized mu_alpha = -0.0804242998768  entropy = 1.64506867635e-14
    sigma = 0.002  Optimized mu_beta  = -0.0853818745249  entropy = 1.64506867635e-14
    Total E(T) = -12266.4693032113  Free energy = -12266.4693032113  E0 = -12266.4693032113
cycle= 48 E= -12266.4693032113  delta_E= -0.000365  |g|= 0.0569  |ddm|=   84
    sigma = 0.002  Optimized mu_alpha = -0.0802275268931  entropy = 1.64506867635e-14
    sigma = 0.002  Optimized mu_beta  = -0.0853387421238  entropy = 1.64506867635e-14
    Total E(T) = -12266.4696035392  Free energy = -12266.4696035392  E0 = -12266.4696035392
cycle= 49 E= -12266.4696035392  delta_E= -0.0003  |g|= 0.0749  |ddm|= 68.3
    sigma = 0.002  Optimized mu_alpha = -0.0802505378121  entropy = 1.64506867635e-14
    sigma = 0.002  Optimized mu_beta  = -0.0854002439847  entropy = 1.64506867635e-14
    Total E(T) = -12266.4699259217  Free energy = -12266.4699259217  E0 = -12266.4699259217
cycle= 50 E= -12266.4699259217  delta_E= -0.000322  |g|= 0.0522  |ddm|= 51.1
    sigma = 0.002  Optimized mu_alpha = -0.0803368745047  entropy = 1.64506867635e-14
    sigma = 0.002  Optimized mu_beta  = -0.0855555427678  entropy = 1.64506867635e-14
    Total E(T) = -12266.4701753135  Free energy = -12266.4701753135  E0 = -12266.4701753135
cycle= 51 E= -12266.4701753135  delta_E= -0.000249  |g|= 0.0552  |ddm|=   41
    sigma = 0.002  Optimized mu_alpha = -0.0802591682328  entropy = 1.64506867635e-14
    sigma = 0.002  Optimized mu_beta  = -0.085469285579  entropy = 1.64506867635e-14
    Total E(T) = -12266.4704376128  Free energy = -12266.4704376128  E0 = -12266.4704376128
cycle= 52 E= -12266.4704376128  delta_E= -0.000262  |g|= 0.0447  |ddm|= 29.2
    sigma = 0.002  Optimized mu_alpha = -0.0802861668641  entropy = 1.64506867635e-14
    sigma = 0.002  Optimized mu_beta  = -0.0855924127794  entropy = 1.64506867635e-14
    Total E(T) = -12266.4706769946  Free energy = -12266.4706769946  E0 = -12266.4706769946
cycle= 53 E= -12266.4706769946  delta_E= -0.000239  |g|= 0.0335  |ddm|= 33.2
    sigma = 0.002  Optimized mu_alpha = -0.0803488433884  entropy = 8.22534338177e-15
    sigma = 0.002  Optimized mu_beta  = -0.0406310582196  entropy = 8.22534338177e-15
    Total E(T) = -12266.4708837782  Free energy = -12266.4708837782  E0 = -12266.4708837782
cycle= 54 E= -12266.4708837782  delta_E= -0.000207  |g|= 0.0294  |ddm|= 20.7
    sigma = 0.002  Optimized mu_alpha = -0.0802881057145  entropy = 1.64506867635e-14
    sigma = 0.002  Optimized mu_beta  = -0.0857374024572  entropy = 1.64506867635e-14
    Total E(T) = -12266.471057927  Free energy = -12266.471057927  E0 = -12266.471057927
cycle= 55 E= -12266.471057927  delta_E= -0.000174  |g|= 0.0216  |ddm|= 29.9
    sigma = 0.002  Optimized mu_alpha = -0.0802590576025  entropy = 1.64506867635e-14
    sigma = 0.002  Optimized mu_beta  = -0.0857706011632  entropy = 1.64506867635e-14
    Total E(T) = -12266.4712020918  Free energy = -12266.4712020918  E0 = -12266.4712020918
cycle= 56 E= -12266.4712020918  delta_E= -0.000144  |g|= 0.0222  |ddm|= 24.7
    sigma = 0.002  Optimized mu_alpha = -0.0802740691275  entropy = 1.64506867635e-14
    sigma = 0.002  Optimized mu_beta  = -0.085856834582  entropy = 1.64506867635e-14
    Total E(T) = -12266.471329619  Free energy = -12266.471329619  E0 = -12266.471329619
cycle= 57 E= -12266.471329619  delta_E= -0.000128  |g|= 0.0215  |ddm|= 19.5
    sigma = 0.002  Optimized mu_alpha = -0.0803025213104  entropy = 1.64506867635e-14
    sigma = 0.002  Optimized mu_beta  = -0.0859424412357  entropy = 1.64506867635e-14
    Total E(T) = -12266.4714411488  Free energy = -12266.4714411488  E0 = -12266.4714411488
cycle= 58 E= -12266.4714411488  delta_E= -0.000112  |g|= 0.0253  |ddm|= 19.7
    sigma = 0.002  Optimized mu_alpha = -0.0804346239507  entropy = 1.64506867635e-14
    sigma = 0.002  Optimized mu_beta  = -0.0861679676337  entropy = 1.64506867635e-14
    Total E(T) = -12266.4715387797  Free energy = -12266.4715387797  E0 = -12266.4715387797
cycle= 59 E= -12266.4715387797  delta_E= -9.76e-05  |g|= 0.0366  |ddm|= 34.8
    sigma = 0.002  Optimized mu_alpha = -0.0803120851097  entropy = 1.64506867635e-14
    sigma = 0.002  Optimized mu_beta  = -0.0860790502066  entropy = 1.64506867635e-14
    Total E(T) = -12266.4716302881  Free energy = -12266.4716302881  E0 = -12266.4716302881
cycle= 60 E= -12266.4716302881  delta_E= -9.15e-05  |g|= 0.0344  |ddm|= 23.5
    sigma = 0.002  Optimized mu_alpha = -0.0803329792344  entropy = 1.64506867635e-14
    sigma = 0.002  Optimized mu_beta  = -0.0861460811554  entropy = 1.64506867635e-14
    Total E(T) = -12266.4717187748  Free energy = -12266.4717187748  E0 = -12266.4717187748
cycle= 61 E= -12266.4717187748  delta_E= -8.85e-05  |g|= 0.0361  |ddm|= 14.5
    sigma = 0.002  Optimized mu_alpha = -0.080348113001  entropy = 1.64506867635e-14
    sigma = 0.002  Optimized mu_beta  = -0.086204554575  entropy = 1.64506867635e-14
    Total E(T) = -12266.4718131642  Free energy = -12266.4718131642  E0 = -12266.4718131642
cycle= 62 E= -12266.4718131642  delta_E= -9.44e-05  |g|= 0.0347  |ddm|= 13.6
    sigma = 0.002  Optimized mu_alpha = -0.0803455982067  entropy = 1.64506867635e-14
    sigma = 0.002  Optimized mu_beta  = -0.0862641601551  entropy = 1.64506867635e-14
    Total E(T) = -12266.4719020828  Free energy = -12266.4719020828  E0 = -12266.4719020828
cycle= 63 E= -12266.4719020828  delta_E= -8.89e-05  |g|= 0.0322  |ddm|= 14.4
    sigma = 0.002  Optimized mu_alpha = -0.0803623037862  entropy = 1.64506867635e-14
    sigma = 0.002  Optimized mu_beta  = -0.0863204148474  entropy = 1.64506867635e-14
    Total E(T) = -12266.4719909228  Free energy = -12266.4719909228  E0 = -12266.4719909228
cycle= 64 E= -12266.4719909228  delta_E= -8.88e-05  |g|= 0.0315  |ddm|= 13.3
    sigma = 0.002  Optimized mu_alpha = -0.0804159024417  entropy = 1.64506867635e-14
    sigma = 0.002  Optimized mu_beta  = -0.0864092299113  entropy = 1.64506867635e-14
    Total E(T) = -12266.4720793417  Free energy = -12266.4720793417  E0 = -12266.4720793417
cycle= 65 E= -12266.4720793417  delta_E= -8.84e-05  |g|= 0.0302  |ddm|= 19.4
    sigma = 0.002  Optimized mu_alpha = -0.0804491922896  entropy = 1.64506867635e-14
    sigma = 0.002  Optimized mu_beta  = -0.0865493584937  entropy = 1.64506867635e-14
    Total E(T) = -12266.4721796827  Free energy = -12266.4721796827  E0 = -12266.4721796827
cycle= 66 E= -12266.4721796827  delta_E= -0.0001  |g|= 0.0344  |ddm|= 47.4
    sigma = 0.002  Optimized mu_alpha = -0.0804288235636  entropy = 1.64506867635e-14
    sigma = 0.002  Optimized mu_beta  = -0.0864640824991  entropy = 1.64506867635e-14
    Total E(T) = -12266.4722607106  Free energy = -12266.4722607106  E0 = -12266.4722607106
cycle= 67 E= -12266.4722607106  delta_E= -8.1e-05  |g|= 0.023  |ddm|= 19.6
    sigma = 0.002  Optimized mu_alpha = -0.0804181831984  entropy = 8.22534338177e-15
    sigma = 0.002  Optimized mu_beta  = -0.0414025182634  entropy = 8.22534338177e-15
    Total E(T) = -12266.4723343192  Free energy = -12266.4723343192  E0 = -12266.4723343192
cycle= 68 E= -12266.4723343192  delta_E= -7.36e-05  |g|= 0.0184  |ddm|= 22.8
    sigma = 0.002  Optimized mu_alpha = -0.0803772753155  entropy = 1.64506867635e-14
    sigma = 0.002  Optimized mu_beta  = -0.0865243483317  entropy = 1.64506867635e-14
    Total E(T) = -12266.4724047077  Free energy = -12266.4724047077  E0 = -12266.4724047077
cycle= 69 E= -12266.4724047077  delta_E= -7.04e-05  |g|= 0.0191  |ddm|= 20.3
    sigma = 0.002  Optimized mu_alpha = -0.0804063490761  entropy = 1.64506867635e-14
    sigma = 0.002  Optimized mu_beta  = -0.0865985685354  entropy = 1.64506867635e-14
    Total E(T) = -12266.4724699634  Free energy = -12266.4724699634  E0 = -12266.4724699634
cycle= 70 E= -12266.4724699634  delta_E= -6.53e-05  |g|= 0.0172  |ddm|= 14.8
    sigma = 0.002  Optimized mu_alpha = -0.0804787865387  entropy = 1.64506867635e-14
    sigma = 0.002  Optimized mu_beta  = -0.0866764316523  entropy = 1.64506867635e-14
    Total E(T) = -12266.4725318803  Free energy = -12266.4725318803  E0 = -12266.4725318803
cycle= 71 E= -12266.4725318803  delta_E= -6.19e-05  |g|= 0.017  |ddm|= 16.5
    sigma = 0.002  Optimized mu_alpha = -0.0804383157505  entropy = 1.64506867635e-14
    sigma = 0.002  Optimized mu_beta  = -0.0866696654074  entropy = 1.64506867635e-14
    Total E(T) = -12266.4725915542  Free energy = -12266.4725915542  E0 = -12266.4725915542
cycle= 72 E= -12266.4725915542  delta_E= -5.97e-05  |g|= 0.0134  |ddm|= 16.4
    sigma = 0.002  Optimized mu_alpha = -0.0803785226862  entropy = 1.64506867635e-14
    sigma = 0.002  Optimized mu_beta  = -0.0866301215297  entropy = 1.64506867635e-14
    Total E(T) = -12266.4726405106  Free energy = -12266.4726405106  E0 = -12266.4726405106
cycle= 73 E= -12266.4726405106  delta_E= -4.9e-05  |g|= 0.0205  |ddm|= 21.6
    sigma = 0.002  Optimized mu_alpha = -0.0804648629751  entropy = 1.64506867635e-14
    sigma = 0.002  Optimized mu_beta  = -0.0867387597009  entropy = 1.64506867635e-14
    Total E(T) = -12266.4726955122  Free energy = -12266.4726955122  E0 = -12266.4726955122
cycle= 74 E= -12266.4726955122  delta_E= -5.5e-05  |g|= 0.0167  |ddm|= 18.3
    sigma = 0.002  Optimized mu_alpha = -0.0804801790615  entropy = 1.64506867635e-14
    sigma = 0.002  Optimized mu_beta  = -0.0867817966299  entropy = 1.64506867635e-14
    Total E(T) = -12266.4727470929  Free energy = -12266.4727470929  E0 = -12266.4727470929
cycle= 75 E= -12266.4727470929  delta_E= -5.16e-05  |g|= 0.0135  |ddm|= 13.9
    sigma = 0.002  Optimized mu_alpha = -0.0804779293087  entropy = 1.64506867635e-14
    sigma = 0.002  Optimized mu_beta  = -0.0867914965967  entropy = 1.64506867635e-14
    Total E(T) = -12266.4727926812  Free energy = -12266.4727926812  E0 = -12266.4727926812
cycle= 76 E= -12266.4727926812  delta_E= -4.56e-05  |g|= 0.0187  |ddm|=   13
    sigma = 0.002  Optimized mu_alpha = -0.0805062846173  entropy = 1.64506867635e-14
    sigma = 0.002  Optimized mu_beta  = -0.0868275120955  entropy = 1.64506867635e-14
    Total E(T) = -12266.4728422442  Free energy = -12266.4728422442  E0 = -12266.4728422442
cycle= 77 E= -12266.4728422442  delta_E= -4.96e-05  |g|= 0.0107  |ddm|= 15.9
    sigma = 0.002  Optimized mu_alpha = -0.0805023682607  entropy = 1.64506867635e-14
    sigma = 0.002  Optimized mu_beta  = -0.08684362832  entropy = 1.64506867635e-14
    Total E(T) = -12266.4728850173  Free energy = -12266.4728850173  E0 = -12266.4728850173
cycle= 78 E= -12266.4728850173  delta_E= -4.28e-05  |g|= 0.0114  |ddm|= 14.3
    sigma = 0.002  Optimized mu_alpha = -0.0805235388053  entropy = 1.64506867635e-14
    sigma = 0.002  Optimized mu_beta  = -0.0868544689747  entropy = 1.64506867635e-14
    Total E(T) = -12266.4729256942  Free energy = -12266.4729256942  E0 = -12266.4729256942
cycle= 79 E= -12266.4729256942  delta_E= -4.07e-05  |g|= 0.00757  |ddm|= 9.37
    sigma = 0.002  Optimized mu_alpha = -0.0805437159911  entropy = 1.64506867635e-14
    sigma = 0.002  Optimized mu_beta  = -0.0868936441286  entropy = 1.64506867635e-14
    Total E(T) = -12266.4729640111  Free energy = -12266.4729640111  E0 = -12266.4729640111
cycle= 80 E= -12266.4729640111  delta_E= -3.83e-05  |g|= 0.00589  |ddm|= 9.87
    sigma = 0.002  Optimized mu_alpha = -0.0805421723604  entropy = 1.64506867635e-14
    sigma = 0.002  Optimized mu_beta  = -0.0868872480925  entropy = 1.64506867635e-14
    Total E(T) = -12266.4730008336  Free energy = -12266.4730008336  E0 = -12266.4730008336
cycle= 81 E= -12266.4730008336  delta_E= -3.68e-05  |g|= 0.00979  |ddm|= 22.2
    sigma = 0.002  Optimized mu_alpha = -0.080563840139  entropy = 1.64506867635e-14
    sigma = 0.002  Optimized mu_beta  = -0.0869184051601  entropy = 1.64506867635e-14
    Total E(T) = -12266.4730344636  Free energy = -12266.4730344636  E0 = -12266.4730344636
cycle= 82 E= -12266.4730344636  delta_E= -3.36e-05  |g|= 0.0124  |ddm|= 13.1
    sigma = 0.002  Optimized mu_alpha = -0.0805594614828  entropy = 1.64506867635e-14
    sigma = 0.002  Optimized mu_beta  = -0.0869338231458  entropy = 1.64506867635e-14
    Total E(T) = -12266.4730665362  Free energy = -12266.4730665362  E0 = -12266.4730665362
cycle= 83 E= -12266.4730665362  delta_E= -3.21e-05  |g|= 0.0162  |ddm|= 11.1
    sigma = 0.002  Optimized mu_alpha = -0.0805712159269  entropy = 1.64506867635e-14
    sigma = 0.002  Optimized mu_beta  = -0.0869475340351  entropy = 1.64506867635e-14
    Total E(T) = -12266.473099601  Free energy = -12266.473099601  E0 = -12266.473099601
cycle= 84 E= -12266.473099601  delta_E= -3.31e-05  |g|= 0.0151  |ddm|= 9.27
    sigma = 0.002  Optimized mu_alpha = -0.0805871592355  entropy = 1.64506867635e-14
    sigma = 0.002  Optimized mu_beta  = -0.086990924688  entropy = 1.64506867635e-14
    Total E(T) = -12266.4731358427  Free energy = -12266.4731358427  E0 = -12266.4731358427
cycle= 85 E= -12266.4731358427  delta_E= -3.62e-05  |g|= 0.0055  |ddm|= 20.2
    sigma = 0.002  Optimized mu_alpha = -0.0806236499563  entropy = 1.64506867635e-14
    sigma = 0.002  Optimized mu_beta  = -0.0870367135895  entropy = 1.64506867635e-14
    Total E(T) = -12266.4731655845  Free energy = -12266.4731655845  E0 = -12266.4731655845
cycle= 86 E= -12266.4731655845  delta_E= -2.97e-05  |g|= 0.00729  |ddm|= 9.12
    sigma = 0.002  Optimized mu_alpha = -0.0806227640944  entropy = 1.64506867635e-14
    sigma = 0.002  Optimized mu_beta  = -0.0870359482782  entropy = 1.64506867635e-14
    Total E(T) = -12266.4731932008  Free energy = -12266.4731932008  E0 = -12266.4731932008
cycle= 87 E= -12266.4731932008  delta_E= -2.76e-05  |g|= 0.00738  |ddm|= 9.03
    sigma = 0.002  Optimized mu_alpha = -0.0806008537928  entropy = 1.64506867635e-14
    sigma = 0.002  Optimized mu_beta  = -0.0870210000662  entropy = 1.64506867635e-14
    Total E(T) = -12266.4732202723  Free energy = -12266.4732202723  E0 = -12266.4732202723
cycle= 88 E= -12266.4732202723  delta_E= -2.71e-05  |g|= 0.00918  |ddm|= 10.4
    sigma = 0.002  Optimized mu_alpha = -0.0806061912841  entropy = 1.64506867635e-14
    sigma = 0.002  Optimized mu_beta  = -0.0869786575454  entropy = 1.64506867635e-14
    Total E(T) = -12266.4732356975  Free energy = -12266.4732356975  E0 = -12266.4732356975
cycle= 89 E= -12266.4732356975  delta_E= -1.54e-05  |g|= 0.0218  |ddm|= 36.9
    sigma = 0.002  Optimized mu_alpha = -0.0806321889933  entropy = 1.64506867635e-14
    sigma = 0.002  Optimized mu_beta  = -0.087029867135  entropy = 1.64506867635e-14
    Total E(T) = -12266.4732533385  Free energy = -12266.4732533385  E0 = -12266.4732533385
cycle= 90 E= -12266.4732533385  delta_E= -1.76e-05  |g|= 0.0235  |ddm|= 13.3
    sigma = 0.002  Optimized mu_alpha = -0.0806654807113  entropy = 1.64506867635e-14
    sigma = 0.002  Optimized mu_beta  = -0.0870670806928  entropy = 1.64506867635e-14
    Total E(T) = -12266.473273811  Free energy = -12266.473273811  E0 = -12266.473273811
cycle= 91 E= -12266.473273811  delta_E= -2.05e-05  |g|= 0.0258  |ddm|= 9.88
    sigma = 0.002  Optimized mu_alpha = -0.0806776516656  entropy = 1.64506867635e-14
    sigma = 0.002  Optimized mu_beta  = -0.0870984589269  entropy = 1.64506867635e-14
    Total E(T) = -12266.4733106839  Free energy = -12266.4733106839  E0 = -12266.4733106839
cycle= 92 E= -12266.4733106839  delta_E= -3.69e-05  |g|= 0.0221  |ddm|= 25.6
    sigma = 0.002  Optimized mu_alpha = -0.0806829403435  entropy = 1.64506867635e-14
    sigma = 0.002  Optimized mu_beta  = -0.0871180930583  entropy = 1.64506867635e-14
    Total E(T) = -12266.4733398316  Free energy = -12266.4733398316  E0 = -12266.4733398316
cycle= 93 E= -12266.4733398316  delta_E= -2.91e-05  |g|= 0.0149  |ddm|=   17
    sigma = 0.002  Optimized mu_alpha = -0.0806929918399  entropy = 1.64506867635e-14
    sigma = 0.002  Optimized mu_beta  = -0.0871286122192  entropy = 1.64506867635e-14
    Total E(T) = -12266.4733623672  Free energy = -12266.4733623672  E0 = -12266.4733623672
cycle= 94 E= -12266.4733623672  delta_E= -2.25e-05  |g|= 0.0139  |ddm|=  8.8
    sigma = 0.002  Optimized mu_alpha = -0.0807025007995  entropy = 1.64506867635e-14
    sigma = 0.002  Optimized mu_beta  = -0.0871381262632  entropy = 1.64506867635e-14
    Total E(T) = -12266.4733873519  Free energy = -12266.4733873519  E0 = -12266.4733873519
cycle= 95 E= -12266.4733873519  delta_E= -2.5e-05  |g|= 0.00687  |ddm|= 10.1
    sigma = 0.002  Optimized mu_alpha = -0.080705907094  entropy = 1.64506867635e-14
    sigma = 0.002  Optimized mu_beta  = -0.0871256010248  entropy = 1.64506867635e-14
    Total E(T) = -12266.4734091791  Free energy = -12266.4734091791  E0 = -12266.4734091791
cycle= 96 E= -12266.4734091791  delta_E= -2.18e-05  |g|= 0.00446  |ddm|= 12.5
    sigma = 0.002  Optimized mu_alpha = -0.0807129791262  entropy = 1.64506867635e-14
    sigma = 0.002  Optimized mu_beta  = -0.087132897561  entropy = 1.64506867635e-14
    Total E(T) = -12266.4734254448  Free energy = -12266.4734254448  E0 = -12266.4734254448
cycle= 97 E= -12266.4734254448  delta_E= -1.63e-05  |g|= 0.0105  |ddm|= 16.2
    sigma = 0.002  Optimized mu_alpha = -0.0807399822426  entropy = 1.64506867635e-14
    sigma = 0.002  Optimized mu_beta  = -0.0871627083743  entropy = 1.64506867635e-14
    Total E(T) = -12266.4734422502  Free energy = -12266.4734422502  E0 = -12266.4734422502
cycle= 98 E= -12266.4734422502  delta_E= -1.68e-05  |g|= 0.0132  |ddm|= 7.16
    sigma = 0.002  Optimized mu_alpha = -0.0807403748925  entropy = 1.64506867635e-14
    sigma = 0.002  Optimized mu_beta  = -0.087165988247  entropy = 1.64506867635e-14
    Total E(T) = -12266.4734588254  Free energy = -12266.4734588254  E0 = -12266.4734588254
cycle= 99 E= -12266.4734588254  delta_E= -1.66e-05  |g|= 0.0142  |ddm|= 6.95
    sigma = 0.002  Optimized mu_alpha = -0.0807190260874  entropy = 2.46760301453e-14
    sigma = 0.002  Optimized mu_beta  = -0.0871516096113  entropy = 2.46760301453e-14
    Total E(T) = -12266.4734768354  Free energy = -12266.4734768354  E0 = -12266.4734768354
cycle= 100 E= -12266.4734768354  delta_E= -1.8e-05  |g|= 0.0114  |ddm|= 9.22
    sigma = 0.002  Optimized mu_alpha = -0.0807457102806  entropy = 2.46760301453e-14
    sigma = 0.002  Optimized mu_beta  = -0.0871731510833  entropy = 2.46760301453e-14
    Total E(T) = -12266.4734935044  Free energy = -12266.4734935044  E0 = -12266.4734935044
cycle= 101 E= -12266.4734935044  delta_E= -1.67e-05  |g|= 0.00886  |ddm|=  7.1
    sigma = 0.002  Optimized mu_alpha = -0.0807680136315  entropy = 2.46760301453e-14
    sigma = 0.002  Optimized mu_beta  = -0.0871850064636  entropy = 2.46760301453e-14
    Total E(T) = -12266.4735113541  Free energy = -12266.4735113541  E0 = -12266.4735113541
cycle= 102 E= -12266.4735113541  delta_E= -1.78e-05  |g|= 0.00503  |ddm|= 8.55
    sigma = 0.002  Optimized mu_alpha = -0.0807684534583  entropy = 2.46760301453e-14
    sigma = 0.002  Optimized mu_beta  = -0.0871726596946  entropy = 2.46760301453e-14
    Total E(T) = -12266.4735265756  Free energy = -12266.4735265756  E0 = -12266.4735265756
cycle= 103 E= -12266.4735265756  delta_E= -1.52e-05  |g|= 0.00467  |ddm|= 6.31
    sigma = 0.002  Optimized mu_alpha = -0.0807693486365  entropy = 2.46760301453e-14
    sigma = 0.002  Optimized mu_beta  = -0.0871643219619  entropy = 2.46760301453e-14
    Total E(T) = -12266.4735403295  Free energy = -12266.4735403295  E0 = -12266.4735403295
cycle= 104 E= -12266.4735403295  delta_E= -1.38e-05  |g|= 0.00677  |ddm|= 9.73
    sigma = 0.002  Optimized mu_alpha = -0.0807757510848  entropy = 2.46760301453e-14
    sigma = 0.002  Optimized mu_beta  = -0.0871795575592  entropy = 2.46760301453e-14
    Total E(T) = -12266.4735538841  Free energy = -12266.4735538841  E0 = -12266.4735538841
cycle= 105 E= -12266.4735538841  delta_E= -1.36e-05  |g|= 0.00735  |ddm|= 7.43
    sigma = 0.002  Optimized mu_alpha = -0.0808126285955  entropy = 2.46760301453e-14
    sigma = 0.002  Optimized mu_beta  = -0.0872052349297  entropy = 2.46760301453e-14
    Total E(T) = -12266.473564774  Free energy = -12266.473564774  E0 = -12266.473564774
cycle= 106 E= -12266.473564774  delta_E= -1.09e-05  |g|= 0.0111  |ddm|= 14.9
    sigma = 0.002  Optimized mu_alpha = -0.0808122217269  entropy = 2.46760301453e-14
    sigma = 0.002  Optimized mu_beta  = -0.0872037940733  entropy = 2.46760301453e-14
    Total E(T) = -12266.4735772243  Free energy = -12266.4735772243  E0 = -12266.4735772243
cycle= 107 E= -12266.4735772243  delta_E= -1.25e-05  |g|= 0.0104  |ddm|= 6.34
    sigma = 0.002  Optimized mu_alpha = -0.0808064853491  entropy = 2.46760301453e-14
    sigma = 0.002  Optimized mu_beta  = -0.0871907033626  entropy = 2.46760301453e-14
    Total E(T) = -12266.4735898059  Free energy = -12266.4735898059  E0 = -12266.4735898059
cycle= 108 E= -12266.4735898059  delta_E= -1.26e-05  |g|= 0.011  |ddm|=  8.2
    sigma = 0.002  Optimized mu_alpha = -0.0808013878476  entropy = 2.46760301453e-14
    sigma = 0.002  Optimized mu_beta  = -0.0872035381986  entropy = 2.46760301453e-14
    Total E(T) = -12266.4736026777  Free energy = -12266.4736026777  E0 = -12266.4736026777
cycle= 109 E= -12266.4736026777  delta_E= -1.29e-05  |g|= 0.00748  |ddm|= 8.63
    sigma = 0.002  Optimized mu_alpha = -0.0808131498894  entropy = 2.46760301453e-14
    sigma = 0.002  Optimized mu_beta  = -0.0872117595477  entropy = 2.46760301453e-14
    Total E(T) = -12266.4736146836  Free energy = -12266.4736146836  E0 = -12266.4736146836
cycle= 110 E= -12266.4736146836  delta_E= -1.2e-05  |g|= 0.00568  |ddm|= 6.04
    sigma = 0.002  Optimized mu_alpha = -0.0808248048479  entropy = 2.46760301453e-14
    sigma = 0.002  Optimized mu_beta  = -0.0872193227663  entropy = 2.46760301453e-14
    Total E(T) = -12266.4736270158  Free energy = -12266.4736270158  E0 = -12266.4736270158
cycle= 111 E= -12266.4736270158  delta_E= -1.23e-05  |g|= 0.00275  |ddm|= 8.58
    sigma = 0.002  Optimized mu_alpha = -0.0808327251084  entropy = 2.46760301453e-14
    sigma = 0.002  Optimized mu_beta  = -0.0872204885228  entropy = 2.46760301453e-14
    Total E(T) = -12266.4736371708  Free energy = -12266.4736371708  E0 = -12266.4736371708
cycle= 112 E= -12266.4736371708  delta_E= -1.02e-05  |g|= 0.00495  |ddm|= 7.25
    sigma = 0.002  Optimized mu_alpha = -0.0808254991768  entropy = 2.46760301453e-14
    sigma = 0.002  Optimized mu_beta  = -0.0872063148616  entropy = 2.46760301453e-14
    Total E(T) = -12266.4736462877  Free energy = -12266.4736462877  E0 = -12266.4736462877
cycle= 113 E= -12266.4736462877  delta_E= -9.12e-06  |g|= 0.00762  |ddm|= 7.25
    sigma = 0.002  Optimized mu_alpha = -0.0808635476913  entropy = 2.46760301453e-14
    sigma = 0.002  Optimized mu_beta  = -0.0872303484777  entropy = 2.46760301453e-14
    Total E(T) = -12266.4736530964  Free energy = -12266.4736530964  E0 = -12266.4736530964
cycle= 114 E= -12266.4736530964  delta_E= -6.81e-06  |g|= 0.0126  |ddm|= 10.1
    sigma = 0.002  Optimized mu_alpha = -0.0808495215546  entropy = 2.46760301453e-14
    sigma = 0.002  Optimized mu_beta  = -0.0872144698368  entropy = 2.46760301453e-14
    Total E(T) = -12266.4736605862  Free energy = -12266.4736605862  E0 = -12266.4736605862
cycle= 115 E= -12266.4736605862  delta_E= -7.49e-06  |g|= 0.0132  |ddm|= 5.43
    sigma = 0.002  Optimized mu_alpha = -0.0808486050843  entropy = 2.46760301453e-14
    sigma = 0.002  Optimized mu_beta  = -0.087219021099  entropy = 2.46760301453e-14
    Total E(T) = -12266.4736704257  Free energy = -12266.4736704257  E0 = -12266.4736704257
cycle= 116 E= -12266.4736704257  delta_E= -9.84e-06  |g|= 0.0114  |ddm|= 5.81
    sigma = 0.002  Optimized mu_alpha = -0.0808568491162  entropy = 2.46760301453e-14
    sigma = 0.002  Optimized mu_beta  = -0.0872326909467  entropy = 2.46760301453e-14
    Total E(T) = -12266.4736808761  Free energy = -12266.4736808761  E0 = -12266.4736808761
cycle= 117 E= -12266.4736808761  delta_E= -1.05e-05  |g|= 0.00792  |ddm|= 6.38
    sigma = 0.002  Optimized mu_alpha = -0.0808613280708  entropy = 2.46760301453e-14
    sigma = 0.002  Optimized mu_beta  = -0.0872445567504  entropy = 2.46760301453e-14
    Total E(T) = -12266.4736894487  Free energy = -12266.4736894487  E0 = -12266.4736894487
cycle= 118 E= -12266.4736894487  delta_E= -8.57e-06  |g|= 0.00811  |ddm|= 7.74
    sigma = 0.002  Optimized mu_alpha = -0.0808617351407  entropy = 2.46760301453e-14
    sigma = 0.002  Optimized mu_beta  = -0.0872332238974  entropy = 2.46760301453e-14
    Total E(T) = -12266.4736980662  Free energy = -12266.4736980662  E0 = -12266.4736980662
cycle= 119 E= -12266.4736980662  delta_E= -8.62e-06  |g|= 0.00581  |ddm|= 4.64
    sigma = 0.002  Optimized mu_alpha = -0.0808805673883  entropy = 2.46760301453e-14
    sigma = 0.002  Optimized mu_beta  = -0.0872375812635  entropy = 2.46760301453e-14
    Total E(T) = -12266.4737067514  Free energy = -12266.4737067514  E0 = -12266.4737067514
cycle= 120 E= -12266.4737067514  delta_E= -8.69e-06  |g|= 0.00484  |ddm|= 6.99
    sigma = 0.002  Optimized mu_alpha = -0.0808825792982  entropy = 2.46760301453e-14
    sigma = 0.002  Optimized mu_beta  = -0.0872348386335  entropy = 2.46760301453e-14
    Total E(T) = -12266.4737141909  Free energy = -12266.4737141909  E0 = -12266.4737141909
cycle= 121 E= -12266.4737141909  delta_E= -7.44e-06  |g|= 0.00443  |ddm|= 7.03
    sigma = 0.002  Optimized mu_alpha = -0.080891795842  entropy = 2.46760301453e-14
    sigma = 0.002  Optimized mu_beta  = -0.0872227234865  entropy = 2.46760301453e-14
    Total E(T) = -12266.4737211002  Free energy = -12266.4737211002  E0 = -12266.4737211002
cycle= 122 E= -12266.4737211002  delta_E= -6.91e-06  |g|= 0.0065  |ddm|= 7.85
    sigma = 0.002  Optimized mu_alpha = -0.0809088845286  entropy = 3.29013735271e-14
    sigma = 0.002  Optimized mu_beta  = -0.0872248755647  entropy = 3.29013735271e-14
    Total E(T) = -12266.4737265319  Free energy = -12266.4737265319  E0 = -12266.4737265319
cycle= 123 E= -12266.4737265319  delta_E= -5.43e-06  |g|= 0.00977  |ddm|= 9.62
    sigma = 0.002  Optimized mu_alpha = -0.0808976647147  entropy = 2.46760301453e-14
    sigma = 0.002  Optimized mu_beta  = -0.087245837969  entropy = 2.46760301453e-14
    Total E(T) = -12266.4737342355  Free energy = -12266.4737342355  E0 = -12266.4737342355
cycle= 124 E= -12266.4737342355  delta_E= -7.7e-06  |g|= 0.00629  |ddm|= 8.39
    sigma = 0.002  Optimized mu_alpha = -0.0808950259716  entropy = 2.46760301453e-14
    sigma = 0.002  Optimized mu_beta  = -0.0872430156227  entropy = 2.46760301453e-14
    Total E(T) = -12266.4737407657  Free energy = -12266.4737407657  E0 = -12266.4737407657
cycle= 125 E= -12266.4737407657  delta_E= -6.53e-06  |g|= 0.00462  |ddm|= 4.84
    sigma = 0.002  Optimized mu_alpha = -0.0809119104816  entropy = 2.46760301453e-14
    sigma = 0.002  Optimized mu_beta  = -0.087256536838  entropy = 2.46760301453e-14
    Total E(T) = -12266.4737464666  Free energy = -12266.4737464666  E0 = -12266.4737464666
cycle= 126 E= -12266.4737464666  delta_E= -5.7e-06  |g|= 0.00521  |ddm|= 5.09
    sigma = 0.002  Optimized mu_alpha = -0.0809022960068  entropy = 3.29013735271e-14
    sigma = 0.002  Optimized mu_beta  = -0.0872428960363  entropy = 3.29013735271e-14
    Total E(T) = -12266.4737526917  Free energy = -12266.4737526917  E0 = -12266.4737526917
cycle= 127 E= -12266.4737526917  delta_E= -6.23e-06  |g|= 0.0047  |ddm|= 4.59
    sigma = 0.002  Optimized mu_alpha = -0.0809157106252  entropy = 3.29013735271e-14
    sigma = 0.002  Optimized mu_beta  = -0.0872528796984  entropy = 3.29013735271e-14
    Total E(T) = -12266.4737589663  Free energy = -12266.4737589663  E0 = -12266.4737589663
cycle= 128 E= -12266.4737589663  delta_E= -6.27e-06  |g|= 0.0031  |ddm|= 6.67
    sigma = 0.002  Optimized mu_alpha = -0.080912617024  entropy = 3.29013735271e-14
    sigma = 0.002  Optimized mu_beta  = -0.0872396840602  entropy = 3.29013735271e-14
    Total E(T) = -12266.4737643294  Free energy = -12266.4737643294  E0 = -12266.4737643294
cycle= 129 E= -12266.4737643294  delta_E= -5.36e-06  |g|= 0.00388  |ddm|= 4.95
    sigma = 0.002  Optimized mu_alpha = -0.0809190183342  entropy = 3.29013735271e-14
    sigma = 0.002  Optimized mu_beta  = -0.0872387030432  entropy = 3.29013735271e-14
    Total E(T) = -12266.4737683979  Free energy = -12266.4737683979  E0 = -12266.4737683979
cycle= 130 E= -12266.4737683979  delta_E= -4.07e-06  |g|= 0.00662  |ddm|=  7.2
    sigma = 0.002  Optimized mu_alpha = -0.0809274310842  entropy = 3.29013735271e-14
    sigma = 0.002  Optimized mu_beta  = -0.0872476475467  entropy = 3.29013735271e-14
    Total E(T) = -12266.4737727847  Free energy = -12266.4737727847  E0 = -12266.4737727847
cycle= 131 E= -12266.4737727847  delta_E= -4.39e-06  |g|= 0.00814  |ddm|= 4.66
    sigma = 0.002  Optimized mu_alpha = -0.0809304173175  entropy = 3.29013735271e-14
    sigma = 0.002  Optimized mu_beta  = -0.0872490705556  entropy = 3.29013735271e-14
    Total E(T) = -12266.4737777892  Free energy = -12266.4737777892  E0 = -12266.4737777892
cycle= 132 E= -12266.4737777892  delta_E= -5e-06  |g|= 0.00702  |ddm|= 3.97
    sigma = 0.002  Optimized mu_alpha = -0.0809277975496  entropy = 3.29013735271e-14
    sigma = 0.002  Optimized mu_beta  = -0.0872445837263  entropy = 3.29013735271e-14
    Total E(T) = -12266.4737831908  Free energy = -12266.4737831908  E0 = -12266.4737831908
cycle= 133 E= -12266.4737831908  delta_E= -5.4e-06  |g|= 0.00531  |ddm|= 5.22
    sigma = 0.002  Optimized mu_alpha = -0.0809310265902  entropy = 3.29013735271e-14
    sigma = 0.002  Optimized mu_beta  = -0.0872497918144  entropy = 3.29013735271e-14
    Total E(T) = -12266.4737882309  Free energy = -12266.4737882309  E0 = -12266.4737882309
cycle= 134 E= -12266.4737882309  delta_E= -5.04e-06  |g|= 0.00385  |ddm|= 4.72
    sigma = 0.002  Optimized mu_alpha = -0.0809357138074  entropy = 3.29013735271e-14
    sigma = 0.002  Optimized mu_beta  = -0.087253014234  entropy = 3.29013735271e-14
    Total E(T) = -12266.4737926643  Free energy = -12266.4737926643  E0 = -12266.4737926643
cycle= 135 E= -12266.4737926643  delta_E= -4.43e-06  |g|= 0.003  |ddm|= 3.78
    sigma = 0.002  Optimized mu_alpha = -0.0809414378582  entropy = 3.29013735271e-14
    sigma = 0.002  Optimized mu_beta  = -0.0872563950084  entropy = 3.29013735271e-14
    Total E(T) = -12266.4737965912  Free energy = -12266.4737965912  E0 = -12266.4737965912
cycle= 136 E= -12266.4737965912  delta_E= -3.93e-06  |g|= 0.00407  |ddm|= 3.45
    sigma = 0.002  Optimized mu_alpha = -0.0809491192504  entropy = 3.29013735271e-14
    sigma = 0.002  Optimized mu_beta  = -0.0872563634989  entropy = 3.29013735271e-14
    Total E(T) = -12266.4738005139  Free energy = -12266.4738005139  E0 = -12266.4738005139
cycle= 137 E= -12266.4738005139  delta_E= -3.92e-06  |g|= 0.00335  |ddm|= 3.78
    sigma = 0.002  Optimized mu_alpha = -0.0809342980253  entropy = 3.29013735271e-14
    sigma = 0.002  Optimized mu_beta  = -0.0872357890775  entropy = 3.29013735271e-14
    Total E(T) = -12266.4738042215  Free energy = -12266.4738042215  E0 = -12266.4738042215
cycle= 138 E= -12266.4738042215  delta_E= -3.71e-06  |g|= 0.00511  |ddm|=  4.7
    sigma = 0.002  Optimized mu_alpha = -0.0809795635865  entropy = 3.29013735271e-14
    sigma = 0.002  Optimized mu_beta  = -0.0872458688998  entropy = 3.29013735271e-14
    Total E(T) = -12266.4738073039  Free energy = -12266.4738073039  E0 = -12266.4738073039
cycle= 139 E= -12266.4738073039  delta_E= -3.08e-06  |g|= 0.00905  |ddm|= 11.7
    sigma = 0.002  Optimized mu_alpha = -0.0809674738633  entropy = 3.29013735271e-14
    sigma = 0.002  Optimized mu_beta  = -0.0872502006562  entropy = 3.29013735271e-14
    Total E(T) = -12266.4738109814  Free energy = -12266.4738109814  E0 = -12266.4738109814
cycle= 140 E= -12266.4738109814  delta_E= -3.68e-06  |g|= 0.00778  |ddm|= 5.65
    sigma = 0.002  Optimized mu_alpha = -0.0809519348598  entropy = 3.29013735271e-14
    sigma = 0.002  Optimized mu_beta  = -0.0872424130934  entropy = 3.29013735271e-14
    Total E(T) = -12266.4738154128  Free energy = -12266.4738154128  E0 = -12266.4738154128
cycle= 141 E= -12266.4738154128  delta_E= -4.43e-06  |g|= 0.00513  |ddm|= 6.81
    sigma = 0.002  Optimized mu_alpha = -0.0809537783905  entropy = 3.29013735271e-14
    sigma = 0.002  Optimized mu_beta  = -0.0872503686393  entropy = 3.29013735271e-14
    Total E(T) = -12266.4738189584  Free energy = -12266.4738189584  E0 = -12266.4738189584
cycle= 142 E= -12266.4738189584  delta_E= -3.55e-06  |g|= 0.00342  |ddm|= 4.44
    sigma = 0.002  Optimized mu_alpha = -0.0809581603342  entropy = 3.29013735271e-14
    sigma = 0.002  Optimized mu_beta  = -0.0872539920981  entropy = 3.29013735271e-14
    Total E(T) = -12266.4738220967  Free energy = -12266.4738220967  E0 = -12266.4738220967
cycle= 143 E= -12266.4738220967  delta_E= -3.14e-06  |g|= 0.00327  |ddm|= 3.57
    sigma = 0.002  Optimized mu_alpha = -0.0809650557862  entropy = 3.29013735271e-14
    sigma = 0.002  Optimized mu_beta  = -0.0872556598144  entropy = 3.29013735271e-14
    Total E(T) = -12266.4738254004  Free energy = -12266.4738254004  E0 = -12266.4738254004
cycle= 144 E= -12266.4738254004  delta_E= -3.3e-06  |g|= 0.00183  |ddm|= 3.51
    sigma = 0.002  Optimized mu_alpha = -0.0809753085695  entropy = 3.29013735271e-14
    sigma = 0.002  Optimized mu_beta  = -0.0872618510835  entropy = 3.29013735271e-14
    Total E(T) = -12266.4738284669  Free energy = -12266.4738284669  E0 = -12266.4738284669
cycle= 145 E= -12266.4738284669  delta_E= -3.07e-06  |g|= 0.0028  |ddm|= 5.92
    sigma = 0.002  Optimized mu_alpha = -0.0809730118827  entropy = 3.29013735271e-14
    sigma = 0.002  Optimized mu_beta  = -0.0872533577832  entropy = 3.29013735271e-14
    Total E(T) = -12266.4738311551  Free energy = -12266.4738311551  E0 = -12266.4738311551
cycle= 146 E= -12266.4738311551  delta_E= -2.69e-06  |g|= 0.00349  |ddm|= 5.29
    sigma = 0.002  Optimized mu_alpha = -0.0809746026466  entropy = 3.29013735271e-14
    sigma = 0.002  Optimized mu_beta  = -0.0872531130561  entropy = 3.29013735271e-14
    Total E(T) = -12266.4738334694  Free energy = -12266.4738334694  E0 = -12266.4738334694
cycle= 147 E= -12266.4738334694  delta_E= -2.31e-06  |g|= 0.00462  |ddm|= 4.11
    sigma = 0.002  Optimized mu_alpha = -0.080979186105  entropy = 3.29013735271e-14
    sigma = 0.002  Optimized mu_beta  = -0.0872573065446  entropy = 3.29013735271e-14
    Total E(T) = -12266.4738360035  Free energy = -12266.4738360035  E0 = -12266.4738360035
cycle= 148 E= -12266.4738360035  delta_E= -2.53e-06  |g|= 0.0048  |ddm|= 2.96
    sigma = 0.002  Optimized mu_alpha = -0.0809816513109  entropy = 3.29013735271e-14
    sigma = 0.002  Optimized mu_beta  = -0.0872556030503  entropy = 3.29013735271e-14
    Total E(T) = -12266.4738387027  Free energy = -12266.4738387027  E0 = -12266.4738387027
cycle= 149 E= -12266.4738387027  delta_E= -2.7e-06  |g|= 0.00462  |ddm|= 2.87
    sigma = 0.002  Optimized mu_alpha = -0.0809700165263  entropy = 3.29013735271e-14
    sigma = 0.002  Optimized mu_beta  = -0.0872480387103  entropy = 3.29013735271e-14
    Total E(T) = -12266.4738416914  Free energy = -12266.4738416914  E0 = -12266.4738416914
cycle= 150 E= -12266.4738416914  delta_E= -2.99e-06  |g|= 0.00268  |ddm|=  4.8
    sigma = 0.002  Optimized mu_alpha = -0.0809775997506  entropy = 3.29013735271e-14
    sigma = 0.002  Optimized mu_beta  = -0.0872511648709  entropy = 3.29013735271e-14
    Total E(T) = -12266.4738441803  Free energy = -12266.4738441803  E0 = -12266.4738441803
cycle= 151 E= -12266.4738441803  delta_E= -2.49e-06  |g|= 0.00211  |ddm|= 3.27
    sigma = 0.002  Optimized mu_alpha = -0.0809826453484  entropy = 3.29013735271e-14
    sigma = 0.002  Optimized mu_beta  = -0.0872474143348  entropy = 3.29013735271e-14
    Total E(T) = -12266.4738466737  Free energy = -12266.4738466737  E0 = -12266.4738466737
cycle= 152 E= -12266.4738466737  delta_E= -2.49e-06  |g|= 0.00162  |ddm|= 3.22
    sigma = 0.002  Optimized mu_alpha = -0.0809912299727  entropy = 3.29013735271e-14
    sigma = 0.002  Optimized mu_beta  = -0.0872595072131  entropy = 3.29013735271e-14
    Total E(T) = -12266.4738488612  Free energy = -12266.4738488612  E0 = -12266.4738488612
cycle= 153 E= -12266.4738488612  delta_E= -2.19e-06  |g|= 0.00216  |ddm|= 3.32
    sigma = 0.002  Optimized mu_alpha = -0.0809965837567  entropy = 3.29013735271e-14
    sigma = 0.002  Optimized mu_beta  = -0.0872437223678  entropy = 3.29013735271e-14
    Total E(T) = -12266.4738509579  Free energy = -12266.4738509579  E0 = -12266.4738509579
cycle= 154 E= -12266.4738509579  delta_E= -2.1e-06  |g|= 0.0036  |ddm|= 5.84
    sigma = 0.002  Optimized mu_alpha = -0.0810046097199  entropy = 3.29013735271e-14
    sigma = 0.002  Optimized mu_beta  = -0.087241425273  entropy = 3.29013735271e-14
    Total E(T) = -12266.4738522935  Free energy = -12266.4738522935  E0 = -12266.4738522935
cycle= 155 E= -12266.4738522935  delta_E= -1.34e-06  |g|= 0.00622  |ddm|= 6.81
    sigma = 0.002  Optimized mu_alpha = -0.0810055362194  entropy = 3.29013735271e-14
    sigma = 0.002  Optimized mu_beta  = -0.0872441701947  entropy = 3.29013735271e-14
    Total E(T) = -12266.4738539869  Free energy = -12266.4738539869  E0 = -12266.4738539869
cycle= 156 E= -12266.4738539869  delta_E= -1.69e-06  |g|= 0.00699  |ddm|= 3.26
    sigma = 0.002  Optimized mu_alpha = -0.0809919324404  entropy = 3.29013735271e-14
    sigma = 0.002  Optimized mu_beta  = -0.08725257916  entropy = 3.29013735271e-14
    Total E(T) = -12266.473857039  Free energy = -12266.473857039  E0 = -12266.473857039
cycle= 157 E= -12266.473857039  delta_E= -3.05e-06  |g|= 0.00337  |ddm|= 7.23
    sigma = 0.002  Optimized mu_alpha = -0.0809919543247  entropy = 3.29013735271e-14
    sigma = 0.002  Optimized mu_beta  = -0.0872522513301  entropy = 3.29013735271e-14
    Total E(T) = -12266.4738588737  Free energy = -12266.4738588737  E0 = -12266.4738588737
cycle= 158 E= -12266.4738588737  delta_E= -1.83e-06  |g|= 0.00307  |ddm|= 3.37
    sigma = 0.002  Optimized mu_alpha = -0.0809961739651  entropy = 3.29013735271e-14
    sigma = 0.002  Optimized mu_beta  = -0.0872522177798  entropy = 3.29013735271e-14
    Total E(T) = -12266.4738606979  Free energy = -12266.4738606979  E0 = -12266.4738606979
cycle= 159 E= -12266.4738606979  delta_E= -1.82e-06  |g|= 0.00305  |ddm|= 3.01
    sigma = 0.002  Optimized mu_alpha = -0.0809952110705  entropy = 3.29013735271e-14
    sigma = 0.002  Optimized mu_beta  = -0.0872519067659  entropy = 3.29013735271e-14
    Total E(T) = -12266.4738625467  Free energy = -12266.4738625467  E0 = -12266.4738625467
cycle= 160 E= -12266.4738625467  delta_E= -1.85e-06  |g|= 0.00197  |ddm|= 2.65
    sigma = 0.002  Optimized mu_alpha = -0.0809969950914  entropy = 3.29013735271e-14
    sigma = 0.002  Optimized mu_beta  = -0.0872571919133  entropy = 3.29013735271e-14
    Total E(T) = -12266.4738643832  Free energy = -12266.4738643832  E0 = -12266.4738643832
cycle= 161 E= -12266.4738643832  delta_E= -1.84e-06  |g|= 0.00199  |ddm|=  4.2
    sigma = 0.002  Optimized mu_alpha = -0.080999717645  entropy = 3.29013735271e-14
    sigma = 0.002  Optimized mu_beta  = -0.087253382101  entropy = 3.29013735271e-14
    Total E(T) = -12266.4738659711  Free energy = -12266.4738659711  E0 = -12266.4738659711
cycle= 162 E= -12266.4738659711  delta_E= -1.59e-06  |g|= 0.00216  |ddm|= 4.01
    sigma = 0.002  Optimized mu_alpha = -0.080988779311  entropy = 3.29013735271e-14
    sigma = 0.002  Optimized mu_beta  = -0.0872422394691  entropy = 3.29013735271e-14
    Total E(T) = -12266.4738674237  Free energy = -12266.4738674237  E0 = -12266.4738674237
cycle= 163 E= -12266.4738674237  delta_E= -1.45e-06  |g|= 0.00262  |ddm|= 3.01
    sigma = 0.002  Optimized mu_alpha = -0.0810006316727  entropy = 3.29013735271e-14
    sigma = 0.002  Optimized mu_beta  = -0.0872489099327  entropy = 3.29013735271e-14
    Total E(T) = -12266.4738682311  Free energy = -12266.4738682311  E0 = -12266.4738682311
cycle= 164 E= -12266.4738682311  delta_E= -8.07e-07  |g|= 0.00447  |ddm|= 4.98
    sigma = 0.002  Optimized mu_alpha = -0.0810048837643  entropy = 3.29013735271e-14
    sigma = 0.002  Optimized mu_beta  = -0.0872542296589  entropy = 3.29013735271e-14
    Total E(T) = -12266.4738700648  Free energy = -12266.4738700648  E0 = -12266.4738700648
cycle= 165 E= -12266.4738700648  delta_E= -1.83e-06  |g|= 0.00285  |ddm|= 3.28
    sigma = 0.002  Optimized mu_alpha = -0.0810016848456  entropy = 3.29013735271e-14
    sigma = 0.002  Optimized mu_beta  = -0.0872478572064  entropy = 3.29013735271e-14
    Total E(T) = -12266.4738716359  Free energy = -12266.4738716359  E0 = -12266.4738716359
cycle= 166 E= -12266.4738716359  delta_E= -1.57e-06  |g|= 0.00206  |ddm|= 2.88
    sigma = 0.002  Optimized mu_alpha = -0.0810035105078  entropy = 3.29013735271e-14
    sigma = 0.002  Optimized mu_beta  = -0.0872466252847  entropy = 3.29013735271e-14
    Total E(T) = -12266.4738730385  Free energy = -12266.4738730385  E0 = -12266.4738730385
cycle= 167 E= -12266.4738730385  delta_E= -1.4e-06  |g|= 0.00179  |ddm|= 1.95
    sigma = 0.002  Optimized mu_alpha = -0.0810064437223  entropy = 3.29013735271e-14
    sigma = 0.002  Optimized mu_beta  = -0.0872505128507  entropy = 3.29013735271e-14
    Total E(T) = -12266.473874355  Free energy = -12266.473874355  E0 = -12266.473874355
cycle= 168 E= -12266.473874355  delta_E= -1.32e-06  |g|= 0.0012  |ddm|= 2.05
    sigma = 0.002  Optimized mu_alpha = -0.0810124294512  entropy = 3.29013735271e-14
    sigma = 0.002  Optimized mu_beta  = -0.0872529171353  entropy = 3.29013735271e-14
    Total E(T) = -12266.4738755469  Free energy = -12266.4738755469  E0 = -12266.4738755469
cycle= 169 E= -12266.4738755469  delta_E= -1.19e-06  |g|= 0.00176  |ddm|= 2.22
    sigma = 0.002  Optimized mu_alpha = -0.0810183620026  entropy = 3.29013735271e-14
    sigma = 0.002  Optimized mu_beta  = -0.0872458483366  entropy = 3.29013735271e-14
    Total E(T) = -12266.4738767694  Free energy = -12266.4738767694  E0 = -12266.4738767694
cycle= 170 E= -12266.4738767694  delta_E= -1.22e-06  |g|= 0.00184  |ddm|= 3.73
    sigma = 0.002  Optimized mu_alpha = -0.0810146524117  entropy = 3.29013735271e-14
    sigma = 0.002  Optimized mu_beta  = -0.0872438346744  entropy = 3.29013735271e-14
    Total E(T) = -12266.4738778427  Free energy = -12266.4738778427  E0 = -12266.4738778427
cycle= 171 E= -12266.4738778427  delta_E= -1.07e-06  |g|= 0.0024  |ddm|= 2.32
    sigma = 0.002  Optimized mu_alpha = -0.0358848713148  entropy = 1.64506867635e-14
    sigma = 0.002  Optimized mu_beta  = -0.0872432120772  entropy = 1.64506867635e-14
    Total E(T) = -12266.473878738  Free energy = -12266.473878738  E0 = -12266.473878738
cycle= 172 E= -12266.473878738  delta_E= -8.95e-07  |g|= 0.0036  |ddm|= 3.62
    sigma = 0.002  Optimized mu_alpha = -0.0810174281727  entropy = 3.29013735271e-14
    sigma = 0.002  Optimized mu_beta  = -0.087247780149  entropy = 3.29013735271e-14
    Total E(T) = -12266.4738798737  Free energy = -12266.4738798737  E0 = -12266.4738798737
cycle= 173 E= -12266.4738798737  delta_E= -1.14e-06  |g|= 0.00301  |ddm|=  2.9
    sigma = 0.002  Optimized mu_alpha = -0.0810193800814  entropy = 3.29013735271e-14
    sigma = 0.002  Optimized mu_beta  = -0.0872488520053  entropy = 3.29013735271e-14
    Total E(T) = -12266.4738809434  Free energy = -12266.4738809434  E0 = -12266.4738809434
cycle= 174 E= -12266.4738809434  delta_E= -1.07e-06  |g|= 0.00328  |ddm|=    2
    sigma = 0.002  Optimized mu_alpha = -0.0810114670766  entropy = 3.29013735271e-14
    sigma = 0.002  Optimized mu_beta  = -0.0872467217047  entropy = 3.29013735271e-14
    Total E(T) = -12266.4738820706  Free energy = -12266.4738820706  E0 = -12266.4738820706
cycle= 175 E= -12266.4738820706  delta_E= -1.13e-06  |g|= 0.00201  |ddm|= 2.63
    sigma = 0.002  Optimized mu_alpha = -0.0810154435024  entropy = 3.29013735271e-14
    sigma = 0.002  Optimized mu_beta  = -0.0872508907115  entropy = 3.29013735271e-14
    Total E(T) = -12266.4738829218  Free energy = -12266.4738829218  E0 = -12266.4738829218
cycle= 176 E= -12266.4738829218  delta_E= -8.51e-07  |g|= 0.00231  |ddm|= 2.65
    sigma = 0.002  Optimized mu_alpha = -0.0810092678367  entropy = 3.29013735271e-14
    sigma = 0.002  Optimized mu_beta  = -0.0872450430669  entropy = 3.29013735271e-14
    Total E(T) = -12266.4738837414  Free energy = -12266.4738837414  E0 = -12266.4738837414
cycle= 177 E= -12266.4738837414  delta_E= -8.2e-07  |g|= 0.00267  |ddm|= 1.91
    sigma = 0.002  Optimized mu_alpha = -0.081016801957  entropy = 3.29013735271e-14
    sigma = 0.002  Optimized mu_beta  = -0.087253147798  entropy = 3.29013735271e-14
    Total E(T) = -12266.4738846341  Free energy = -12266.4738846341  E0 = -12266.4738846341
cycle= 178 E= -12266.4738846341  delta_E= -8.93e-07  |g|= 0.00273  |ddm|= 2.23
    sigma = 0.002  Optimized mu_alpha = -0.0810149234687  entropy = 3.29013735271e-14
    sigma = 0.002  Optimized mu_beta  = -0.0872481973714  entropy = 3.29013735271e-14
    Total E(T) = -12266.4738853343  Free energy = -12266.4738853343  E0 = -12266.4738853343
cycle= 179 E= -12266.4738853343  delta_E= -7e-07  |g|= 0.00302  |ddm|= 2.03
    sigma = 0.002  Optimized mu_alpha = -0.0810140072599  entropy = 3.29013735271e-14
    sigma = 0.002  Optimized mu_beta  = -0.0872444264221  entropy = 3.29013735271e-14
    Total E(T) = -12266.4738860279  Free energy = -12266.4738860279  E0 = -12266.4738860279
cycle= 180 E= -12266.4738860279  delta_E= -6.94e-07  |g|= 0.00298  |ddm|= 1.63
    sigma = 0.002  Optimized mu_alpha = -0.0358698436775  entropy = 1.64506867635e-14
    sigma = 0.002  Optimized mu_beta  = -0.0872384485441  entropy = 1.64506867635e-14
    Total E(T) = -12266.473886729  Free energy = -12266.473886729  E0 = -12266.473886729
cycle= 181 E= -12266.473886729  delta_E= -7.01e-07  |g|= 0.00295  |ddm|= 2.41
    sigma = 0.002  Optimized mu_alpha = -0.0810145180814  entropy = 3.29013735271e-14
    sigma = 0.002  Optimized mu_beta  = -0.0872420914779  entropy = 3.29013735271e-14
    Total E(T) = -12266.4738877311  Free energy = -12266.4738877311  E0 = -12266.4738877311
cycle= 182 E= -12266.4738877311  delta_E= -1e-06  |g|= 0.00222  |ddm|=  3.1
    sigma = 0.002  Optimized mu_alpha = -0.0810159063284  entropy = 3.29013735271e-14
    sigma = 0.002  Optimized mu_beta  = -0.0872482491998  entropy = 3.29013735271e-14
    Total E(T) = -12266.4738885608  Free energy = -12266.4738885608  E0 = -12266.4738885608
cycle= 183 E= -12266.4738885608  delta_E= -8.3e-07  |g|= 0.00193  |ddm|= 3.81
    sigma = 0.002  Optimized mu_alpha = -0.0810164165406  entropy = 3.29013735271e-14
    sigma = 0.002  Optimized mu_beta  = -0.0872460442873  entropy = 3.29013735271e-14
    Total E(T) = -12266.4738893076  Free energy = -12266.4738893076  E0 = -12266.4738893076
cycle= 184 E= -12266.4738893076  delta_E= -7.47e-07  |g|= 0.00114  |ddm|= 2.06
    sigma = 0.002  Optimized mu_alpha = -0.0810158666384  entropy = 3.29013735271e-14
    sigma = 0.002  Optimized mu_beta  = -0.0872428488031  entropy = 3.29013735271e-14
    Total E(T) = -12266.4738899776  Free energy = -12266.4738899776  E0 = -12266.4738899776
cycle= 185 E= -12266.4738899776  delta_E= -6.7e-07  |g|= 0.00119  |ddm|= 1.79
    sigma = 0.002  Optimized mu_alpha = -0.0810184606523  entropy = 3.29013735271e-14
    sigma = 0.002  Optimized mu_beta  = -0.087242953109  entropy = 3.29013735271e-14
    Total E(T) = -12266.4738906322  Free energy = -12266.4738906322  E0 = -12266.4738906322
cycle= 186 E= -12266.4738906322  delta_E= -6.55e-07  |g|= 0.000751  |ddm|= 1.55
    sigma = 0.002  Optimized mu_alpha = -0.152113934907  entropy = 4.89782996615
    sigma = 0.002  Optimized mu_beta  = -0.156987027245  entropy = 4.89782996615
    Total E(T) = -12266.4639334331  Free energy = -12266.473729093  E0 = -12266.4688312631
Extra cycle  E= -12266.4639334331  delta_E= 0.00996  |g|= 0.284  |ddm|=  434
converged SCF energy = -12266.4639334331  <S^2> = 3.7856206  2S+1 = 4.0177708
[sigma=0.002] E_tot = -12266.4639334331 Eh | converged = True | last_cycle = 185 | time = 4441.2 s
  -> wrote al2.7_sigma0.002.chk
  -> wrote al2.7_sigma0.002_last_dm.pkl

========== sigma = 0.005 ==========
Applying remove_linear_dep_ on SCF object.
Using canonical orthogonalization with threshold 1e-08


******** <class 'pyscf.scf.addons.SmearingDFUKS'> ********
method = SmearingDFUKS
initial guess = minao
damping factor = 0.15
level_shift factor = 0.2
DIIS = <class 'pyscf.scf.diis.CDIIS'>
diis_start_cycle = 1
diis_space = 12
diis_damp = 0
SCF conv_tol = 1e-06
SCF conv_tol_grad = None
SCF max_cycles = 200
direct_scf = True
direct_scf_tol = 1e-13
chkfile to save SCF result = /tmp/tmpejeq8b7z
max_memory 235423 MB (current use 626 MB)
number electrons alpha = 334  beta = 332
XC library pyscf.dft.libxc version 6.1.0
    S. Lehtola, C. Steigemann, M. J.T. Oliveira, and M. A.L. Marques.,  SoftwareX 7, 1–5 (2018)
XC functionals = pbe
    J. P. Perdew, K. Burke, and M. Ernzerhof.,  Phys. Rev. Lett. 77, 3865 (1996)
    J. P. Perdew, K. Burke, and M. Ernzerhof.,  Phys. Rev. Lett. 78, 1396 (1997)
    J. P. Perdew, K. Burke, and M. Ernzerhof.,  Phys. Rev. Lett. 77, 3865 (1996)
    J. P. Perdew, K. Burke, and M. Ernzerhof.,  Phys. Rev. Lett. 78, 1396 (1997)
radial grids: 
    Treutler-Ahlrichs [JCP 102, 346 (1995); DOI:10.1063/1.469408] (M4) radial grids
    
becke partition: Becke, JCP 88, 2547 (1988); DOI:10.1063/1.454033
pruning grids: <function treutler_prune at 0x14f34f13a700>
grids dens level: 3
symmetrized grids: False
atomic radii adjust function: <function treutler_atomic_radii_adjust at 0x14f34f77cd30>
small_rho_cutoff = 1e-06
Set gradient conv threshold to 0.001
tot grids = 946056
init E= -12272.6814526855
    sigma = 0.005  Optimized mu_alpha = -0.018489964698  entropy = 9.75096345959
    sigma = 0.005  Optimized mu_beta  = -0.0250862861497  entropy = 9.75096345959
    Total E(T) = -12265.2254710299  Free energy = -12265.2742258472  E0 = -12265.2498484385
cycle= 1 E= -12265.2254710299  delta_E= 7.46  |g|= 4.68  |ddm|= 1.74e+04
    sigma = 0.005  Optimized mu_alpha = 0.0414398741321  entropy = 5.28365173584
    sigma = 0.005  Optimized mu_beta  = 0.0395281192498  entropy = 5.28365173584
    Total E(T) = -12221.5412455661  Free energy = -12221.5676638248  E0 = -12221.5544546954
cycle= 2 E= -12221.5412455661  delta_E= 43.7  |g|=   31  |ddm|= 6.52e+03
    sigma = 0.005  Optimized mu_alpha = -0.110769778587  entropy = 3.16236705393
    sigma = 0.005  Optimized mu_beta  = -0.0959923995022  entropy = 3.16236705393
    Total E(T) = -12261.6163020844  Free energy = -12261.6321139197  E0 = -12261.624208002
cycle= 3 E= -12261.6163020844  delta_E= -40.1  |g|= 10.3  |ddm|= 2.81e+03
    sigma = 0.005  Optimized mu_alpha = -0.0602997358637  entropy = 0.00749345541401
    sigma = 0.005  Optimized mu_beta  = -0.0576925693081  entropy = 0.00749345541401
    Total E(T) = -12263.4429182115  Free energy = -12263.4429556788  E0 = -12263.4429369451
cycle= 4 E= -12263.4429182115  delta_E= -1.83  |g|= 8.22  |ddm|= 4.56e+03
    sigma = 0.005  Optimized mu_alpha = -0.0517045769075  entropy = 1.75465520055e-06
    sigma = 0.005  Optimized mu_beta  = -0.056156901946  entropy = 1.75465520055e-06
    Total E(T) = -12264.3186271108  Free energy = -12264.3186271195  E0 = -12264.3186271151
cycle= 5 E= -12264.3186271108  delta_E= -0.876  |g|= 6.06  |ddm|=  803
    sigma = 0.005  Optimized mu_alpha = -0.143964847284  entropy = 6.99461473729
    sigma = 0.005  Optimized mu_beta  = -0.143575015032  entropy = 6.99461473729
    Total E(T) = -12265.4861265572  Free energy = -12265.5210996309  E0 = -12265.5036130941
cycle= 6 E= -12265.4861265572  delta_E= -1.17  |g|= 4.39  |ddm|= 2.59e+03
    sigma = 0.005  Optimized mu_alpha = -0.076050849203  entropy = 0.0288805797264
    sigma = 0.005  Optimized mu_beta  = -0.0690308852387  entropy = 0.0288805797264
    Total E(T) = -12265.5127189332  Free energy = -12265.5128633361  E0 = -12265.5127911346
cycle= 7 E= -12265.5127189332  delta_E= -0.0266  |g|= 4.25  |ddm|=  839
    sigma = 0.005  Optimized mu_alpha = -0.05586178281  entropy = 4.60447918904e-07
    sigma = 0.005  Optimized mu_beta  = -0.0594608394948  entropy = 4.60447918904e-07
    Total E(T) = -12265.4603282581  Free energy = -12265.4603282604  E0 = -12265.4603282592
cycle= 8 E= -12265.4603282581  delta_E= 0.0524  |g|= 4.38  |ddm|=  332
    sigma = 0.005  Optimized mu_alpha = -0.056130822527  entropy = 4.29385598467e-07
    sigma = 0.005  Optimized mu_beta  = -0.0596379350277  entropy = 4.29385598467e-07
    Total E(T) = -12265.4162424376  Free energy = -12265.4162424398  E0 = -12265.4162424387
cycle= 9 E= -12265.4162424376  delta_E= 0.0441  |g|= 4.53  |ddm|=  229
    sigma = 0.005  Optimized mu_alpha = -0.0544305634088  entropy = 4.40279972756e-07
    sigma = 0.005  Optimized mu_beta  = -0.0576594211011  entropy = 4.40279972756e-07
    Total E(T) = -12265.4419600405  Free energy = -12265.4419600427  E0 = -12265.4419600416
cycle= 10 E= -12265.4419600405  delta_E= -0.0257  |g|= 4.41  |ddm|=  427
    sigma = 0.005  Optimized mu_alpha = -0.0532572619325  entropy = 4.00658015731e-07
    sigma = 0.005  Optimized mu_beta  = -0.0561532146682  entropy = 4.00658015731e-07
    Total E(T) = -12265.5172566466  Free energy = -12265.5172566486  E0 = -12265.5172566476
cycle= 11 E= -12265.5172566466  delta_E= -0.0753  |g|=  4.3  |ddm|=  435
    sigma = 0.005  Optimized mu_alpha = -0.053231836213  entropy = 3.92205168311e-07
    sigma = 0.005  Optimized mu_beta  = -0.056330025689  entropy = 3.92205168311e-07
    Total E(T) = -12265.6635374637  Free energy = -12265.6635374657  E0 = -12265.6635374647
cycle= 12 E= -12265.6635374637  delta_E= -0.146  |g|= 3.82  |ddm|=  618
    sigma = 0.005  Optimized mu_alpha = -0.0554428345938  entropy = 4.13481907522e-07
    sigma = 0.005  Optimized mu_beta  = -0.0581590883603  entropy = 4.13481907522e-07
    Total E(T) = -12265.7938186584  Free energy = -12265.7938186605  E0 = -12265.7938186595
cycle= 13 E= -12265.7938186584  delta_E= -0.13  |g|= 3.31  |ddm|=  738
    sigma = 0.005  Optimized mu_alpha = -0.0567281027386  entropy = 4.60147830083e-07
    sigma = 0.005  Optimized mu_beta  = -0.0591355798495  entropy = 4.60147830083e-07
    Total E(T) = -12265.8729645171  Free energy = -12265.8729645194  E0 = -12265.8729645183
cycle= 14 E= -12265.8729645171  delta_E= -0.0791  |g|= 3.02  |ddm|=  620
    sigma = 0.005  Optimized mu_alpha = -0.0534314361714  entropy = 8.37655008288e-07
    sigma = 0.005  Optimized mu_beta  = -0.0551262188525  entropy = 8.37655008288e-07
    Total E(T) = -12265.9469790013  Free energy = -12265.9469790055  E0 = -12265.9469790034
cycle= 15 E= -12265.9469790013  delta_E= -0.074  |g|= 2.68  |ddm|=  365
    sigma = 0.005  Optimized mu_alpha = -0.0549723983665  entropy = 4.91807152538e-07
    sigma = 0.005  Optimized mu_beta  = -0.05708106319  entropy = 4.91807152538e-07
    Total E(T) = -12265.9702178554  Free energy = -12265.9702178579  E0 = -12265.9702178567
cycle= 16 E= -12265.9702178554  delta_E= -0.0232  |g|= 2.69  |ddm|=  307
    sigma = 0.005  Optimized mu_alpha = -0.0192122639748  entropy = 0.00042858684066
    sigma = 0.005  Optimized mu_beta  = -0.0206304572786  entropy = 0.00042858684066
    Total E(T) = -12266.145815084  Free energy = -12266.145817227  E0 = -12266.1458161555
cycle= 17 E= -12266.145815084  delta_E= -0.176  |g|= 2.31  |ddm|= 1.72e+03
    sigma = 0.005  Optimized mu_alpha = 0.020369432401  entropy = 3.62729858244
    sigma = 0.005  Optimized mu_beta  = 0.0163845061661  entropy = 3.62729858244
    Total E(T) = -12264.9359990501  Free energy = -12264.954135543  E0 = -12264.9450672966
cycle= 18 E= -12264.9359990501  delta_E= 1.21  |g|= 5.88  |ddm|= 2.55e+03
    sigma = 0.005  Optimized mu_alpha = -0.0366574399792  entropy = 0.00692201072587
    sigma = 0.005  Optimized mu_beta  = -0.0348678571999  entropy = 0.00692201072587
    Total E(T) = -12264.9521064377  Free energy = -12264.9521410478  E0 = -12264.9521237427
cycle= 19 E= -12264.9521064377  delta_E= -0.0161  |g|= 5.67  |ddm|= 1.75e+03
    sigma = 0.005  Optimized mu_alpha = -0.0445895035412  entropy = 1.9490052147e-06
    sigma = 0.005  Optimized mu_beta  = -0.0496992103489  entropy = 1.9490052147e-06
    Total E(T) = -12264.9934712465  Free energy = -12264.9934712563  E0 = -12264.9934712514
cycle= 20 E= -12264.9934712465  delta_E= -0.0414  |g|= 5.48  |ddm|=  743
    sigma = 0.005  Optimized mu_alpha = -0.0396678745778  entropy = 1.99372046865e-06
    sigma = 0.005  Optimized mu_beta  = -0.0439372107753  entropy = 1.99372046865e-06
    Total E(T) = -12264.9123768111  Free energy = -12264.9123768211  E0 = -12264.9123768161
cycle= 21 E= -12264.9123768111  delta_E= 0.0811  |g|= 5.96  |ddm|=  984
    sigma = 0.005  Optimized mu_alpha = -0.043742728152  entropy = 1.4574973147e-06
    sigma = 0.005  Optimized mu_beta  = -0.0483696777593  entropy = 1.4574973147e-06
    Total E(T) = -12264.8157969007  Free energy = -12264.815796908  E0 = -12264.8157969044
cycle= 22 E= -12264.8157969007  delta_E= 0.0966  |g|=  6.2  |ddm|=  420
    sigma = 0.005  Optimized mu_alpha = -0.0437417731494  entropy = 1.09825497332e-06
    sigma = 0.005  Optimized mu_beta  = -0.0478869250911  entropy = 1.09825497332e-06
    Total E(T) = -12264.7494735315  Free energy = -12264.749473537  E0 = -12264.7494735343
cycle= 23 E= -12264.7494735315  delta_E= 0.0663  |g|= 6.35  |ddm|=  343
    sigma = 0.005  Optimized mu_alpha = -0.0446488409866  entropy = 8.97032574445e-07
    sigma = 0.005  Optimized mu_beta  = -0.0484863086656  entropy = 8.97032574445e-07
    Total E(T) = -12264.7149263011  Free energy = -12264.7149263056  E0 = -12264.7149263034
cycle= 24 E= -12264.7149263011  delta_E= 0.0345  |g|= 6.42  |ddm|=  205
    sigma = 0.005  Optimized mu_alpha = -0.044490812081  entropy = 7.15123311663e-07
    sigma = 0.005  Optimized mu_beta  = -0.0481271929517  entropy = 7.15123311663e-07
    Total E(T) = -12264.6989744222  Free energy = -12264.6989744258  E0 = -12264.698974424
cycle= 25 E= -12264.6989744222  delta_E= 0.016  |g|= 6.55  |ddm|=  249
    sigma = 0.005  Optimized mu_alpha = -0.0440823579377  entropy = 6.86040355303e-07
    sigma = 0.005  Optimized mu_beta  = -0.0474013524333  entropy = 6.86040355303e-07
    Total E(T) = -12264.6650077495  Free energy = -12264.6650077529  E0 = -12264.6650077512
cycle= 26 E= -12264.6650077495  delta_E= 0.034  |g|= 6.73  |ddm|=  579
    sigma = 0.005  Optimized mu_alpha = -0.0460390444225  entropy = 5.77824687136e-07
    sigma = 0.005  Optimized mu_beta  = -0.0494673638472  entropy = 5.77824687136e-07
    Total E(T) = -12264.6359728552  Free energy = -12264.6359728581  E0 = -12264.6359728566
cycle= 27 E= -12264.6359728552  delta_E= 0.029  |g|= 6.88  |ddm|=  548
    sigma = 0.005  Optimized mu_alpha = -0.045898147917  entropy = 6.42077634296e-07
    sigma = 0.005  Optimized mu_beta  = -0.0489019861384  entropy = 6.42077634296e-07
    Total E(T) = -12264.72487502  Free energy = -12264.7248750232  E0 = -12264.7248750216
cycle= 28 E= -12264.72487502  delta_E= -0.0889  |g|= 6.52  |ddm|=  747
    sigma = 0.005  Optimized mu_alpha = -0.0465144776862  entropy = 4.93403227379e-07
    sigma = 0.005  Optimized mu_beta  = -0.0499608355239  entropy = 4.93403227379e-07
    Total E(T) = -12264.7092267215  Free energy = -12264.709226724  E0 = -12264.7092267227
cycle= 29 E= -12264.7092267215  delta_E= 0.0156  |g|= 6.64  |ddm|=  584
    sigma = 0.005  Optimized mu_alpha = -0.11328712171  entropy = 5.51216011432
    sigma = 0.005  Optimized mu_beta  = -0.117576959807  entropy = 5.51216011432
    Total E(T) = -12258.5333450212  Free energy = -12258.5609058217  E0 = -12258.5471254215
cycle= 30 E= -12258.5333450212  delta_E= 6.18  |g|= 12.7  |ddm|= 3.41e+03
    sigma = 0.005  Optimized mu_alpha = -0.0524717058248  entropy = 0.37719122113
    sigma = 0.005  Optimized mu_beta  = -0.0481157641811  entropy = 0.37719122113
    Total E(T) = -12259.2052085138  Free energy = -12259.2070944699  E0 = -12259.2061514918
cycle= 31 E= -12259.2052085138  delta_E= -0.672  |g|= 12.1  |ddm|= 2.34e+03
    sigma = 0.005  Optimized mu_alpha = -0.0319948198918  entropy = 0.00377413363613
    sigma = 0.005  Optimized mu_beta  = -0.0296519569579  entropy = 0.00377413363613
    Total E(T) = -12260.2307095547  Free energy = -12260.2307284254  E0 = -12260.2307189901
cycle= 32 E= -12260.2307095547  delta_E= -1.03  |g|= 11.1  |ddm|= 2.98e+03
    sigma = 0.005  Optimized mu_alpha = -0.0519678531948  entropy = 0.000333646764702
    sigma = 0.005  Optimized mu_beta  = -0.0532485604926  entropy = 0.000333646764702
    Total E(T) = -12260.2280785187  Free energy = -12260.2280801869  E0 = -12260.2280793528
cycle= 33 E= -12260.2280785187  delta_E= 0.00263  |g|= 12.1  |ddm|= 2.14e+03
    sigma = 0.005  Optimized mu_alpha = -0.0450180311389  entropy = 8.8325126463e-05
    sigma = 0.005  Optimized mu_beta  = -0.0458546290456  entropy = 8.8325126463e-05
    Total E(T) = -12260.5643728959  Free energy = -12260.5643733376  E0 = -12260.5643731168
cycle= 34 E= -12260.5643728959  delta_E= -0.336  |g|= 12.1  |ddm|= 1.64e+03
    sigma = 0.005  Optimized mu_alpha = -0.0477394095328  entropy = 5.1667027693e-05
    sigma = 0.005  Optimized mu_beta  = -0.0493149668352  entropy = 5.1667027693e-05
    Total E(T) = -12260.9061292246  Free energy = -12260.9061294829  E0 = -12260.9061293538
cycle= 35 E= -12260.9061292246  delta_E= -0.342  |g|=   12  |ddm|=  783
    sigma = 0.005  Optimized mu_alpha = -0.0505990998557  entropy = 3.94764466745e-05
    sigma = 0.005  Optimized mu_beta  = -0.0523973171162  entropy = 3.94764466745e-05
    Total E(T) = -12261.2631797284  Free energy = -12261.2631799258  E0 = -12261.2631798271
cycle= 36 E= -12261.2631797284  delta_E= -0.357  |g|= 12.3  |ddm|=  967
    sigma = 0.005  Optimized mu_alpha = -0.0434037533931  entropy = 9.28659251591e-05
    sigma = 0.005  Optimized mu_beta  = -0.0467518415282  entropy = 9.28659251591e-05
    Total E(T) = -12262.3496154169  Free energy = -12262.3496158812  E0 = -12262.3496156491
cycle= 37 E= -12262.3496154169  delta_E= -1.09  |g|= 10.6  |ddm|= 1.24e+03
    sigma = 0.005  Optimized mu_alpha = -0.0434358501111  entropy = 0.000203427918803
    sigma = 0.005  Optimized mu_beta  = -0.0461729896973  entropy = 0.000203427918803
    Total E(T) = -12263.372000804  Free energy = -12263.3720018212  E0 = -12263.3720013126
cycle= 38 E= -12263.372000804  delta_E= -1.02  |g|= 10.1  |ddm|= 2.63e+03
    sigma = 0.005  Optimized mu_alpha = -0.0438084349878  entropy = 1.22044380342e-05
    sigma = 0.005  Optimized mu_beta  = -0.0488507341846  entropy = 1.22044380342e-05
    Total E(T) = -12264.1482246042  Free energy = -12264.1482246652  E0 = -12264.1482246347
cycle= 39 E= -12264.1482246042  delta_E= -0.776  |g|= 8.91  |ddm|= 2.02e+03
    sigma = 0.005  Optimized mu_alpha = -0.052815953506  entropy = 3.37778483225e-06
    sigma = 0.005  Optimized mu_beta  = -0.0559683123694  entropy = 3.37778483225e-06
    Total E(T) = -12264.7826300809  Free energy = -12264.7826300978  E0 = -12264.7826300893
cycle= 40 E= -12264.7826300809  delta_E= -0.634  |g|= 6.71  |ddm|= 1.7e+03
    sigma = 0.005  Optimized mu_alpha = -0.0507813378149  entropy = 3.84469318791e-06
    sigma = 0.005  Optimized mu_beta  = -0.0537951213025  entropy = 3.84469318791e-06
    Total E(T) = -12265.1334903015  Free energy = -12265.1334903207  E0 = -12265.1334903111
cycle= 41 E= -12265.1334903015  delta_E= -0.351  |g|= 5.93  |ddm|= 1.25e+03
    sigma = 0.005  Optimized mu_alpha = 0.0242965961994  entropy = 5.1467113282
    sigma = 0.005  Optimized mu_beta  = 0.0177128400044  entropy = 5.1467113282
    Total E(T) = -12263.3231275817  Free energy = -12263.3488611383  E0 = -12263.33599436
cycle= 42 E= -12263.3231275817  delta_E= 1.81  |g|=  8.9  |ddm|= 4.04e+03
    sigma = 0.005  Optimized mu_alpha = -0.0266413378302  entropy = 1.85105689364
    sigma = 0.005  Optimized mu_beta  = -0.0599655942619  entropy = 1.85105689364
    Total E(T) = -12264.2438692656  Free energy = -12264.2531245501  E0 = -12264.2484969078
cycle= 43 E= -12264.2438692656  delta_E= -0.921  |g|= 7.15  |ddm|= 2.33e+03
    sigma = 0.005  Optimized mu_alpha = -0.0683348670329  entropy = 0.0133864787398
    sigma = 0.005  Optimized mu_beta  = -0.0619850386097  entropy = 0.0133864787398
    Total E(T) = -12264.8138127655  Free energy = -12264.8138796979  E0 = -12264.8138462317
cycle= 44 E= -12264.8138127655  delta_E= -0.57  |g|= 5.47  |ddm|= 1.14e+03
    sigma = 0.005  Optimized mu_alpha = -0.10519356441  entropy = 0.032962419065
    sigma = 0.005  Optimized mu_beta  = -0.108513869244  entropy = 0.032962419065
    Total E(T) = -12265.4662309496  Free energy = -12265.4663957617  E0 = -12265.4663133557
cycle= 45 E= -12265.4662309496  delta_E= -0.652  |g|= 4.01  |ddm|=  599
    sigma = 0.005  Optimized mu_alpha = -0.100656472671  entropy = 0.0117489447239
    sigma = 0.005  Optimized mu_beta  = -0.103765074797  entropy = 0.0117489447239
    Total E(T) = -12266.0814460324  Free energy = -12266.0815047771  E0 = -12266.0814754048
cycle= 46 E= -12266.0814460324  delta_E= -0.615  |g|=  2.6  |ddm|=  532
    sigma = 0.005  Optimized mu_alpha = -0.0794019632243  entropy = 0.000738210979622
    sigma = 0.005  Optimized mu_beta  = -0.0814565031162  entropy = 0.000738210979622
    Total E(T) = -12266.3495446058  Free energy = -12266.3495482968  E0 = -12266.3495464513
cycle= 47 E= -12266.3495446058  delta_E= -0.268  |g|= 1.17  |ddm|= 1.67e+03
    sigma = 0.005  Optimized mu_alpha = -0.0664167725438  entropy = 4.44972044576e-05
    sigma = 0.005  Optimized mu_beta  = -0.0697424114126  entropy = 4.44972044576e-05
    Total E(T) = -12266.3968043223  Free energy = -12266.3968045447  E0 = -12266.3968044335
cycle= 48 E= -12266.3968043223  delta_E= -0.0473  |g|= 1.07  |ddm|= 1.5e+03
    sigma = 0.005  Optimized mu_alpha = -0.063369693285  entropy = 9.0879167985e-06
    sigma = 0.005  Optimized mu_beta  = -0.0676387935863  entropy = 9.0879167985e-06
    Total E(T) = -12266.3155014233  Free energy = -12266.3155014688  E0 = -12266.3155014461
cycle= 49 E= -12266.3155014233  delta_E= 0.0813  |g|= 1.53  |ddm|=  423
    sigma = 0.005  Optimized mu_alpha = -0.0592808848046  entropy = 4.50496327523e-06
    sigma = 0.005  Optimized mu_beta  = -0.0626225216721  entropy = 4.50496327523e-06
    Total E(T) = -12266.2020073537  Free energy = -12266.2020073763  E0 = -12266.202007365
cycle= 50 E= -12266.2020073537  delta_E= 0.113  |g|= 2.14  |ddm|=  230
    sigma = 0.005  Optimized mu_alpha = -0.0576296994148  entropy = 2.85288281458e-06
    sigma = 0.005  Optimized mu_beta  = -0.0603432748263  entropy = 2.85288281458e-06
    Total E(T) = -12266.0929907078  Free energy = -12266.0929907221  E0 = -12266.0929907149
cycle= 51 E= -12266.0929907078  delta_E= 0.109  |g|= 2.57  |ddm|=  165
    sigma = 0.005  Optimized mu_alpha = -0.0563865030896  entropy = 2.01316713712e-06
    sigma = 0.005  Optimized mu_beta  = -0.0584739333671  entropy = 2.01316713712e-06
    Total E(T) = -12266.0055569537  Free energy = -12266.0055569638  E0 = -12266.0055569587
cycle= 52 E= -12266.0055569537  delta_E= 0.0874  |g|= 2.96  |ddm|=  312
    sigma = 0.005  Optimized mu_alpha = -0.0561814132831  entropy = 1.70202374737e-06
    sigma = 0.005  Optimized mu_beta  = -0.0580205061535  entropy = 1.70202374737e-06
    Total E(T) = -12265.9497417505  Free energy = -12265.949741759  E0 = -12265.9497417547
cycle= 53 E= -12265.9497417505  delta_E= 0.0558  |g|= 3.06  |ddm|=  298
    sigma = 0.005  Optimized mu_alpha = -0.0557525869378  entropy = 1.46862857845e-06
    sigma = 0.005  Optimized mu_beta  = -0.0574260611325  entropy = 1.46862857845e-06
    Total E(T) = -12265.9071744892  Free energy = -12265.9071744965  E0 = -12265.9071744929
cycle= 54 E= -12265.9071744892  delta_E= 0.0426  |g|= 3.18  |ddm|=  169
    sigma = 0.005  Optimized mu_alpha = -0.0556805358326  entropy = 1.32152486539e-06
    sigma = 0.005  Optimized mu_beta  = -0.057241221421  entropy = 1.32152486539e-06
    Total E(T) = -12265.8697295234  Free energy = -12265.86972953  E0 = -12265.8697295267
cycle= 55 E= -12265.8697295234  delta_E= 0.0374  |g|= 3.33  |ddm|=  118
    sigma = 0.005  Optimized mu_alpha = -0.0550077431025  entropy = 1.17532373299e-06
    sigma = 0.005  Optimized mu_beta  = -0.0566259697765  entropy = 1.17532373299e-06
    Total E(T) = -12265.8451512944  Free energy = -12265.8451513003  E0 = -12265.8451512973
cycle= 56 E= -12265.8451512944  delta_E= 0.0246  |g|= 3.36  |ddm|=  121
    sigma = 0.005  Optimized mu_alpha = -0.0547822136334  entropy = 1.07275409916e-06
    sigma = 0.005  Optimized mu_beta  = -0.0564125902434  entropy = 1.07275409916e-06
    Total E(T) = -12265.8333249145  Free energy = -12265.8333249198  E0 = -12265.8333249171
cycle= 57 E= -12265.8333249145  delta_E= 0.0118  |g|= 3.38  |ddm|=  107
    sigma = 0.005  Optimized mu_alpha = -0.0548168184473  entropy = 1.01320924574e-06
    sigma = 0.005  Optimized mu_beta  = -0.0564737208685  entropy = 1.01320924574e-06
    Total E(T) = -12265.8305975246  Free energy = -12265.8305975297  E0 = -12265.8305975272
cycle= 58 E= -12265.8305975246  delta_E= 0.00273  |g|= 3.44  |ddm|=  121
    sigma = 0.005  Optimized mu_alpha = -0.0544327905747  entropy = 8.38280208063e-07
    sigma = 0.005  Optimized mu_beta  = -0.0565211765606  entropy = 8.38280208063e-07
    Total E(T) = -12265.8450675638  Free energy = -12265.845067568  E0 = -12265.8450675659
cycle= 59 E= -12265.8450675638  delta_E= -0.0145  |g|= 3.28  |ddm|=  287
    sigma = 0.005  Optimized mu_alpha = -0.0597392632634  entropy = 8.86942078867e-07
    sigma = 0.005  Optimized mu_beta  = -0.0621406698834  entropy = 8.86942078867e-07
    Total E(T) = -12265.8770508304  Free energy = -12265.8770508348  E0 = -12265.8770508326
cycle= 60 E= -12265.8770508304  delta_E= -0.032  |g|= 3.16  |ddm|= 1.03e+03
    sigma = 0.005  Optimized mu_alpha = -0.0544941964733  entropy = 9.89535986129e-07
    sigma = 0.005  Optimized mu_beta  = -0.0557592875369  entropy = 9.89535986129e-07
    Total E(T) = -12265.92133485  Free energy = -12265.9213348549  E0 = -12265.9213348525
cycle= 61 E= -12265.92133485  delta_E= -0.0443  |g|= 3.24  |ddm|=  635
    sigma = 0.005  Optimized mu_alpha = -0.0507092172212  entropy = 2.15242129994e-06
    sigma = 0.005  Optimized mu_beta  = -0.0526603529099  entropy = 2.15242129994e-06
    Total E(T) = -12266.0469737334  Free energy = -12266.0469737441  E0 = -12266.0469737387
cycle= 62 E= -12266.0469737334  delta_E= -0.126  |g|= 2.49  |ddm|=  693
    sigma = 0.005  Optimized mu_alpha = -0.0139051823204  entropy = 0.00165235096725
    sigma = 0.005  Optimized mu_beta  = -0.0160988763674  entropy = 0.00165235096725
    Total E(T) = -12266.3466231392  Free energy = -12266.3466314009  E0 = -12266.3466272701
cycle= 63 E= -12266.3466231392  delta_E= -0.3  |g|= 1.28  |ddm|= 1.92e+03
    sigma = 0.005  Optimized mu_alpha = 0.0120879175025  entropy = 0.0437852469584
    sigma = 0.005  Optimized mu_beta  = -0.00981596173008  entropy = 0.0437852469584
    Total E(T) = -12265.9861027276  Free energy = -12265.9863216538  E0 = -12265.9862121907
cycle= 64 E= -12265.9861027276  delta_E= 0.361  |g|= 3.15  |ddm|= 1.69e+03
    sigma = 0.005  Optimized mu_alpha = -0.0403113503722  entropy = 3.15238787771e-06
    sigma = 0.005  Optimized mu_beta  = -0.0482292609247  entropy = 3.15238787771e-06
    Total E(T) = -12265.7641226853  Free energy = -12265.764122701  E0 = -12265.7641226932
cycle= 65 E= -12265.7641226853  delta_E= 0.222  |g|= 3.37  |ddm|=  847
    sigma = 0.005  Optimized mu_alpha = -0.0443376450526  entropy = 1.9602171402e-06
    sigma = 0.005  Optimized mu_beta  = -0.0504102837679  entropy = 1.9602171402e-06
    Total E(T) = -12265.3934324044  Free energy = -12265.3934324142  E0 = -12265.3934324093
cycle= 66 E= -12265.3934324044  delta_E= 0.371  |g|= 4.36  |ddm|=  670
    sigma = 0.005  Optimized mu_alpha = -0.0468488053066  entropy = 1.285487556e-06
    sigma = 0.005  Optimized mu_beta  = -0.0509986422411  entropy = 1.285487556e-06
    Total E(T) = -12265.0681811278  Free energy = -12265.0681811342  E0 = -12265.068181131
cycle= 67 E= -12265.0681811278  delta_E= 0.325  |g|= 5.14  |ddm|=  492
    sigma = 0.005  Optimized mu_alpha = -0.049554567607  entropy = 7.67058138194e-07
    sigma = 0.005  Optimized mu_beta  = -0.0530541229827  entropy = 7.67058138194e-07
    Total E(T) = -12264.9053669587  Free energy = -12264.9053669625  E0 = -12264.9053669606
cycle= 68 E= -12264.9053669587  delta_E= 0.163  |g|= 5.45  |ddm|=  437
    sigma = 0.005  Optimized mu_alpha = -0.0506730432992  entropy = 5.74868078389e-07
    sigma = 0.005  Optimized mu_beta  = -0.053962571953  entropy = 5.74868078389e-07
    Total E(T) = -12264.9429252623  Free energy = -12264.9429252652  E0 = -12264.9429252637
cycle= 69 E= -12264.9429252623  delta_E= -0.0376  |g|= 5.22  |ddm|=  369
    sigma = 0.005  Optimized mu_alpha = -0.0504688443137  entropy = 5.27212776378e-07
    sigma = 0.005  Optimized mu_beta  = -0.053691817506  entropy = 5.27212776378e-07
    Total E(T) = -12264.9867578419  Free energy = -12264.9867578445  E0 = -12264.9867578432
cycle= 70 E= -12264.9867578419  delta_E= -0.0438  |g|= 5.14  |ddm|=  263
    sigma = 0.005  Optimized mu_alpha = -0.0505529630025  entropy = 5.1246219331e-07
    sigma = 0.005  Optimized mu_beta  = -0.0537676607272  entropy = 5.1246219331e-07
    Total E(T) = -12264.9947487311  Free energy = -12264.9947487337  E0 = -12264.9947487324
cycle= 71 E= -12264.9947487311  delta_E= -0.00799  |g|= 5.12  |ddm|=  139
    sigma = 0.005  Optimized mu_alpha = -0.0492028042319  entropy = 5.11990194604e-07
    sigma = 0.005  Optimized mu_beta  = -0.0522521062074  entropy = 5.11990194604e-07
    Total E(T) = -12265.0363751483  Free energy = -12265.0363751509  E0 = -12265.0363751496
cycle= 72 E= -12265.0363751483  delta_E= -0.0416  |g|=    5  |ddm|=  294
    sigma = 0.005  Optimized mu_alpha = -0.0520483086296  entropy = 4.99532956487e-07
    sigma = 0.005  Optimized mu_beta  = -0.055384567965  entropy = 4.99532956487e-07
    Total E(T) = -12265.0479757699  Free energy = -12265.0479757724  E0 = -12265.0479757712
cycle= 73 E= -12265.0479757699  delta_E= -0.0116  |g|= 5.06  |ddm|=  362
    sigma = 0.005  Optimized mu_alpha = -0.0507187822004  entropy = 6.08934321808e-07
    sigma = 0.005  Optimized mu_beta  = -0.0539717828258  entropy = 6.08934321808e-07
    Total E(T) = -12265.0906613222  Free energy = -12265.0906613252  E0 = -12265.0906613237
cycle= 74 E= -12265.0906613222  delta_E= -0.0427  |g|= 4.95  |ddm|=  421
    sigma = 0.005  Optimized mu_alpha = -0.0511212775328  entropy = 5.40247643793e-07
    sigma = 0.005  Optimized mu_beta  = -0.0545552416855  entropy = 5.40247643793e-07
    Total E(T) = -12265.053627462  Free energy = -12265.0536274647  E0 = -12265.0536274634
cycle= 75 E= -12265.053627462  delta_E= 0.037  |g|= 5.04  |ddm|=  716
    sigma = 0.005  Optimized mu_alpha = -0.138017684591  entropy = 5.8324404384
    sigma = 0.005  Optimized mu_beta  = -0.139932682485  entropy = 5.8324404384
    Total E(T) = -12265.1894707635  Free energy = -12265.2186329657  E0 = -12265.2040518646
cycle= 76 E= -12265.1894707635  delta_E= -0.136  |g|= 6.35  |ddm|= 1.99e+03
    sigma = 0.005  Optimized mu_alpha = -0.0831028543176  entropy = 0.100268533786
    sigma = 0.005  Optimized mu_beta  = -0.0737006935815  entropy = 0.100268533786
    Total E(T) = -12265.3850017258  Free energy = -12265.3855030685  E0 = -12265.3852523971
cycle= 77 E= -12265.3850017258  delta_E= -0.196  |g|= 5.11  |ddm|= 1.49e+03
    sigma = 0.005  Optimized mu_alpha = -0.0466349023551  entropy = 1.08103571146e-06
    sigma = 0.005  Optimized mu_beta  = -0.0488876229502  entropy = 1.08103571146e-06
    Total E(T) = -12265.3787062077  Free energy = -12265.3787062131  E0 = -12265.3787062104
cycle= 78 E= -12265.3787062077  delta_E= 0.0063  |g|= 4.82  |ddm|= 1.66e+03
    sigma = 0.005  Optimized mu_alpha = -0.0524740626737  entropy = 7.13022258272e-07
    sigma = 0.005  Optimized mu_beta  = -0.0550769155602  entropy = 7.13022258272e-07
    Total E(T) = -12265.4227503635  Free energy = -12265.422750367  E0 = -12265.4227503652
cycle= 79 E= -12265.4227503635  delta_E= -0.044  |g|= 4.74  |ddm|=  835
    sigma = 0.005  Optimized mu_alpha = -0.0511732198995  entropy = 4.62168867135e-07
    sigma = 0.005  Optimized mu_beta  = -0.0539763123593  entropy = 4.62168867135e-07
    Total E(T) = -12265.4115816065  Free energy = -12265.4115816088  E0 = -12265.4115816077
cycle= 80 E= -12265.4115816065  delta_E= 0.0112  |g|= 4.65  |ddm|=  232
    sigma = 0.005  Optimized mu_alpha = -0.0546470669092  entropy = 4.68995588328e-07
    sigma = 0.005  Optimized mu_beta  = -0.0576538436069  entropy = 4.68995588328e-07
    Total E(T) = -12265.4729623719  Free energy = -12265.4729623743  E0 = -12265.4729623731
cycle= 81 E= -12265.4729623719  delta_E= -0.0614  |g|=  4.6  |ddm|= 1.26e+03
    sigma = 0.005  Optimized mu_alpha = -0.052321652651  entropy = 4.69005066316e-07
    sigma = 0.005  Optimized mu_beta  = -0.0550252980228  entropy = 4.69005066316e-07
    Total E(T) = -12265.5835552267  Free energy = -12265.5835552291  E0 = -12265.5835552279
cycle= 82 E= -12265.5835552267  delta_E= -0.111  |g|= 3.96  |ddm|=  792
    sigma = 0.005  Optimized mu_alpha = -0.0519294533632  entropy = 4.90234215248e-07
    sigma = 0.005  Optimized mu_beta  = -0.0549020373093  entropy = 4.90234215248e-07
    Total E(T) = -12265.5859743646  Free energy = -12265.585974367  E0 = -12265.5859743658
cycle= 83 E= -12265.5859743646  delta_E= -0.00242  |g|= 4.56  |ddm|=  822
    sigma = 0.005  Optimized mu_alpha = -0.0541696070747  entropy = 4.59769301732e-07
    sigma = 0.005  Optimized mu_beta  = -0.0572326965373  entropy = 4.59769301732e-07
    Total E(T) = -12265.7045103408  Free energy = -12265.7045103431  E0 = -12265.7045103419
cycle= 84 E= -12265.7045103408  delta_E= -0.119  |g|= 3.79  |ddm|=  795
    sigma = 0.005  Optimized mu_alpha = -0.0530259611554  entropy = 5.12201855264e-07
    sigma = 0.005  Optimized mu_beta  = -0.0552420495147  entropy = 5.12201855264e-07
    Total E(T) = -12265.8274692059  Free energy = -12265.8274692085  E0 = -12265.8274692072
cycle= 85 E= -12265.8274692059  delta_E= -0.123  |g|= 3.31  |ddm|=  825
    sigma = 0.005  Optimized mu_alpha = -0.0525877583178  entropy = 6.53242799814e-07
    sigma = 0.005  Optimized mu_beta  = -0.0543226180623  entropy = 6.53242799814e-07
    Total E(T) = -12265.9124070361  Free energy = -12265.9124070394  E0 = -12265.9124070378
cycle= 86 E= -12265.9124070361  delta_E= -0.0849  |g|= 2.94  |ddm|=  392
    sigma = 0.005  Optimized mu_alpha = -0.0538383705893  entropy = 7.16129079334e-07
    sigma = 0.005  Optimized mu_beta  = -0.0553293029096  entropy = 7.16129079334e-07
    Total E(T) = -12265.9546151379  Free energy = -12265.9546151415  E0 = -12265.9546151397
cycle= 87 E= -12265.9546151379  delta_E= -0.0422  |g|= 2.83  |ddm|=  681
    sigma = 0.005  Optimized mu_alpha = 0.0316967052473  entropy = 5.71054228655
    sigma = 0.005  Optimized mu_beta  = 0.0281427985811  entropy = 5.71054228655
    Total E(T) = -12264.1726120334  Free energy = -12264.2011647448  E0 = -12264.1868883891
cycle= 88 E= -12264.1726120334  delta_E= 1.78  |g|= 6.78  |ddm|= 3.4e+03
    sigma = 0.005  Optimized mu_alpha = -0.0424376554119  entropy = 0.375510156616
    sigma = 0.005  Optimized mu_beta  = -0.0230204462514  entropy = 0.375510156616
    Total E(T) = -12264.6458641116  Free energy = -12264.6477416624  E0 = -12264.646802887
cycle= 89 E= -12264.6458641116  delta_E= -0.473  |g|= 5.86  |ddm|= 1.73e+03
    sigma = 0.005  Optimized mu_alpha = -0.0506080607211  entropy = 6.92010407963e-07
    sigma = 0.005  Optimized mu_beta  = -0.0530074713059  entropy = 6.92010407963e-07
    Total E(T) = -12264.8975223177  Free energy = -12264.8975223211  E0 = -12264.8975223194
cycle= 90 E= -12264.8975223177  delta_E= -0.252  |g|= 5.18  |ddm|=  623
    sigma = 0.005  Optimized mu_alpha = -0.0558124874102  entropy = 1.17521633189e-06
    sigma = 0.005  Optimized mu_beta  = -0.0571490119849  entropy = 1.17521633189e-06
    Total E(T) = -12265.1266283142  Free energy = -12265.1266283201  E0 = -12265.1266283171
cycle= 91 E= -12265.1266283142  delta_E= -0.229  |g|= 4.55  |ddm|=  830
    sigma = 0.005  Optimized mu_alpha = -0.0548991804921  entropy = 7.20363521621e-07
    sigma = 0.005  Optimized mu_beta  = -0.0564008720182  entropy = 7.20363521621e-07
    Total E(T) = -12265.2348495636  Free energy = -12265.2348495672  E0 = -12265.2348495654
cycle= 92 E= -12265.2348495636  delta_E= -0.108  |g|=  4.3  |ddm|=  315
    sigma = 0.005  Optimized mu_alpha = -0.0521295023246  entropy = 4.47440626535e-07
    sigma = 0.005  Optimized mu_beta  = -0.0545160632552  entropy = 4.47440626535e-07
    Total E(T) = -12265.2802682785  Free energy = -12265.2802682808  E0 = -12265.2802682796
cycle= 93 E= -12265.2802682785  delta_E= -0.0454  |g|= 4.26  |ddm|=  157
    sigma = 0.005  Optimized mu_alpha = -0.0616660071821  entropy = 2.61761641793e-06
    sigma = 0.005  Optimized mu_beta  = -0.0625741682788  entropy = 2.61761641793e-06
    Total E(T) = -12265.4273502563  Free energy = -12265.4273502693  E0 = -12265.4273502628
cycle= 94 E= -12265.4273502563  delta_E= -0.147  |g|= 3.86  |ddm|=  287
    sigma = 0.005  Optimized mu_alpha = -0.0750603615623  entropy = 4.41503409682e-05
    sigma = 0.005  Optimized mu_beta  = -0.0761416243561  entropy = 4.41503409682e-05
    Total E(T) = -12265.7161752321  Free energy = -12265.7161754528  E0 = -12265.7161753425
cycle= 95 E= -12265.7161752321  delta_E= -0.289  |g|= 2.94  |ddm|=  877
    sigma = 0.005  Optimized mu_alpha = -0.0878313349051  entropy = 0.000203427482305
    sigma = 0.005  Optimized mu_beta  = -0.0894497188479  entropy = 0.000203427482305
    Total E(T) = -12266.0458315318  Free energy = -12266.0458325489  E0 = -12266.0458320403
cycle= 96 E= -12266.0458315318  delta_E= -0.33  |g|= 2.35  |ddm|=  719
    sigma = 0.005  Optimized mu_alpha = -0.0901218811503  entropy = 0.00174750571471
    sigma = 0.005  Optimized mu_beta  = -0.0930083265127  entropy = 0.00174750571471
    Total E(T) = -12266.3791054418  Free energy = -12266.3791141793  E0 = -12266.3791098105
cycle= 97 E= -12266.3791054418  delta_E= -0.333  |g|= 1.38  |ddm|= 1.89e+03
    sigma = 0.005  Optimized mu_alpha = -0.0804102707263  entropy = 0.000124133746966
    sigma = 0.005  Optimized mu_beta  = -0.0850343554917  entropy = 0.000124133746966
    Total E(T) = -12266.2380339916  Free energy = -12266.2380346123  E0 = -12266.2380343019
cycle= 98 E= -12266.2380339916  delta_E= 0.141  |g|= 2.11  |ddm|= 1.63e+03
    sigma = 0.005  Optimized mu_alpha = -0.0629029582987  entropy = 4.30122465388e-06
    sigma = 0.005  Optimized mu_beta  = -0.0665930889654  entropy = 4.30122465388e-06
    Total E(T) = -12265.9573014569  Free energy = -12265.9573014785  E0 = -12265.9573014677
cycle= 99 E= -12265.9573014569  delta_E= 0.281  |g|= 3.03  |ddm|=  581
    sigma = 0.005  Optimized mu_alpha = -0.0563866142941  entropy = 1.17371875731e-06
    sigma = 0.005  Optimized mu_beta  = -0.0592955583896  entropy = 1.17371875731e-06
    Total E(T) = -12265.7565771403  Free energy = -12265.7565771461  E0 = -12265.7565771432
cycle= 100 E= -12265.7565771403  delta_E= 0.201  |g|= 3.49  |ddm|=  376
    sigma = 0.005  Optimized mu_alpha = -0.0548343537349  entropy = 7.6298366337e-07
    sigma = 0.005  Optimized mu_beta  = -0.0575945420439  entropy = 7.6298366337e-07
    Total E(T) = -12265.6267365237  Free energy = -12265.6267365275  E0 = -12265.6267365256
cycle= 101 E= -12265.6267365237  delta_E= 0.13  |g|= 3.96  |ddm|=  338
    sigma = 0.005  Optimized mu_alpha = -0.0536698901211  entropy = 6.58857558224e-07
    sigma = 0.005  Optimized mu_beta  = -0.0562622740805  entropy = 6.58857558224e-07
    Total E(T) = -12265.66481455  Free energy = -12265.6648145532  E0 = -12265.6648145516
cycle= 102 E= -12265.66481455  delta_E= -0.0381  |g|= 3.67  |ddm|=  574
    sigma = 0.005  Optimized mu_alpha = -0.0539961991226  entropy = 5.53539671183e-07
    sigma = 0.005  Optimized mu_beta  = -0.0564571337859  entropy = 5.53539671183e-07
    Total E(T) = -12265.7214597534  Free energy = -12265.7214597561  E0 = -12265.7214597548
cycle= 103 E= -12265.7214597534  delta_E= -0.0566  |g|= 3.39  |ddm|=  455
    sigma = 0.005  Optimized mu_alpha = -0.0541218788909  entropy = 4.64885338894e-07
    sigma = 0.005  Optimized mu_beta  = -0.0567359771961  entropy = 4.64885338894e-07
    Total E(T) = -12265.774416827  Free energy = -12265.7744168293  E0 = -12265.7744168281
cycle= 104 E= -12265.774416827  delta_E= -0.053  |g|= 3.43  |ddm|=  475
    sigma = 0.005  Optimized mu_alpha = -0.0538767132788  entropy = 4.44815221152e-07
    sigma = 0.005  Optimized mu_beta  = -0.0565169366465  entropy = 4.44815221152e-07
    Total E(T) = -12265.7927043833  Free energy = -12265.7927043855  E0 = -12265.7927043844
cycle= 105 E= -12265.7927043833  delta_E= -0.0183  |g|= 3.45  |ddm|=  179
    sigma = 0.005  Optimized mu_alpha = -0.0538737325635  entropy = 4.54786094002e-07
    sigma = 0.005  Optimized mu_beta  = -0.0565754014816  entropy = 4.54786094002e-07
    Total E(T) = -12265.8038463819  Free energy = -12265.8038463842  E0 = -12265.8038463831
cycle= 106 E= -12265.8038463819  delta_E= -0.0111  |g|= 3.46  |ddm|=  225
    sigma = 0.005  Optimized mu_alpha = -0.0530357687214  entropy = 4.195785954e-07
    sigma = 0.005  Optimized mu_beta  = -0.0557483525402  entropy = 4.195785954e-07
    Total E(T) = -12265.8151164405  Free energy = -12265.8151164426  E0 = -12265.8151164416
cycle= 107 E= -12265.8151164405  delta_E= -0.0113  |g|=  3.4  |ddm|=  245
    sigma = 0.005  Optimized mu_alpha = -0.0525176541476  entropy = 4.30513460995e-07
    sigma = 0.005  Optimized mu_beta  = -0.0549689368053  entropy = 4.30513460995e-07
    Total E(T) = -12265.8287407841  Free energy = -12265.8287407863  E0 = -12265.8287407852
cycle= 108 E= -12265.8287407841  delta_E= -0.0136  |g|= 3.39  |ddm|=  288
    sigma = 0.005  Optimized mu_alpha = -0.0558538112224  entropy = 5.86567121926e-07
    sigma = 0.005  Optimized mu_beta  = -0.0577592244443  entropy = 5.86567121926e-07
    Total E(T) = -12265.9220720385  Free energy = -12265.9220720415  E0 = -12265.92207204
cycle= 109 E= -12265.9220720385  delta_E= -0.0933  |g|= 3.03  |ddm|= 1.34e+03
    sigma = 0.005  Optimized mu_alpha = -0.0533803852017  entropy = 6.42196602821e-07
    sigma = 0.005  Optimized mu_beta  = -0.0549437492225  entropy = 6.42196602821e-07
    Total E(T) = -12266.0090871238  Free energy = -12266.009087127  E0 = -12266.0090871254
cycle= 110 E= -12266.0090871238  delta_E= -0.087  |g|= 2.61  |ddm|=  853
    sigma = 0.005  Optimized mu_alpha = -0.0038914520482  entropy = 0.00797509015873
    sigma = 0.005  Optimized mu_beta  = -0.0048764549896  entropy = 0.00797509015873
    Total E(T) = -12266.303356189  Free energy = -12266.3033960644  E0 = -12266.3033761267
cycle= 111 E= -12266.303356189  delta_E= -0.294  |g|= 1.63  |ddm|= 1.84e+03
    sigma = 0.005  Optimized mu_alpha = 0.0115709738433  entropy = 0.152191865796
    sigma = 0.005  Optimized mu_beta  = 0.00693766252286  entropy = 0.152191865796
    Total E(T) = -12265.6003173114  Free energy = -12265.6010782708  E0 = -12265.6006977911
cycle= 112 E= -12265.6003173114  delta_E= 0.703  |g|= 4.21  |ddm|= 2.53e+03
    sigma = 0.005  Optimized mu_alpha = -0.0420812827859  entropy = 2.66750871327e-06
    sigma = 0.005  Optimized mu_beta  = -0.0459996016117  entropy = 2.66750871327e-06
    Total E(T) = -12265.4738444551  Free energy = -12265.4738444684  E0 = -12265.4738444617
cycle= 113 E= -12265.4738444551  delta_E= 0.126  |g|=  3.9  |ddm|=  935
    sigma = 0.005  Optimized mu_alpha = -0.0443022901719  entropy = 1.69544235597e-06
    sigma = 0.005  Optimized mu_beta  = -0.0489345375541  entropy = 1.69544235597e-06
    Total E(T) = -12265.2033776082  Free energy = -12265.2033776167  E0 = -12265.2033776125
cycle= 114 E= -12265.2033776082  delta_E= 0.27  |g|= 4.35  |ddm|=  531
    sigma = 0.005  Optimized mu_alpha = -0.0473141582785  entropy = 9.59534969284e-07
    sigma = 0.005  Optimized mu_beta  = -0.0517176549482  entropy = 9.59534969284e-07
    Total E(T) = -12265.0255603167  Free energy = -12265.0255603215  E0 = -12265.0255603191
cycle= 115 E= -12265.0255603167  delta_E= 0.178  |g|= 4.55  |ddm|=  424
    sigma = 0.005  Optimized mu_alpha = -0.0515476847769  entropy = 4.52037126451e-07
    sigma = 0.005  Optimized mu_beta  = -0.0548211191394  entropy = 4.52037126451e-07
    Total E(T) = -12265.222389099  Free energy = -12265.2223891013  E0 = -12265.2223891002
cycle= 116 E= -12265.222389099  delta_E= -0.197  |g|= 3.94  |ddm|= 1.21e+03
    sigma = 0.005  Optimized mu_alpha = -0.0508362036177  entropy = 4.30809442902e-07
    sigma = 0.005  Optimized mu_beta  = -0.0535772799355  entropy = 4.30809442902e-07
    Total E(T) = -12265.328929881  Free energy = -12265.3289298831  E0 = -12265.328929882
cycle= 117 E= -12265.328929881  delta_E= -0.107  |g|= 3.66  |ddm|=  593
    sigma = 0.005  Optimized mu_alpha = -0.0550001271842  entropy = 8.91451192352e-07
    sigma = 0.005  Optimized mu_beta  = -0.0568872253415  entropy = 8.91451192352e-07
    Total E(T) = -12265.4369366351  Free energy = -12265.4369366395  E0 = -12265.4369366373
cycle= 118 E= -12265.4369366351  delta_E= -0.108  |g|= 3.67  |ddm|=  702
    sigma = 0.005  Optimized mu_alpha = -0.0607866657723  entropy = 1.55539376813e-06
    sigma = 0.005  Optimized mu_beta  = -0.0619496356276  entropy = 1.55539376813e-06
    Total E(T) = -12265.5571695764  Free energy = -12265.5571695842  E0 = -12265.5571695803
cycle= 119 E= -12265.5571695764  delta_E= -0.12  |g|= 3.47  |ddm|=  483
    sigma = 0.005  Optimized mu_alpha = -0.0504276686514  entropy = 5.05835425381e-07
    sigma = 0.005  Optimized mu_beta  = -0.0536840658115  entropy = 5.05835425381e-07
    Total E(T) = -12265.4434928372  Free energy = -12265.4434928397  E0 = -12265.4434928385
cycle= 120 E= -12265.4434928372  delta_E= 0.114  |g|= 3.79  |ddm|=  338
    sigma = 0.005  Optimized mu_alpha = -0.0515193479579  entropy = 4.64479693152e-07
    sigma = 0.005  Optimized mu_beta  = -0.0547855955447  entropy = 4.64479693152e-07
    Total E(T) = -12265.3682409064  Free energy = -12265.3682409087  E0 = -12265.3682409076
cycle= 121 E= -12265.3682409064  delta_E= 0.0753  |g|= 3.95  |ddm|=  308
    sigma = 0.005  Optimized mu_alpha = -0.0512754864334  entropy = 4.3761905283e-07
    sigma = 0.005  Optimized mu_beta  = -0.0542363442364  entropy = 4.3761905283e-07
    Total E(T) = -12265.3785407566  Free energy = -12265.3785407588  E0 = -12265.3785407577
cycle= 122 E= -12265.3785407566  delta_E= -0.0103  |g|= 3.97  |ddm|=  532
    sigma = 0.005  Optimized mu_alpha = -0.0557936635095  entropy = 9.46682094689e-07
    sigma = 0.005  Optimized mu_beta  = -0.0565436093817  entropy = 9.46682094689e-07
    Total E(T) = -12265.494632668  Free energy = -12265.4946326728  E0 = -12265.4946326704
cycle= 123 E= -12265.494632668  delta_E= -0.116  |g|= 3.48  |ddm|=  982
    sigma = 0.005  Optimized mu_alpha = -0.12957982009  entropy = 3.23470648901
    sigma = 0.005  Optimized mu_beta  = -0.13248167446  entropy = 3.23470648901
    Total E(T) = -12264.9541568645  Free energy = -12264.9703303969  E0 = -12264.9622436307
cycle= 124 E= -12264.9541568645  delta_E= 0.54  |g|= 6.44  |ddm|= 3.03e+03
    sigma = 0.005  Optimized mu_alpha = -0.0663661114817  entropy = 7.98382144948e-05
    sigma = 0.005  Optimized mu_beta  = -0.0696626587454  entropy = 7.98382144948e-05
    Total E(T) = -12265.2456401726  Free energy = -12265.2456405718  E0 = -12265.2456403722
cycle= 125 E= -12265.2456401726  delta_E= -0.291  |g|= 4.87  |ddm|=  828
    sigma = 0.005  Optimized mu_alpha = -0.0467008138519  entropy = 9.33970599122e-07
    sigma = 0.005  Optimized mu_beta  = -0.0491809679891  entropy = 9.33970599122e-07
    Total E(T) = -12265.1519300103  Free energy = -12265.151930015  E0 = -12265.1519300126
cycle= 126 E= -12265.1519300103  delta_E= 0.0937  |g|= 5.15  |ddm|= 2.18e+03
    sigma = 0.005  Optimized mu_alpha = -0.0472574917986  entropy = 7.05151365367e-07
    sigma = 0.005  Optimized mu_beta  = -0.0497788027809  entropy = 7.05151365367e-07
    Total E(T) = -12265.0613230559  Free energy = -12265.0613230594  E0 = -12265.0613230577
cycle= 127 E= -12265.0613230559  delta_E= 0.0906  |g|= 5.47  |ddm|=  540
    sigma = 0.005  Optimized mu_alpha = -0.0476753744664  entropy = 7.17870823376e-07
    sigma = 0.005  Optimized mu_beta  = -0.0501526191662  entropy = 7.17870823376e-07
    Total E(T) = -12265.1108424917  Free energy = -12265.1108424953  E0 = -12265.1108424935
cycle= 128 E= -12265.1108424917  delta_E= -0.0495  |g|= 5.32  |ddm|=  567
    sigma = 0.005  Optimized mu_alpha = -0.0470781987962  entropy = 4.95707142219e-07
    sigma = 0.005  Optimized mu_beta  = -0.0496610019365  entropy = 4.95707142219e-07
    Total E(T) = -12265.2025206749  Free energy = -12265.2025206774  E0 = -12265.2025206762
cycle= 129 E= -12265.2025206749  delta_E= -0.0917  |g|= 4.94  |ddm|= 1.02e+03
    sigma = 0.005  Optimized mu_alpha = -0.0504751990984  entropy = 7.83634977056e-07
    sigma = 0.005  Optimized mu_beta  = -0.0536819836489  entropy = 7.83634977056e-07
    Total E(T) = -12265.3979055708  Free energy = -12265.3979055747  E0 = -12265.3979055728
cycle= 130 E= -12265.3979055708  delta_E= -0.195  |g|= 4.48  |ddm|= 1.36e+03
    sigma = 0.005  Optimized mu_alpha = -0.0513400264655  entropy = 4.07533379398e-07
    sigma = 0.005  Optimized mu_beta  = -0.0542169069589  entropy = 4.07533379398e-07
    Total E(T) = -12265.5704306846  Free energy = -12265.5704306867  E0 = -12265.5704306857
cycle= 131 E= -12265.5704306846  delta_E= -0.173  |g|= 3.73  |ddm|=  776
    sigma = 0.005  Optimized mu_alpha = -0.0543132218515  entropy = 4.47722638331e-07
    sigma = 0.005  Optimized mu_beta  = -0.057279718522  entropy = 4.47722638331e-07
    Total E(T) = -12265.712046297  Free energy = -12265.7120462993  E0 = -12265.7120462981
cycle= 132 E= -12265.712046297  delta_E= -0.142  |g|= 3.22  |ddm|= 1.25e+03
    sigma = 0.005  Optimized mu_alpha = -0.0516507971356  entropy = 3.80615587005e-07
    sigma = 0.005  Optimized mu_beta  = -0.0544765697689  entropy = 3.80615587005e-07
    Total E(T) = -12265.7858152456  Free energy = -12265.7858152475  E0 = -12265.7858152465
cycle= 133 E= -12265.7858152456  delta_E= -0.0738  |g|= 3.21  |ddm|=  590
    sigma = 0.005  Optimized mu_alpha = -0.0538604689951  entropy = 3.81321642239e-07
    sigma = 0.005  Optimized mu_beta  = -0.0566787069268  entropy = 3.81321642239e-07
    Total E(T) = -12265.8502285402  Free energy = -12265.8502285421  E0 = -12265.8502285412
cycle= 134 E= -12265.8502285402  delta_E= -0.0644  |g|= 2.95  |ddm|=  784
    sigma = 0.005  Optimized mu_alpha = -0.0535306485127  entropy = 3.72861276562e-07
    sigma = 0.005  Optimized mu_beta  = -0.0561997948492  entropy = 3.72861276562e-07
    Total E(T) = -12265.9108875771  Free energy = -12265.910887579  E0 = -12265.910887578
cycle= 135 E= -12265.9108875771  delta_E= -0.0607  |g|= 2.68  |ddm|=  450
    sigma = 0.005  Optimized mu_alpha = 0.0353148981879  entropy = 6.31878970331
    sigma = 0.005  Optimized mu_beta  = 0.0317004538482  entropy = 6.31878970331
    Total E(T) = -12263.7810797828  Free energy = -12263.8126737314  E0 = -12263.7968767571
cycle= 136 E= -12263.7810797828  delta_E= 2.13  |g|= 6.85  |ddm|= 4.25e+03
    sigma = 0.005  Optimized mu_alpha = -0.0382095010492  entropy = 1.4804964101
    sigma = 0.005  Optimized mu_beta  = -0.0443098156068  entropy = 1.4804964101
    Total E(T) = -12264.3716516385  Free energy = -12264.3790541205  E0 = -12264.3753528795
cycle= 137 E= -12264.3716516385  delta_E= -0.591  |g|= 5.72  |ddm|= 1.48e+03
    sigma = 0.005  Optimized mu_alpha = -0.0524739305134  entropy = 0.223204266874
    sigma = 0.005  Optimized mu_beta  = -0.056511843843  entropy = 0.223204266874
    Total E(T) = -12264.8042943231  Free energy = -12264.8054103444  E0 = -12264.8048523338
cycle= 138 E= -12264.8042943231  delta_E= -0.433  |g|= 4.82  |ddm|= 1.27e+03
    sigma = 0.005  Optimized mu_alpha = -0.0638585329152  entropy = 5.42445177577e-06
    sigma = 0.005  Optimized mu_beta  = -0.0634411495511  entropy = 5.42445177577e-06
    Total E(T) = -12265.0960368306  Free energy = -12265.0960368577  E0 = -12265.0960368442
cycle= 139 E= -12265.0960368306  delta_E= -0.292  |g|= 4.04  |ddm|= 1.12e+03
    sigma = 0.005  Optimized mu_alpha = -0.0739220273499  entropy = 3.0289717256e-05
    sigma = 0.005  Optimized mu_beta  = -0.0746884614149  entropy = 3.0289717256e-05
    Total E(T) = -12265.300601199  Free energy = -12265.3006013505  E0 = -12265.3006012747
cycle= 140 E= -12265.300601199  delta_E= -0.205  |g|= 3.72  |ddm|=  500
    sigma = 0.005  Optimized mu_alpha = -0.0700248267338  entropy = 1.19438560184e-05
    sigma = 0.005  Optimized mu_beta  = -0.0707869049811  entropy = 1.19438560184e-05
    Total E(T) = -12265.4412036214  Free energy = -12265.4412036811  E0 = -12265.4412036512
cycle= 141 E= -12265.4412036214  delta_E= -0.141  |g|=  3.6  |ddm|=  452
    sigma = 0.005  Optimized mu_alpha = -0.066967230279  entropy = 7.45081303007e-06
    sigma = 0.005  Optimized mu_beta  = -0.0678695885958  entropy = 7.45081303007e-06
    Total E(T) = -12265.5793859623  Free energy = -12265.5793859995  E0 = -12265.5793859809
cycle= 142 E= -12265.5793859623  delta_E= -0.138  |g|= 3.39  |ddm|=  286
    sigma = 0.005  Optimized mu_alpha = -0.0638444441513  entropy = 4.08147307188e-06
    sigma = 0.005  Optimized mu_beta  = -0.0648047607341  entropy = 4.08147307188e-06
    Total E(T) = -12265.6639684181  Free energy = -12265.6639684385  E0 = -12265.6639684283
cycle= 143 E= -12265.6639684181  delta_E= -0.0846  |g|= 3.47  |ddm|=  635
    sigma = 0.005  Optimized mu_alpha = -0.0550656814728  entropy = 8.9084203741e-07
    sigma = 0.005  Optimized mu_beta  = -0.0565455239579  entropy = 8.9084203741e-07
    Total E(T) = -12265.6506207022  Free energy = -12265.6506207066  E0 = -12265.6506207044
cycle= 144 E= -12265.6506207022  delta_E= 0.0133  |g|=  3.6  |ddm|=  486
    sigma = 0.005  Optimized mu_alpha = -0.0551958616179  entropy = 1.15302821251e-06
    sigma = 0.005  Optimized mu_beta  = -0.0562974499612  entropy = 1.15302821251e-06
    Total E(T) = -12265.7347397111  Free energy = -12265.7347397168  E0 = -12265.7347397139
cycle= 145 E= -12265.7347397111  delta_E= -0.0841  |g|= 3.18  |ddm|= 1.06e+03
    sigma = 0.005  Optimized mu_alpha = -0.0652992406383  entropy = 3.11814730742e-06
    sigma = 0.005  Optimized mu_beta  = -0.0663085514537  entropy = 3.11814730742e-06
    Total E(T) = -12265.8911417771  Free energy = -12265.8911417927  E0 = -12265.8911417849
cycle= 146 E= -12265.8911417771  delta_E= -0.156  |g|= 2.89  |ddm|=  903
    sigma = 0.005  Optimized mu_alpha = -0.0716997438307  entropy = 1.46128124328e-05
    sigma = 0.005  Optimized mu_beta  = -0.072873463993  entropy = 1.46128124328e-05
    Total E(T) = -12266.1572381285  Free energy = -12266.1572382016  E0 = -12266.157238165
cycle= 147 E= -12266.1572381285  delta_E= -0.266  |g|= 2.27  |ddm|=  954
    sigma = 0.005  Optimized mu_alpha = -0.0955230226597  entropy = 0.00943138615821
    sigma = 0.005  Optimized mu_beta  = -0.0955874339937  entropy = 0.00943138615821
    Total E(T) = -12265.9162019833  Free energy = -12265.9162491403  E0 = -12265.9162255618
cycle= 148 E= -12265.9162019833  delta_E= 0.241  |g|= 4.01  |ddm|= 2.28e+03
    sigma = 0.005  Optimized mu_alpha = -0.0606790740457  entropy = 3.44133626214e-06
    sigma = 0.005  Optimized mu_beta  = -0.0619400506984  entropy = 3.44133626214e-06
    Total E(T) = -12265.7478430355  Free energy = -12265.7478430527  E0 = -12265.7478430441
cycle= 149 E= -12265.7478430355  delta_E= 0.168  |g|=  3.9  |ddm|=  835
    sigma = 0.005  Optimized mu_alpha = -0.0570691830906  entropy = 1.56805883041e-06
    sigma = 0.005  Optimized mu_beta  = -0.058634611723  entropy = 1.56805883041e-06
    Total E(T) = -12265.6139889598  Free energy = -12265.6139889676  E0 = -12265.6139889637
cycle= 150 E= -12265.6139889598  delta_E= 0.134  |g|=  4.4  |ddm|=  433
    sigma = 0.005  Optimized mu_alpha = -0.0540547572297  entropy = 9.36161130839e-07
    sigma = 0.005  Optimized mu_beta  = -0.0558034698242  entropy = 9.36161130839e-07
    Total E(T) = -12265.5260717427  Free energy = -12265.5260717474  E0 = -12265.5260717451
cycle= 151 E= -12265.5260717427  delta_E= 0.0879  |g|= 4.57  |ddm|=  265
    sigma = 0.005  Optimized mu_alpha = -0.053229199757  entropy = 7.2789088596e-07
    sigma = 0.005  Optimized mu_beta  = -0.0549824503635  entropy = 7.2789088596e-07
    Total E(T) = -12265.5537899187  Free energy = -12265.5537899223  E0 = -12265.5537899205
cycle= 152 E= -12265.5537899187  delta_E= -0.0277  |g|=  4.4  |ddm|=  327
    sigma = 0.005  Optimized mu_alpha = -0.0538926611981  entropy = 7.43749565909e-07
    sigma = 0.005  Optimized mu_beta  = -0.0556705961593  entropy = 7.43749565909e-07
    Total E(T) = -12265.6391743783  Free energy = -12265.639174382  E0 = -12265.6391743801
cycle= 153 E= -12265.6391743783  delta_E= -0.0854  |g|= 4.27  |ddm|=  827
    sigma = 0.005  Optimized mu_alpha = -0.0548023880312  entropy = 5.44270290908e-07
    sigma = 0.005  Optimized mu_beta  = -0.0569534752251  entropy = 5.44270290908e-07
    Total E(T) = -12265.7168262321  Free energy = -12265.7168262348  E0 = -12265.7168262334
cycle= 154 E= -12265.7168262321  delta_E= -0.0777  |g|= 3.84  |ddm|=  448
    sigma = 0.005  Optimized mu_alpha = -0.0548189926836  entropy = 5.08613328284e-07
    sigma = 0.005  Optimized mu_beta  = -0.0571415173592  entropy = 5.08613328284e-07
    Total E(T) = -12265.7685262227  Free energy = -12265.7685262253  E0 = -12265.768526224
cycle= 155 E= -12265.7685262227  delta_E= -0.0517  |g|= 3.74  |ddm|=  394
    sigma = 0.005  Optimized mu_alpha = -0.0548194601327  entropy = 4.69289033441e-07
    sigma = 0.005  Optimized mu_beta  = -0.057075421606  entropy = 4.69289033441e-07
    Total E(T) = -12265.8171898412  Free energy = -12265.8171898435  E0 = -12265.8171898424
cycle= 156 E= -12265.8171898412  delta_E= -0.0487  |g|= 3.48  |ddm|=  300
    sigma = 0.005  Optimized mu_alpha = -0.0540247029468  entropy = 5.38751554382e-07
    sigma = 0.005  Optimized mu_beta  = -0.0564063054481  entropy = 5.38751554382e-07
    Total E(T) = -12265.8064630002  Free energy = -12265.8064630029  E0 = -12265.8064630015
cycle= 157 E= -12265.8064630002  delta_E= 0.0107  |g|= 3.62  |ddm|=  480
    sigma = 0.005  Optimized mu_alpha = -0.0561566374226  entropy = 5.33073773824e-07
    sigma = 0.005  Optimized mu_beta  = -0.0588178445383  entropy = 5.33073773824e-07
    Total E(T) = -12265.7704551471  Free energy = -12265.7704551497  E0 = -12265.7704551484
cycle= 158 E= -12265.7704551471  delta_E= 0.036  |g|= 3.79  |ddm|=  557
    sigma = 0.005  Optimized mu_alpha = -0.0541907344038  entropy = 4.78359371256e-07
    sigma = 0.005  Optimized mu_beta  = -0.0567429489409  entropy = 4.78359371256e-07
    Total E(T) = -12265.7538685241  Free energy = -12265.7538685265  E0 = -12265.7538685253
cycle= 159 E= -12265.7538685241  delta_E= 0.0166  |g|= 3.83  |ddm|=  317
    sigma = 0.005  Optimized mu_alpha = 0.0137789520772  entropy = 0.559385986824
    sigma = 0.005  Optimized mu_beta  = 0.011043420703  entropy = 0.559385986824
    Total E(T) = -12266.3213181232  Free energy = -12266.3241150531  E0 = -12266.3227165882
cycle= 160 E= -12266.3213181232  delta_E= -0.567  |g|=  2.1  |ddm|= 3.66e+03
    sigma = 0.005  Optimized mu_alpha = -0.0114865162733  entropy = 0.00707270511586
    sigma = 0.005  Optimized mu_beta  = -0.0131282316484  entropy = 0.00707270511586
    Total E(T) = -12265.8394983129  Free energy = -12265.8395336764  E0 = -12265.8395159946
cycle= 161 E= -12265.8394983129  delta_E= 0.482  |g|= 3.71  |ddm|= 2.69e+03
    sigma = 0.005  Optimized mu_alpha = -0.0421747742923  entropy = 3.2428191578e-06
    sigma = 0.005  Optimized mu_beta  = -0.0446649230151  entropy = 3.2428191578e-06
    Total E(T) = -12265.4388627244  Free energy = -12265.4388627406  E0 = -12265.4388627325
cycle= 162 E= -12265.4388627244  delta_E= 0.401  |g|= 4.89  |ddm|= 2.4e+03
    sigma = 0.005  Optimized mu_alpha = -0.0500783999207  entropy = 1.00170384177e-06
    sigma = 0.005  Optimized mu_beta  = -0.0532892177823  entropy = 1.00170384177e-06
    Total E(T) = -12265.0442853627  Free energy = -12265.0442853677  E0 = -12265.0442853652
cycle= 163 E= -12265.0442853627  delta_E= 0.395  |g|= 5.61  |ddm|=  757
    sigma = 0.005  Optimized mu_alpha = -0.0521195470442  entropy = 5.93253558366e-07
    sigma = 0.005  Optimized mu_beta  = -0.0553528777625  entropy = 5.93253558366e-07
    Total E(T) = -12264.8093415263  Free energy = -12264.8093415293  E0 = -12264.8093415278
cycle= 164 E= -12264.8093415263  delta_E= 0.235  |g|= 6.03  |ddm|=  478
    sigma = 0.005  Optimized mu_alpha = -0.0518128985051  entropy = 4.7731040333e-07
    sigma = 0.005  Optimized mu_beta  = -0.0546850180046  entropy = 4.7731040333e-07
    Total E(T) = -12264.7518859213  Free energy = -12264.7518859237  E0 = -12264.7518859225
cycle= 165 E= -12264.7518859213  delta_E= 0.0575  |g|= 6.06  |ddm|=  512
    sigma = 0.005  Optimized mu_alpha = -0.052360965417  entropy = 4.27446609794e-07
    sigma = 0.005  Optimized mu_beta  = -0.0554039200258  entropy = 4.27446609794e-07
    Total E(T) = -12264.7106722868  Free energy = -12264.7106722889  E0 = -12264.7106722878
cycle= 166 E= -12264.7106722868  delta_E= 0.0412  |g|= 6.18  |ddm|=  774
    sigma = 0.005  Optimized mu_alpha = -0.0529558514852  entropy = 4.19351052048e-07
    sigma = 0.005  Optimized mu_beta  = -0.0560169866343  entropy = 4.19351052048e-07
    Total E(T) = -12264.707735043  Free energy = -12264.7077350451  E0 = -12264.707735044
cycle= 167 E= -12264.707735043  delta_E= 0.00294  |g|= 6.11  |ddm|=  350
    sigma = 0.005  Optimized mu_alpha = -0.0530333597896  entropy = 3.92359355107e-07
    sigma = 0.005  Optimized mu_beta  = -0.0561196083491  entropy = 3.92359355107e-07
    Total E(T) = -12264.7058524595  Free energy = -12264.7058524615  E0 = -12264.7058524605
cycle= 168 E= -12264.7058524595  delta_E= 0.00188  |g|= 6.16  |ddm|=  191
    sigma = 0.005  Optimized mu_alpha = -0.0537074674894  entropy = 3.98997379143e-07
    sigma = 0.005  Optimized mu_beta  = -0.0572618220288  entropy = 3.98997379143e-07
    Total E(T) = -12264.7200982184  Free energy = -12264.7200982204  E0 = -12264.7200982194
cycle= 169 E= -12264.7200982184  delta_E= -0.0142  |g|= 6.28  |ddm|=  617
    sigma = 0.005  Optimized mu_alpha = -0.0468278522765  entropy = 6.09345864116e-07
    sigma = 0.005  Optimized mu_beta  = -0.0503056420199  entropy = 6.09345864116e-07
    Total E(T) = -12264.7194247719  Free energy = -12264.7194247749  E0 = -12264.7194247734
cycle= 170 E= -12264.7194247719  delta_E= 0.000673  |g|= 6.27  |ddm|=  910
    sigma = 0.005  Optimized mu_alpha = -0.0525503920232  entropy = 3.82928775504e-07
    sigma = 0.005  Optimized mu_beta  = -0.055592669279  entropy = 3.82928775504e-07
    Total E(T) = -12264.7182578661  Free energy = -12264.7182578681  E0 = -12264.7182578671
cycle= 171 E= -12264.7182578661  delta_E= 0.00117  |g|= 6.25  |ddm|=  614
    sigma = 0.005  Optimized mu_alpha = -0.0588592144106  entropy = 6.56821755667e-07
    sigma = 0.005  Optimized mu_beta  = -0.0606310659047  entropy = 6.56821755667e-07
    Total E(T) = -12264.7852078064  Free energy = -12264.7852078097  E0 = -12264.7852078081
cycle= 172 E= -12264.7852078064  delta_E= -0.0669  |g|= 5.97  |ddm|= 1.48e+03
    sigma = 0.005  Optimized mu_alpha = -0.132442903996  entropy = 3.48690406663
    sigma = 0.005  Optimized mu_beta  = -0.134282144776  entropy = 3.48690406663
    Total E(T) = -12265.5346810986  Free energy = -12265.5521156189  E0 = -12265.5433983587
cycle= 173 E= -12265.5346810986  delta_E= -0.749  |g|= 4.53  |ddm|= 3.78e+03
    sigma = 0.005  Optimized mu_alpha = -0.0766966778382  entropy = 0.000691389162572
    sigma = 0.005  Optimized mu_beta  = -0.0750952222961  entropy = 0.000691389162572
    Total E(T) = -12265.8067223629  Free energy = -12265.8067258198  E0 = -12265.8067240914
cycle= 174 E= -12265.8067223629  delta_E= -0.272  |g|= 4.07  |ddm|= 3.2e+03
    sigma = 0.005  Optimized mu_alpha = -0.049620561967  entropy = 1.9493002702e-06
    sigma = 0.005  Optimized mu_beta  = -0.0521899409107  entropy = 1.9493002702e-06
    Total E(T) = -12265.8711563968  Free energy = -12265.8711564066  E0 = -12265.8711564017
cycle= 175 E= -12265.8711563968  delta_E= -0.0644  |g|= 3.68  |ddm|= 2.33e+03
    sigma = 0.005  Optimized mu_alpha = -0.0529426591695  entropy = 6.56971457591e-07
    sigma = 0.005  Optimized mu_beta  = -0.055053186479  entropy = 6.56971457591e-07
    Total E(T) = -12266.0072253038  Free energy = -12266.0072253071  E0 = -12266.0072253054
cycle= 176 E= -12266.0072253038  delta_E= -0.136  |g|=  2.8  |ddm|= 1.53e+03
    sigma = 0.005  Optimized mu_alpha = -0.0515210884515  entropy = 9.03125519565e-07
    sigma = 0.005  Optimized mu_beta  = -0.0531588117595  entropy = 9.03125519565e-07
    Total E(T) = -12266.1047531453  Free energy = -12266.1047531498  E0 = -12266.1047531476
cycle= 177 E= -12266.1047531453  delta_E= -0.0975  |g|= 2.46  |ddm|=  933
    sigma = 0.005  Optimized mu_alpha = -0.0487172644237  entropy = 1.50554477185e-06
    sigma = 0.005  Optimized mu_beta  = -0.0497443262456  entropy = 1.50554477185e-06
    Total E(T) = -12266.1634336035  Free energy = -12266.1634336111  E0 = -12266.1634336073
cycle= 178 E= -12266.1634336035  delta_E= -0.0587  |g|= 2.42  |ddm|= 1.27e+03
    sigma = 0.005  Optimized mu_alpha = -0.036128619062  entropy = 1.28381095656e-05
    sigma = 0.005  Optimized mu_beta  = -0.0379322109575  entropy = 1.28381095656e-05
    Total E(T) = -12266.3435424285  Free energy = -12266.3435424927  E0 = -12266.3435424606
cycle= 179 E= -12266.3435424285  delta_E= -0.18  |g|=  1.3  |ddm|=  999
    sigma = 0.005  Optimized mu_alpha = -0.0499519719635  entropy = 1.55481873214e-06
    sigma = 0.005  Optimized mu_beta  = -0.0506785144259  entropy = 1.55481873214e-06
    Total E(T) = -12266.3515837264  Free energy = -12266.3515837341  E0 = -12266.3515837303
cycle= 180 E= -12266.3515837264  delta_E= -0.00804  |g|= 1.68  |ddm|= 1.49e+03
    sigma = 0.005  Optimized mu_alpha = -0.0499957443027  entropy = 7.96582026373e-07
    sigma = 0.005  Optimized mu_beta  = -0.051037728211  entropy = 7.96582026373e-07
    Total E(T) = -12266.3802964408  Free energy = -12266.3802964447  E0 = -12266.3802964428
cycle= 181 E= -12266.3802964408  delta_E= -0.0287  |g|= 1.36  |ddm|=  592
    sigma = 0.005  Optimized mu_alpha = -0.0619459246667  entropy = 9.61014175417e-07
    sigma = 0.005  Optimized mu_beta  = -0.0648807443248  entropy = 9.61014175417e-07
    Total E(T) = -12266.2873267016  Free energy = -12266.2873267064  E0 = -12266.287326704
cycle= 182 E= -12266.2873267016  delta_E= 0.093  |g|= 2.25  |ddm|= 1.04e+03
    sigma = 0.005  Optimized mu_alpha = -0.0570974029375  entropy = 6.22468943559e-07
    sigma = 0.005  Optimized mu_beta  = -0.0598274856414  entropy = 6.22468943559e-07
    Total E(T) = -12266.2243018765  Free energy = -12266.2243018796  E0 = -12266.2243018781
cycle= 183 E= -12266.2243018765  delta_E= 0.063  |g|=  2.2  |ddm|=  671
    sigma = 0.005  Optimized mu_alpha = -0.0565120488549  entropy = 5.11054680475e-07
    sigma = 0.005  Optimized mu_beta  = -0.0590417986931  entropy = 5.11054680475e-07
    Total E(T) = -12266.1965559202  Free energy = -12266.1965559228  E0 = -12266.1965559215
cycle= 184 E= -12266.1965559202  delta_E= 0.0277  |g|= 2.27  |ddm|=  464
    sigma = 0.005  Optimized mu_alpha = -0.048590328437  entropy = 1.75933199721e-06
    sigma = 0.005  Optimized mu_beta  = -0.0499420551358  entropy = 1.75933199721e-06
    Total E(T) = -12266.3140542793  Free energy = -12266.3140542881  E0 = -12266.3140542837
cycle= 185 E= -12266.3140542793  delta_E= -0.117  |g|=  1.5  |ddm|=  822
    sigma = 0.005  Optimized mu_alpha = -0.0290135866831  entropy = 3.00988680677e-05
    sigma = 0.005  Optimized mu_beta  = -0.0316951233727  entropy = 3.00988680677e-05
    Total E(T) = -12266.4315671712  Free energy = -12266.4315673217  E0 = -12266.4315672464
cycle= 186 E= -12266.4315671712  delta_E= -0.118  |g|= 0.864  |ddm|=  615
    sigma = 0.005  Optimized mu_alpha = -0.0440673194249  entropy = 2.1684048109e-06
    sigma = 0.005  Optimized mu_beta  = -0.046005060874  entropy = 2.1684048109e-06
    Total E(T) = -12266.433366511  Free energy = -12266.4333665218  E0 = -12266.4333665164
cycle= 187 E= -12266.433366511  delta_E= -0.0018  |g|= 0.803  |ddm|=  642
    sigma = 0.005  Optimized mu_alpha = -0.0470352071263  entropy = 9.45635501661e-07
    sigma = 0.005  Optimized mu_beta  = -0.0487349112305  entropy = 9.45635501661e-07
    Total E(T) = -12266.4106692611  Free energy = -12266.4106692658  E0 = -12266.4106692635
cycle= 188 E= -12266.4106692611  delta_E= 0.0227  |g|= 0.947  |ddm|=  315
    sigma = 0.005  Optimized mu_alpha = -0.0504534044768  entropy = 5.33358477756e-07
    sigma = 0.005  Optimized mu_beta  = -0.0517401015613  entropy = 5.33358477756e-07
    Total E(T) = -12266.4000083908  Free energy = -12266.4000083935  E0 = -12266.4000083922
cycle= 189 E= -12266.4000083908  delta_E= 0.0107  |g|= 1.02  |ddm|=  388
    sigma = 0.005  Optimized mu_alpha = -0.0512915769627  entropy = 5.02702072115e-07
    sigma = 0.005  Optimized mu_beta  = -0.0526881181162  entropy = 5.02702072115e-07
    Total E(T) = -12266.3850761997  Free energy = -12266.3850762022  E0 = -12266.3850762009
cycle= 190 E= -12266.3850761997  delta_E= 0.0149  |g|=  1.1  |ddm|=  136
    sigma = 0.005  Optimized mu_alpha = -0.0492912690093  entropy = 5.78183266595e-07
    sigma = 0.005  Optimized mu_beta  = -0.0512628779417  entropy = 5.78183266595e-07
    Total E(T) = -12266.3359986582  Free energy = -12266.3359986611  E0 = -12266.3359986596
cycle= 191 E= -12266.3359986582  delta_E= 0.0491  |g|= 1.41  |ddm|=  310
    sigma = 0.005  Optimized mu_alpha = -0.0491150634973  entropy = 5.45445749606e-07
    sigma = 0.005  Optimized mu_beta  = -0.0513119728952  entropy = 5.45445749606e-07
    Total E(T) = -12266.2798079389  Free energy = -12266.2798079416  E0 = -12266.2798079403
cycle= 192 E= -12266.2798079389  delta_E= 0.0562  |g|=  1.7  |ddm|=  297
    sigma = 0.005  Optimized mu_alpha = -0.0493455072812  entropy = 5.1357864487e-07
    sigma = 0.005  Optimized mu_beta  = -0.0517495979225  entropy = 5.1357864487e-07
    Total E(T) = -12266.2186965427  Free energy = -12266.2186965453  E0 = -12266.218696544
cycle= 193 E= -12266.2186965427  delta_E= 0.0611  |g|= 1.96  |ddm|=  126
    sigma = 0.005  Optimized mu_alpha = -0.0485372847891  entropy = 5.72602417358e-07
    sigma = 0.005  Optimized mu_beta  = -0.0503296686487  entropy = 5.72602417358e-07
    Total E(T) = -12266.1471878732  Free energy = -12266.147187876  E0 = -12266.1471878746
cycle= 194 E= -12266.1471878732  delta_E= 0.0715  |g|= 2.27  |ddm|=  493
    sigma = 0.005  Optimized mu_alpha = -0.0491062301162  entropy = 5.95500991501e-07
    sigma = 0.005  Optimized mu_beta  = -0.0516712513803  entropy = 5.95500991501e-07
    Total E(T) = -12266.0654082746  Free energy = -12266.0654082776  E0 = -12266.0654082761
cycle= 195 E= -12266.0654082746  delta_E= 0.0818  |g|= 2.89  |ddm|=  626
    sigma = 0.005  Optimized mu_alpha = -0.0506500398078  entropy = 4.31574709597e-07
    sigma = 0.005  Optimized mu_beta  = -0.0528138717012  entropy = 4.31574709597e-07
    Total E(T) = -12266.0278313136  Free energy = -12266.0278313157  E0 = -12266.0278313147
cycle= 196 E= -12266.0278313136  delta_E= 0.0376  |g|= 2.77  |ddm|=  221
    sigma = 0.005  Optimized mu_alpha = -0.0513705258447  entropy = 4.22339438829e-07
    sigma = 0.005  Optimized mu_beta  = -0.0533618776343  entropy = 4.22339438829e-07
    Total E(T) = -12265.9962779366  Free energy = -12265.9962779387  E0 = -12265.9962779377
cycle= 197 E= -12265.9962779366  delta_E= 0.0316  |g|= 2.83  |ddm|=  161
    sigma = 0.005  Optimized mu_alpha = -0.0538196106946  entropy = 4.43873737373e-07
    sigma = 0.005  Optimized mu_beta  = -0.0545635799752  entropy = 4.43873737373e-07
    Total E(T) = -12266.0258104268  Free energy = -12266.025810429  E0 = -12266.0258104279
cycle= 198 E= -12266.0258104268  delta_E= -0.0295  |g|= 2.69  |ddm|=  336
    sigma = 0.005  Optimized mu_alpha = -0.0549045394306  entropy = 5.43976920856e-07
    sigma = 0.005  Optimized mu_beta  = -0.0545178673329  entropy = 5.43976920856e-07
    Total E(T) = -12266.0829056544  Free energy = -12266.0829056571  E0 = -12266.0829056558
cycle= 199 E= -12266.0829056544  delta_E= -0.0571  |g|= 2.58  |ddm|=  433
    sigma = 0.005  Optimized mu_alpha = -0.0557906748697  entropy = 6.28402693335e-07
    sigma = 0.005  Optimized mu_beta  = -0.0557646234497  entropy = 6.28402693335e-07
    Total E(T) = -12266.1374018668  Free energy = -12266.1374018699  E0 = -12266.1374018684
cycle= 200 E= -12266.1374018668  delta_E= -0.0545  |g|= 2.43  |ddm|=  424
SCF not converged.
SCF energy = -12266.1374018668 after 200 cycles  <S^2> = 0.76684392  2S+1 = 2.0167736
[sigma=0.005] E_tot = -12266.1374018668 Eh | converged = False | last_cycle = 199 | time = 4860.9 s
  -> wrote al2.7_sigma0.005.chk
  -> wrote al2.7_sigma0.005_last_dm.pkl

========== sigma = 0.01 ==========
Applying remove_linear_dep_ on SCF object.
Using canonical orthogonalization with threshold 1e-08


******** <class 'pyscf.scf.addons.SmearingDFUKS'> ********
method = SmearingDFUKS
initial guess = minao
damping factor = 0.15
level_shift factor = 0.2
DIIS = <class 'pyscf.scf.diis.CDIIS'>
diis_start_cycle = 1
diis_space = 12
diis_damp = 0
SCF conv_tol = 1e-06
SCF conv_tol_grad = None
SCF max_cycles = 200
direct_scf = True
direct_scf_tol = 1e-13
chkfile to save SCF result = /tmp/tmp8a3b0xoq
max_memory 235423 MB (current use 641 MB)
number electrons alpha = 334  beta = 332
XC library pyscf.dft.libxc version 6.1.0
    S. Lehtola, C. Steigemann, M. J.T. Oliveira, and M. A.L. Marques.,  SoftwareX 7, 1–5 (2018)
XC functionals = pbe
    J. P. Perdew, K. Burke, and M. Ernzerhof.,  Phys. Rev. Lett. 77, 3865 (1996)
    J. P. Perdew, K. Burke, and M. Ernzerhof.,  Phys. Rev. Lett. 78, 1396 (1997)
    J. P. Perdew, K. Burke, and M. Ernzerhof.,  Phys. Rev. Lett. 77, 3865 (1996)
    J. P. Perdew, K. Burke, and M. Ernzerhof.,  Phys. Rev. Lett. 78, 1396 (1997)
radial grids: 
    Treutler-Ahlrichs [JCP 102, 346 (1995); DOI:10.1063/1.469408] (M4) radial grids
    
becke partition: Becke, JCP 88, 2547 (1988); DOI:10.1063/1.454033
pruning grids: <function treutler_prune at 0x14f34f13a700>
grids dens level: 3
symmetrized grids: False
atomic radii adjust function: <function treutler_atomic_radii_adjust at 0x14f34f77cd30>
small_rho_cutoff = 1e-06
Set gradient conv threshold to 0.001
tot grids = 946056
init E= -12272.6814526855
    sigma = 0.01  Optimized mu_alpha = -0.0175171879926  entropy = 18.9424496359
    sigma = 0.01  Optimized mu_beta  = -0.0244432655863  entropy = 18.9424496359
    Total E(T) = -12265.2064786592  Free energy = -12265.3959031556  E0 = -12265.3011909074
cycle= 1 E= -12265.2064786592  delta_E= 7.47  |g|= 4.58  |ddm|= 1.73e+04
    sigma = 0.01  Optimized mu_alpha = 0.0371306440676  entropy = 9.93094332892
    sigma = 0.01  Optimized mu_beta  = 0.0337871549708  entropy = 9.93094332892
    Total E(T) = -12222.1880224461  Free energy = -12222.2873318794  E0 = -12222.2376771628
cycle= 2 E= -12222.1880224461  delta_E=   43  |g|= 31.4  |ddm|= 6.25e+03
    sigma = 0.01  Optimized mu_alpha = -0.103446172817  entropy = 6.5567665298
    sigma = 0.01  Optimized mu_beta  = -0.0979522749987  entropy = 6.5567665298
    Total E(T) = -12261.6560141289  Free energy = -12261.7215817942  E0 = -12261.6887979615
cycle= 3 E= -12261.6560141289  delta_E= -39.5  |g|= 10.3  |ddm|= 2.8e+03
    sigma = 0.01  Optimized mu_alpha = -0.0716354744525  entropy = 0.51968190647
    sigma = 0.01  Optimized mu_beta  = -0.071481396843  entropy = 0.51968190647
    Total E(T) = -12263.3928828704  Free energy = -12263.3980796895  E0 = -12263.39548128
cycle= 4 E= -12263.3928828704  delta_E= -1.74  |g|= 8.42  |ddm|= 4.75e+03
    sigma = 0.01  Optimized mu_alpha = -0.0534090739684  entropy = 0.0155463584404
    sigma = 0.01  Optimized mu_beta  = -0.0588514610554  entropy = 0.0155463584404
    Total E(T) = -12264.2220510355  Free energy = -12264.2222064991  E0 = -12264.2221287673
cycle= 5 E= -12264.2220510355  delta_E= -0.829  |g|= 6.44  |ddm|=  759
    sigma = 0.01  Optimized mu_alpha = -0.135875140544  entropy = 10.6583760803
    sigma = 0.01  Optimized mu_beta  = -0.137144456105  entropy = 10.6583760803
    Total E(T) = -12265.5919010448  Free energy = -12265.6984848056  E0 = -12265.6451929252
cycle= 6 E= -12265.5919010448  delta_E= -1.37  |g|=  4.1  |ddm|= 2.73e+03
    sigma = 0.01  Optimized mu_alpha = -0.0973921313795  entropy = 3.69791011457
    sigma = 0.01  Optimized mu_beta  = -0.0934021772994  entropy = 3.69791011457
    Total E(T) = -12265.5446434098  Free energy = -12265.5816225109  E0 = -12265.5631329603
cycle= 7 E= -12265.5446434098  delta_E= 0.0473  |g|= 4.45  |ddm|= 1.14e+03
    sigma = 0.01  Optimized mu_alpha = -0.0641655453949  entropy = 0.0681862193923
    sigma = 0.01  Optimized mu_beta  = -0.0615052763172  entropy = 0.0681862193923
    Total E(T) = -12265.4878011997  Free energy = -12265.4884830619  E0 = -12265.4881421308
cycle= 8 E= -12265.4878011997  delta_E= 0.0568  |g|= 4.58  |ddm|=  450
    sigma = 0.01  Optimized mu_alpha = -0.0553262867883  entropy = 0.00957818180517
    sigma = 0.01  Optimized mu_beta  = -0.0592271966433  entropy = 0.00957818180517
    Total E(T) = -12265.4370144192  Free energy = -12265.437110201  E0 = -12265.4370623101
cycle= 9 E= -12265.4370144192  delta_E= 0.0508  |g|= 4.79  |ddm|=  222
    sigma = 0.01  Optimized mu_alpha = -0.0533142929176  entropy = 0.00940179715996
    sigma = 0.01  Optimized mu_beta  = -0.0571549477227  entropy = 0.00940179715996
    Total E(T) = -12265.4331320541  Free energy = -12265.433226072  E0 = -12265.433179063
cycle= 10 E= -12265.4331320541  delta_E= 0.00388  |g|= 4.68  |ddm|=  432
    sigma = 0.01  Optimized mu_alpha = -0.0535177990017  entropy = 0.00948059893003
    sigma = 0.01  Optimized mu_beta  = -0.0573336055833  entropy = 0.00948059893003
    Total E(T) = -12265.4215744702  Free energy = -12265.4216692762  E0 = -12265.4216218732
cycle= 11 E= -12265.4215744702  delta_E= 0.0116  |g|= 4.65  |ddm|=  476
    sigma = 0.01  Optimized mu_alpha = -0.0534514036486  entropy = 0.00894652877646
    sigma = 0.01  Optimized mu_beta  = -0.0570953710358  entropy = 0.00894652877646
    Total E(T) = -12265.4413747148  Free energy = -12265.4414641801  E0 = -12265.4414194474
cycle= 12 E= -12265.4413747148  delta_E= -0.0198  |g|= 4.57  |ddm|=  323
    sigma = 0.01  Optimized mu_alpha = -0.0531988046366  entropy = 0.00905285259842
    sigma = 0.01  Optimized mu_beta  = -0.0568288652043  entropy = 0.00905285259842
    Total E(T) = -12265.5383215893  Free energy = -12265.5384121178  E0 = -12265.5383668536
cycle= 13 E= -12265.5383215893  delta_E= -0.0969  |g|= 4.41  |ddm|=  754
    sigma = 0.01  Optimized mu_alpha = -0.0547459547801  entropy = 0.0099765590838
    sigma = 0.01  Optimized mu_beta  = -0.0583936823228  entropy = 0.0099765590838
    Total E(T) = -12265.5909142876  Free energy = -12265.5910140532  E0 = -12265.5909641704
cycle= 14 E= -12265.5909142876  delta_E= -0.0526  |g|= 4.28  |ddm|=  865
    sigma = 0.01  Optimized mu_alpha = -0.0531602787788  entropy = 0.0117121675729
    sigma = 0.01  Optimized mu_beta  = -0.0560782310475  entropy = 0.0117121675729
    Total E(T) = -12265.7788919904  Free energy = -12265.7790091121  E0 = -12265.7789505512
cycle= 15 E= -12265.7788919904  delta_E= -0.188  |g|= 3.45  |ddm|=  868
    sigma = 0.01  Optimized mu_alpha = -0.0472859406602  entropy = 0.0194654465786
    sigma = 0.01  Optimized mu_beta  = -0.0495175105734  entropy = 0.0194654465786
    Total E(T) = -12265.9177875794  Free energy = -12265.9179822338  E0 = -12265.9178849066
cycle= 16 E= -12265.9177875794  delta_E= -0.139  |g|= 2.93  |ddm|=  867
    sigma = 0.01  Optimized mu_alpha = -0.0168301557236  entropy = 0.327108220817
    sigma = 0.01  Optimized mu_beta  = -0.018804948018  entropy = 0.327108220817
    Total E(T) = -12266.1543813955  Free energy = -12266.1576524777  E0 = -12266.1560169366
cycle= 17 E= -12266.1543813955  delta_E= -0.237  |g|= 2.24  |ddm|= 1.84e+03
    sigma = 0.01  Optimized mu_alpha = 0.0148930211628  entropy = 4.77293792383
    sigma = 0.01  Optimized mu_beta  = 0.0104122538318  entropy = 4.77293792383
    Total E(T) = -12265.6387274302  Free energy = -12265.6864568095  E0 = -12265.6625921198
cycle= 18 E= -12265.6387274302  delta_E= 0.516  |g|=  4.1  |ddm|= 2.12e+03
    sigma = 0.01  Optimized mu_alpha = -0.0264586938728  entropy = 0.510477481863
    sigma = 0.01  Optimized mu_beta  = -0.0234479123232  entropy = 0.510477481863
    Total E(T) = -12265.7479133991  Free energy = -12265.7530181739  E0 = -12265.7504657865
cycle= 19 E= -12265.7479133991  delta_E= -0.109  |g|= 3.88  |ddm|= 1.83e+03
    sigma = 0.01  Optimized mu_alpha = -0.0451820957236  entropy = 0.0164328969608
    sigma = 0.01  Optimized mu_beta  = -0.049767405144  entropy = 0.0164328969608
    Total E(T) = -12265.7029750786  Free energy = -12265.7031394076  E0 = -12265.7030572431
cycle= 20 E= -12265.7029750786  delta_E= 0.0449  |g|= 3.92  |ddm|=  653
    sigma = 0.01  Optimized mu_alpha = -0.0383899090016  entropy = 0.0146573532708
    sigma = 0.01  Optimized mu_beta  = -0.0415514292159  entropy = 0.0146573532708
    Total E(T) = -12265.674655365  Free energy = -12265.6748019385  E0 = -12265.6747286518
cycle= 21 E= -12265.674655365  delta_E= 0.0283  |g|= 4.04  |ddm|= 1.5e+03
    sigma = 0.01  Optimized mu_alpha = -0.0436311491487  entropy = 0.0145893646592
    sigma = 0.01  Optimized mu_beta  = -0.0484428938097  entropy = 0.0145893646592
    Total E(T) = -12265.5468433814  Free energy = -12265.546989275  E0 = -12265.5469163282
cycle= 22 E= -12265.5468433814  delta_E= 0.128  |g|= 4.69  |ddm|=  841
    sigma = 0.01  Optimized mu_alpha = -0.0392168210649  entropy = 0.0203305605732
    sigma = 0.01  Optimized mu_beta  = -0.0455693121208  entropy = 0.0203305605732
    Total E(T) = -12265.2916671867  Free energy = -12265.2918704923  E0 = -12265.2917688395
cycle= 23 E= -12265.2916671867  delta_E= 0.255  |g|= 5.32  |ddm|= 1.18e+03
    sigma = 0.01  Optimized mu_alpha = -0.0413889076213  entropy = 0.0170994039007
    sigma = 0.01  Optimized mu_beta  = -0.0496058533479  entropy = 0.0170994039007
    Total E(T) = -12265.0327114349  Free energy = -12265.032882429  E0 = -12265.032796932
cycle= 24 E= -12265.0327114349  delta_E= 0.259  |g|= 5.82  |ddm|=  349
    sigma = 0.01  Optimized mu_alpha = -0.0430325230566  entropy = 0.016078440013
    sigma = 0.01  Optimized mu_beta  = -0.0511494684181  entropy = 0.016078440013
    Total E(T) = -12264.7482694482  Free energy = -12264.7484302326  E0 = -12264.7483498404
cycle= 25 E= -12264.7482694482  delta_E= 0.284  |g|= 6.48  |ddm|=  474
    sigma = 0.01  Optimized mu_alpha = -0.0455279119953  entropy = 0.0131187505429
    sigma = 0.01  Optimized mu_beta  = -0.0518373279222  entropy = 0.0131187505429
    Total E(T) = -12264.6114331261  Free energy = -12264.6115643136  E0 = -12264.6114987198
cycle= 26 E= -12264.6114331261  delta_E= 0.137  |g|= 6.79  |ddm|=  527
    sigma = 0.01  Optimized mu_alpha = -0.046262269005  entropy = 0.0116982799401
    sigma = 0.01  Optimized mu_beta  = -0.0513547114583  entropy = 0.0116982799401
    Total E(T) = -12264.5954549339  Free energy = -12264.5955719167  E0 = -12264.5955134253
cycle= 27 E= -12264.5954549339  delta_E= 0.016  |g|= 6.61  |ddm|=  285
    sigma = 0.01  Optimized mu_alpha = -0.0470675091709  entropy = 0.0109282245628
    sigma = 0.01  Optimized mu_beta  = -0.0515994236874  entropy = 0.0109282245628
    Total E(T) = -12264.6310344088  Free energy = -12264.6311436911  E0 = -12264.63108905
cycle= 28 E= -12264.6310344088  delta_E= -0.0356  |g|= 6.56  |ddm|=  175
    sigma = 0.01  Optimized mu_alpha = -0.0472327444262  entropy = 0.0104970579695
    sigma = 0.01  Optimized mu_beta  = -0.0514605676847  entropy = 0.0104970579695
    Total E(T) = -12264.6818642304  Free energy = -12264.681969201  E0 = -12264.6819167157
cycle= 29 E= -12264.6818642304  delta_E= -0.0508  |g|=  6.3  |ddm|=  190
    sigma = 0.01  Optimized mu_alpha = -0.129506662834  entropy = 12.1327337865
    sigma = 0.01  Optimized mu_beta  = -0.13396840933  entropy = 12.1327337865
    Total E(T) = -12260.7019132281  Free energy = -12260.823240566  E0 = -12260.762576897
cycle= 30 E= -12260.7019132281  delta_E= 3.98  |g|= 11.5  |ddm|= 2.63e+03
    sigma = 0.01  Optimized mu_alpha = -0.0871878310282  entropy = 6.34259298872
    sigma = 0.01  Optimized mu_beta  = -0.072872719634  entropy = 6.34259298872
    Total E(T) = -12261.6527209718  Free energy = -12261.7161469017  E0 = -12261.6844339367
cycle= 31 E= -12261.6527209718  delta_E= -0.951  |g|= 9.91  |ddm|= 1.28e+03
    sigma = 0.01  Optimized mu_alpha = -0.0612064899666  entropy = 2.05755286406
    sigma = 0.01  Optimized mu_beta  = -0.0347965010231  entropy = 2.05755286406
    Total E(T) = -12263.0300518848  Free energy = -12263.0506274134  E0 = -12263.0403396491
cycle= 32 E= -12263.0300518848  delta_E= -1.38  |g|= 8.83  |ddm|= 1.04e+03
    sigma = 0.01  Optimized mu_alpha = -0.0564993576402  entropy = 0.36377696319
    sigma = 0.01  Optimized mu_beta  = -0.0656296929585  entropy = 0.36377696319
    Total E(T) = -12262.7409003239  Free energy = -12262.7445380935  E0 = -12262.7427192087
cycle= 33 E= -12262.7409003239  delta_E= 0.289  |g|= 9.85  |ddm|= 2.01e+03
    sigma = 0.01  Optimized mu_alpha = -0.0473733338414  entropy = 0.0300904623463
    sigma = 0.01  Optimized mu_beta  = -0.0613604968951  entropy = 0.0300904623463
    Total E(T) = -12262.7373495664  Free energy = -12262.7376504711  E0 = -12262.7375000188
cycle= 34 E= -12262.7373495664  delta_E= 0.00355  |g|= 10.6  |ddm|= 1.05e+03
    sigma = 0.01  Optimized mu_alpha = -0.0543813736232  entropy = 0.0180410351214
    sigma = 0.01  Optimized mu_beta  = -0.0665963111754  entropy = 0.0180410351214
    Total E(T) = -12263.0888804307  Free energy = -12263.089060841  E0 = -12263.0889706359
cycle= 35 E= -12263.0888804307  delta_E= -0.352  |g|= 10.1  |ddm|=  950
    sigma = 0.01  Optimized mu_alpha = -0.0532478393908  entropy = 0.0143681583127
    sigma = 0.01  Optimized mu_beta  = -0.0580844453338  entropy = 0.0143681583127
    Total E(T) = -12263.4447583385  Free energy = -12263.4449020201  E0 = -12263.4448301793
cycle= 36 E= -12263.4447583385  delta_E= -0.356  |g|= 9.16  |ddm|= 1.73e+03
    sigma = 0.01  Optimized mu_alpha = -0.0493884906499  entropy = 0.0151499546957
    sigma = 0.01  Optimized mu_beta  = -0.054815564227  entropy = 0.0151499546957
    Total E(T) = -12263.6189641458  Free energy = -12263.6191156453  E0 = -12263.6190398955
cycle= 37 E= -12263.6189641458  delta_E= -0.174  |g|= 9.26  |ddm|= 2.05e+03
    sigma = 0.01  Optimized mu_alpha = -0.0507686561424  entropy = 0.0114323377928
    sigma = 0.01  Optimized mu_beta  = -0.0557276997423  entropy = 0.0114323377928
    Total E(T) = -12263.8447949836  Free energy = -12263.844909307  E0 = -12263.8448521453
cycle= 38 E= -12263.8447949836  delta_E= -0.226  |g|= 9.04  |ddm|= 1.14e+03
    sigma = 0.01  Optimized mu_alpha = -0.0534870471223  entropy = 0.0111124605728
    sigma = 0.01  Optimized mu_beta  = -0.0584914960086  entropy = 0.0111124605728
    Total E(T) = -12264.0651433448  Free energy = -12264.0652544694  E0 = -12264.0651989071
cycle= 39 E= -12264.0651433448  delta_E= -0.22  |g|= 8.51  |ddm|=  570
    sigma = 0.01  Optimized mu_alpha = -0.0514545934088  entropy = 0.0127086752685
    sigma = 0.01  Optimized mu_beta  = -0.0570947645949  entropy = 0.0127086752685
    Total E(T) = -12264.5880194982  Free energy = -12264.588146585  E0 = -12264.5880830416
cycle= 40 E= -12264.5880194982  delta_E= -0.523  |g|= 7.32  |ddm|=  935
    sigma = 0.01  Optimized mu_alpha = -0.0522413506773  entropy = 0.0113641144929
    sigma = 0.01  Optimized mu_beta  = -0.0567578410609  entropy = 0.0113641144929
    Total E(T) = -12264.8530563973  Free energy = -12264.8531700385  E0 = -12264.8531132179
cycle= 41 E= -12264.8530563973  delta_E= -0.265  |g|= 6.79  |ddm|= 1.23e+03
    sigma = 0.01  Optimized mu_alpha = 0.0323655532886  entropy = 12.6974942246
    sigma = 0.01  Optimized mu_beta  = 0.0284264320637  entropy = 12.6974942246
    Total E(T) = -12245.5048126033  Free energy = -12245.6317875456  E0 = -12245.5683000744
cycle= 42 E= -12245.5048126033  delta_E= 19.3  |g|= 21.6  |ddm|= 5.7e+03
    sigma = 0.01  Optimized mu_alpha = -0.10443608554  entropy = 6.35505207462
    sigma = 0.01  Optimized mu_beta  = -0.109563118889  entropy = 6.35505207462
    Total E(T) = -12265.430725121  Free energy = -12265.4942756418  E0 = -12265.4625003814
cycle= 43 E= -12265.430725121  delta_E= -19.9  |g|= 6.29  |ddm|= 3.79e+03
    sigma = 0.01  Optimized mu_alpha = -0.0164802778743  entropy = 2.43181073601
    sigma = 0.01  Optimized mu_beta  = -0.0147339506251  entropy = 2.43181073601
    Total E(T) = -12265.550655397  Free energy = -12265.5749735043  E0 = -12265.5628144506
cycle= 44 E= -12265.550655397  delta_E= -0.12  |g|= 4.14  |ddm|= 2.46e+03
    sigma = 0.01  Optimized mu_alpha = -0.0533288940981  entropy = 0.773509081528
    sigma = 0.01  Optimized mu_beta  = -0.0566089641867  entropy = 0.773509081528
    Total E(T) = -12265.8322586574  Free energy = -12265.8399937483  E0 = -12265.8361262028
cycle= 45 E= -12265.8322586574  delta_E= -0.282  |g|= 3.05  |ddm|=  602
    sigma = 0.01  Optimized mu_alpha = -0.0681400979421  entropy = 0.0288058208199
    sigma = 0.01  Optimized mu_beta  = -0.0603933827114  entropy = 0.0288058208199
    Total E(T) = -12265.9837674884  Free energy = -12265.9840555466  E0 = -12265.9839115175
cycle= 46 E= -12265.9837674884  delta_E= -0.152  |g|= 2.44  |ddm|=  503
    sigma = 0.01  Optimized mu_alpha = -0.061344826337  entropy = 0.0241049413387
    sigma = 0.01  Optimized mu_beta  = -0.0622063635811  entropy = 0.0241049413387
    Total E(T) = -12266.0977647308  Free energy = -12266.0980057802  E0 = -12266.0978852555
cycle= 47 E= -12266.0977647308  delta_E= -0.114  |g|= 2.33  |ddm|=  698
    sigma = 0.01  Optimized mu_alpha = -0.0655832781549  entropy = 0.0281243697546
    sigma = 0.01  Optimized mu_beta  = -0.068057728504  entropy = 0.0281243697546
    Total E(T) = -12266.2623884502  Free energy = -12266.2626696939  E0 = -12266.262529072
cycle= 48 E= -12266.2623884502  delta_E= -0.165  |g|=  1.6  |ddm|=  708
    sigma = 0.01  Optimized mu_alpha = -0.061567152217  entropy = 0.0315920981325
    sigma = 0.01  Optimized mu_beta  = -0.0662515186374  entropy = 0.0315920981325
    Total E(T) = -12266.3644731906  Free energy = -12266.3647891116  E0 = -12266.3646311511
cycle= 49 E= -12266.3644731906  delta_E= -0.102  |g|= 1.43  |ddm|= 1.05e+03
    sigma = 0.01  Optimized mu_alpha = -0.0651249365381  entropy = 0.0216556534434
    sigma = 0.01  Optimized mu_beta  = -0.0697884406322  entropy = 0.0216556534434
    Total E(T) = -12266.4271427967  Free energy = -12266.4273593533  E0 = -12266.427251075
cycle= 50 E= -12266.4271427967  delta_E= -0.0627  |g|= 0.983  |ddm|=  637
    sigma = 0.01  Optimized mu_alpha = -0.0563965643954  entropy = 0.0154479425609
    sigma = 0.01  Optimized mu_beta  = -0.0612116379954  entropy = 0.0154479425609
    Total E(T) = -12266.4501366364  Free energy = -12266.4502911158  E0 = -12266.4502138761
cycle= 51 E= -12266.4501366364  delta_E= -0.023  |g|= 0.64  |ddm|=  541
    sigma = 0.01  Optimized mu_alpha = -0.0541623587639  entropy = 0.0126773235428
    sigma = 0.01  Optimized mu_beta  = -0.0594199594538  entropy = 0.0126773235428
    Total E(T) = -12266.4431489703  Free energy = -12266.4432757436  E0 = -12266.443212357
cycle= 52 E= -12266.4431489703  delta_E= 0.00699  |g|= 0.72  |ddm|=  324
    sigma = 0.01  Optimized mu_alpha = -0.0537022456538  entropy = 0.0115786115119
    sigma = 0.01  Optimized mu_beta  = -0.0586540288396  entropy = 0.0115786115119
    Total E(T) = -12266.4269402704  Free energy = -12266.4270560565  E0 = -12266.4269981634
cycle= 53 E= -12266.4269402704  delta_E= 0.0162  |g|= 0.918  |ddm|=  178
    sigma = 0.01  Optimized mu_alpha = -0.0531915702523  entropy = 0.0111713519375
    sigma = 0.01  Optimized mu_beta  = -0.0583346394181  entropy = 0.0111713519375
    Total E(T) = -12266.4041571422  Free energy = -12266.4042688557  E0 = -12266.4042129989
cycle= 54 E= -12266.4041571422  delta_E= 0.0228  |g|= 1.13  |ddm|=  126
    sigma = 0.01  Optimized mu_alpha = -0.0525569277843  entropy = 0.0110664960408
    sigma = 0.01  Optimized mu_beta  = -0.058126296439  entropy = 0.0110664960408
    Total E(T) = -12266.3720454525  Free energy = -12266.3721561174  E0 = -12266.3721007849
cycle= 55 E= -12266.3720454525  delta_E= 0.0321  |g|= 1.36  |ddm|=  140
    sigma = 0.01  Optimized mu_alpha = -0.051942233863  entropy = 0.0103689673025
    sigma = 0.01  Optimized mu_beta  = -0.0566834680191  entropy = 0.0103689673025
    Total E(T) = -12266.3402674611  Free energy = -12266.3403711508  E0 = -12266.340319306
cycle= 56 E= -12266.3402674611  delta_E= 0.0318  |g|= 1.57  |ddm|=  183
    sigma = 0.01  Optimized mu_alpha = -0.0531107515251  entropy = 0.00997223578808
    sigma = 0.01  Optimized mu_beta  = -0.0570858879101  entropy = 0.00997223578808
    Total E(T) = -12266.3309916407  Free energy = -12266.3310913631  E0 = -12266.3310415019
cycle= 57 E= -12266.3309916407  delta_E= 0.00928  |g|= 1.56  |ddm|=  154
    sigma = 0.01  Optimized mu_alpha = -0.0526008433731  entropy = 0.00952049987677
    sigma = 0.01  Optimized mu_beta  = -0.0549111745961  entropy = 0.00952049987677
    Total E(T) = -12266.3443697385  Free energy = -12266.3444649435  E0 = -12266.344417341
cycle= 58 E= -12266.3443697385  delta_E= -0.0134  |g|= 1.44  |ddm|=  147
    sigma = 0.01  Optimized mu_alpha = -0.0524679841682  entropy = 0.00950049379516
    sigma = 0.01  Optimized mu_beta  = -0.0544920559032  entropy = 0.00950049379516
    Total E(T) = -12266.3607030054  Free energy = -12266.3607980103  E0 = -12266.3607505079
cycle= 59 E= -12266.3607030054  delta_E= -0.0163  |g|= 1.28  |ddm|=  196
    sigma = 0.01  Optimized mu_alpha = -0.0529139601416  entropy = 0.00939802573188
    sigma = 0.01  Optimized mu_beta  = -0.0545012939326  entropy = 0.00939802573188
    Total E(T) = -12266.3763081431  Free energy = -12266.3764021234  E0 = -12266.3763551332
cycle= 60 E= -12266.3763081431  delta_E= -0.0156  |g|= 1.19  |ddm|=  115
    sigma = 0.01  Optimized mu_alpha = -0.0531021850846  entropy = 0.00935015096848
    sigma = 0.01  Optimized mu_beta  = -0.053491871961  entropy = 0.00935015096848
    Total E(T) = -12266.4026289726  Free energy = -12266.4027224741  E0 = -12266.4026757234
cycle= 61 E= -12266.4026289726  delta_E= -0.0263  |g|= 1.04  |ddm|=  225
    sigma = 0.01  Optimized mu_alpha = -0.0520426872113  entropy = 0.00947714038512
    sigma = 0.01  Optimized mu_beta  = -0.0519197814097  entropy = 0.00947714038512
    Total E(T) = -12266.4260110952  Free energy = -12266.4261058666  E0 = -12266.4260584809
cycle= 62 E= -12266.4260110952  delta_E= -0.0234  |g|= 0.865  |ddm|=  181
    sigma = 0.01  Optimized mu_alpha = -0.0529444943737  entropy = 0.00918434313571
    sigma = 0.01  Optimized mu_beta  = -0.0533822247084  entropy = 0.00918434313571
    Total E(T) = -12266.4403841527  Free energy = -12266.4404759961  E0 = -12266.4404300744
cycle= 63 E= -12266.4403841527  delta_E= -0.0144  |g|= 0.677  |ddm|=  104
    sigma = 0.01  Optimized mu_alpha = -0.0535753854008  entropy = 0.00913059722805
    sigma = 0.01  Optimized mu_beta  = -0.0539631005386  entropy = 0.00913059722805
    Total E(T) = -12266.4511492683  Free energy = -12266.4512405743  E0 = -12266.4511949213
cycle= 64 E= -12266.4511492683  delta_E= -0.0108  |g|= 0.577  |ddm|= 89.9
    sigma = 0.01  Optimized mu_alpha = -0.0534060185079  entropy = 0.00904878090378
    sigma = 0.01  Optimized mu_beta  = -0.0538211207746  entropy = 0.00904878090378
    Total E(T) = -12266.4593523958  Free energy = -12266.4594428836  E0 = -12266.4593976397
cycle= 65 E= -12266.4593523958  delta_E= -0.0082  |g|= 0.445  |ddm|=  125
    sigma = 0.01  Optimized mu_alpha = -0.0535184616714  entropy = 0.00897964421308
    sigma = 0.01  Optimized mu_beta  = -0.0535708232511  entropy = 0.00897964421308
    Total E(T) = -12266.4672386042  Free energy = -12266.4673284006  E0 = -12266.4672835024
cycle= 66 E= -12266.4672386042  delta_E= -0.00789  |g|= 0.277  |ddm|= 79.9
    sigma = 0.01  Optimized mu_alpha = -0.0530805775749  entropy = 0.0089480014182
    sigma = 0.01  Optimized mu_beta  = -0.0531314277709  entropy = 0.0089480014182
    Total E(T) = -12266.4714847189  Free energy = -12266.4715741989  E0 = -12266.4715294589
cycle= 67 E= -12266.4714847189  delta_E= -0.00425  |g|= 0.183  |ddm|= 75.4
    sigma = 0.01  Optimized mu_alpha = -0.0532745134084  entropy = 0.00887339413562
    sigma = 0.01  Optimized mu_beta  = -0.0535670988693  entropy = 0.00887339413562
    Total E(T) = -12266.4734293248  Free energy = -12266.4735180588  E0 = -12266.4734736918
cycle= 68 E= -12266.4734293248  delta_E= -0.00194  |g|= 0.116  |ddm|=  115
    sigma = 0.01  Optimized mu_alpha = -0.0532939612924  entropy = 0.00883600846146
    sigma = 0.01  Optimized mu_beta  = -0.0536006569305  entropy = 0.00883600846146
    Total E(T) = -12266.4744909269  Free energy = -12266.474579287  E0 = -12266.4745351069
cycle= 69 E= -12266.4744909269  delta_E= -0.00106  |g|= 0.0665  |ddm|= 73.9
    sigma = 0.01  Optimized mu_alpha = -0.0530731044014  entropy = 0.00883109039076
    sigma = 0.01  Optimized mu_beta  = -0.0535159625552  entropy = 0.00883109039076
    Total E(T) = -12266.4749763463  Free energy = -12266.4750646572  E0 = -12266.4750205018
cycle= 70 E= -12266.4749763463  delta_E= -0.000485  |g|= 0.0494  |ddm|= 62.3
    sigma = 0.01  Optimized mu_alpha = -0.0530899053084  entropy = 0.00882523494848
    sigma = 0.01  Optimized mu_beta  = -0.0536749139993  entropy = 0.00882523494848
    Total E(T) = -12266.4752074656  Free energy = -12266.475295718  E0 = -12266.4752515918
cycle= 71 E= -12266.4752074656  delta_E= -0.000231  |g|= 0.0499  |ddm|= 54.4
    sigma = 0.01  Optimized mu_alpha = -0.0530361346876  entropy = 0.00882379129501
    sigma = 0.01  Optimized mu_beta  = -0.0537272415808  entropy = 0.00882379129501
    Total E(T) = -12266.4753239544  Free energy = -12266.4754121923  E0 = -12266.4753680733
cycle= 72 E= -12266.4753239544  delta_E= -0.000116  |g|= 0.065  |ddm|= 52.5
    sigma = 0.01  Optimized mu_alpha = -0.0531520176049  entropy = 0.00882298015127
    sigma = 0.01  Optimized mu_beta  = -0.0539024216315  entropy = 0.00882298015127
    Total E(T) = -12266.4753814588  Free energy = -12266.4754696886  E0 = -12266.4754255737
cycle= 73 E= -12266.4753814588  delta_E= -5.75e-05  |g|= 0.0717  |ddm|= 35.1
    sigma = 0.01  Optimized mu_alpha = -0.0530101019767  entropy = 0.00884009788278
    sigma = 0.01  Optimized mu_beta  = -0.0538908181149  entropy = 0.00884009788278
    Total E(T) = -12266.4754947818  Free energy = -12266.4755831828  E0 = -12266.4755389823
cycle= 74 E= -12266.4754947818  delta_E= -0.000113  |g|= 0.0648  |ddm|= 37.4
    sigma = 0.01  Optimized mu_alpha = -0.0528539102338  entropy = 0.00889989691092
    sigma = 0.01  Optimized mu_beta  = -0.0540176872016  entropy = 0.00889989691092
    Total E(T) = -12266.4757226624  Free energy = -12266.4758116613  E0 = -12266.4757671618
cycle= 75 E= -12266.4757226624  delta_E= -0.000228  |g|= 0.0436  |ddm|= 44.1
    sigma = 0.01  Optimized mu_alpha = -0.0529263483179  entropy = 0.00892622210871
    sigma = 0.01  Optimized mu_beta  = -0.0542176350016  entropy = 0.00892622210871
    Total E(T) = -12266.4758826013  Free energy = -12266.4759718635  E0 = -12266.4759272324
cycle= 76 E= -12266.4758826013  delta_E= -0.00016  |g|= 0.0201  |ddm|= 42.9
    sigma = 0.01  Optimized mu_alpha = -0.0528383916998  entropy = 0.00894078993405
    sigma = 0.01  Optimized mu_beta  = -0.0542227831659  entropy = 0.00894078993405
    Total E(T) = -12266.4759780162  Free energy = -12266.4760674241  E0 = -12266.4760227202
cycle= 77 E= -12266.4759780162  delta_E= -9.54e-05  |g|= 0.0101  |ddm|= 32.5
    sigma = 0.01  Optimized mu_alpha = -0.052821461661  entropy = 0.00894004175095
    sigma = 0.01  Optimized mu_beta  = -0.0542201130017  entropy = 0.00894004175095
    Total E(T) = -12266.476029593  Free energy = -12266.4761189935  E0 = -12266.4760742933
cycle= 78 E= -12266.476029593  delta_E= -5.16e-05  |g|= 0.0145  |ddm|= 17.8
    sigma = 0.01  Optimized mu_alpha = -0.0528231498894  entropy = 0.00892150555274
    sigma = 0.01  Optimized mu_beta  = -0.0541572468879  entropy = 0.00892150555274
    Total E(T) = -12266.4760733916  Free energy = -12266.4761626066  E0 = -12266.4761179991
cycle= 79 E= -12266.4760733916  delta_E= -4.38e-05  |g|= 0.0163  |ddm|= 13.4
    sigma = 0.01  Optimized mu_alpha = -0.0528388448609  entropy = 0.00890981116362
    sigma = 0.01  Optimized mu_beta  = -0.0541456189081  entropy = 0.00890981116362
    Total E(T) = -12266.4761149631  Free energy = -12266.4762040612  E0 = -12266.4761595122
cycle= 80 E= -12266.4761149631  delta_E= -4.16e-05  |g|= 0.0142  |ddm|= 13.7
    sigma = 0.01  Optimized mu_alpha = -0.0528545703834  entropy = 0.00890219043492
    sigma = 0.01  Optimized mu_beta  = -0.0541515135075  entropy = 0.00890219043492
    Total E(T) = -12266.4761518148  Free energy = -12266.4762408367  E0 = -12266.4761963257
cycle= 81 E= -12266.4761518148  delta_E= -3.69e-05  |g|= 0.0176  |ddm|= 15.1
    sigma = 0.01  Optimized mu_alpha = -0.0527880303436  entropy = 0.00890293119873
    sigma = 0.01  Optimized mu_beta  = -0.0540790426336  entropy = 0.00890293119873
    Total E(T) = -12266.4761852962  Free energy = -12266.4762743255  E0 = -12266.4762298109
cycle= 82 E= -12266.4761852962  delta_E= -3.35e-05  |g|= 0.0196  |ddm|= 17.1
    sigma = 0.01  Optimized mu_alpha = -0.0528344883417  entropy = 0.00890143717617
    sigma = 0.01  Optimized mu_beta  = -0.0541346139654  entropy = 0.00890143717617
    Total E(T) = -12266.4762154538  Free energy = -12266.4763044682  E0 = -12266.476259961
cycle= 83 E= -12266.4762154538  delta_E= -3.02e-05  |g|= 0.0212  |ddm|=   14
    sigma = 0.01  Optimized mu_alpha = -0.0528765868765  entropy = 0.00887357449369
    sigma = 0.01  Optimized mu_beta  = -0.0540832127935  entropy = 0.00887357449369
    Total E(T) = -12266.4762521314  Free energy = -12266.4763408671  E0 = -12266.4762964993
cycle= 84 E= -12266.4762521314  delta_E= -3.67e-05  |g|= 0.0151  |ddm|= 14.4
    sigma = 0.01  Optimized mu_alpha = -0.0528622930477  entropy = 0.00887831912238
    sigma = 0.01  Optimized mu_beta  = -0.0540880880206  entropy = 0.00887831912238
    Total E(T) = -12266.4762799591  Free energy = -12266.4763687423  E0 = -12266.4763243507
cycle= 85 E= -12266.4762799591  delta_E= -2.78e-05  |g|= 0.0114  |ddm|= 12.5
    sigma = 0.01  Optimized mu_alpha = -0.0528310228691  entropy = 0.00887464412018
    sigma = 0.01  Optimized mu_beta  = -0.0540472011924  entropy = 0.00887464412018
    Total E(T) = -12266.4763025631  Free energy = -12266.4763913095  E0 = -12266.4763469363
cycle= 86 E= -12266.4763025631  delta_E= -2.26e-05  |g|= 0.0115  |ddm|= 14.4
    sigma = 0.01  Optimized mu_alpha = -0.0528249517518  entropy = 0.0088794333476
    sigma = 0.01  Optimized mu_beta  = -0.0540639244556  entropy = 0.0088794333476
    Total E(T) = -12266.4763229257  Free energy = -12266.47641172  E0 = -12266.4763673228
cycle= 87 E= -12266.4763229257  delta_E= -2.04e-05  |g|= 0.011  |ddm|= 10.1
    sigma = 0.01  Optimized mu_alpha = -0.0528378658212  entropy = 0.00888474598097
    sigma = 0.01  Optimized mu_beta  = -0.0541092454662  entropy = 0.00888474598097
    Total E(T) = -12266.4763436138  Free energy = -12266.4764324612  E0 = -12266.4763880375
cycle= 88 E= -12266.4763436138  delta_E= -2.07e-05  |g|= 0.00926  |ddm|= 10.7
    sigma = 0.01  Optimized mu_alpha = -0.0528207695986  entropy = 0.00888403043561
    sigma = 0.01  Optimized mu_beta  = -0.0540955956089  entropy = 0.00888403043561
    Total E(T) = -12266.4763610285  Free energy = -12266.4764498688  E0 = -12266.4764054487
cycle= 89 E= -12266.4763610285  delta_E= -1.74e-05  |g|= 0.0106  |ddm|= 9.58
    sigma = 0.01  Optimized mu_alpha = -0.0528167460367  entropy = 0.00888445600882
    sigma = 0.01  Optimized mu_beta  = -0.0540942687239  entropy = 0.00888445600882
    Total E(T) = -12266.4763769224  Free energy = -12266.476465767  E0 = -12266.4764213447
cycle= 90 E= -12266.4763769224  delta_E= -1.59e-05  |g|= 0.0113  |ddm|= 8.87
    sigma = 0.01  Optimized mu_alpha = -0.0528078777433  entropy = 0.00890662658055
    sigma = 0.01  Optimized mu_beta  = -0.0541682818302  entropy = 0.00890662658055
    Total E(T) = -12266.4763961958  Free energy = -12266.4764852621  E0 = -12266.4764407289
cycle= 91 E= -12266.4763961958  delta_E= -1.93e-05  |g|= 0.00659  |ddm|= 10.5
    sigma = 0.01  Optimized mu_alpha = -0.0527977313552  entropy = 0.00891621004217
    sigma = 0.01  Optimized mu_beta  = -0.054199331733  entropy = 0.00891621004217
    Total E(T) = -12266.4764093868  Free energy = -12266.4764985489  E0 = -12266.4764539679
cycle= 92 E= -12266.4764093868  delta_E= -1.32e-05  |g|= 0.0089  |ddm|= 14.7
    sigma = 0.01  Optimized mu_alpha = -0.052803628758  entropy = 0.00891192737046
    sigma = 0.01  Optimized mu_beta  = -0.0541933378029  entropy = 0.00891192737046
    Total E(T) = -12266.4764187374  Free energy = -12266.4765078566  E0 = -12266.476463297
cycle= 93 E= -12266.4764187374  delta_E= -9.35e-06  |g|= 0.0129  |ddm|= 7.78
    sigma = 0.01  Optimized mu_alpha = -0.0527788934276  entropy = 0.00890995472777
    sigma = 0.01  Optimized mu_beta  = -0.0541570605734  entropy = 0.00890995472777
    Total E(T) = -12266.476427485  Free energy = -12266.4765165845  E0 = -12266.4764720348
cycle= 94 E= -12266.476427485  delta_E= -8.75e-06  |g|= 0.0139  |ddm|= 9.18
    sigma = 0.01  Optimized mu_alpha = -0.0528133530754  entropy = 0.00890231073231
    sigma = 0.01  Optimized mu_beta  = -0.054173667164  entropy = 0.00890231073231
    Total E(T) = -12266.4764378638  Free energy = -12266.4765268869  E0 = -12266.4764823753
cycle= 95 E= -12266.4764378638  delta_E= -1.04e-05  |g|= 0.0138  |ddm|= 6.98
    sigma = 0.01  Optimized mu_alpha = -0.0528046297523  entropy = 0.00890286184381
    sigma = 0.01  Optimized mu_beta  = -0.0541684884298  entropy = 0.00890286184381
    Total E(T) = -12266.4764464676  Free energy = -12266.4765354962  E0 = -12266.4764909819
cycle= 96 E= -12266.4764464676  delta_E= -8.6e-06  |g|= 0.0141  |ddm|= 6.36
    sigma = 0.01  Optimized mu_alpha = -0.0528026518759  entropy = 0.00890021511168
    sigma = 0.01  Optimized mu_beta  = -0.054157547244  entropy = 0.00890021511168
    Total E(T) = -12266.4764548656  Free energy = -12266.4765438677  E0 = -12266.4764993667
cycle= 97 E= -12266.4764548656  delta_E= -8.4e-06  |g|= 0.0162  |ddm|=  6.9
    sigma = 0.01  Optimized mu_alpha = -0.0527948858296  entropy = 0.00889459683865
    sigma = 0.01  Optimized mu_beta  = -0.0541289238046  entropy = 0.00889459683865
    Total E(T) = -12266.4764660005  Free energy = -12266.4765549464  E0 = -12266.4765104735
cycle= 98 E= -12266.4764660005  delta_E= -1.11e-05  |g|= 0.0138  |ddm|= 7.48
    sigma = 0.01  Optimized mu_alpha = -0.0528040597439  entropy = 0.00888298980544
    sigma = 0.01  Optimized mu_beta  = -0.0540960046403  entropy = 0.00888298980544
    Total E(T) = -12266.476479209  Free energy = -12266.4765680389  E0 = -12266.476523624
cycle= 99 E= -12266.476479209  delta_E= -1.32e-05  |g|= 0.0119  |ddm|= 8.44
    sigma = 0.01  Optimized mu_alpha = -0.0528177693782  entropy = 0.00887849939504
    sigma = 0.01  Optimized mu_beta  = -0.0540988613571  entropy = 0.00887849939504
    Total E(T) = -12266.4764899928  Free energy = -12266.4765787778  E0 = -12266.4765343853
cycle= 100 E= -12266.4764899928  delta_E= -1.08e-05  |g|= 0.00804  |ddm|= 6.57
    sigma = 0.01  Optimized mu_alpha = -0.05280921229  entropy = 0.00887968235796
    sigma = 0.01  Optimized mu_beta  = -0.0540888975819  entropy = 0.00887968235796
    Total E(T) = -12266.4764990319  Free energy = -12266.4765878288  E0 = -12266.4765434304
cycle= 101 E= -12266.4764990319  delta_E= -9.04e-06  |g|= 0.0055  |ddm|=   10
    sigma = 0.01  Optimized mu_alpha = -0.052813259951  entropy = 0.00887968954003
    sigma = 0.01  Optimized mu_beta  = -0.0540937173899  entropy = 0.00887968954003
    Total E(T) = -12266.4765064959  Free energy = -12266.4765952928  E0 = -12266.4765508943
cycle= 102 E= -12266.4765064959  delta_E= -7.46e-06  |g|= 0.00424  |ddm|= 10.4
    sigma = 0.01  Optimized mu_alpha = -0.0528128500773  entropy = 0.00887674867606
    sigma = 0.01  Optimized mu_beta  = -0.0540831802101  entropy = 0.00887674867606
    Total E(T) = -12266.4765123588  Free energy = -12266.4766011263  E0 = -12266.4765567426
cycle= 103 E= -12266.4765123588  delta_E= -5.86e-06  |g|= 0.00607  |ddm|= 5.78
    sigma = 0.01  Optimized mu_alpha = -0.0528120583736  entropy = 0.00887624584811
    sigma = 0.01  Optimized mu_beta  = -0.0540832904824  entropy = 0.00887624584811
    Total E(T) = -12266.4765172239  Free energy = -12266.4766059864  E0 = -12266.4765616052
cycle= 104 E= -12266.4765172239  delta_E= -4.87e-06  |g|= 0.00793  |ddm|= 5.29
    sigma = 0.01  Optimized mu_alpha = -0.0528100022159  entropy = 0.00887868349365
    sigma = 0.01  Optimized mu_beta  = -0.0540930077285  entropy = 0.00887868349365
    Total E(T) = -12266.4765222664  Free energy = -12266.4766110532  E0 = -12266.4765666598
cycle= 105 E= -12266.4765222664  delta_E= -5.04e-06  |g|= 0.00768  |ddm|= 4.89
    sigma = 0.01  Optimized mu_alpha = -0.0527952807017  entropy = 0.0088872266033
    sigma = 0.01  Optimized mu_beta  = -0.0541118921035  entropy = 0.0088872266033
    Total E(T) = -12266.476528708  Free energy = -12266.4766175803  E0 = -12266.4765731442
cycle= 106 E= -12266.476528708  delta_E= -6.44e-06  |g|= 0.00612  |ddm|=  6.7
    sigma = 0.01  Optimized mu_alpha = -0.052805868541  entropy = 0.00888978296068
    sigma = 0.01  Optimized mu_beta  = -0.0541371610924  entropy = 0.00888978296068
    Total E(T) = -12266.4765347822  Free energy = -12266.4766236801  E0 = -12266.4765792312
cycle= 107 E= -12266.4765347822  delta_E= -6.07e-06  |g|= 0.00343  |ddm|= 4.56
    sigma = 0.01  Optimized mu_alpha = -0.052799884963  entropy = 0.00889103516929
    sigma = 0.01  Optimized mu_beta  = -0.0541347814171  entropy = 0.00889103516929
    Total E(T) = -12266.4765397843  Free energy = -12266.4766286946  E0 = -12266.4765842395
cycle= 108 E= -12266.4765397843  delta_E= -5e-06  |g|= 0.0033  |ddm|= 4.26
    sigma = 0.01  Optimized mu_alpha = -0.0527922635651  entropy = 0.00889284543522
    sigma = 0.01  Optimized mu_beta  = -0.0541327091429  entropy = 0.00889284543522
    Total E(T) = -12266.4765443292  Free energy = -12266.4766332576  E0 = -12266.4765887934
cycle= 109 E= -12266.4765443292  delta_E= -4.54e-06  |g|= 0.00369  |ddm|= 4.95
    sigma = 0.01  Optimized mu_alpha = -0.0527906645217  entropy = 0.00889866879977
    sigma = 0.01  Optimized mu_beta  = -0.0541520831477  entropy = 0.00889866879977
    Total E(T) = -12266.4765480967  Free energy = -12266.4766370834  E0 = -12266.47659259
cycle= 110 E= -12266.4765480967  delta_E= -3.77e-06  |g|= 0.00432  |ddm|= 7.46
    sigma = 0.01  Optimized mu_alpha = -0.0527925818098  entropy = 0.00889779793975
    sigma = 0.01  Optimized mu_beta  = -0.0541528156191  entropy = 0.00889779793975
    Total E(T) = -12266.4765510878  Free energy = -12266.4766400658  E0 = -12266.4765955768
cycle= 111 E= -12266.4765510878  delta_E= -2.99e-06  |g|= 0.00567  |ddm|= 4.57
    sigma = 0.01  Optimized mu_alpha = -0.0527973821782  entropy = 0.00889688178944
    sigma = 0.01  Optimized mu_beta  = -0.0541554237627  entropy = 0.00889688178944
    Total E(T) = -12266.4765537462  Free energy = -12266.476642715  E0 = -12266.4765982306
cycle= 112 E= -12266.4765537462  delta_E= -2.66e-06  |g|= 0.00709  |ddm|= 4.46
    sigma = 0.01  Optimized mu_alpha = -0.0527984734829  entropy = 0.00888943738575
    sigma = 0.01  Optimized mu_beta  = -0.0541274865543  entropy = 0.00888943738575
    Total E(T) = -12266.4765582366  Free energy = -12266.476647131  E0 = -12266.4766026838
cycle= 113 E= -12266.4765582366  delta_E= -4.49e-06  |g|= 0.00502  |ddm|= 5.16
    sigma = 0.01  Optimized mu_alpha = -0.0527955033483  entropy = 0.00889051325108
    sigma = 0.01  Optimized mu_beta  = -0.0541270578305  entropy = 0.00889051325108
    Total E(T) = -12266.4765616897  Free energy = -12266.4766505949  E0 = -12266.4766061423
cycle= 114 E= -12266.4765616897  delta_E= -3.45e-06  |g|= 0.00508  |ddm|= 4.62
    sigma = 0.01  Optimized mu_alpha = -0.0528028957917  entropy = 0.00888771314132
    sigma = 0.01  Optimized mu_beta  = -0.0541278123792  entropy = 0.00888771314132
    Total E(T) = -12266.4765651061  Free energy = -12266.4766539832  E0 = -12266.4766095447
cycle= 115 E= -12266.4765651061  delta_E= -3.42e-06  |g|= 0.00578  |ddm|= 4.62
    sigma = 0.01  Optimized mu_alpha = -0.0528030648469  entropy = 0.00888558609559
    sigma = 0.01  Optimized mu_beta  = -0.0541239156828  entropy = 0.00888558609559
    Total E(T) = -12266.4765684508  Free energy = -12266.4766573066  E0 = -12266.4766128787
cycle= 116 E= -12266.4765684508  delta_E= -3.34e-06  |g|= 0.00322  |ddm|= 5.22
    sigma = 0.01  Optimized mu_alpha = -0.0527992630191  entropy = 0.00888321862678
    sigma = 0.01  Optimized mu_beta  = -0.0541085077303  entropy = 0.00888321862678
    Total E(T) = -12266.4765715067  Free energy = -12266.4766603389  E0 = -12266.4766159228
cycle= 117 E= -12266.4765715067  delta_E= -3.06e-06  |g|= 0.00343  |ddm|= 3.61
    sigma = 0.01  Optimized mu_alpha = -0.0528064443576  entropy = 0.00888078665306
    sigma = 0.01  Optimized mu_beta  = -0.0541086664186  entropy = 0.00888078665306
    Total E(T) = -12266.4765740828  Free energy = -12266.4766628907  E0 = -12266.4766184867
cycle= 118 E= -12266.4765740828  delta_E= -2.58e-06  |g|= 0.00398  |ddm|= 6.06
    sigma = 0.01  Optimized mu_alpha = -0.052788695562  entropy = 0.00888246920323
    sigma = 0.01  Optimized mu_beta  = -0.0540901578687  entropy = 0.00888246920323
    Total E(T) = -12266.4765763403  Free energy = -12266.476665165  E0 = -12266.4766207527
cycle= 119 E= -12266.4765763403  delta_E= -2.26e-06  |g|= 0.00543  |ddm|= 4.87
    sigma = 0.01  Optimized mu_alpha = -0.0527982317515  entropy = 0.00888237624939
    sigma = 0.01  Optimized mu_beta  = -0.05410076667  entropy = 0.00888237624939
    Total E(T) = -12266.4765785254  Free energy = -12266.4766673491  E0 = -12266.4766229373
cycle= 120 E= -12266.4765785254  delta_E= -2.19e-06  |g|= 0.0047  |ddm|= 3.98
    sigma = 0.01  Optimized mu_alpha = -0.0527970929438  entropy = 0.0088837058416
    sigma = 0.01  Optimized mu_beta  = -0.0541068338975  entropy = 0.0088837058416
    Total E(T) = -12266.4765807268  Free energy = -12266.4766695639  E0 = -12266.4766251454
cycle= 121 E= -12266.4765807268  delta_E= -2.2e-06  |g|= 0.00434  |ddm|= 3.37
    sigma = 0.01  Optimized mu_alpha = -0.052804174296  entropy = 0.00888410515712
    sigma = 0.01  Optimized mu_beta  = -0.0541189969336  entropy = 0.00888410515712
    Total E(T) = -12266.4765827559  Free energy = -12266.4766715969  E0 = -12266.4766271764
cycle= 122 E= -12266.4765827559  delta_E= -2.03e-06  |g|= 0.00495  |ddm|=  4.2
    sigma = 0.01  Optimized mu_alpha = -0.052798986944  entropy = 0.00888574686329
    sigma = 0.01  Optimized mu_beta  = -0.0541198590663  entropy = 0.00888574686329
    Total E(T) = -12266.4765849054  Free energy = -12266.4766737628  E0 = -12266.4766293341
cycle= 123 E= -12266.4765849054  delta_E= -2.15e-06  |g|= 0.00343  |ddm|= 2.73
    sigma = 0.01  Optimized mu_alpha = -0.0527964439185  entropy = 0.00888875923776
    sigma = 0.01  Optimized mu_beta  = -0.0541288522696  entropy = 0.00888875923776
    Total E(T) = -12266.4765870881  Free energy = -12266.4766759757  E0 = -12266.4766315319
cycle= 124 E= -12266.4765870881  delta_E= -2.18e-06  |g|= 0.00211  |ddm|= 2.94
    sigma = 0.01  Optimized mu_alpha = -0.0527967737343  entropy = 0.00888773089018
    sigma = 0.01  Optimized mu_beta  = -0.0541253578926  entropy = 0.00888773089018
    Total E(T) = -12266.4765888902  Free energy = -12266.4766777675  E0 = -12266.4766333288
cycle= 125 E= -12266.4765888902  delta_E= -1.8e-06  |g|= 0.0022  |ddm|= 2.66
    sigma = 0.01  Optimized mu_alpha = -0.0527891005967  entropy = 0.00889241976207
    sigma = 0.01  Optimized mu_beta  = -0.054132582105  entropy = 0.00889241976207
    Total E(T) = -12266.4765907229  Free energy = -12266.4766796471  E0 = -12266.476635185
cycle= 126 E= -12266.4765907229  delta_E= -1.83e-06  |g|= 0.00212  |ddm|= 4.88
    sigma = 0.01  Optimized mu_alpha = -0.0527902046532  entropy = 0.00889380930234
    sigma = 0.01  Optimized mu_beta  = -0.0541392042691  entropy = 0.00889380930234
    Total E(T) = -12266.4765920922  Free energy = -12266.4766810303  E0 = -12266.4766365612
cycle= 127 E= -12266.4765920922  delta_E= -1.37e-06  |g|= 0.00334  |ddm|= 3.56
    sigma = 0.01  Optimized mu_alpha = -0.0527940553389  entropy = 0.00889390921458
    sigma = 0.01  Optimized mu_beta  = -0.0541433162002  entropy = 0.00889390921458
    Total E(T) = -12266.4765931484  Free energy = -12266.4766820875  E0 = -12266.4766376179
cycle= 128 E= -12266.4765931484  delta_E= -1.06e-06  |g|= 0.00476  |ddm|= 3.07
    sigma = 0.01  Optimized mu_alpha = -0.0527920493486  entropy = 0.00889124417033
    sigma = 0.01  Optimized mu_beta  = -0.0541325204616  entropy = 0.00889124417033
    Total E(T) = -12266.4765946648  Free energy = -12266.4766835772  E0 = -12266.476639121
cycle= 129 E= -12266.4765946648  delta_E= -1.52e-06  |g|= 0.004  |ddm|=  2.8
    sigma = 0.01  Optimized mu_alpha = -0.0527970949822  entropy = 0.00888811793825
    sigma = 0.01  Optimized mu_beta  = -0.0541279692577  entropy = 0.00888811793825
    Total E(T) = -12266.4765963355  Free energy = -12266.4766852167  E0 = -12266.4766407761
cycle= 130 E= -12266.4765963355  delta_E= -1.67e-06  |g|= 0.00289  |ddm|= 3.17
    sigma = 0.01  Optimized mu_alpha = -0.0527939073723  entropy = 0.008887543992
    sigma = 0.01  Optimized mu_beta  = -0.0541209613013  entropy = 0.008887543992
    Total E(T) = -12266.4765977811  Free energy = -12266.4766866565  E0 = -12266.4766422188
cycle= 131 E= -12266.4765977811  delta_E= -1.45e-06  |g|= 0.00222  |ddm|= 2.36
    sigma = 0.01  Optimized mu_alpha = -0.0527985713997  entropy = 0.00888687317042
    sigma = 0.01  Optimized mu_beta  = -0.0541249461793  entropy = 0.00888687317042
    Total E(T) = -12266.4765990152  Free energy = -12266.476687884  E0 = -12266.4766434496
cycle= 132 E= -12266.4765990152  delta_E= -1.23e-06  |g|= 0.00266  |ddm|= 2.47
    sigma = 0.01  Optimized mu_alpha = -0.0528002510445  entropy = 0.00888519801811
    sigma = 0.01  Optimized mu_beta  = -0.0541202591488  entropy = 0.00888519801811
    Total E(T) = -12266.4766002735  Free energy = -12266.4766891255  E0 = -12266.4766446995
cycle= 133 E= -12266.4766002735  delta_E= -1.26e-06  |g|= 0.00235  |ddm|= 2.27
    sigma = 0.01  Optimized mu_alpha = -0.0527928992619  entropy = 0.00888594778248
    sigma = 0.01  Optimized mu_beta  = -0.0541138883869  entropy = 0.00888594778248
    Total E(T) = -12266.4766014125  Free energy = -12266.476690272  E0 = -12266.4766458423
cycle= 134 E= -12266.4766014125  delta_E= -1.14e-06  |g|= 0.00243  |ddm|= 2.69
    sigma = 0.01  Optimized mu_alpha = -0.0527953129839  entropy = 0.00888596297921
    sigma = 0.01  Optimized mu_beta  = -0.054116732304  entropy = 0.00888596297921
    Total E(T) = -12266.4766025548  Free energy = -12266.4766914145  E0 = -12266.4766469846
cycle= 135 E= -12266.4766025548  delta_E= -1.14e-06  |g|= 0.00208  |ddm|=  2.6
    sigma = 0.01  Optimized mu_alpha = -0.0527958287671  entropy = 0.00888646210285
    sigma = 0.01  Optimized mu_beta  = -0.0541188729765  entropy = 0.00888646210285
    Total E(T) = -12266.4766035709  Free energy = -12266.4766924356  E0 = -12266.4766480033
cycle= 136 E= -12266.4766035709  delta_E= -1.02e-06  |g|= 0.0028  |ddm|= 3.77
    sigma = 0.01  Optimized mu_alpha = -0.052793673767  entropy = 0.00888703082934
    sigma = 0.01  Optimized mu_beta  = -0.0541168727431  entropy = 0.00888703082934
    Total E(T) = -12266.4766046213  Free energy = -12266.4766934916  E0 = -12266.4766490565
cycle= 137 E= -12266.4766046213  delta_E= -1.05e-06  |g|= 0.00188  |ddm|= 2.65
    sigma = 0.01  Optimized mu_alpha = -0.0527921070042  entropy = 0.00888741027252
    sigma = 0.01  Optimized mu_beta  = -0.0541177234218  entropy = 0.00888741027252
    Total E(T) = -12266.4766055982  Free energy = -12266.4766944723  E0 = -12266.4766500352
cycle= 138 E= -12266.4766055982  delta_E= -9.77e-07  |g|= 0.00114  |ddm|= 2.09
    sigma = 0.01  Optimized mu_alpha = -0.0527950696619  entropy = 0.00888738664328
    sigma = 0.01  Optimized mu_beta  = -0.0541207411543  entropy = 0.00888738664328
    Total E(T) = -12266.4766064921  Free energy = -12266.476695366  E0 = -12266.476650929
cycle= 139 E= -12266.4766064921  delta_E= -8.94e-07  |g|= 0.00128  |ddm|= 1.97
    sigma = 0.01  Optimized mu_alpha = -0.0527957225688  entropy = 0.00888765015318
    sigma = 0.01  Optimized mu_beta  = -0.0541236039765  entropy = 0.00888765015318
    Total E(T) = -12266.4766073528  Free energy = -12266.4766962293  E0 = -12266.4766517911
cycle= 140 E= -12266.4766073528  delta_E= -8.61e-07  |g|= 0.00074  |ddm|= 1.89
    sigma = 0.01  Optimized mu_alpha = -0.152133429891  entropy = 26.233120171
    sigma = 0.01  Optimized mu_beta  = -0.153881780573  entropy = 26.233120171
    Total E(T) = -12266.3112341033  Free energy = -12266.573565305  E0 = -12266.4423997041
Extra cycle  E= -12266.3112341033  delta_E= 0.165  |g|= 0.78  |ddm|= 1.45e+03
converged SCF energy = -12266.3112341033  <S^2> = 3.7725331  2S+1 = 4.0112507
[sigma=0.01] E_tot = -12266.3112341033 Eh | converged = True | last_cycle = 139 | time = 3438.9 s
  -> wrote al2.7_sigma0.01.chk
  -> wrote al2.7_sigma0.01_last_dm.pkl

========== sigma = 0.02 ==========
Applying remove_linear_dep_ on SCF object.
Using canonical orthogonalization with threshold 1e-08


******** <class 'pyscf.scf.addons.SmearingDFUKS'> ********
method = SmearingDFUKS
initial guess = minao
damping factor = 0.15
level_shift factor = 0.2
DIIS = <class 'pyscf.scf.diis.CDIIS'>
diis_start_cycle = 1
diis_space = 12
diis_damp = 0
SCF conv_tol = 1e-06
SCF conv_tol_grad = None
SCF max_cycles = 200
direct_scf = True
direct_scf_tol = 1e-13
chkfile to save SCF result = /tmp/tmp_43fdoun
max_memory 235423 MB (current use 663 MB)
number electrons alpha = 334  beta = 332
XC library pyscf.dft.libxc version 6.1.0
    S. Lehtola, C. Steigemann, M. J.T. Oliveira, and M. A.L. Marques.,  SoftwareX 7, 1–5 (2018)
XC functionals = pbe
    J. P. Perdew, K. Burke, and M. Ernzerhof.,  Phys. Rev. Lett. 77, 3865 (1996)
    J. P. Perdew, K. Burke, and M. Ernzerhof.,  Phys. Rev. Lett. 78, 1396 (1997)
    J. P. Perdew, K. Burke, and M. Ernzerhof.,  Phys. Rev. Lett. 77, 3865 (1996)
    J. P. Perdew, K. Burke, and M. Ernzerhof.,  Phys. Rev. Lett. 78, 1396 (1997)
radial grids: 
    Treutler-Ahlrichs [JCP 102, 346 (1995); DOI:10.1063/1.469408] (M4) radial grids
    
becke partition: Becke, JCP 88, 2547 (1988); DOI:10.1063/1.454033
pruning grids: <function treutler_prune at 0x14f34f13a700>
grids dens level: 3
symmetrized grids: False
atomic radii adjust function: <function treutler_atomic_radii_adjust at 0x14f34f77cd30>
small_rho_cutoff = 1e-06
Set gradient conv threshold to 0.001
tot grids = 946056
init E= -12272.6814526855
    sigma = 0.02  Optimized mu_alpha = -0.0175035625882  entropy = 36.9435157965
    sigma = 0.02  Optimized mu_beta  = -0.0245798316793  entropy = 36.9435157965
    Total E(T) = -12265.0703890564  Free energy = -12265.8092593723  E0 = -12265.4398242143
cycle= 1 E= -12265.0703890564  delta_E= 7.61  |g|= 4.39  |ddm|= 1.83e+04
    sigma = 0.02  Optimized mu_alpha = 0.0271563310111  entropy = 22.072537446
    sigma = 0.02  Optimized mu_beta  = 0.0236578167653  entropy = 22.072537446
    Total E(T) = -12223.0074544763  Free energy = -12223.4489052252  E0 = -12223.2281798507
cycle= 2 E= -12223.0074544763  delta_E= 42.1  |g|= 30.8  |ddm|= 6.34e+03
    sigma = 0.02  Optimized mu_alpha = -0.0851172852716  entropy = 13.7968296763
    sigma = 0.02  Optimized mu_beta  = -0.0841381333311  entropy = 13.7968296763
    Total E(T) = -12262.1406247946  Free energy = -12262.4165613882  E0 = -12262.2785930914
cycle= 3 E= -12262.1406247946  delta_E= -39.1  |g|=  9.5  |ddm|= 2.99e+03
    sigma = 0.02  Optimized mu_alpha = -0.0834494332464  entropy = 8.29107371042
    sigma = 0.02  Optimized mu_beta  = -0.0812939455449  entropy = 8.29107371042
    Total E(T) = -12263.3480997668  Free energy = -12263.513921241  E0 = -12263.4310105039
cycle= 4 E= -12263.3480997668  delta_E= -1.21  |g|= 9.25  |ddm|= 5.08e+03
    sigma = 0.02  Optimized mu_alpha = -0.0664479492863  entropy = 3.96556239045
    sigma = 0.02  Optimized mu_beta  = -0.0702246265424  entropy = 3.96556239045
    Total E(T) = -12264.2248126551  Free energy = -12264.3041239029  E0 = -12264.264468279
cycle= 5 E= -12264.2248126551  delta_E= -0.877  |g|= 6.68  |ddm|=  955
    sigma = 0.02  Optimized mu_alpha = -0.0992674532765  entropy = 10.4104525989
    sigma = 0.02  Optimized mu_beta  = -0.0992150327233  entropy = 10.4104525989
    Total E(T) = -12266.0653550438  Free energy = -12266.2735640958  E0 = -12266.1694595698
cycle= 6 E= -12266.0653550438  delta_E= -1.84  |g|= 3.88  |ddm|= 2.36e+03
    sigma = 0.02  Optimized mu_alpha = -0.100997870752  entropy = 11.0176759028
    sigma = 0.02  Optimized mu_beta  = -0.0994012203332  entropy = 11.0176759028
    Total E(T) = -12266.1428220164  Free energy = -12266.3631755345  E0 = -12266.2529987754
cycle= 7 E= -12266.1428220164  delta_E= -0.0775  |g|= 2.45  |ddm|= 1.6e+03
    sigma = 0.02  Optimized mu_alpha = -0.0907895289574  entropy = 8.08073830827
    sigma = 0.02  Optimized mu_beta  = -0.0846131496928  entropy = 8.08073830827
    Total E(T) = -12266.2396058563  Free energy = -12266.4012206225  E0 = -12266.3204132394
cycle= 8 E= -12266.2396058563  delta_E= -0.0968  |g|= 2.16  |ddm|= 1.62e+03
    sigma = 0.02  Optimized mu_alpha = -0.0752199792939  entropy = 5.12648251198
    sigma = 0.02  Optimized mu_beta  = -0.0700182133494  entropy = 5.12648251198
    Total E(T) = -12266.1850378539  Free energy = -12266.2875675042  E0 = -12266.2363026791
cycle= 9 E= -12266.1850378539  delta_E= 0.0546  |g|= 2.42  |ddm|=  996
    sigma = 0.02  Optimized mu_alpha = -0.0560109142938  entropy = 3.46718755173
    sigma = 0.02  Optimized mu_beta  = -0.0594705935548  entropy = 3.46718755173
    Total E(T) = -12266.1549816792  Free energy = -12266.2243254302  E0 = -12266.1896535547
cycle= 10 E= -12266.1549816792  delta_E= 0.0301  |g|= 2.71  |ddm|=  598
    sigma = 0.02  Optimized mu_alpha = -0.0472715769801  entropy = 3.00247051931
    sigma = 0.02  Optimized mu_beta  = -0.0568702325393  entropy = 3.00247051931
    Total E(T) = -12266.2314483284  Free energy = -12266.2914977388  E0 = -12266.2614730336
cycle= 11 E= -12266.2314483284  delta_E= -0.0765  |g|= 2.07  |ddm|=  352
    sigma = 0.02  Optimized mu_alpha = -0.0486894615688  entropy = 2.59696175529
    sigma = 0.02  Optimized mu_beta  = -0.0546036564335  entropy = 2.59696175529
    Total E(T) = -12266.2990171619  Free energy = -12266.350956397  E0 = -12266.3249867795
cycle= 12 E= -12266.2990171619  delta_E= -0.0676  |g|= 1.82  |ddm|=  388
    sigma = 0.02  Optimized mu_alpha = -0.049052955287  entropy = 2.06464884119
    sigma = 0.02  Optimized mu_beta  = -0.0520924886785  entropy = 2.06464884119
    Total E(T) = -12266.3564223505  Free energy = -12266.3977153273  E0 = -12266.3770688389
cycle= 13 E= -12266.3564223505  delta_E= -0.0574  |g|= 1.51  |ddm|=  373
    sigma = 0.02  Optimized mu_alpha = -0.0489922879112  entropy = 1.82603044148
    sigma = 0.02  Optimized mu_beta  = -0.0527192749869  entropy = 1.82603044148
    Total E(T) = -12266.3905342869  Free energy = -12266.4270548958  E0 = -12266.4087945913
cycle= 14 E= -12266.3905342869  delta_E= -0.0341  |g|= 1.17  |ddm|=  424
    sigma = 0.02  Optimized mu_alpha = -0.0487435033545  entropy = 1.80036934023
    sigma = 0.02  Optimized mu_beta  = -0.0527276584203  entropy = 1.80036934023
    Total E(T) = -12266.4215590149  Free energy = -12266.4575664018  E0 = -12266.4395627083
cycle= 15 E= -12266.4215590149  delta_E= -0.031  |g|= 0.791  |ddm|=  267
    sigma = 0.02  Optimized mu_alpha = -0.0471731579634  entropy = 1.74715230394
    sigma = 0.02  Optimized mu_beta  = -0.0513800871519  entropy = 1.74715230394
    Total E(T) = -12266.4354013214  Free energy = -12266.4703443675  E0 = -12266.4528728445
cycle= 16 E= -12266.4354013214  delta_E= -0.0138  |g|= 0.673  |ddm|=  383
    sigma = 0.02  Optimized mu_alpha = -0.0493796274055  entropy = 1.69710971755
    sigma = 0.02  Optimized mu_beta  = -0.0537480030501  entropy = 1.69710971755
    Total E(T) = -12266.4437400068  Free energy = -12266.4776822011  E0 = -12266.460711104
cycle= 17 E= -12266.4437400068  delta_E= -0.00834  |g|= 0.431  |ddm|=  274
    sigma = 0.02  Optimized mu_alpha = -0.0501685042604  entropy = 1.65930258971
    sigma = 0.02  Optimized mu_beta  = -0.0545994882502  entropy = 1.65930258971
    Total E(T) = -12266.4482208023  Free energy = -12266.4814068541  E0 = -12266.4648138282
cycle= 18 E= -12266.4482208023  delta_E= -0.00448  |g|= 0.264  |ddm|=  159
    sigma = 0.02  Optimized mu_alpha = -0.0511307703696  entropy = 1.62624265644
    sigma = 0.02  Optimized mu_beta  = -0.0556967195045  entropy = 1.62624265644
    Total E(T) = -12266.4496840643  Free energy = -12266.4822089174  E0 = -12266.4659464909
cycle= 19 E= -12266.4496840643  delta_E= -0.00146  |g|= 0.195  |ddm|=  357
    sigma = 0.02  Optimized mu_alpha = -0.0506143879037  entropy = 1.62473084173
    sigma = 0.02  Optimized mu_beta  = -0.0552237580387  entropy = 1.62473084173
    Total E(T) = -12266.4517878459  Free energy = -12266.4842824627  E0 = -12266.4680351543
cycle= 20 E= -12266.4517878459  delta_E= -0.0021  |g|= 0.0908  |ddm|=  109
    sigma = 0.02  Optimized mu_alpha = -0.0507254106251  entropy = 1.61995995261
    sigma = 0.02  Optimized mu_beta  = -0.055424246366  entropy = 1.61995995261
    Total E(T) = -12266.4531498043  Free energy = -12266.4855490034  E0 = -12266.4693494038
cycle= 21 E= -12266.4531498043  delta_E= -0.00136  |g|= 0.0721  |ddm|= 87.3
    sigma = 0.02  Optimized mu_alpha = -0.0505822286733  entropy = 1.61178650906
    sigma = 0.02  Optimized mu_beta  = -0.0553689556699  entropy = 1.61178650906
    Total E(T) = -12266.4541314911  Free energy = -12266.4863672213  E0 = -12266.4702493562
cycle= 22 E= -12266.4541314911  delta_E= -0.000982  |g|= 0.0347  |ddm|= 62.9
    sigma = 0.02  Optimized mu_alpha = -0.0504273566442  entropy = 1.60689670791
    sigma = 0.02  Optimized mu_beta  = -0.0552514707865  entropy = 1.60689670791
    Total E(T) = -12266.4547963287  Free energy = -12266.4869342629  E0 = -12266.4708652958
cycle= 23 E= -12266.4547963287  delta_E= -0.000665  |g|= 0.0585  |ddm|= 53.7
    sigma = 0.02  Optimized mu_alpha = -0.0506202102792  entropy = 1.6019837489
    sigma = 0.02  Optimized mu_beta  = -0.0554467725884  entropy = 1.6019837489
    Total E(T) = -12266.4553076377  Free energy = -12266.4873473127  E0 = -12266.4713274752
cycle= 24 E= -12266.4553076377  delta_E= -0.000511  |g|= 0.0741  |ddm|= 49.7
    sigma = 0.02  Optimized mu_alpha = -0.0507023269041  entropy = 1.59780785137
    sigma = 0.02  Optimized mu_beta  = -0.0555625865885  entropy = 1.59780785137
    Total E(T) = -12266.4556959043  Free energy = -12266.4876520613  E0 = -12266.4716739828
cycle= 25 E= -12266.4556959043  delta_E= -0.000388  |g|= 0.098  |ddm|= 50.5
    sigma = 0.02  Optimized mu_alpha = -0.0507441297587  entropy = 1.59597403175
    sigma = 0.02  Optimized mu_beta  = -0.0555888562143  entropy = 1.59597403175
    Total E(T) = -12266.4559382928  Free energy = -12266.4878577734  E0 = -12266.4718980331
cycle= 26 E= -12266.4559382928  delta_E= -0.000242  |g|= 0.122  |ddm|=   44
    sigma = 0.02  Optimized mu_alpha = -0.0507242704837  entropy = 1.59530437222
    sigma = 0.02  Optimized mu_beta  = -0.0555312750819  entropy = 1.59530437222
    Total E(T) = -12266.4558985005  Free energy = -12266.487804588  E0 = -12266.4718515443
cycle= 27 E= -12266.4558985005  delta_E= 3.98e-05  |g|= 0.155  |ddm|= 35.9
    sigma = 0.02  Optimized mu_alpha = -0.0507448249326  entropy = 1.59392868637
    sigma = 0.02  Optimized mu_beta  = -0.0555362438333  entropy = 1.59392868637
    Total E(T) = -12266.4556413227  Free energy = -12266.4875198965  E0 = -12266.4715806096
cycle= 28 E= -12266.4556413227  delta_E= 0.000257  |g|= 0.188  |ddm|=   32
    sigma = 0.02  Optimized mu_alpha = -0.0508217524387  entropy = 1.59209776175
    sigma = 0.02  Optimized mu_beta  = -0.0556119646324  entropy = 1.59209776175
    Total E(T) = -12266.4551994254  Free energy = -12266.4870413806  E0 = -12266.471120403
cycle= 29 E= -12266.4551994254  delta_E= 0.000442  |g|= 0.218  |ddm|= 32.3
    sigma = 0.02  Optimized mu_alpha = -0.0508330844912  entropy = 1.59066639165
    sigma = 0.02  Optimized mu_beta  = -0.0556168620182  entropy = 1.59066639165
    Total E(T) = -12266.4545142493  Free energy = -12266.4863275771  E0 = -12266.4704209132
cycle= 30 E= -12266.4545142493  delta_E= 0.000685  |g|= 0.254  |ddm|= 29.3
    sigma = 0.02  Optimized mu_alpha = -0.050824965509  entropy = 1.58869058854
    sigma = 0.02  Optimized mu_beta  = -0.0555945969279  entropy = 1.58869058854
    Total E(T) = -12266.4539760489  Free energy = -12266.4857498607  E0 = -12266.4698629548
cycle= 31 E= -12266.4539760489  delta_E= 0.000538  |g|= 0.267  |ddm|= 33.3
    sigma = 0.02  Optimized mu_alpha = -0.0508623711053  entropy = 1.58780714107
    sigma = 0.02  Optimized mu_beta  = -0.0556130381006  entropy = 1.58780714107
    Total E(T) = -12266.4531800869  Free energy = -12266.4849362297  E0 = -12266.4690581583
cycle= 32 E= -12266.4531800869  delta_E= 0.000796  |g|=  0.3  |ddm|= 26.7
    sigma = 0.02  Optimized mu_alpha = -0.0506973300889  entropy = 1.58819532173
    sigma = 0.02  Optimized mu_beta  = -0.0554082536211  entropy = 1.58819532173
    Total E(T) = -12266.4521231673  Free energy = -12266.4838870738  E0 = -12266.4680051205
cycle= 33 E= -12266.4521231673  delta_E= 0.00106  |g|= 0.334  |ddm|= 57.3
    sigma = 0.02  Optimized mu_alpha = -0.0508223006781  entropy = 1.58657921825
    sigma = 0.02  Optimized mu_beta  = -0.0555333880101  entropy = 1.58657921825
    Total E(T) = -12266.4511533796  Free energy = -12266.4828849639  E0 = -12266.4670191717
cycle= 34 E= -12266.4511533796  delta_E= 0.00097  |g|= 0.362  |ddm|= 24.2
    sigma = 0.02  Optimized mu_alpha = -0.051100807062  entropy = 1.58357135664
    sigma = 0.02  Optimized mu_beta  = -0.0558411974402  entropy = 1.58357135664
    Total E(T) = -12266.4507669255  Free energy = -12266.4824383527  E0 = -12266.4666026391
cycle= 35 E= -12266.4507669255  delta_E= 0.000386  |g|= 0.361  |ddm|= 47.3
    sigma = 0.02  Optimized mu_alpha = -0.0509855126594  entropy = 1.5828056924
    sigma = 0.02  Optimized mu_beta  = -0.0557181062652  entropy = 1.5828056924
    Total E(T) = -12266.4502419105  Free energy = -12266.4818980243  E0 = -12266.4660699674
cycle= 36 E= -12266.4502419105  delta_E= 0.000525  |g|= 0.387  |ddm|= 55.1
    sigma = 0.02  Optimized mu_alpha = -0.0508100454277  entropy = 1.58002036289
    sigma = 0.02  Optimized mu_beta  = -0.0556129181287  entropy = 1.58002036289
    Total E(T) = -12266.4504152758  Free energy = -12266.482015683  E0 = -12266.4662154794
cycle= 37 E= -12266.4504152758  delta_E= -0.000173  |g|= 0.382  |ddm|= 62.9
    sigma = 0.02  Optimized mu_alpha = -0.0509729516595  entropy = 1.5778790496
    sigma = 0.02  Optimized mu_beta  = -0.055784842493  entropy = 1.5778790496
    Total E(T) = -12266.4508537716  Free energy = -12266.4824113526  E0 = -12266.4666325621
cycle= 38 E= -12266.4508537716  delta_E= -0.000438  |g|= 0.38  |ddm|= 32.2
    sigma = 0.02  Optimized mu_alpha = -0.0510060512792  entropy = 1.57589347737
    sigma = 0.02  Optimized mu_beta  = -0.0558485518178  entropy = 1.57589347737
    Total E(T) = -12266.4517022969  Free energy = -12266.4832201665  E0 = -12266.4674612317
cycle= 39 E= -12266.4517022969  delta_E= -0.000849  |g|= 0.365  |ddm|= 45.6
    sigma = 0.02  Optimized mu_alpha = -0.0509012958896  entropy = 1.56995796981
    sigma = 0.02  Optimized mu_beta  = -0.0559004369404  entropy = 1.56995796981
    Total E(T) = -12266.4529858796  Free energy = -12266.4843850389  E0 = -12266.4686854592
cycle= 40 E= -12266.4529858796  delta_E= -0.00128  |g|= 0.349  |ddm|= 62.8
    sigma = 0.02  Optimized mu_alpha = -0.0511768786053  entropy = 1.56759899841
    sigma = 0.02  Optimized mu_beta  = -0.0561794726848  entropy = 1.56759899841
    Total E(T) = -12266.4552618016  Free energy = -12266.4866137816  E0 = -12266.4709377916
cycle= 41 E= -12266.4552618016  delta_E= -0.00228  |g|= 0.308  |ddm|= 62.1
    sigma = 0.02  Optimized mu_alpha = -0.0506968944747  entropy = 1.56657222813
    sigma = 0.02  Optimized mu_beta  = -0.0557167483063  entropy = 1.56657222813
    Total E(T) = -12266.4565099606  Free energy = -12266.4878414051  E0 = -12266.4721756829
cycle= 42 E= -12266.4565099606  delta_E= -0.00125  |g|= 0.286  |ddm|= 66.9
    sigma = 0.02  Optimized mu_alpha = -0.0512692125294  entropy = 1.56525106633
    sigma = 0.02  Optimized mu_beta  = -0.0562631031329  entropy = 1.56525106633
    Total E(T) = -12266.4567995217  Free energy = -12266.488104543  E0 = -12266.4724520324
cycle= 43 E= -12266.4567995217  delta_E= -0.00029  |g|= 0.428  |ddm|=  165
    sigma = 0.02  Optimized mu_alpha = -0.0510484076137  entropy = 1.5601932179
    sigma = 0.02  Optimized mu_beta  = -0.0560524585092  entropy = 1.5601932179
    Total E(T) = -12266.4600067596  Free energy = -12266.4912106239  E0 = -12266.4756086917
cycle= 44 E= -12266.4600067596  delta_E= -0.00321  |g|= 0.252  |ddm|=  146
    sigma = 0.02  Optimized mu_alpha = -0.0517028485702  entropy = 1.55688987061
    sigma = 0.02  Optimized mu_beta  = -0.056604451881  entropy = 1.55688987061
    Total E(T) = -12266.4621273335  Free energy = -12266.493265131  E0 = -12266.4776962322
cycle= 45 E= -12266.4621273335  delta_E= -0.00212  |g|= 0.206  |ddm|=  192
    sigma = 0.02  Optimized mu_alpha = -0.0515240811372  entropy = 1.56241917041
    sigma = 0.02  Optimized mu_beta  = -0.056026584267  entropy = 1.56241917041
    Total E(T) = -12266.4635845173  Free energy = -12266.4948329007  E0 = -12266.479208709
cycle= 46 E= -12266.4635845173  delta_E= -0.00146  |g|= 0.208  |ddm|=  214
    sigma = 0.02  Optimized mu_alpha = -0.0509850312424  entropy = 1.55556780643
    sigma = 0.02  Optimized mu_beta  = -0.0556474327367  entropy = 1.55556780643
    Total E(T) = -12266.4646149659  Free energy = -12266.495726322  E0 = -12266.4801706439
cycle= 47 E= -12266.4646149659  delta_E= -0.00103  |g|= 0.102  |ddm|=  117
    sigma = 0.02  Optimized mu_alpha = -0.0512636092843  entropy = 1.55233258651
    sigma = 0.02  Optimized mu_beta  = -0.0559970581834  entropy = 1.55233258651
    Total E(T) = -12266.4650535524  Free energy = -12266.4961002041  E0 = -12266.4805768783
cycle= 48 E= -12266.4650535524  delta_E= -0.000439  |g|= 0.0929  |ddm|= 77.4
    sigma = 0.02  Optimized mu_alpha = -0.0511673323987  entropy = 1.55025934317
    sigma = 0.02  Optimized mu_beta  = -0.0559714535628  entropy = 1.55025934317
    Total E(T) = -12266.4654052962  Free energy = -12266.4964104831  E0 = -12266.4809078897
cycle= 49 E= -12266.4654052962  delta_E= -0.000352  |g|= 0.063  |ddm|= 28.6
    sigma = 0.02  Optimized mu_alpha = -0.0510608014825  entropy = 1.54898042058
    sigma = 0.02  Optimized mu_beta  = -0.055925120648  entropy = 1.54898042058
    Total E(T) = -12266.4656792825  Free energy = -12266.4966588909  E0 = -12266.4811690867
cycle= 50 E= -12266.4656792825  delta_E= -0.000274  |g|= 0.049  |ddm|= 21.3
    sigma = 0.02  Optimized mu_alpha = -0.0510365346398  entropy = 1.54725028078
    sigma = 0.02  Optimized mu_beta  = -0.0559432285819  entropy = 1.54725028078
    Total E(T) = -12266.4659187704  Free energy = -12266.496863776  E0 = -12266.4813912732
cycle= 51 E= -12266.4659187704  delta_E= -0.000239  |g|= 0.036  |ddm|= 28.6
    sigma = 0.02  Optimized mu_alpha = -0.0509768278768  entropy = 1.54574268293
    sigma = 0.02  Optimized mu_beta  = -0.0559380476005  entropy = 1.54574268293
    Total E(T) = -12266.4660954576  Free energy = -12266.4970103113  E0 = -12266.4815528844
cycle= 52 E= -12266.4660954576  delta_E= -0.000177  |g|= 0.0527  |ddm|= 36.8
    sigma = 0.02  Optimized mu_alpha = -0.0509841655886  entropy = 1.54458176984
    sigma = 0.02  Optimized mu_beta  = -0.05594133006  entropy = 1.54458176984
    Total E(T) = -12266.4662732942  Free energy = -12266.4971649296  E0 = -12266.4817191119
cycle= 53 E= -12266.4662732942  delta_E= -0.000178  |g|= 0.0295  |ddm|= 27.2
    sigma = 0.02  Optimized mu_alpha = -0.0510457657097  entropy = 1.5447390705
    sigma = 0.02  Optimized mu_beta  = -0.0559462576066  entropy = 1.5447390705
    Total E(T) = -12266.4664179537  Free energy = -12266.4973127351  E0 = -12266.4818653444
cycle= 54 E= -12266.4664179537  delta_E= -0.000145  |g|= 0.023  |ddm|= 17.8
    sigma = 0.02  Optimized mu_alpha = -0.0511063353909  entropy = 1.54563880753
    sigma = 0.02  Optimized mu_beta  = -0.0559370250145  entropy = 1.54563880753
    Total E(T) = -12266.4665284347  Free energy = -12266.4974412109  E0 = -12266.4819848228
cycle= 55 E= -12266.4665284347  delta_E= -0.00011  |g|= 0.0369  |ddm|= 19.5
    sigma = 0.02  Optimized mu_alpha = -0.0511607140105  entropy = 1.5462026579
    sigma = 0.02  Optimized mu_beta  = -0.0559103596742  entropy = 1.5462026579
    Total E(T) = -12266.4666695954  Free energy = -12266.4975936486  E0 = -12266.482131622
cycle= 56 E= -12266.4666695954  delta_E= -0.000141  |g|= 0.0179  |ddm|= 21.2
    sigma = 0.02  Optimized mu_alpha = -0.0511873501194  entropy = 1.54574343906
    sigma = 0.02  Optimized mu_beta  = -0.0559395353004  entropy = 1.54574343906
    Total E(T) = -12266.4667714927  Free energy = -12266.4976863615  E0 = -12266.4822289271
cycle= 57 E= -12266.4667714927  delta_E= -0.000102  |g|= 0.0245  |ddm|= 20.4
    sigma = 0.02  Optimized mu_alpha = -0.0510851306009  entropy = 1.54611302084
    sigma = 0.02  Optimized mu_beta  = -0.0558096949471  entropy = 1.54611302084
    Total E(T) = -12266.4668701395  Free energy = -12266.4977923999  E0 = -12266.4823312697
cycle= 58 E= -12266.4668701395  delta_E= -9.86e-05  |g|= 0.0217  |ddm|= 23.7
    sigma = 0.02  Optimized mu_alpha = -0.0512286395928  entropy = 1.54639687628
    sigma = 0.02  Optimized mu_beta  = -0.0558899873556  entropy = 1.54639687628
    Total E(T) = -12266.4669797558  Free energy = -12266.4979076933  E0 = -12266.4824437245
cycle= 59 E= -12266.4669797558  delta_E= -0.00011  |g|= 0.0121  |ddm|= 18.7
    sigma = 0.02  Optimized mu_alpha = -0.0512682012266  entropy = 1.54653474047
    sigma = 0.02  Optimized mu_beta  = -0.0558965524862  entropy = 1.54653474047
    Total E(T) = -12266.4670650829  Free energy = -12266.4979957777  E0 = -12266.4825304303
cycle= 60 E= -12266.4670650829  delta_E= -8.53e-05  |g|= 0.019  |ddm|= 16.7
    sigma = 0.02  Optimized mu_alpha = -0.0512224502519  entropy = 1.54547953425
    sigma = 0.02  Optimized mu_beta  = -0.055895050861  entropy = 1.54547953425
    Total E(T) = -12266.4671501616  Free energy = -12266.4980597523  E0 = -12266.482604957
cycle= 61 E= -12266.4671501616  delta_E= -8.51e-05  |g|= 0.0169  |ddm|= 14.9
    sigma = 0.02  Optimized mu_alpha = -0.0512181684098  entropy = 1.5463320148
    sigma = 0.02  Optimized mu_beta  = -0.0558198356424  entropy = 1.5463320148
    Total E(T) = -12266.4672222784  Free energy = -12266.4981489187  E0 = -12266.4826855985
cycle= 62 E= -12266.4672222784  delta_E= -7.21e-05  |g|= 0.0216  |ddm|= 18.4
    sigma = 0.02  Optimized mu_alpha = -0.0512359754772  entropy = 1.54550909199
    sigma = 0.02  Optimized mu_beta  = -0.0558630612669  entropy = 1.54550909199
    Total E(T) = -12266.4672963306  Free energy = -12266.4982065125  E0 = -12266.4827514216
cycle= 63 E= -12266.4672963306  delta_E= -7.41e-05  |g|= 0.0215  |ddm|=   16
    sigma = 0.02  Optimized mu_alpha = -0.0511861469583  entropy = 1.54431010691
    sigma = 0.02  Optimized mu_beta  = -0.0558935469235  entropy = 1.54431010691
    Total E(T) = -12266.4673777094  Free energy = -12266.4982639115  E0 = -12266.4828208104
cycle= 64 E= -12266.4673777094  delta_E= -8.14e-05  |g|= 0.013  |ddm|= 16.2
    sigma = 0.02  Optimized mu_alpha = -0.0511665108305  entropy = 1.544129212
    sigma = 0.02  Optimized mu_beta  = -0.0558635829461  entropy = 1.544129212
    Total E(T) = -12266.4674474636  Free energy = -12266.4983300479  E0 = -12266.4828887557
cycle= 65 E= -12266.4674474636  delta_E= -6.98e-05  |g|= 0.00814  |ddm|= 12.1
    sigma = 0.02  Optimized mu_alpha = -0.0511850595613  entropy = 1.54373089718
    sigma = 0.02  Optimized mu_beta  = -0.0558894804467  entropy = 1.54373089718
    Total E(T) = -12266.467512591  Free energy = -12266.4983872089  E0 = -12266.4829498999
cycle= 66 E= -12266.467512591  delta_E= -6.51e-05  |g|= 0.00869  |ddm|= 11.8
    sigma = 0.02  Optimized mu_alpha = -0.0511779358826  entropy = 1.54354717176
    sigma = 0.02  Optimized mu_beta  = -0.0558732406916  entropy = 1.54354717176
    Total E(T) = -12266.4675751947  Free energy = -12266.4984461381  E0 = -12266.4830106664
cycle= 67 E= -12266.4675751947  delta_E= -6.26e-05  |g|= 0.0114  |ddm|= 12.7
    sigma = 0.02  Optimized mu_alpha = -0.0512229904209  entropy = 1.5443284632
    sigma = 0.02  Optimized mu_beta  = -0.0558363356127  entropy = 1.5443284632
    Total E(T) = -12266.4676472551  Free energy = -12266.4985338244  E0 = -12266.4830905398
cycle= 68 E= -12266.4676472551  delta_E= -7.21e-05  |g|= 0.0108  |ddm|= 25.9
    sigma = 0.02  Optimized mu_alpha = -0.0512337579765  entropy = 1.54397095827
    sigma = 0.02  Optimized mu_beta  = -0.0558654168953  entropy = 1.54397095827
    Total E(T) = -12266.467708551  Free energy = -12266.4985879701  E0 = -12266.4831482605
cycle= 69 E= -12266.467708551  delta_E= -6.13e-05  |g|= 0.0103  |ddm|= 13.8
    sigma = 0.02  Optimized mu_alpha = -0.0511705512887  entropy = 1.54371545624
    sigma = 0.02  Optimized mu_beta  = -0.055813215568  entropy = 1.54371545624
    Total E(T) = -12266.467765989  Free energy = -12266.4986402982  E0 = -12266.4832031436
cycle= 70 E= -12266.467765989  delta_E= -5.74e-05  |g|= 0.0126  |ddm|= 12.6
    sigma = 0.02  Optimized mu_alpha = -0.0512220966627  entropy = 1.54364938817
    sigma = 0.02  Optimized mu_beta  = -0.0558244474077  entropy = 1.54364938817
    Total E(T) = -12266.467825392  Free energy = -12266.4986983797  E0 = -12266.4832618859
cycle= 71 E= -12266.467825392  delta_E= -5.94e-05  |g|= 0.0131  |ddm|= 24.2
    sigma = 0.02  Optimized mu_alpha = -0.0512245447312  entropy = 1.54324991383
    sigma = 0.02  Optimized mu_beta  = -0.0558625076967  entropy = 1.54324991383
    Total E(T) = -12266.4678844474  Free energy = -12266.4987494457  E0 = -12266.4833169465
cycle= 72 E= -12266.4678844474  delta_E= -5.91e-05  |g|= 0.00908  |ddm|= 17.7
    sigma = 0.02  Optimized mu_alpha = -0.0512250897642  entropy = 1.54302915399
    sigma = 0.02  Optimized mu_beta  = -0.0558694851365  entropy = 1.54302915399
    Total E(T) = -12266.4679343671  Free energy = -12266.4987949502  E0 = -12266.4833646586
cycle= 73 E= -12266.4679343671  delta_E= -4.99e-05  |g|= 0.0157  |ddm|= 15.6
    sigma = 0.02  Optimized mu_alpha = -0.0512077657123  entropy = 1.54316552695
    sigma = 0.02  Optimized mu_beta  = -0.0558224734542  entropy = 1.54316552695
    Total E(T) = -12266.4679888394  Free energy = -12266.49885215  E0 = -12266.4834204947
cycle= 74 E= -12266.4679888394  delta_E= -5.45e-05  |g|= 0.0104  |ddm|= 21.1
    sigma = 0.02  Optimized mu_alpha = -0.0512289237352  entropy = 1.5428075808
    sigma = 0.02  Optimized mu_beta  = -0.0558520363912  entropy = 1.5428075808
    Total E(T) = -12266.468039305  Free energy = -12266.4988954566  E0 = -12266.4834673808
cycle= 75 E= -12266.468039305  delta_E= -5.05e-05  |g|= 0.0102  |ddm|= 16.1
    sigma = 0.02  Optimized mu_alpha = -0.0512590093204  entropy = 1.54343743521
    sigma = 0.02  Optimized mu_beta  = -0.0558200922099  entropy = 1.54343743521
    Total E(T) = -12266.4680800863  Free energy = -12266.498948835  E0 = -12266.4835144607
cycle= 76 E= -12266.4680800863  delta_E= -4.08e-05  |g|= 0.0227  |ddm|= 25.6
    sigma = 0.02  Optimized mu_alpha = -0.0512037831421  entropy = 1.54251043922
    sigma = 0.02  Optimized mu_beta  = -0.0558219153455  entropy = 1.54251043922
    Total E(T) = -12266.4681305209  Free energy = -12266.4989807297  E0 = -12266.4835556253
cycle= 77 E= -12266.4681305209  delta_E= -5.04e-05  |g|= 0.0186  |ddm|= 17.3
    sigma = 0.02  Optimized mu_alpha = -0.0512017528092  entropy = 1.54189668932
    sigma = 0.02  Optimized mu_beta  = -0.055855418484  entropy = 1.54189668932
    Total E(T) = -12266.4681795136  Free energy = -12266.4990174473  E0 = -12266.4835984804
cycle= 78 E= -12266.4681795136  delta_E= -4.9e-05  |g|= 0.00961  |ddm|= 16.4
    sigma = 0.02  Optimized mu_alpha = -0.0511937896557  entropy = 1.54153490311
    sigma = 0.02  Optimized mu_beta  = -0.0558507282067  entropy = 1.54153490311
    Total E(T) = -12266.468223629  Free energy = -12266.4990543271  E0 = -12266.483638978
cycle= 79 E= -12266.468223629  delta_E= -4.41e-05  |g|= 0.00883  |ddm|= 12.3
    sigma = 0.02  Optimized mu_alpha = -0.0512037565065  entropy = 1.54112801835
    sigma = 0.02  Optimized mu_beta  = -0.0558416932906  entropy = 1.54112801835
    Total E(T) = -12266.4682677052  Free energy = -12266.4990902656  E0 = -12266.4836789854
cycle= 80 E= -12266.4682677052  delta_E= -4.41e-05  |g|= 0.0143  |ddm|= 33.5
    sigma = 0.02  Optimized mu_alpha = -0.0512123537797  entropy = 1.54163672144
    sigma = 0.02  Optimized mu_beta  = -0.0558353865189  entropy = 1.54163672144
    Total E(T) = -12266.4683134657  Free energy = -12266.4991462002  E0 = -12266.483729833
cycle= 81 E= -12266.4683134657  delta_E= -4.58e-05  |g|= 0.00926  |ddm|= 12.9
    sigma = 0.02  Optimized mu_alpha = -0.0511732047898  entropy = 1.54162644116
    sigma = 0.02  Optimized mu_beta  = -0.0558034922348  entropy = 1.54162644116
    Total E(T) = -12266.4683525496  Free energy = -12266.4991850784  E0 = -12266.483768814
cycle= 82 E= -12266.4683525496  delta_E= -3.91e-05  |g|= 0.00834  |ddm|= 16.7
    sigma = 0.02  Optimized mu_alpha = -0.0512213459568  entropy = 1.54143814676
    sigma = 0.02  Optimized mu_beta  = -0.0558335859298  entropy = 1.54143814676
    Total E(T) = -12266.4683918696  Free energy = -12266.4992206326  E0 = -12266.4838062511
cycle= 83 E= -12266.4683918696  delta_E= -3.93e-05  |g|= 0.0161  |ddm|= 17.6
    sigma = 0.02  Optimized mu_alpha = -0.0512356159915  entropy = 1.5413365473
    sigma = 0.02  Optimized mu_beta  = -0.0558371596881  entropy = 1.5413365473
    Total E(T) = -12266.4684312027  Free energy = -12266.4992579337  E0 = -12266.4838445682
cycle= 84 E= -12266.4684312027  delta_E= -3.93e-05  |g|= 0.0118  |ddm|= 18.1
    sigma = 0.02  Optimized mu_alpha = -0.0512117326483  entropy = 1.54110297667
    sigma = 0.02  Optimized mu_beta  = -0.0558429916472  entropy = 1.54110297667
    Total E(T) = -12266.4684692458  Free energy = -12266.4992913054  E0 = -12266.4838802756
cycle= 85 E= -12266.4684692458  delta_E= -3.8e-05  |g|= 0.0068  |ddm|= 21.1
    sigma = 0.02  Optimized mu_alpha = -0.051189412633  entropy = 1.54104065946
    sigma = 0.02  Optimized mu_beta  = -0.0558105871221  entropy = 1.54104065946
    Total E(T) = -12266.4685047539  Free energy = -12266.4993255671  E0 = -12266.4839151605
cycle= 86 E= -12266.4685047539  delta_E= -3.55e-05  |g|= 0.00676  |ddm|= 12.3
    sigma = 0.02  Optimized mu_alpha = -0.051217914869  entropy = 1.54091680964
    sigma = 0.02  Optimized mu_beta  = -0.0558331756417  entropy = 1.54091680964
    Total E(T) = -12266.4685392792  Free energy = -12266.4993576154  E0 = -12266.4839484473
cycle= 87 E= -12266.4685392792  delta_E= -3.45e-05  |g|= 0.00894  |ddm|= 12.3
    sigma = 0.02  Optimized mu_alpha = -0.0512065797723  entropy = 1.54098889562
    sigma = 0.02  Optimized mu_beta  = -0.0558165663341  entropy = 1.54098889562
    Total E(T) = -12266.4685719115  Free energy = -12266.4993916895  E0 = -12266.4839818005
cycle= 88 E= -12266.4685719115  delta_E= -3.26e-05  |g|= 0.0094  |ddm|= 13.4
    sigma = 0.02  Optimized mu_alpha = -0.0512012580264  entropy = 1.54060929031
    sigma = 0.02  Optimized mu_beta  = -0.0558184817525  entropy = 1.54060929031
    Total E(T) = -12266.4686038259  Free energy = -12266.4994160117  E0 = -12266.4840099188
cycle= 89 E= -12266.4686038259  delta_E= -3.19e-05  |g|= 0.0103  |ddm|=   11
    sigma = 0.02  Optimized mu_alpha = -0.0512094075483  entropy = 1.54043606974
    sigma = 0.02  Optimized mu_beta  = -0.05581220592  entropy = 1.54043606974
    Total E(T) = -12266.4686330767  Free energy = -12266.4994417981  E0 = -12266.4840374374
cycle= 90 E= -12266.4686330767  delta_E= -2.93e-05  |g|= 0.0138  |ddm|= 24.2
    sigma = 0.02  Optimized mu_alpha = -0.0511958488745  entropy = 1.54010166529
    sigma = 0.02  Optimized mu_beta  = -0.0558298617276  entropy = 1.54010166529
    Total E(T) = -12266.4686684605  Free energy = -12266.4994704938  E0 = -12266.4840694772
cycle= 91 E= -12266.4686684605  delta_E= -3.54e-05  |g|= 0.00599  |ddm|= 20.3
    sigma = 0.02  Optimized mu_alpha = -0.0511947329566  entropy = 1.54013802748
    sigma = 0.02  Optimized mu_beta  = -0.0558248039579  entropy = 1.54013802748
    Total E(T) = -12266.4686966306  Free energy = -12266.4994993911  E0 = -12266.4840980109
cycle= 92 E= -12266.4686966306  delta_E= -2.82e-05  |g|= 0.00614  |ddm|= 10.1
    sigma = 0.02  Optimized mu_alpha = -0.0511695263156  entropy = 1.53940600185
    sigma = 0.02  Optimized mu_beta  = -0.0557974088197  entropy = 1.53940600185
    Total E(T) = -12266.468716407  Free energy = -12266.4995045271  E0 = -12266.484110467
cycle= 93 E= -12266.468716407  delta_E= -1.98e-05  |g|= 0.0159  |ddm|= 44.9
    sigma = 0.02  Optimized mu_alpha = -0.0511767034883  entropy = 1.53988430101
    sigma = 0.02  Optimized mu_beta  = -0.0557979037894  entropy = 1.53988430101
    Total E(T) = -12266.4687544385  Free energy = -12266.4995521245  E0 = -12266.4841532815
cycle= 94 E= -12266.4687544385  delta_E= -3.8e-05  |g|= 0.0103  |ddm|= 22.2
    sigma = 0.02  Optimized mu_alpha = -0.0512147673062  entropy = 1.53984120927
    sigma = 0.02  Optimized mu_beta  = -0.0558367760813  entropy = 1.53984120927
    Total E(T) = -12266.4687840426  Free energy = -12266.4995808668  E0 = -12266.4841824547
cycle= 95 E= -12266.4687840426  delta_E= -2.96e-05  |g|= 0.00629  |ddm|= 14.9
    sigma = 0.02  Optimized mu_alpha = -0.0512185240562  entropy = 1.53977772212
    sigma = 0.02  Optimized mu_beta  = -0.0558297510685  entropy = 1.53977772212
    Total E(T) = -12266.4688093505  Free energy = -12266.499604905  E0 = -12266.4842071277
cycle= 96 E= -12266.4688093505  delta_E= -2.53e-05  |g|= 0.014  |ddm|= 16.5
    sigma = 0.02  Optimized mu_alpha = -0.0512115267401  entropy = 1.539364952
    sigma = 0.02  Optimized mu_beta  = -0.0558217330759  entropy = 1.539364952
    Total E(T) = -12266.4688283758  Free energy = -12266.4996156748  E0 = -12266.4842220253
cycle= 97 E= -12266.4688283758  delta_E= -1.9e-05  |g|= 0.0147  |ddm|= 25.7
    sigma = 0.02  Optimized mu_alpha = -0.0511726964745  entropy = 1.53949038201
    sigma = 0.02  Optimized mu_beta  = -0.0557983319086  entropy = 1.53949038201
    Total E(T) = -12266.4688608359  Free energy = -12266.4996506435  E0 = -12266.4842557397
cycle= 98 E= -12266.4688608359  delta_E= -3.25e-05  |g|= 0.00973  |ddm|= 23.7
    sigma = 0.02  Optimized mu_alpha = -0.0511960239133  entropy = 1.53928282441
    sigma = 0.02  Optimized mu_beta  = -0.0558216248786  entropy = 1.53928282441
    Total E(T) = -12266.4688854891  Free energy = -12266.4996711456  E0 = -12266.4842783174
cycle= 99 E= -12266.4688854891  delta_E= -2.47e-05  |g|= 0.00974  |ddm|= 11.8
    sigma = 0.02  Optimized mu_alpha = -0.0511849362304  entropy = 1.53925110965
    sigma = 0.02  Optimized mu_beta  = -0.0558102469533  entropy = 1.53925110965
    Total E(T) = -12266.4689084733  Free energy = -12266.4996934955  E0 = -12266.4843009844
cycle= 100 E= -12266.4689084733  delta_E= -2.3e-05  |g|= 0.0061  |ddm|= 9.99
    sigma = 0.02  Optimized mu_alpha = -0.0511830395069  entropy = 1.53893981975
    sigma = 0.02  Optimized mu_beta  = -0.0558182882253  entropy = 1.53893981975
    Total E(T) = -12266.4689297086  Free energy = -12266.499708505  E0 = -12266.4843191068
cycle= 101 E= -12266.4689297086  delta_E= -2.12e-05  |g|= 0.00802  |ddm|= 9.35
    sigma = 0.02  Optimized mu_alpha = -0.0511825995193  entropy = 1.53891665689
    sigma = 0.02  Optimized mu_beta  = -0.0558126363407  entropy = 1.53891665689
    Total E(T) = -12266.4689512709  Free energy = -12266.499729604  E0 = -12266.4843404374
cycle= 102 E= -12266.4689512709  delta_E= -2.16e-05  |g|= 0.0083  |ddm|= 11.4
    sigma = 0.02  Optimized mu_alpha = -0.0511905531114  entropy = 1.53859701458
    sigma = 0.02  Optimized mu_beta  = -0.0558243786883  entropy = 1.53859701458
    Total E(T) = -12266.4689722413  Free energy = -12266.4997441816  E0 = -12266.4843582115
cycle= 103 E= -12266.4689722413  delta_E= -2.1e-05  |g|= 0.00784  |ddm|= 13.6
    sigma = 0.02  Optimized mu_alpha = -0.0511788599307  entropy = 1.53876774325
    sigma = 0.02  Optimized mu_beta  = -0.0558099032366  entropy = 1.53876774325
    Total E(T) = -12266.4689922469  Free energy = -12266.4997676018  E0 = -12266.4843799243
cycle= 104 E= -12266.4689922469  delta_E= -2e-05  |g|= 0.00804  |ddm|= 10.5
    sigma = 0.02  Optimized mu_alpha = -0.0511754654586  entropy = 1.53878397669
    sigma = 0.02  Optimized mu_beta  = -0.0558038288726  entropy = 1.53878397669
    Total E(T) = -12266.4690116366  Free energy = -12266.4997873162  E0 = -12266.4843994764
cycle= 105 E= -12266.4690116366  delta_E= -1.94e-05  |g|= 0.00429  |ddm|= 8.28
    sigma = 0.02  Optimized mu_alpha = -0.0511854760441  entropy = 1.53862740783
    sigma = 0.02  Optimized mu_beta  = -0.0558090713524  entropy = 1.53862740783
    Total E(T) = -12266.469030626  Free energy = -12266.4998031742  E0 = -12266.4844169001
cycle= 106 E= -12266.469030626  delta_E= -1.9e-05  |g|= 0.00598  |ddm|= 14.1
    sigma = 0.02  Optimized mu_alpha = -0.0512138202012  entropy = 1.53829335461
    sigma = 0.02  Optimized mu_beta  = -0.055840559379  entropy = 1.53829335461
    Total E(T) = -12266.4690450749  Free energy = -12266.4998109419  E0 = -12266.4844280084
cycle= 107 E= -12266.4690450749  delta_E= -1.44e-05  |g|= 0.0108  |ddm|= 20.4
    sigma = 0.02  Optimized mu_alpha = -0.0511818459797  entropy = 1.53854479205
    sigma = 0.02  Optimized mu_beta  = -0.055810486736  entropy = 1.53854479205
    Total E(T) = -12266.4690671864  Free energy = -12266.4998380822  E0 = -12266.4844526343
cycle= 108 E= -12266.4690671864  delta_E= -2.21e-05  |g|= 0.0056  |ddm|=   19
    sigma = 0.02  Optimized mu_alpha = -0.0511612648306  entropy = 1.53842942852
    sigma = 0.02  Optimized mu_beta  = -0.0557937081771  entropy = 1.53842942852
    Total E(T) = -12266.4690835365  Free energy = -12266.4998521251  E0 = -12266.4844678308
cycle= 109 E= -12266.4690835365  delta_E= -1.64e-05  |g|= 0.00577  |ddm|=  7.5
    sigma = 0.02  Optimized mu_alpha = -0.0511383347049  entropy = 1.53737935197
    sigma = 0.02  Optimized mu_beta  = -0.0557997683398  entropy = 1.53737935197
    Total E(T) = -12266.469089823  Free energy = -12266.4998374101  E0 = -12266.4844636165
cycle= 110 E= -12266.469089823  delta_E= -6.29e-06  |g|= 0.015  |ddm|= 36.8
    sigma = 0.02  Optimized mu_alpha = -0.0511792142991  entropy = 1.53788866861
    sigma = 0.02  Optimized mu_beta  = -0.0558223981148  entropy = 1.53788866861
    Total E(T) = -12266.4691160224  Free energy = -12266.4998737958  E0 = -12266.4844949091
cycle= 111 E= -12266.4691160224  delta_E= -2.62e-05  |g|= 0.00794  |ddm|= 23.5
    sigma = 0.02  Optimized mu_alpha = -0.0511767857858  entropy = 1.53802838381
    sigma = 0.02  Optimized mu_beta  = -0.0558144439284  entropy = 1.53802838381
    Total E(T) = -12266.4691327849  Free energy = -12266.4998933526  E0 = -12266.4845130687
cycle= 112 E= -12266.4691327849  delta_E= -1.68e-05  |g|= 0.00547  |ddm|= 10.7
    sigma = 0.02  Optimized mu_alpha = -0.0511783382985  entropy = 1.53797430497
    sigma = 0.02  Optimized mu_beta  = -0.0558165784185  entropy = 1.53797430497
    Total E(T) = -12266.4691472618  Free energy = -12266.4999067479  E0 = -12266.4845270048
cycle= 113 E= -12266.4691472618  delta_E= -1.45e-05  |g|= 0.00474  |ddm|= 8.92
    sigma = 0.02  Optimized mu_alpha = -0.0511756619712  entropy = 1.53807824025
    sigma = 0.02  Optimized mu_beta  = -0.0558071008896  entropy = 1.53807824025
    Total E(T) = -12266.4691609161  Free energy = -12266.4999224809  E0 = -12266.4845416985
cycle= 114 E= -12266.4691609161  delta_E= -1.37e-05  |g|= 0.00511  |ddm|= 7.28
    sigma = 0.02  Optimized mu_alpha = -0.0511577316524  entropy = 1.537787575
    sigma = 0.02  Optimized mu_beta  = -0.0557953563919  entropy = 1.537787575
    Total E(T) = -12266.4691741964  Free energy = -12266.4999299479  E0 = -12266.4845520721
cycle= 115 E= -12266.4691741964  delta_E= -1.33e-05  |g|= 0.00678  |ddm|= 13.1
    sigma = 0.02  Optimized mu_alpha = -0.0511670910797  entropy = 1.53783270577
    sigma = 0.02  Optimized mu_beta  = -0.0558034738524  entropy = 1.53783270577
    Total E(T) = -12266.4691876038  Free energy = -12266.4999442579  E0 = -12266.4845659308
cycle= 116 E= -12266.4691876038  delta_E= -1.34e-05  |g|= 0.00573  |ddm|= 7.23
    sigma = 0.02  Optimized mu_alpha = -0.0511239994958  entropy = 1.53700232664
    sigma = 0.02  Optimized mu_beta  = -0.0557872914312  entropy = 1.53700232664
    Total E(T) = -12266.4691901937  Free energy = -12266.4999302403  E0 = -12266.484560217
cycle= 117 E= -12266.4691901937  delta_E= -2.59e-06  |g|= 0.0158  |ddm|= 31.4
    sigma = 0.02  Optimized mu_alpha = -0.0511674583529  entropy = 1.53771718011
    sigma = 0.02  Optimized mu_beta  = -0.0558015007114  entropy = 1.53771718011
    Total E(T) = -12266.4692123928  Free energy = -12266.4999667364  E0 = -12266.4845895646
cycle= 118 E= -12266.4692123928  delta_E= -2.22e-05  |g|= 0.00813  |ddm|= 21.2
    sigma = 0.02  Optimized mu_alpha = -0.051184334098  entropy = 1.53766980355
    sigma = 0.02  Optimized mu_beta  = -0.0558212865168  entropy = 1.53766980355
    Total E(T) = -12266.4692260786  Free energy = -12266.4999794747  E0 = -12266.4846027766
cycle= 119 E= -12266.4692260786  delta_E= -1.37e-05  |g|= 0.00517  |ddm|= 11.6
    sigma = 0.02  Optimized mu_alpha = -0.0511616759475  entropy = 1.53719441108
    sigma = 0.02  Optimized mu_beta  = -0.0558148116839  entropy = 1.53719441108
    Total E(T) = -12266.4692365745  Free energy = -12266.4999804628  E0 = -12266.4846085187
cycle= 120 E= -12266.4692365745  delta_E= -1.05e-05  |g|= 0.00678  |ddm|=   14
    sigma = 0.02  Optimized mu_alpha = -0.0511414337597  entropy = 1.53735080142
    sigma = 0.02  Optimized mu_beta  = -0.0557913588386  entropy = 1.53735080142
    Total E(T) = -12266.4692479889  Free energy = -12266.499995005  E0 = -12266.4846214969
cycle= 121 E= -12266.4692479889  delta_E= -1.14e-05  |g|= 0.00525  |ddm|= 9.58
    sigma = 0.02  Optimized mu_alpha = -0.051170980811  entropy = 1.53729130395
    sigma = 0.02  Optimized mu_beta  = -0.0558187362041  entropy = 1.53729130395
    Total E(T) = -12266.4692589946  Free energy = -12266.5000048207  E0 = -12266.4846319076
cycle= 122 E= -12266.4692589946  delta_E= -1.1e-05  |g|= 0.00354  |ddm|= 7.53
    sigma = 0.02  Optimized mu_alpha = -0.0511448792937  entropy = 1.53689612155
    sigma = 0.02  Optimized mu_beta  = -0.05580787595  entropy = 1.53689612155
    Total E(T) = -12266.4692683116  Free energy = -12266.5000062341  E0 = -12266.4846372729
cycle= 123 E= -12266.4692683116  delta_E= -9.32e-06  |g|= 0.00588  |ddm|= 12.6
    sigma = 0.02  Optimized mu_alpha = -0.0511326536563  entropy = 1.53668601686
    sigma = 0.02  Optimized mu_beta  = -0.0558029795399  entropy = 1.53668601686
    Total E(T) = -12266.4692755517  Free energy = -12266.5000092721  E0 = -12266.4846424119
cycle= 124 E= -12266.4692755517  delta_E= -7.24e-06  |g|= 0.0123  |ddm|= 12.3
    sigma = 0.02  Optimized mu_alpha = -0.0511471465885  entropy = 1.53681158144
    sigma = 0.02  Optimized mu_beta  = -0.0558091343014  entropy = 1.53681158144
    Total E(T) = -12266.4692854806  Free energy = -12266.5000217122  E0 = -12266.4846535964
cycle= 125 E= -12266.4692854806  delta_E= -9.93e-06  |g|= 0.0123  |ddm|= 8.45
    sigma = 0.02  Optimized mu_alpha = -0.0511560868247  entropy = 1.53722474852
    sigma = 0.02  Optimized mu_beta  = -0.0558007103684  entropy = 1.53722474852
    Total E(T) = -12266.4692969102  Free energy = -12266.5000414052  E0 = -12266.4846691577
cycle= 126 E= -12266.4692969102  delta_E= -1.14e-05  |g|= 0.00679  |ddm|= 10.9
    sigma = 0.02  Optimized mu_alpha = -0.0511603218171  entropy = 1.53718836803
    sigma = 0.02  Optimized mu_beta  = -0.0558053386378  entropy = 1.53718836803
    Total E(T) = -12266.4693061  Free energy = -12266.5000498674  E0 = -12266.4846779837
cycle= 127 E= -12266.4693061  delta_E= -9.19e-06  |g|= 0.00392  |ddm|= 5.66
    sigma = 0.02  Optimized mu_alpha = -0.0511504517789  entropy = 1.53689958271
    sigma = 0.02  Optimized mu_beta  = -0.0558066553799  entropy = 1.53689958271
    Total E(T) = -12266.4693143885  Free energy = -12266.5000523802  E0 = -12266.4846833843
cycle= 128 E= -12266.4693143885  delta_E= -8.29e-06  |g|= 0.00439  |ddm|= 6.46
    sigma = 0.02  Optimized mu_alpha = -0.0511565812956  entropy = 1.53698787228
    sigma = 0.02  Optimized mu_beta  = -0.0558078330946  entropy = 1.53698787228
    Total E(T) = -12266.4693223895  Free energy = -12266.5000621469  E0 = -12266.4846922682
cycle= 129 E= -12266.4693223895  delta_E= -8e-06  |g|= 0.0027  |ddm|= 5.13
    sigma = 0.02  Optimized mu_alpha = -0.0511439006767  entropy = 1.53654996426
    sigma = 0.02  Optimized mu_beta  = -0.0558099032961  entropy = 1.53654996426
    Total E(T) = -12266.4693288001  Free energy = -12266.5000597994  E0 = -12266.4846942997
cycle= 130 E= -12266.4693288001  delta_E= -6.41e-06  |g|= 0.00696  |ddm|=   15
    sigma = 0.02  Optimized mu_alpha = -0.0511309589406  entropy = 1.53657559619
    sigma = 0.02  Optimized mu_beta  = -0.0557946995456  entropy = 1.53657559619
    Total E(T) = -12266.4693339948  Free energy = -12266.5000655067  E0 = -12266.4846997507
cycle= 131 E= -12266.4693339948  delta_E= -5.19e-06  |g|= 0.01  |ddm|= 8.14
    sigma = 0.02  Optimized mu_alpha = -0.0511540154674  entropy = 1.53679986233
    sigma = 0.02  Optimized mu_beta  = -0.0558101079366  entropy = 1.53679986233
    Total E(T) = -12266.4693447302  Free energy = -12266.5000807275  E0 = -12266.4847127288
cycle= 132 E= -12266.4693447302  delta_E= -1.07e-05  |g|= 0.00501  |ddm|= 13.4
    sigma = 0.02  Optimized mu_alpha = -0.0511335595637  entropy = 1.53663896655
    sigma = 0.02  Optimized mu_beta  = -0.0557959785987  entropy = 1.53663896655
    Total E(T) = -12266.469351069  Free energy = -12266.5000838484  E0 = -12266.4847174587
cycle= 133 E= -12266.469351069  delta_E= -6.34e-06  |g|= 0.00596  |ddm|= 7.78
    sigma = 0.02  Optimized mu_alpha = -0.0511572351387  entropy = 1.53636596813
    sigma = 0.02  Optimized mu_beta  = -0.0558251289476  entropy = 1.53636596813
    Total E(T) = -12266.4693578319  Free energy = -12266.5000851513  E0 = -12266.4847214916
cycle= 134 E= -12266.4693578319  delta_E= -6.76e-06  |g|= 0.0067  |ddm|= 8.54
    sigma = 0.02  Optimized mu_alpha = -0.0511519445555  entropy = 1.53671321714
    sigma = 0.02  Optimized mu_beta  = -0.0558076160805  entropy = 1.53671321714
    Total E(T) = -12266.4693651175  Free energy = -12266.5000993819  E0 = -12266.4847322497
cycle= 135 E= -12266.4693651175  delta_E= -7.29e-06  |g|= 0.00264  |ddm|= 10.5
    sigma = 0.02  Optimized mu_alpha = -0.0511409121585  entropy = 1.53664053308
    sigma = 0.02  Optimized mu_beta  = -0.0558000566026  entropy = 1.53664053308
    Total E(T) = -12266.469370889  Free energy = -12266.5001036997  E0 = -12266.4847372944
cycle= 136 E= -12266.469370889  delta_E= -5.77e-06  |g|= 0.00343  |ddm|= 4.98
    sigma = 0.02  Optimized mu_alpha = -0.0511022001258  entropy = 1.53600916373
    sigma = 0.02  Optimized mu_beta  = -0.0557890779785  entropy = 1.53600916373
    Total E(T) = -12266.4693747098  Free energy = -12266.5000948931  E0 = -12266.4847348014
cycle= 137 E= -12266.4693747098  delta_E= -3.82e-06  |g|= 0.00866  |ddm|= 13.3
    sigma = 0.02  Optimized mu_alpha = -0.0511018178245  entropy = 1.53578094879
    sigma = 0.02  Optimized mu_beta  = -0.0557953385902  entropy = 1.53578094879
    Total E(T) = -12266.469375365  Free energy = -12266.500090984  E0 = -12266.4847331745
cycle= 138 E= -12266.469375365  delta_E= -6.55e-07  |g|= 0.014  |ddm|= 13.2
    sigma = 0.02  Optimized mu_alpha = -0.0510994742544  entropy = 1.53573413607
    sigma = 0.02  Optimized mu_beta  = -0.055792905036  entropy = 1.53573413607
    Total E(T) = -12266.4693753024  Free energy = -12266.5000899851  E0 = -12266.4847326438
cycle= 139 E= -12266.4693753024  delta_E= 6.26e-08  |g|= 0.0178  |ddm|= 9.36
    sigma = 0.02  Optimized mu_alpha = -0.0511439690148  entropy = 1.53636476504
    sigma = 0.02  Optimized mu_beta  = -0.0558095634835  entropy = 1.53636476504
    Total E(T) = -12266.4693915431  Free energy = -12266.5001188384  E0 = -12266.4847551907
cycle= 140 E= -12266.4693915431  delta_E= -1.62e-05  |g|= 0.00755  |ddm|= 20.4
    sigma = 0.02  Optimized mu_alpha = -0.0511344157808  entropy = 1.53613342734
    sigma = 0.02  Optimized mu_beta  = -0.0558104533895  entropy = 1.53613342734
    Total E(T) = -12266.4693970282  Free energy = -12266.5001196967  E0 = -12266.4847583625
cycle= 141 E= -12266.4693970282  delta_E= -5.49e-06  |g|= 0.00675  |ddm|= 5.08
    sigma = 0.02  Optimized mu_alpha = -0.0511461074977  entropy = 1.53644747839
    sigma = 0.02  Optimized mu_beta  = -0.0558060723591  entropy = 1.53644747839
    Total E(T) = -12266.4694038715  Free energy = -12266.5001328211  E0 = -12266.4847683463
cycle= 142 E= -12266.4694038715  delta_E= -6.84e-06  |g|= 0.00348  |ddm|= 9.04
    sigma = 0.02  Optimized mu_alpha = -0.0511449826908  entropy = 1.53645602363
    sigma = 0.02  Optimized mu_beta  = -0.0558035198401  entropy = 1.53645602363
    Total E(T) = -12266.4694087746  Free energy = -12266.5001378951  E0 = -12266.4847733349
cycle= 143 E= -12266.4694087746  delta_E= -4.9e-06  |g|= 0.0024  |ddm|= 4.31
    sigma = 0.02  Optimized mu_alpha = -0.051143410429  entropy = 1.53628429908
    sigma = 0.02  Optimized mu_beta  = -0.0558088900472  entropy = 1.53628429908
    Total E(T) = -12266.4694131901  Free energy = -12266.5001388761  E0 = -12266.4847760331
cycle= 144 E= -12266.4694131901  delta_E= -4.42e-06  |g|= 0.00305  |ddm|= 5.48
    sigma = 0.02  Optimized mu_alpha = -0.0511398411302  entropy = 1.53619833489
    sigma = 0.02  Optimized mu_beta  = -0.0558079137635  entropy = 1.53619833489
    Total E(T) = -12266.4694166353  Free energy = -12266.500140602  E0 = -12266.4847786186
cycle= 145 E= -12266.4694166353  delta_E= -3.45e-06  |g|= 0.00516  |ddm|=  9.3
    sigma = 0.02  Optimized mu_alpha = -0.0511506209373  entropy = 1.53606677645
    sigma = 0.02  Optimized mu_beta  = -0.0558227928653  entropy = 1.53606677645
    Total E(T) = -12266.4694213088  Free energy = -12266.5001426443  E0 = -12266.4847819766
cycle= 146 E= -12266.4694213088  delta_E= -4.67e-06  |g|= 0.00525  |ddm|= 7.23
    sigma = 0.02  Optimized mu_alpha = -0.0511117417605  entropy = 1.53565319965
    sigma = 0.02  Optimized mu_beta  = -0.0558035890289  entropy = 1.53565319965
    Total E(T) = -12266.4694224763  Free energy = -12266.5001355403  E0 = -12266.4847790083
cycle= 147 E= -12266.4694224763  delta_E= -1.17e-06  |g|= 0.00853  |ddm|=   14
    sigma = 0.02  Optimized mu_alpha = -0.0511301701861  entropy = 1.53610578998
    sigma = 0.02  Optimized mu_beta  = -0.0558015065407  entropy = 1.53610578998
    Total E(T) = -12266.4694289762  Free energy = -12266.500151092  E0 = -12266.4847900341
cycle= 148 E= -12266.4694289762  delta_E= -6.5e-06  |g|= 0.00453  |ddm|= 11.2
    sigma = 0.02  Optimized mu_alpha = -0.0511322498313  entropy = 1.53613141449
    sigma = 0.02  Optimized mu_beta  = -0.0558021978106  entropy = 1.53613141449
    Total E(T) = -12266.4694329899  Free energy = -12266.5001556182  E0 = -12266.4847943041
cycle= 149 E= -12266.4694329899  delta_E= -4.01e-06  |g|= 0.00258  |ddm|= 5.55
    sigma = 0.02  Optimized mu_alpha = -0.0511375640197  entropy = 1.53606881463
    sigma = 0.02  Optimized mu_beta  = -0.0558093275013  entropy = 1.53606881463
    Total E(T) = -12266.4694364994  Free energy = -12266.5001578757  E0 = -12266.4847971876
cycle= 150 E= -12266.4694364994  delta_E= -3.51e-06  |g|= 0.00284  |ddm|=  3.9
    sigma = 0.02  Optimized mu_alpha = -0.0511315599957  entropy = 1.53603539509
    sigma = 0.02  Optimized mu_beta  = -0.0558049912475  entropy = 1.53603539509
    Total E(T) = -12266.4694395929  Free energy = -12266.5001603008  E0 = -12266.4847999468
cycle= 151 E= -12266.4694395929  delta_E= -3.09e-06  |g|= 0.00318  |ddm|= 3.85
    sigma = 0.02  Optimized mu_alpha = -0.0511078598727  entropy = 1.53555524478
    sigma = 0.02  Optimized mu_beta  = -0.0558049635607  entropy = 1.53555524478
    Total E(T) = -12266.4694412753  Free energy = -12266.5001523802  E0 = -12266.4847968277
cycle= 152 E= -12266.4694412753  delta_E= -1.68e-06  |g|= 0.00545  |ddm|= 10.8
    sigma = 0.02  Optimized mu_alpha = -0.0510979063656  entropy = 1.53532843364
    sigma = 0.02  Optimized mu_beta  = -0.0558055902905  entropy = 1.53532843364
    Total E(T) = -12266.4694419341  Free energy = -12266.5001485027  E0 = -12266.4847952184
cycle= 153 E= -12266.4694419341  delta_E= -6.59e-07  |g|= 0.00813  |ddm|= 7.88
    sigma = 0.02  Optimized mu_alpha = -0.0510960408765  entropy = 1.53528317897
    sigma = 0.02  Optimized mu_beta  = -0.0558042892155  entropy = 1.53528317897
    Total E(T) = -12266.4694425257  Free energy = -12266.5001481893  E0 = -12266.4847953575
cycle= 154 E= -12266.4694425257  delta_E= -5.92e-07  |g|= 0.0103  |ddm|= 5.68
    sigma = 0.02  Optimized mu_alpha = -0.0511050399494  entropy = 1.53541155198
    sigma = 0.02  Optimized mu_beta  = -0.0558064854813  entropy = 1.53541155198
    Total E(T) = -12266.4694459531  Free energy = -12266.5001541841  E0 = -12266.4848000686
cycle= 155 E= -12266.4694459531  delta_E= -3.43e-06  |g|= 0.00996  |ddm|= 3.92
    sigma = 0.02  Optimized mu_alpha = -0.051138362405  entropy = 1.53591071434
    sigma = 0.02  Optimized mu_beta  = -0.0558139987444  entropy = 1.53591071434
    Total E(T) = -12266.4694533853  Free energy = -12266.5001715996  E0 = -12266.4848124924
cycle= 156 E= -12266.4694533853  delta_E= -7.43e-06  |g|= 0.00611  |ddm|= 12.1
    sigma = 0.02  Optimized mu_alpha = -0.0511307589124  entropy = 1.53595393424
    sigma = 0.02  Optimized mu_beta  = -0.0558051696274  entropy = 1.53595393424
    Total E(T) = -12266.469456657  Free energy = -12266.5001757357  E0 = -12266.4848161963
cycle= 157 E= -12266.469456657  delta_E= -3.27e-06  |g|= 0.00424  |ddm|= 4.99
    sigma = 0.02  Optimized mu_alpha = -0.0511307745322  entropy = 1.5358950673
    sigma = 0.02  Optimized mu_beta  = -0.0558068410607  entropy = 1.5358950673
    Total E(T) = -12266.4694594926  Free energy = -12266.5001773939  E0 = -12266.4848184432
cycle= 158 E= -12266.4694594926  delta_E= -2.84e-06  |g|= 0.00246  |ddm|= 2.81
    sigma = 0.02  Optimized mu_alpha = -0.0511217805592  entropy = 1.5359404905
    sigma = 0.02  Optimized mu_beta  = -0.0557962544865  entropy = 1.5359404905
    Total E(T) = -12266.4694618486  Free energy = -12266.5001806584  E0 = -12266.4848212535
cycle= 159 E= -12266.4694618486  delta_E= -2.36e-06  |g|= 0.00283  |ddm|= 4.18
    sigma = 0.02  Optimized mu_alpha = -0.0511258095084  entropy = 1.53584561056
    sigma = 0.02  Optimized mu_beta  = -0.0558033835356  entropy = 1.53584561056
    Total E(T) = -12266.4694642754  Free energy = -12266.5001811876  E0 = -12266.4848227315
cycle= 160 E= -12266.4694642754  delta_E= -2.43e-06  |g|= 0.00193  |ddm|= 3.83
    sigma = 0.02  Optimized mu_alpha = -0.0511381083087  entropy = 1.5358003529
    sigma = 0.02  Optimized mu_beta  = -0.0558159143807  entropy = 1.5358003529
    Total E(T) = -12266.4694664641  Free energy = -12266.5001824712  E0 = -12266.4848244677
cycle= 161 E= -12266.4694664641  delta_E= -2.19e-06  |g|= 0.00369  |ddm|= 4.33
    sigma = 0.02  Optimized mu_alpha = -0.0511324291378  entropy = 1.53578060623
    sigma = 0.02  Optimized mu_beta  = -0.0558116083246  entropy = 1.53578060623
    Total E(T) = -12266.4694685451  Free energy = -12266.5001841572  E0 = -12266.4848263511
cycle= 162 E= -12266.4694685451  delta_E= -2.08e-06  |g|= 0.00258  |ddm|= 3.63
    sigma = 0.02  Optimized mu_alpha = -0.0511265432996  entropy = 1.53580582933
    sigma = 0.02  Optimized mu_beta  = -0.0558050156913  entropy = 1.53580582933
    Total E(T) = -12266.4694704343  Free energy = -12266.5001865508  E0 = -12266.4848284925
cycle= 163 E= -12266.4694704343  delta_E= -1.89e-06  |g|= 0.00316  |ddm|= 3.65
    sigma = 0.02  Optimized mu_alpha = -0.0511274952303  entropy = 1.53573842432
    sigma = 0.02  Optimized mu_beta  = -0.0558089588025  entropy = 1.53573842432
    Total E(T) = -12266.4694723602  Free energy = -12266.5001871287  E0 = -12266.4848297444
cycle= 164 E= -12266.4694723602  delta_E= -1.93e-06  |g|= 0.0026  |ddm|= 2.63
    sigma = 0.02  Optimized mu_alpha = -0.0511231182886  entropy = 1.5357334252
    sigma = 0.02  Optimized mu_beta  = -0.0558047992772  entropy = 1.5357334252
    Total E(T) = -12266.4694740592  Free energy = -12266.5001887277  E0 = -12266.4848313935
cycle= 165 E= -12266.4694740592  delta_E= -1.7e-06  |g|= 0.00226  |ddm|= 2.71
    sigma = 0.02  Optimized mu_alpha = -0.0511165426635  entropy = 1.53562817079
    sigma = 0.02  Optimized mu_beta  = -0.0558031933192  entropy = 1.53562817079
    Total E(T) = -12266.4694757528  Free energy = -12266.5001883162  E0 = -12266.4848320345
cycle= 166 E= -12266.4694757528  delta_E= -1.69e-06  |g|= 0.00165  |ddm|= 2.92
    sigma = 0.02  Optimized mu_alpha = -0.0511110646261  entropy = 1.5354655892
    sigma = 0.02  Optimized mu_beta  = -0.0558064656416  entropy = 1.5354655892
    Total E(T) = -12266.469477368  Free energy = -12266.5001866798  E0 = -12266.4848320239
cycle= 167 E= -12266.469477368  delta_E= -1.62e-06  |g|= 0.00113  |ddm|= 3.48
    sigma = 0.02  Optimized mu_alpha = -0.0511096496658  entropy = 1.53545908875
    sigma = 0.02  Optimized mu_beta  = -0.0558046330266  entropy = 1.53545908875
    Total E(T) = -12266.469478914  Free energy = -12266.5001880958  E0 = -12266.4848335049
cycle= 168 E= -12266.469478914  delta_E= -1.55e-06  |g|= 0.00182  |ddm|= 2.87
    sigma = 0.02  Optimized mu_alpha = -0.0511071022547  entropy = 1.5353240648
    sigma = 0.02  Optimized mu_beta  = -0.055808901529  entropy = 1.5353240648
    Total E(T) = -12266.4694800961  Free energy = -12266.5001865774  E0 = -12266.4848333368
cycle= 169 E= -12266.4694800961  delta_E= -1.18e-06  |g|= 0.00337  |ddm|= 3.66
    sigma = 0.02  Optimized mu_alpha = -0.0511080805114  entropy = 1.53540598488
    sigma = 0.02  Optimized mu_beta  = -0.0558058047796  entropy = 1.53540598488
    Total E(T) = -12266.4694815284  Free energy = -12266.5001896481  E0 = -12266.4848355882
cycle= 170 E= -12266.4694815284  delta_E= -1.43e-06  |g|= 0.00331  |ddm|= 2.49
    sigma = 0.02  Optimized mu_alpha = -0.0511094837358  entropy = 1.53552755809
    sigma = 0.02  Optimized mu_beta  = -0.0558006067748  entropy = 1.53552755809
    Total E(T) = -12266.4694832023  Free energy = -12266.5001937534  E0 = -12266.4848384778
cycle= 171 E= -12266.4694832023  delta_E= -1.67e-06  |g|= 0.00266  |ddm|= 2.69
    sigma = 0.02  Optimized mu_alpha = -0.0511156217726  entropy = 1.53556233658
    sigma = 0.02  Optimized mu_beta  = -0.055804236244  entropy = 1.53556233658
    Total E(T) = -12266.4694847665  Free energy = -12266.5001960132  E0 = -12266.4848403899
cycle= 172 E= -12266.4694847665  delta_E= -1.56e-06  |g|= 0.00168  |ddm|= 2.34
    sigma = 0.02  Optimized mu_alpha = -0.0511209799968  entropy = 1.53556456813
    sigma = 0.02  Optimized mu_beta  = -0.0558087742949  entropy = 1.53556456813
    Total E(T) = -12266.4694862154  Free energy = -12266.5001975067  E0 = -12266.4848418611
cycle= 173 E= -12266.4694862154  delta_E= -1.45e-06  |g|= 0.000945  |ddm|= 2.26
    sigma = 0.02  Optimized mu_alpha = -0.0511220708866  entropy = 1.53561760564
    sigma = 0.02  Optimized mu_beta  = -0.0558066921517  entropy = 1.53561760564
    Total E(T) = -12266.4694875147  Free energy = -12266.5001998668  E0 = -12266.4848436908
cycle= 174 E= -12266.4694875147  delta_E= -1.3e-06  |g|= 0.00131  |ddm|= 2.35
    sigma = 0.02  Optimized mu_alpha = -0.0511218607291  entropy = 1.53555323083
    sigma = 0.02  Optimized mu_beta  = -0.0558094454716  entropy = 1.53555323083
    Total E(T) = -12266.4694886283  Free energy = -12266.500199693  E0 = -12266.4848441607
cycle= 175 E= -12266.4694886283  delta_E= -1.11e-06  |g|= 0.00253  |ddm|= 3.36
    sigma = 0.02  Optimized mu_alpha = -0.0511195734399  entropy = 1.53549845627
    sigma = 0.02  Optimized mu_beta  = -0.0558097938593  entropy = 1.53549845627
    Total E(T) = -12266.4694896954  Free energy = -12266.5001996645  E0 = -12266.48484468
cycle= 176 E= -12266.4694896954  delta_E= -1.07e-06  |g|= 0.0033  |ddm|= 3.62
    sigma = 0.02  Optimized mu_alpha = -0.0511180807628  entropy = 1.53546094524
    sigma = 0.02  Optimized mu_beta  = -0.0558097090173  entropy = 1.53546094524
    Total E(T) = -12266.469490671  Free energy = -12266.5001998899  E0 = -12266.4848452804
cycle= 177 E= -12266.469490671  delta_E= -9.76e-07  |g|= 0.00304  |ddm|= 3.85
    sigma = 0.02  Optimized mu_alpha = -0.0511125083229  entropy = 1.53544465647
    sigma = 0.02  Optimized mu_beta  = -0.0558047914849  entropy = 1.53544465647
    Total E(T) = -12266.4694919052  Free energy = -12266.5002007983  E0 = -12266.4848463518
cycle= 178 E= -12266.4694919052  delta_E= -1.23e-06  |g|= 0.00244  |ddm|= 3.55
    sigma = 0.02  Optimized mu_alpha = -0.0511146069963  entropy = 1.53545491452
    sigma = 0.02  Optimized mu_beta  = -0.0558067812603  entropy = 1.53545491452
    Total E(T) = -12266.469492974  Free energy = -12266.5002020723  E0 = -12266.4848475232
cycle= 179 E= -12266.469492974  delta_E= -1.07e-06  |g|= 0.00198  |ddm|= 2.85
    sigma = 0.02  Optimized mu_alpha = -0.0511114346084  entropy = 1.53543772361
    sigma = 0.02  Optimized mu_beta  = -0.055804581236  entropy = 1.53543772361
    Total E(T) = -12266.4694939071  Free energy = -12266.5002026616  E0 = -12266.4848482843
cycle= 180 E= -12266.4694939071  delta_E= -9.33e-07  |g|= 0.00132  |ddm|=    2
    sigma = 0.02  Optimized mu_alpha = -0.0511110638877  entropy = 1.53538338835
    sigma = 0.02  Optimized mu_beta  = -0.0558070136928  entropy = 1.53538338835
    Total E(T) = -12266.4694948386  Free energy = -12266.5002025063  E0 = -12266.4848486724
cycle= 181 E= -12266.4694948386  delta_E= -9.31e-07  |g|= 0.00107  |ddm|= 1.94
    sigma = 0.02  Optimized mu_alpha = -0.0511035578016  entropy = 1.53525269624
    sigma = 0.02  Optimized mu_beta  = -0.0558066238304  entropy = 1.53525269624
    Total E(T) = -12266.4694955739  Free energy = -12266.5002006278  E0 = -12266.4848481009
cycle= 182 E= -12266.4694955739  delta_E= -7.35e-07  |g|= 0.00163  |ddm|= 3.32
    sigma = 0.02  Optimized mu_alpha = -0.0511015653728  entropy = 1.53509660827
    sigma = 0.02  Optimized mu_beta  = -0.055811595613  entropy = 1.53509660827
    Total E(T) = -12266.4694960675  Free energy = -12266.5001979997  E0 = -12266.4848470336
cycle= 183 E= -12266.4694960675  delta_E= -4.94e-07  |g|= 0.00307  |ddm|= 4.18
    sigma = 0.02  Optimized mu_alpha = -0.0510991520107  entropy = 1.53515681807
    sigma = 0.02  Optimized mu_beta  = -0.0558061797367  entropy = 1.53515681807
    Total E(T) = -12266.4694967202  Free energy = -12266.5001998566  E0 = -12266.4848482884
cycle= 184 E= -12266.4694967202  delta_E= -6.53e-07  |g|= 0.00365  |ddm|= 1.83
    sigma = 0.02  Optimized mu_alpha = -0.0510996214818  entropy = 1.53508932956
    sigma = 0.02  Optimized mu_beta  = -0.0558098126299  entropy = 1.53508932956
    Total E(T) = -12266.4694970626  Free energy = -12266.5001988492  E0 = -12266.4848479559
cycle= 185 E= -12266.4694970626  delta_E= -3.42e-07  |g|= 0.00441  |ddm|=  2.6
    sigma = 0.02  Optimized mu_alpha = -0.0511069969182  entropy = 1.53528501362
    sigma = 0.02  Optimized mu_beta  = -0.0558066822048  entropy = 1.53528501362
    Total E(T) = -12266.4694985677  Free energy = -12266.5002042679  E0 = -12266.4848514178
cycle= 186 E= -12266.4694985677  delta_E= -1.51e-06  |g|= 0.00284  |ddm|= 3.86
    sigma = 0.02  Optimized mu_alpha = -0.0511118394948  entropy = 1.53534219569
    sigma = 0.02  Optimized mu_beta  = -0.0558083031712  entropy = 1.53534219569
    Total E(T) = -12266.4694996436  Free energy = -12266.5002064875  E0 = -12266.4848530655
cycle= 187 E= -12266.4694996436  delta_E= -1.08e-06  |g|= 0.00173  |ddm|= 2.69
    sigma = 0.02  Optimized mu_alpha = -0.051110398528  entropy = 1.53536880619
    sigma = 0.02  Optimized mu_beta  = -0.0558056933576  entropy = 1.53536880619
    Total E(T) = -12266.4695003882  Free energy = -12266.5002077643  E0 = -12266.4848540762
cycle= 188 E= -12266.4695003882  delta_E= -7.45e-07  |g|= 0.00134  |ddm|= 1.64
    sigma = 0.02  Optimized mu_alpha = -0.0511116421087  entropy = 1.53538972745
    sigma = 0.02  Optimized mu_beta  = -0.0558052244613  entropy = 1.53538972745
    Total E(T) = -12266.4695011349  Free energy = -12266.5002089295  E0 = -12266.4848550322
cycle= 189 E= -12266.4695011349  delta_E= -7.47e-07  |g|= 0.00133  |ddm|= 1.54
    sigma = 0.02  Optimized mu_alpha = -0.0511174143069  entropy = 1.53539000868
    sigma = 0.02  Optimized mu_beta  = -0.0558103594796  entropy = 1.53539000868
    Total E(T) = -12266.4695018983  Free energy = -12266.5002096985  E0 = -12266.4848557984
cycle= 190 E= -12266.4695018983  delta_E= -7.63e-07  |g|= 0.00189  |ddm|= 2.37
    sigma = 0.02  Optimized mu_alpha = -0.0511135195118  entropy = 1.53536503319
    sigma = 0.02  Optimized mu_beta  = -0.0558078287582  entropy = 1.53536503319
    Total E(T) = -12266.4695024791  Free energy = -12266.5002097798  E0 = -12266.4848561295
cycle= 191 E= -12266.4695024791  delta_E= -5.81e-07  |g|= 0.00163  |ddm|= 1.95
    sigma = 0.02  Optimized mu_alpha = -0.0511149470561  entropy = 1.53533726797
    sigma = 0.02  Optimized mu_beta  = -0.0558101585731  entropy = 1.53533726797
    Total E(T) = -12266.4695030485  Free energy = -12266.5002097939  E0 = -12266.4848564212
cycle= 192 E= -12266.4695030485  delta_E= -5.69e-07  |g|= 0.00204  |ddm|= 2.07
    sigma = 0.02  Optimized mu_alpha = -0.0511148730601  entropy = 1.53534350639
    sigma = 0.02  Optimized mu_beta  = -0.0558095901744  entropy = 1.53534350639
    Total E(T) = -12266.4695036196  Free energy = -12266.5002104898  E0 = -12266.4848570547
cycle= 193 E= -12266.4695036196  delta_E= -5.71e-07  |g|= 0.00176  |ddm|= 1.93
    sigma = 0.02  Optimized mu_alpha = -0.0511138731531  entropy = 1.53535012282
    sigma = 0.02  Optimized mu_beta  = -0.0558082010864  entropy = 1.53535012282
    Total E(T) = -12266.4695041481  Free energy = -12266.5002111506  E0 = -12266.4848576493
cycle= 194 E= -12266.4695041481  delta_E= -5.28e-07  |g|= 0.00178  |ddm|= 1.38
    sigma = 0.02  Optimized mu_alpha = -0.0511115646348  entropy = 1.53530226795
    sigma = 0.02  Optimized mu_beta  = -0.0558083046729  entropy = 1.53530226795
    Total E(T) = -12266.4695046219  Free energy = -12266.5002106672  E0 = -12266.4848576446
cycle= 195 E= -12266.4695046219  delta_E= -4.74e-07  |g|= 0.00193  |ddm|= 1.81
    sigma = 0.02  Optimized mu_alpha = -0.051108132986  entropy = 1.53530607036
    sigma = 0.02  Optimized mu_beta  = -0.0558054929211  entropy = 1.53530607036
    Total E(T) = -12266.4695050435  Free energy = -12266.5002111649  E0 = -12266.4848581042
cycle= 196 E= -12266.4695050435  delta_E= -4.22e-07  |g|= 0.00158  |ddm|=  1.9
    sigma = 0.02  Optimized mu_alpha = -0.0511062334473  entropy = 1.53522767973
    sigma = 0.02  Optimized mu_beta  = -0.055807747806  entropy = 1.53522767973
    Total E(T) = -12266.4695054621  Free energy = -12266.5002100157  E0 = -12266.4848577389
cycle= 197 E= -12266.4695054621  delta_E= -4.19e-07  |g|= 0.00156  |ddm|=  1.6
    sigma = 0.02  Optimized mu_alpha = -0.051104654034  entropy = 1.53524392414
    sigma = 0.02  Optimized mu_beta  = -0.0558050368458  entropy = 1.53524392414
    Total E(T) = -12266.469505932  Free energy = -12266.5002108105  E0 = -12266.4848583712
cycle= 198 E= -12266.469505932  delta_E= -4.7e-07  |g|= 0.00155  |ddm|= 1.51
    sigma = 0.02  Optimized mu_alpha = -0.0511008317519  entropy = 1.53524681784
    sigma = 0.02  Optimized mu_beta  = -0.0558015634061  entropy = 1.53524681784
    Total E(T) = -12266.4695062941  Free energy = -12266.5002112304  E0 = -12266.4848587623
cycle= 199 E= -12266.4695062941  delta_E= -3.62e-07  |g|= 0.00137  |ddm|=  1.4
    sigma = 0.02  Optimized mu_alpha = -0.0511095800128  entropy = 1.53524651855
    sigma = 0.02  Optimized mu_beta  = -0.055809228044  entropy = 1.53524651855
    Total E(T) = -12266.469506857  Free energy = -12266.5002117874  E0 = -12266.4848593222
cycle= 200 E= -12266.469506857  delta_E= -5.63e-07  |g|= 0.00129  |ddm|= 1.38
SCF not converged.
SCF energy = -12266.469506857 after 200 cycles  <S^2> = 8.7861623  2S+1 = 6.012042
[sigma=0.02] E_tot = -12266.4695068570 Eh | converged = False | last_cycle = 199 | time = 4539.9 s
  -> wrote al2.7_sigma0.02.chk
  -> wrote al2.7_sigma0.02_last_dm.pkl

========== Summary ==========
   sigma          E_tot (Eh)   converged   last_cyc    time (s)
  0.0020   -12266.4639334331        True        185      4441.2
  0.0050   -12266.1374018668       False        199      4860.9
  0.0100   -12266.3112341033        True        139      3438.9
  0.0200   -12266.4695068570       False        199      4539.9
Wrote dftref_summary.pkl
=== Python finished ===
All done.
